TradDt,BizDt,Sgmt,Src,FinInstrmTp,FinInstrmId,ISIN,TckrSymb,SctySrs,XpryDt,FininstrmActlXpryDt,StrkPric,OptnTp,FinInstrmNm,OpnPric,HghPric,LwPric,ClsPric,LastPric,PrvsClsgPric,UndrlygPric,SttlmPric,OpnIntrst,ChngInOpnIntrst,TtlTradgVol,TtlTrfVal,TtlNbOfTxsExctd,SsnId,NewBrdLotQty,Rmks,Rsvd1,Rsvd2,Rsvd3,Rsvd4
2026-09-21,2026-09-21,CM,NSE,STK,19078,IN0020200104,SGBJUN28,GB,,,,,2.5%GOLDBONDS2028SR-III,15475.00,15475.00,15105.11,15120.00,15120.00,15168.14,,15120.00,,,73,1106635.75,17,F1,1,,,,,
2026-09-21,2026-09-21,CM,NSE,STK,1342,IN0020200286,SGBN28VIII,GB,,,,,2.5%GOLDBONDS2028SR-VIII,15150.00,15269.99,15150.00,15165.85,15160.00,15202.00,,15165.85,,,64,971068.36,17,F1,1,,,,,
2026-09-21,2026-09-21,CM,NSE,STK,3742,IN0020210053,SGBMAY29I,GB,,,,,2.5%GOLDBONDS2029SR-I,15195.00,15245.00,15165.10,15216.37,15224.00,15243.18,,15199.03,,,248,3773777.17,41,F1,1,,,,,
2026-09-21,2026-09-21,CM,NSE,STK,3743,IN0020210061,SGBJUN29II,GB,,,,,2.5%GOLDBONDS2029SR-II,15161.00,15229.99,15130.00,15130.00,15130.00,15160.82,,15102.63,,,54,818560.05,18,F1,1,,,,,
2026-09-21,2026-09-21,CM,NSE,STK,3800,IN0020210087,SGBJU29III,GB,,,,,2.5%GOLDBONDS2029SR-III,15110.20,15193.99,15110.00,15133.50,15115.00,15214.29,,15133.50,,,89,1346808.90,24,F1,1,,,,,
2026-09-21,2026-09-21,CM,NSE,STK,5575,IN0020210145,SGBSEP29VI,GB,,,,,2.5%GOLDBONDS2029SR-VI,15180.00,15180.00,15070.00,15102.45,15071.00,15171.22,,15100.36,,,102,1542184.38,47,F1,1,,,,,
2026-09-21,2026-09-21,CM,NSE,STK,6518,IN0020210178,SGBNV29VII,GB,,,,,2.5%GOLDBONDS2029SR-VII,15200.02,15399.99,15200.02,15225.72,15225.00,15250.25,,15225.72,,,352,5362833.95,19,F1,1,,,,,
2026-09-21,2026-09-21,CM,NSE,STK,5960,IN0020180249,SGBOCT26,GB,,,,,2.50%GOLDBONDS2026SR-II,15250.00,15251.00,15250.00,15251.00,15251.00,15250.00,,15216.91,,,6,91503.00,2,F1,1,,,,,
2026-09-21,2026-09-21,CM,NSE,STK,6355,IN0020180314,SGBNOV26,GB,,,,,2.50%GOLDBONDS2026SR-III,15150.00,15150.00,15150.00,15150.00,15150.00,15025.00,,15300.00,,,12,181800.00,1,F1,1,,,,,
2026-09-21,2026-09-21,CM,NSE,STK,7654,IN0020180389,SGBDEC26,GB,,,,,2.50%GOLDBONDS2026SR-IV,15024.50,15400.00,15001.00,15001.00,15001.00,15100.00,,15050.50,,,10,151124.49,6,F1,1,,,,,
2026-09-21,2026-09-21,CM,NSE,STK,10261,IN0020190073,SGBJUN27,GB,,,,,2.50%GOLDBONDS2027SR-I,15110.01,15110.01,15110.01,15110.01,15110.01,15192.34,,15110.01,,,25,377750.25,1,F1,1,,,,,
2026-09-21,2026-09-21,CM,NSE,STK,11154,IN0020190081,SGBJUL27,GB,,,,,2.50%GOLDBONDS2027SR-II,15007.00,15399.95,15007.00,15399.95,15399.95,14911.00,,15228.48,,,10,151641.80,5,F1,1,,,,,
2026-09-21,2026-09-21,CM,NSE,STK,12904,IN0020190107,SGBAUG27,GB,,,,,2.50%GOLDBONDS2027SR-III,15254.05,15254.05,15025.00,15106.00,15106.00,15178.16,,15110.30,,,104,1571999.86,42,F1,1,,,,,
2026-09-21,2026-09-21,CM,NSE,STK,13209,IN0020190115,SGBSEP27,GB,,,,,2.50%GOLDBONDS2027SR-IV,15503.98,15503.98,15503.98,15503.98,15503.98,15199.98,,15503.98,,,10,155039.80,2,F1,1,,,,,
2026-09-21,2026-09-21,CM,NSE,STK,8308,IN0020180462,SGBJAN27,GB,,,,,2.50%GOLDBONDS2027SR-V,15100.00,15100.00,15100.00,15100.00,15100.00,15100.00,,15100.00,,,26,392600.00,3,F1,1,,,,,
2026-09-21,2026-09-21,CM,NSE,STK,13981,IN0020190370,SGBOCT27,GB,,,,,2.50%GOLDBONDS2027SR-V,15202.00,15202.00,15202.00,15202.00,15202.00,15300.00,,15202.00,,,3,45606.00,1,F1,1,,,,,
2026-09-21,2026-09-21,CM,NSE,STK,14252,IN0020190388,SGBOCT27VI,GB,,,,,2.50%GOLDBONDS2027SR-VI,15172.76,15172.76,15172.76,15172.76,15172.76,15249.00,,15172.76,,,1,15172.76,1,F1,1,,,,,
2026-09-21,2026-09-21,CM,NSE,STK,15432,IN0020190461,SGBDC27VII,GB,,,,,2.50%GOLDBONDS2027SR-VII,15200.00,15623.00,15200.00,15200.00,15200.00,15160.00,,15203.00,,,34,517245.00,9,F1,1,,,,,
2026-09-21,2026-09-21,CM,NSE,STK,18862,IN0020200062,SGBAPR28I,GB,,,,,2.50%GOLDBONDS2028SR-I,15225.00,15300.00,15225.00,15279.76,15279.99,15300.00,,15274.39,,,234,3572090.29,28,F1,1,,,,,
2026-09-21,2026-09-21,CM,NSE,STK,18972,IN0020200088,SGBMAY28,GB,,,,,2.50%GOLDBONDS2028SR-II,15161.43,15218.99,15144.00,15144.00,15144.00,15237.62,,15144.00,,,35,530790.50,13,F1,1,,,,,
2026-09-21,2026-09-21,CM,NSE,STK,22242,IN0020200146,SGBJUL28IV,GB,,,,,2.50%GOLDBONDS2028SR-IV,15132.80,15200.00,15101.00,15101.13,15101.00,15132.89,,15100.31,,,64,967502.56,17,F1,1,,,,,
2026-09-21,2026-09-21,CM,NSE,STK,22385,IN0020200161,SGBAUG28V,GB,,,,,2.50%GOLDBONDS2028SR-V,15220.98,15220.98,15100.00,15131.04,15145.00,15193.70,,15129.42,,,1321,20021595.69,156,F1,1,,,,,
2026-09-21,2026-09-21,CM,NSE,STK,149,IN0020200195,SGBSEP28VI,GB,,,,,2.50%GOLDBONDS2028SR-VI,15105.01,15397.98,15105.01,15114.85,15110.00,15165.93,,15109.96,,,541,8194762.09,121,F1,1,,,,,
2026-09-21,2026-09-21,CM,NSE,STK,834,IN0020200203,SGBOC28VII,GB,,,,,2.50%GOLDBONDS2028SR-VII,15358.88,15360.00,15256.01,15280.00,15280.00,15358.88,,15280.00,,,45,688941.79,15,F1,1,,,,,
2026-09-21,2026-09-21,CM,NSE,STK,17110,IN0020190537,SGBJ28VIII,GB,,,,,2.50%GOLDBONDS2028SR-VIII,15110.00,15110.00,15110.00,15110.00,15110.00,14999.00,,15110.00,,,6,90660.00,1,F1,1,,,,,
2026-09-21,2026-09-21,CM,NSE,STK,5113,IN0020210111,SGBJUL29IV,GB,,,,,2.50%GOLDBONDS2029SR-IV,15105.01,15177.52,15021.00,15127.00,15126.00,15162.44,,15127.00,,,195,2951389.48,55,F1,1,,,,,
2026-09-21,2026-09-21,CM,NSE,STK,1920,IN0020200377,SGBJAN29IX,GB,,,,,2.50%GOLDBONDS2029SR-IX,15021.00,15199.99,15015.01,15136.00,15136.00,15225.00,,15136.00,,,112,1693891.33,18,F1,1,,,,,
2026-09-21,2026-09-21,CM,NSE,STK,5455,IN0020210129,SGBAUG29V,GB,,,,,2.50%GOLDBONDS2029SR-V,15152.91,15228.67,15126.01,15174.69,15174.99,15229.06,,15171.30,,,148,2244474.15,64,F1,1,,,,,
2026-09-21,2026-09-21,CM,NSE,STK,7098,IN0020210228,SGBD29VIII,GB,,,,,2.50%GOLDBONDS2029SR-VIII,15260.00,15268.00,15126.05,15252.85,15257.79,15258.49,,15252.85,,,91,1385752.61,37,F1,1,,,,,
2026-09-21,2026-09-21,CM,NSE,STK,2003,IN0020200385,SGBJAN29X,GB,,,,,2.50%GOLDBONDS2029SR-X,15128.98,15220.00,15037.00,15110.05,15110.00,15177.00,,15110.05,,,69,1044292.99,15,F1,1,,,,,
2026-09-21,2026-09-21,CM,NSE,STK,2200,IN0020200393,SGBFEB29XI,GB,,,,,2.50%GOLDBONDS2029SR-XI,15150.00,15189.00,15100.00,15104.20,15100.00,15189.47,,15088.25,,,70,1058129.52,27,F1,1,,,,,
2026-09-21,2026-09-21,CM,NSE,STK,2810,IN0020200427,SGBMR29XII,GB,,,,,2.50%GOLDBONDS2029SR-XII,15217.00,15217.00,15101.00,15112.00,15110.00,15217.00,,15112.00,,,156,2358681.83,40,F1,1,,,,,
2026-09-21,2026-09-21,CM,NSE,STK,10232,IN0020220045,SGBJUN30,GB,,,,,2.50%GOLDBONDS2030SR-I,15300.00,15300.00,15162.00,15268.96,15275.00,15300.00,,15268.96,,,118,1797737.51,39,F1,1,,,,,
2026-09-21,2026-09-21,CM,NSE,STK,11192,IN0020220078,SGBAUG30,GB,,,,,2.50%GOLDBONDS2030SR-II,15300.38,15366.00,15210.01,15270.68,15270.00,15300.38,,15270.68,,,234,3576303.18,66,F1,1,,,,,
2026-09-21,2026-09-21,CM,NSE,STK,13642,IN0020220110,SGBDE30III,GB,,,,,2.50%GOLDBONDS2030SR-III,15205.01,15381.00,15201.00,15299.99,15299.99,15330.08,,15302.53,,,144,2200417.85,57,F1,1,,,,,
2026-09-21,2026-09-21,CM,NSE,STK,7879,IN0020210236,SGBJAN30IX,GB,,,,,2.50%GOLDBONDS2030SR-IX,15131.01,15329.00,15131.01,15202.00,15202.00,15329.40,,15203.56,,,62,942099.15,14,F1,1,,,,,
2026-09-21,2026-09-21,CM,NSE,STK,8401,IN0020210319,SGBMAR30X,GB,,,,,2.50%GOLDBONDS2030SR-X,15253.01,15300.00,15154.60,15228.33,15200.00,15329.66,,15230.07,,,72,1096876.24,28,F1,1,,,,,
2026-09-21,2026-09-21,CM,NSE,STK,17202,IN0020230069,SGBJUN31I,GB,,,,,2.50%GOLDBONDS2031SR-I,15247.00,15449.99,15247.00,15389.04,15430.00,15400.29,,15389.04,,,620,9522247.63,153,F1,1,,,,,
2026-09-21,2026-09-21,CM,NSE,STK,19456,IN0020230093,SGBSEP31II,GB,,,,,2.50%GOLDBONDS2031SR-II,15430.00,15549.99,15361.01,15444.25,15465.00,15430.84,,15443.64,,,1040,16058922.24,191,F1,1,,,,,
2026-09-21,2026-09-21,CM,NSE,STK,22476,IN0020230168,SGBDE31III,GB,,,,,2.50%GOLDBONDS2031SR-III,15472.32,15560.01,15452.00,15529.97,15550.00,15550.07,,15529.20,,,1098,17045959.94,253,F1,1,,,,,
2026-09-21,2026-09-21,CM,NSE,STK,14598,IN0020220169,SGBMAR31IV,GB,,,,,2.50%GOLDBONDS2031SR-IV,15341.99,15399.98,15256.01,15352.48,15369.99,15342.00,,15351.98,,,196,2998986.17,47,F1,1,,,,,
2026-09-21,2026-09-21,CM,NSE,STK,22886,IN0020230184,SGBFEB32IV,GB,,,,,2.50%GOLDBONDS2032SR-IV,15387.60,15861.07,15387.60,15766.79,15774.99,15782.16,,15766.79,,,1365,21491203.75,270,F1,1,,,,,
2026-09-21,2026-09-21,CM,NSE,STK,16921,INE144J01027,20MICRONS,EQ,,,,,20 MICRONS LTD,208.28,227.88,207.41,220.12,220.10,208.28,,220.10,,,561790,124231574.31,13332,F1,1,,,,,
2026-09-21,2026-09-21,CM,NSE,STK,4,INE253B01015,21STCENMGM,EQ,,,,,21ST CENTURY MGMT SERVICE,38.97,39.50,38.30,39.47,39.50,38.98,,39.47,,,776,30489.50,39,F1,1,,,,,
2026-09-21,2026-09-21,CM,NSE,STK,13061,INE466L01038,360ONE,EQ,,,,,360 ONE WAM LIMITED,1073.30,1085.90,1062.80,1072.70,1072.70,1073.10,,1072.71,,,573949,616490375.50,26619,F1,1,,,,,
2026-09-21,2026-09-21,CM,NSE,STK,30105,INF579M01BB5,GOLD360,EQ,,,,,360ONEAMC - GOLD360,149.05,149.50,147.75,147.85,147.75,149.10,,147.85,,,27960,4144119.45,300,F1,1,,,,,
2026-09-21,2026-09-21,CM,NSE,STK,763602,INF579M01BP5,MSCI360,EQ,,,,,360ONEAMC - MSCI360,10.00,10.00,9.84,9.86,9.99,9.96,,9.87,,,1161,11517.91,27,F1,1,,,,,
2026-09-21,2026-09-21,CM,NSE,STK,756150,INF579M01BC3,SILVER360,EQ,,,,,360ONEAMC - SILVER360,229.98,229.98,227.66,228.25,228.25,229.98,,228.25,,,16663,3806709.51,391,F1,1,,,,,
2026-09-21,2026-09-21,CM,NSE,STK,762518,INE994E01018,3BBLACKBIO,EQ,,,,,3B BLACKBIO DX LTD.,1333.90,1419.70,1306.30,1407.80,1414.70,1319.30,,1407.78,,,9258,12710732.30,1578,F1,1,,,,,
2026-09-21,2026-09-21,CM,NSE,STK,6240,INE748C01038,3IINFOLTD,BE,,,,,3I INFOTECH LIMITED,25.05,26.25,25.00,25.62,25.00,25.50,,25.60,,,374020,9588950.80,945,F1,1,,,,,
2026-09-21,2026-09-21,CM,NSE,STK,474,INE470A01017,3MINDIA,EQ,,,,,3M INDIA LIMITED,33915.00,34890.00,33855.00,34725.00,34770.00,34095.00,,34724.83,,,4444,153973535.00,2830,F1,1,,,,,
2026-09-21,2026-09-21,CM,NSE,STK,2595,INE105C01023,3PLAND,EQ,,,,,3P LAND HOLDINGS LIMITED,31.09,31.97,30.35,31.50,31.50,31.09,,31.13,,,1083,33209.80,62,F1,1,,,,,
2026-09-21,2026-09-21,CM,NSE,STK,445,INE618L01018,5PAISA,EQ,,,,,5PAISA CAPITAL LIMITED,322.50,322.50,312.00,314.10,316.00,321.35,,314.08,,,30462,9631324.80,1410,F1,1,,,,,
2026-09-21,2026-09-21,CM,NSE,STK,11868,INE111B01023,63MOONS,EQ,,,,,63 MOONS TECHNOLOGIES LTD,883.80,905.00,883.45,892.05,885.20,884.75,,892.11,,,281652,252229978.75,12485,F1,1,,,,,
2026-09-21,2026-09-21,CM,NSE,STK,29323,INE053F07579,734IRFC28,N4,,,,,7.34 NCD 19FEB28 TR1 SR2,1092.11,1092.11,1092.01,1092.03,1092.01,1092.00,,1092.03,,,500,546015.08,3,F1,1,,,,,
2026-09-21,2026-09-21,CM,NSE,STK,20034,INE261F07032,764NABAR31,N2,,,,,7.64% TAX FREE TRI SRIIB,1119.52,1121.00,1119.52,1121.00,1121.00,1119.52,,1121.00,,,85,95270.20,2,F1,1,,,,,
2026-09-21,2026-09-21,CM,NSE,STK,19928,INE031A07AO5,764HUDCO31,N8,,,,,7.64% TAX FREETRI SR2B,1120.00,1120.00,1120.00,1120.00,1120.00,1117.25,,1123.50,,,1,1120.00,1,F1,1,,,,,
2026-09-21,2026-09-21,CM,NSE,STK,19930,INE031A07AT4,769HUDCO31,N9,,,,,7.69% TAX FREETRII SR2B,1136.11,1140.00,1136.11,1140.00,1140.00,1136.00,,1137.53,,,128,145713.83,3,F1,1,,,,,
2026-09-21,2026-09-21,CM,NSE,STK,19924,INE020B07GH7,812REC27,NI,,,,,8.12/8.32% TAX FREE NCD,1028.40,1028.40,1028.40,1028.40,1028.40,1028.40,,1027.20,,,19,19539.60,1,F1,1,,,,,
2026-09-21,2026-09-21,CM,NSE,STK,31240,INE031A07840,82HUDCO27,N2,,,,,8.20 NCD05MAR27 FV 1000,1053.00,1053.00,1053.00,1053.00,1053.00,1051.95,,1052.88,,,75,78975.00,1,F1,1,,,,,
2026-09-21,2026-09-21,CM,NSE,STK,20022,INE134E07208,830PFCL27,N5,,,,,8.30% TAX FREE NCD,1086.00,1092.49,1083.00,1084.00,1084.00,1085.99,,1085.25,,,846,919288.00,8,F1,1,,,,,
2026-09-21,2026-09-21,CM,NSE,STK,31766,INE733E07JI1,873NTPC28,N5,,,,,8.73%S-R-NCD SERIES 2B,1123.21,1123.62,1123.21,1123.62,1123.62,1150.00,,1123.43,,,409,459393.30,3,F1,1,,,,,
2026-09-21,2026-09-21,CM,NSE,STK,192,INE906B07DF8,875NHAI29,N6,,,,,8.75% TAX FREE TR I S IIB,1120.00,1120.00,1115.00,1118.20,1118.20,1120.00,,1117.00,,,735,820728.19,27,F1,1,,,,,
2026-09-21,2026-09-21,CM,NSE,STK,19968,INE031A07949,876HUDCO28,ND,,,,,8.76% TAX FREETRI SR2B,1141.98,1141.98,1140.99,1140.99,1140.99,1141.98,,1140.99,,,110,125518.80,4,F1,1,,,,,
2026-09-21,2026-09-21,CM,NSE,STK,20058,INE787H07370,891IIFCL34,N4,,,,,8.91% TAX FREE NCD,1256.00,1265.00,1256.00,1264.60,1264.60,1265.00,,1264.60,,,1735,2184753.00,45,F1,1,,,,,
2026-09-21,2026-09-21,CM,NSE,STK,31768,INE733E07JJ9,891NTPC33,N6,,,,,8.91%S-R-NCD SERIES 3B,1275.00,1287.00,1275.00,1287.00,1287.00,1280.00,,1287.50,,,300,384700.00,3,F1,1,,,,,
2026-09-21,2026-09-21,CM,NSE,STK,20028,INE134E07463,892PFCL33,N8,,,,,8.92% TAX FREE NCD,1285.00,1285.00,1282.00,1282.00,1282.00,1282.00,,1282.00,,,400,513401.00,3,F1,1,,,,,
2026-09-21,2026-09-21,CM,NSE,STK,19970,INE031A07AB2,901HUDCO34,NE,,,,,9.01% TAX FREETRII SR3B,1288.99,1289.00,1288.97,1289.00,1289.00,1284.00,,1289.00,,,745,960291.34,29,F1,1,,,,,
2026-09-21,2026-09-21,CM,NSE,STK,759130,INE08PH01015,ABCOTS,EQ,,,,,A B COTSPIN INDIA LIMITED,214.90,214.90,205.00,208.01,206.60,209.85,,208.01,,,2489,516638.23,209,F1,1,,,,,
2026-09-21,2026-09-21,CM,NSE,STK,27016,INE00YB01025,ABINFRA,BE,,,,,A B INFRABUILD LIMITED,12.06,12.13,11.80,12.13,12.13,11.57,,12.13,,,531388,6433870.90,410,F1,1,,,,,
2026-09-21,2026-09-21,CM,NSE,STK,762528,INE850B01026,ABMKNO,EQ,,,,,A B M KNOWLEDGEWARE LTD.,170.50,177.90,170.50,175.67,171.00,170.50,,175.67,,,251,43999.81,32,F1,1,,,,,
2026-09-21,2026-09-21,CM,NSE,STK,762536,INE366C01021,ACSTECH,BE,,,,,A C S TECHNOLOGIES LTD.,67.80,69.45,67.79,69.45,69.45,66.15,,69.50,,,301821,20838945.43,621,F1,1,,,,,
2026-09-21,2026-09-21,CM,NSE,STK,762538,INE701G01012,AKCAPIT,EQ,,,,,A K CAPITAL SERVICES LTD.,1731.40,1762.00,1722.10,1758.10,1762.00,1746.40,,1758.46,,,1244,2184188.70,75,F1,1,,,,,
2026-09-21,2026-09-21,CM,NSE,STK,20906,INE619I01012,A2ZINFRA,EQ,,,,,A2Z INFRA ENGINEERING LTD,14.81,15.18,14.59,14.68,14.65,14.89,,14.68,,,73672,1087132.42,248,F1,1,,,,,
2026-09-21,2026-09-21,CM,NSE,STK,12533,INE0D0U01013,AAATECH,EQ,,,,,AAA TECHNOLOGIES LIMITED,88.98,96.00,86.00,94.16,93.00,86.95,,94.14,,,118069,10952240.49,1020,F1,1,,,,,
2026-09-21,2026-09-21,CM,NSE,STK,23729,INE883F01010,AADHARHFC,EQ,,,,,AADHAR HOUSING FINANCE L,461.00,470.25,460.30,466.05,467.00,461.65,,466.05,,,141533,65879687.30,9555,F1,1,,,,,
2026-09-21,2026-09-21,CM,NSE,STK,757579,INE1GYP01013,AAKAAR,SM,,,,,AAKAAR MEDICAL TECHNO LTD,67.70,67.70,67.50,67.50,67.50,64.50,,67.50,,,6400,432800.00,4,F1,1600,,,,,
2026-09-21,2026-09-21,CM,NSE,STK,235,INE087Z01024,AAKASH,EQ,,,,,AAKASH EXPLORATION SER L,8.88,9.19,8.85,8.97,9.03,8.88,,8.97,,,80878,730610.50,284,F1,1,,,,,
2026-09-21,2026-09-21,CM,NSE,STK,758216,INE124401014,AARADHYA,ST,,,,,AARADHYA DISPOSAL INDUS L,141.00,143.50,137.00,140.05,138.00,141.00,,140.05,,,13200,1842240.00,11,F1,1200,,,,,
2026-09-21,2026-09-21,CM,NSE,STK,5245,INE198H01019,AAREYDRUGS,EQ,,,,,AAREY DRUGS & PHARM LTD,103.00,103.99,100.06,102.37,100.50,102.13,,102.37,,,206096,21215898.42,1593,F1,1,,,,,
2026-09-21,2026-09-21,CM,NSE,STK,761824,INE750R01016,AARNAV,BE,,,,,AARNAV FASHIONS LIMITED,30.60,32.76,29.70,32.57,32.75,31.20,,32.57,,,22680,718657.99,96,F1,1,,,,,
2026-09-21,2026-09-21,CM,NSE,STK,1030,INE721Z01010,AARON,EQ,,,,,AARON INDUSTRIES LIMITED,118.00,124.00,118.00,120.74,120.25,119.92,,120.74,,,9458,1143373.66,407,F1,1,,,,,
2026-09-21,2026-09-21,CM,NSE,STK,17164,INE01C001026,AARTECH,BE,,,,,AARTECH SOLONICS LIMITED,51.70,51.90,51.00,51.18,51.70,51.33,,51.20,,,26284,1348426.73,115,F1,1,,,,,
2026-09-21,2026-09-21,CM,NSE,STK,4481,INE767A01016,AARTIDRUGS,EQ,,,,,AARTI DRUGS LTD.,427.70,440.85,427.70,435.50,436.00,431.80,,435.50,,,114136,49815404.30,5665,F1,1,,,,,
2026-09-21,2026-09-21,CM,NSE,STK,7,INE769A01020,AARTIIND,EQ,,,,,AARTI INDUSTRIES LTD,483.00,502.00,481.05,499.80,498.05,491.15,,499.79,,,805286,397168089.30,37080,F1,1,,,,,
2026-09-21,2026-09-21,CM,NSE,STK,13868,INE0LRU01027,AARTIPHARM,EQ,,,,,AARTI PHARMALABS LIMITED,820.00,871.20,811.20,846.45,849.00,820.40,,846.45,,,2420466,2012385549.85,39950,F1,1,,,,,
2026-09-21,2026-09-21,CM,NSE,STK,19263,INE09EO01013,AARTISURF,BE,,,,,AARTI SURFACTANTS LIMITED,534.00,540.00,509.20,528.65,528.00,535.95,,528.15,,,11770,6157183.10,384,F1,1,,,,,
2026-09-21,2026-09-21,CM,NSE,STK,19073,INE754X01016,AARVI,EQ,,,,,AARVI ENCON LIMITED,140.00,141.30,134.50,136.10,136.50,139.95,,136.10,,,29434,4012583.01,626,F1,1,,,,,
2026-09-21,2026-09-21,CM,NSE,STK,763800,INE2FMX01012,AASTHA,EQ,,,,,AASTHA SPINTEX LIMITED,76.00,76.69,73.63,74.21,74.80,76.25,,74.22,,,243196,18356855.68,1966,F1,1,,,,,
2026-09-21,2026-09-21,CM,NSE,STK,16961,INE0OB201016,AATMAJ,SM,,,,,AATMAJ HEALTHCARE LIMITED,19.25,19.25,19.25,19.25,19.25,19.25,,19.25,,,2000,38500.00,1,F1,2000,,,,,
2026-09-21,2026-09-21,CM,NSE,STK,5385,INE216P01012,AAVAS,EQ,,,,,AAVAS FINANCIERS LIMITED,1285.00,1323.80,1285.00,1321.20,1323.80,1284.60,,1321.20,,,84855,111274629.40,7953,F1,1,,,,,
2026-09-21,2026-09-21,CM,NSE,STK,7759,INE421A01028,ABAN,BE,,,,,ABAN OFFSHORE LTD.,14.78,14.78,14.25,14.35,14.40,14.54,,14.34,,,7627,109961.64,66,F1,1,,,,,
2026-09-21,2026-09-21,CM,NSE,STK,762523,INE365O01028,ABANSENT,EQ,,,,,ABANS ENTERPRISES LTD.,26.45,27.05,26.34,27.01,27.04,26.07,,27.01,,,8248,221153.02,128,F1,1,,,,,
2026-09-21,2026-09-21,CM,NSE,STK,13288,INE00ZE01026,AFSL,EQ,,,,,ABANS FINANCIAL SRVCS LTD,201.02,201.94,201.00,201.03,201.00,201.00,,201.03,,,1897,381458.86,32,F1,1,,,,,
2026-09-21,2026-09-21,CM,NSE,STK,13,INE117A01022,ABB,EQ,,,,,ABB INDIA LIMITED,7240.00,7330.00,7221.00,7271.00,7271.00,7270.50,,7271.00,,,161482,1173789479.50,16692,F1,1,,,,,
2026-09-21,2026-09-21,CM,NSE,STK,17903,INE358A01014,ABBOTINDIA,EQ,,,,,ABBOTT INDIA LIMITED,27200.00,27300.00,26815.00,26960.00,26815.00,27270.00,,26960.33,,,7355,198978210.00,3304,F1,1,,,,,
2026-09-21,2026-09-21,CM,NSE,STK,765463,INE1R2M01019,ABH,SM,,,,,ABH HEALTHCARE LIMITED,45.00,48.10,45.00,48.10,48.10,43.75,,48.10,,,130800,6177840.00,106,F1,1200,,,,,
2026-09-21,2026-09-21,CM,NSE,STK,27284,INE0UYG01015,ABHAPOWER,SM,,,,,ABHA POWER N STEEL LTD,25.25,25.25,23.80,24.00,24.00,24.65,,24.00,,,9600,235200.00,6,F1,1600,,,,,
2026-09-21,2026-09-21,CM,NSE,STK,4626,INE0CAJ01017,AILIMITED,SM,,,,,ABHISHEK INTEGRATIONS LTD,16.40,16.45,16.40,16.40,16.40,17.25,,16.40,,,9000,147750.00,3,F1,3000,,,,,
2026-09-21,2026-09-21,CM,NSE,STK,5551,INE251C01025,ABMINTLLTD,BE,,,,,ABM INTERNATIONAL LTD,48.99,48.99,48.99,48.99,48.99,49.98,,48.99,,,1064,52125.36,9,F1,1,,,,,
2026-09-21,2026-09-21,CM,NSE,STK,23783,INE0QRV01016,ABSMARINE,SM,,,,,ABS MARINE SERVICES LTD,287.00,293.75,280.00,283.80,282.60,286.20,,283.80,,,26500,7545825.00,53,F1,500,,,,,
2026-09-21,2026-09-21,CM,NSE,STK,22,INE012A01025,ACC,EQ,,,,,ACC LIMITED,1260.00,1272.00,1251.00,1256.30,1255.00,1259.70,,1256.06,,,66808,84149540.10,6471,F1,1,,,,,
2026-09-21,2026-09-21,CM,NSE,STK,7053,INE793A01012,ACCELYA,EQ,,,,,ACCELYA SOLN INDIA LTD,1123.00,1125.00,1115.20,1119.90,1118.00,1123.00,,1119.94,,,7474,8373754.30,541,F1,1,,,,,
2026-09-21,2026-09-21,CM,NSE,STK,20488,INE0Q5D01013,ACCENTMIC,SM,,,,,ACCENT MICROCELL LIMITED,682.30,694.95,678.00,683.55,681.60,681.75,,683.55,,,33500,22896050.00,63,F1,500,,,,,
2026-09-21,2026-09-21,CM,NSE,STK,757024,INE0T8T01010,ACCPL,ST,,,,,ACCRETION PHARMA LIMITED,205.55,208.00,203.00,208.00,208.00,210.00,,208.00,,,38400,7854360.00,11,F1,1200,,,,,
2026-09-21,2026-09-21,CM,NSE,STK,1472,INE648Z01023,ACCURACY,BE,,,,,ACCURACY SHIPPING LIMITED,4.63,4.70,4.50,4.59,4.67,4.65,,4.59,,,37759,173387.43,172,F1,1,,,,,
2026-09-21,2026-09-21,CM,NSE,STK,11779,INE543V01017,ACEINTEG,EQ,,,,,ACE INTEGRATED SOLU. LTD.,17.37,18.04,17.02,17.89,17.80,17.37,,17.89,,,4464,79002.90,169,F1,1,,,,,
2026-09-21,2026-09-21,CM,NSE,STK,761112,INE1J6M01010,ACETEC,SM,,,,,ACETECH E-COMMERCE LTD,153.00,153.00,153.00,153.00,153.00,150.45,,153.00,,,1200,183600.00,1,F1,1200,,,,,
2026-09-21,2026-09-21,CM,NSE,STK,27061,INE622W01025,ACMESOLAR,EQ,,,,,ACME SOLAR HOLDINGS LTD,439.00,464.45,437.50,458.10,456.70,435.25,,458.13,,,6919009,3141382099.65,126883,F1,1,,,,,
2026-09-21,2026-09-21,CM,NSE,STK,13587,INE731H01025,ACE,EQ,,,,,ACTION CONST EQUIP LTD,1243.00,1268.00,1220.50,1230.40,1230.00,1229.20,,1230.39,,,604926,754360024.20,38892,F1,1,,,,,
2026-09-21,2026-09-21,CM,NSE,STK,30464,INE0KLO01025,ACTIVEINFR,SM,,,,,ACTIVE INFRASTRUCTURES L,181.00,182.00,181.00,181.80,181.00,182.05,,181.80,,,55200,10028700.00,14,F1,600,,,,,
2026-09-21,2026-09-21,CM,NSE,STK,5578,INE00FF01025,ACUTAAS,EQ,,,,,ACUTAAS CHEMICALS LIMITED,3460.00,3509.90,3399.00,3425.70,3425.00,3440.30,,3425.58,,,327627,1133480180.50,47298,F1,1,,,,,
2026-09-21,2026-09-21,CM,NSE,STK,10217,INE931S01010,ADANIENSOL,EQ,,,,,ADANI ENERGY SOLUTION LTD,1421.10,1432.40,1397.60,1397.60,1397.60,1436.10,,1397.62,,,1943661,2740778330.10,51744,F1,1,,,,,
2026-09-21,2026-09-21,CM,NSE,STK,25,INE423A01024,ADANIENT,EQ,,,,,ADANI ENTERPRISES LIMITED,2995.60,3015.90,2973.00,2975.00,2975.00,3020.00,,2975.07,,,782730,2343753926.20,34302,F1,1,,,,,
2026-09-21,2026-09-21,CM,NSE,STK,3563,INE364U01010,ADANIGREEN,EQ,,,,,ADANI GREEN ENERGY LTD,1332.00,1332.00,1300.10,1303.60,1303.60,1334.50,,1303.61,,,644395,846646995.70,20547,F1,1,,,,,
2026-09-21,2026-09-21,CM,NSE,STK,15083,INE742F01042,ADANIPORTS,EQ,,,,,ADANI PORT & SEZ LTD,1793.70,1796.80,1766.70,1787.10,1787.10,1824.00,,1787.10,,,2317822,4136892074.30,66261,F1,1,,,,,
2026-09-21,2026-09-21,CM,NSE,STK,17388,INE814H01029,ADANIPOWER,EQ,,,,,ADANI POWER LTD,207.64,210.55,205.38,206.55,206.55,206.60,,206.59,,,11494497,2387085988.70,59684,F1,1,,,,,
2026-09-21,2026-09-21,CM,NSE,STK,6066,INE399L01023,ATGL,EQ,,,,,ADANI TOTAL GAS LIMITED,657.65,659.05,629.15,638.40,638.00,660.70,,638.43,,,3827345,2445234991.15,83807,F1,1,,,,,
2026-09-21,2026-09-21,CM,NSE,STK,764563,INE757C01021,ADDIND,EQ,,,,,ADDI INDUSTRIES LTD.,82.65,82.65,75.00,77.74,80.00,82.65,,77.83,,,207,16174.65,29,F1,1,,,,,
2026-09-21,2026-09-21,CM,NSE,STK,22468,INE0RDH01021,ADDICTIVE,SM,,,,,ADDICTIVE LEARNING TECH L,43.50,44.00,43.00,44.00,44.00,43.40,,44.00,,,7500,323900.00,10,F1,500,,,,,
2026-09-21,2026-09-21,CM,NSE,STK,19761,INE982B01027,ADFFOODS,EQ,,,,,ADF FOODS LIMITED,259.90,268.70,257.50,267.90,268.40,261.45,,267.90,,,124948,32875401.55,4773,F1,1,,,,,
2026-09-21,2026-09-21,CM,NSE,STK,763156,INE20PL01012,ADISOFT,SM,,,,,ADISOFT TECHNOLOGIES LTD,235.30,258.00,233.30,252.30,255.30,231.50,,252.30,,,284000,69954760.00,332,F1,800,,,,,
2026-09-21,2026-09-21,CM,NSE,STK,6018,INE404A01024,ABSLAMC,EQ,,,,,ADIT BIRL SUN LIF AMC LTD,1064.30,1068.90,1026.20,1034.30,1030.00,1060.40,,1034.30,,,174676,182184062.00,18695,F1,1,,,,,
2026-09-21,2026-09-21,CM,NSE,STK,21614,INE674K01013,ABCAPITAL,EQ,,,,,ADITYA BIRLA CAPITAL LTD.,405.10,405.45,400.95,403.40,403.40,410.05,,403.40,,,1591907,640631057.45,27482,F1,1,,,,,
2026-09-21,2026-09-21,CM,NSE,STK,30108,INE647O01011,ABFRL,EQ,,,,,ADITYA BIRLA FASHION & RT,50.15,50.56,49.70,49.85,49.77,50.16,,49.85,,,2352382,117962162.32,14574,F1,1,,,,,
2026-09-21,2026-09-21,CM,NSE,STK,756843,INE14LE01019,ABLBL,EQ,,,,,ADITYA BIRLA LIFES BRAN L,81.50,81.52,80.60,80.89,80.92,81.17,,80.89,,,411431,33289205.89,6045,F1,1,,,,,
2026-09-21,2026-09-21,CM,NSE,STK,15239,INE865C01022,BIRLAMONEY,EQ,,,,,ADITYA BIRLA MONEY LTD,120.49,123.45,120.15,120.77,120.99,120.49,,120.60,,,17830,2168901.84,448,F1,1,,,,,
2026-09-21,2026-09-21,CM,NSE,STK,625,INE055A01016,ABREL,EQ,,,,,ADITYA BIRLA REAL EST LTD,1266.20,1288.70,1233.20,1237.10,1239.00,1266.20,,1237.45,,,99442,124274420.10,10312,F1,1,,,,,
2026-09-21,2026-09-21,CM,NSE,STK,758858,INE819V01029,CPPLUS,EQ,,,,,ADITYA INFOTECH LIMITED,3349.90,3505.00,3338.80,3482.30,3480.00,3355.10,,3482.85,,,287297,981689474.10,41127,F1,1,,,,,
2026-09-21,2026-09-21,CM,NSE,STK,25248,INE01YQ01013,AUSL,SM,,,,,ADITYA ULTRA STEEL LTD,21.10,23.00,21.10,23.00,23.00,22.20,,23.00,,,8000,172800.00,4,F1,2000,,,,,
2026-09-21,2026-09-21,CM,NSE,STK,25984,INE679V01027,AVL,EQ,,,,,ADITYA VISION LIMITED,634.60,640.90,626.75,629.30,630.00,636.95,,629.31,,,53731,33999493.75,5094,F1,1,,,,,
2026-09-21,2026-09-21,CM,NSE,STK,23804,INF209KB18D3,BSLGOLDETF,EQ,,,,,ADITYBIRLA SL GOLD ETF-GR,134.53,134.53,133.40,133.72,133.87,134.53,,133.72,,,281479,37712078.72,1658,F1,1,,,,,
2026-09-21,2026-09-21,CM,NSE,STK,24781,INF209KB19D1,BSLNIFTY,EQ,,,,,ADITYBIRLA SL NIF ETF-GR,28.14,28.14,26.77,27.56,27.56,27.46,,27.56,,,1747702,48170676.16,7173,F1,1,,,,,
2026-09-21,2026-09-21,CM,NSE,STK,34,INE045A01017,ADOR,EQ,,,,,ADOR WELDING LTD,1585.00,1587.90,1564.70,1576.40,1571.10,1592.10,,1576.40,,,13795,21746248.30,1920,F1,1,,,,,
2026-09-21,2026-09-21,CM,NSE,STK,4953,INE737B01033,ADROITINFO,EQ,,,,,ADROIT INFOTECH LIMITED,11.18,11.49,10.90,11.25,11.08,11.14,,11.25,,,43930,488895.94,239,F1,1,,,,,
2026-09-21,2026-09-21,CM,NSE,STK,760657,INE0ALI01010,ADVAIT,EQ,,,,,ADVAIT ENRGY TRANSITION L,2038.00,2075.00,2002.30,2005.50,2009.90,2003.60,,2005.51,,,41422,83894138.70,5958,F1,1,,,,,
2026-09-21,2026-09-21,CM,NSE,STK,759402,INE1B0W01010,ADVANCE,EQ,,,,,ADVANCE AGROLIFE LIMITED,110.48,111.56,106.50,107.83,107.15,110.48,,107.83,,,184028,19967040.60,2341,F1,1,,,,,
2026-09-21,2026-09-21,CM,NSE,STK,18039,INE837H01020,ADVENZYMES,EQ,,,,,ADVANCED ENZYME TECH LTD,288.70,297.80,287.00,294.05,293.00,287.80,,294.05,,,395562,115701944.40,8205,F1,1,,,,,
2026-09-21,2026-09-21,CM,NSE,STK,14745,INE199C01026,ADVANIHOTR,EQ,,,,,ADVANI HOT.& RES.(I) LTD,47.80,48.81,47.10,47.90,47.89,47.89,,47.90,,,7324,350547.71,279,F1,1,,,,,
2026-09-21,2026-09-21,CM,NSE,STK,759769,INE28GN01010,ADVENTHTL,EQ,,,,,ADVENT HOTELS INTERNATI L,129.15,129.15,125.70,126.64,128.00,129.15,,126.64,,,169507,21468690.22,2435,F1,1,,,,,
2026-09-21,2026-09-21,CM,NSE,STK,765015,INE178T01024,ADVIKCA,EQ,,,,,ADVIK CAPITAL LTD.,0.98,1.03,0.95,0.96,0.95,0.98,,0.96,,,427767,419053.01,464,F1,1,,,,,
2026-09-21,2026-09-21,CM,NSE,STK,762227,INE1SJO01012,RAMBHAJO,EQ,,,,,ADVIT JEWELS LIMITED,294.91,308.40,285.01,304.03,301.90,290.85,,304.03,,,1449014,431691843.94,20692,F1,1,,,,,
2026-09-21,2026-09-21,CM,NSE,STK,40,INE208C01025,AEGISLOG,EQ,,,,,AEGIS LOGISTICS LIMITED,1422.00,1500.20,1416.40,1486.00,1469.80,1415.40,,1486.05,,,1793245,2624271020.70,80049,F1,1,,,,,
2026-09-21,2026-09-21,CM,NSE,STK,757336,INE0INX01018,AEGISVOPAK,EQ,,,,,AEGIS VOPAK TERMINALS LTD,317.00,320.95,309.20,318.30,317.00,314.95,,318.30,,,2864123,907325266.40,67255,F1,1,,,,,
2026-09-21,2026-09-21,CM,NSE,STK,757873,INE423A07419,AEL170725,ND,,,,,AEL 0% 2028 SR V,1102.00,1102.00,1102.00,1102.00,1102.00,1102.00,,1103.50,,,82,90364.00,5,F1,1,,,,,
2026-09-21,2026-09-21,CM,NSE,STK,761344,INE423A07559,AEL120126,NL,,,,,AEL 0% 2029 SR V,1031.00,1031.00,1031.00,1031.00,1031.00,1041.00,,1031.00,,,10,10310.00,1,F1,1,,,,,
2026-09-21,2026-09-21,CM,NSE,STK,761347,INE423A07542,AEL1212026,NO,,,,,AEL 0% 2031 SR VIII,1050.00,1050.00,1050.00,1050.00,1050.00,1052.50,,1050.00,,,42,44100.00,2,F1,1,,,,,
2026-09-21,2026-09-21,CM,NSE,STK,761342,INE423A07492,848AEL29,NJ,,,,,AEL 8.48% 2029 SR III,1010.00,1010.00,1007.10,1007.10,1007.10,1011.00,,1007.10,,,262,263918.20,2,F1,1,,,,,
2026-09-21,2026-09-21,CM,NSE,STK,761340,INE423A07484,860AEL28,NH,,,,,AEL 8.60% 2028 SR I,1040.75,1040.75,1040.20,1040.20,1040.20,1050.11,,1040.20,,,116,120669.85,3,F1,1,,,,,
2026-09-21,2026-09-21,CM,NSE,STK,761345,INE423A07518,862AEL31,NM,,,,,AEL 8.62% 2031 SR VI,1015.00,1017.10,1014.99,1016.00,1016.00,1029.99,,1016.00,,,277,281282.00,13,F1,1,,,,,
2026-09-21,2026-09-21,CM,NSE,STK,761343,INE423A07534,875AEL29,NK,,,,,AEL 8.75% 2029 SR IV,1062.70,1062.70,1062.70,1062.70,1062.70,1053.00,,1061.85,,,42,44633.40,1,F1,1,,,,,
2026-09-21,2026-09-21,CM,NSE,STK,757871,INE423A07427,885AEL28,NB,,,,,AEL 8.85% 2028 SR III,1029.00,1033.99,1029.00,1033.99,1033.99,1020.00,,1032.00,,,30,30919.90,2,F1,1,,,,,
2026-09-21,2026-09-21,CM,NSE,STK,761346,INE423A07526,890AEL31,NN,,,,,AEL 8.90% 2031 SR VII,1065.00,1065.00,1065.00,1065.00,1065.00,1058.14,,1064.50,,,10,10650.00,1,F1,1,,,,,
2026-09-21,2026-09-21,CM,NSE,STK,757872,INE423A07435,915AEL28,NC,,,,,AEL 9.15% 2028 SR IV,1030.00,1030.00,1030.00,1030.00,1030.00,1030.00,,1030.00,,,95,97850.00,3,F1,1,,,,,
2026-09-21,2026-09-21,CM,NSE,STK,757875,INE423A07393,930AEL30,NF,,,,,AEL 9.3% 2030 SR VII,1036.00,1042.15,1036.00,1042.15,1042.15,1042.00,,1045.51,,,250,259739.53,14,F1,1,,,,,
2026-09-21,2026-09-21,CM,NSE,STK,760234,INE947N01017,AEQUS,EQ,,,,,AEQUS LIMITED,233.23,233.23,228.95,231.57,231.50,231.67,,231.57,,,1065725,246408410.43,19112,F1,1,,,,,
2026-09-21,2026-09-21,CM,NSE,STK,12015,INE065D01027,AEROENTER,EQ,,,,,AEROFLEX ENTERPRISES LTD,126.11,126.89,121.44,122.36,123.40,125.49,,122.37,,,554242,68292013.59,5666,F1,1,,,,,
2026-09-21,2026-09-21,CM,NSE,STK,18268,INE024001021,AEROFLEX,EQ,,,,,AEROFLEX INDUSTRIES LTD,510.90,524.80,500.65,515.50,515.40,510.90,,515.50,,,931850,477597727.35,25613,F1,1,,,,,
2026-09-21,2026-09-21,CM,NSE,STK,13689,INE035801013,AERONEU,EQ,,,,,AEROFLEX NEU LIMITED,65.41,68.00,65.41,66.10,66.01,67.09,,66.13,,,26383,1756351.53,544,F1,1,,,,,
2026-09-21,2026-09-21,CM,NSE,STK,25065,INE0WL801011,AERON,SM,,,,,AERON COMPOSITE LIMITED,81.90,81.90,81.50,81.50,81.50,80.95,,81.50,,,2000,163400.00,2,F1,1000,,,,,
2026-09-21,2026-09-21,CM,NSE,STK,24830,INE0TSF01011,AESTHETIK,SM,,,,,AESTHETIK ENGINEERS LTD,69.75,69.75,69.75,69.75,69.75,69.75,,69.75,,,2000,139500.00,2,F1,1000,,,,,
2026-09-21,2026-09-21,CM,NSE,STK,9810,INE0BWX01014,AETHER,EQ,,,,,AETHER INDUSTRIES LIMITED,1650.00,1663.90,1629.20,1639.60,1638.10,1630.00,,1639.61,,,127672,210237174.40,19541,F1,1,,,,,
2026-09-21,2026-09-21,CM,NSE,STK,25977,INE101I01011,AFCONS,EQ,,,,,AFCONS INFRASTRUCTURE LTD,260.75,262.85,256.00,256.75,256.90,263.40,,256.75,,,734601,189797027.85,13900,F1,1,,,,,
2026-09-21,2026-09-21,CM,NSE,STK,11343,INE00WC01027,AFFLE,EQ,,,,,AFFLE 3I LIMITED,1596.00,1617.90,1566.20,1600.20,1590.00,1603.50,,1600.23,,,133554,212927006.60,16020,F1,1,,,,,
2026-09-21,2026-09-21,CM,NSE,STK,25855,INE692Z01013,AFFORDABLE,EQ,,,,,AFFORD ROBO & AUTO LTD,177.00,177.00,167.61,168.63,170.00,172.31,,168.62,,,10396,1767006.31,357,F1,1,,,,,
2026-09-21,2026-09-21,CM,NSE,STK,760641,INE916Y07073,1150AFIL29,N0,,,,,AFIL 11.50% 2029,9899.00,9899.00,9899.00,9899.00,9899.00,9903.00,,9899.00,,,4,39596.00,1,F1,1,,,,,
2026-09-21,2026-09-21,CM,NSE,STK,759446,INE916Y07032,12AFIL27,N0,,,,,AFIL 12% 2027 SR 1,10000.00,10000.00,10000.00,10000.00,10000.00,9900.00,,10000.00,,,1,10000.00,1,F1,1,,,,,
2026-09-21,2026-09-21,CM,NSE,STK,14263,INE0MLA01012,AGARWALFT,SM,,,,,AGARWAL FLOAT GLASS I LTD,26.00,26.00,26.00,26.00,26.00,26.00,,26.00,,,1500,39000.00,1,F1,1500,,,,,
2026-09-21,2026-09-21,CM,NSE,STK,3389,INE204E01012,AGARIND,EQ,,,,,AGARWAL INDS CORP LTD.,413.55,414.80,407.00,408.55,407.00,412.65,,408.54,,,46529,19084232.35,2307,F1,1,,,,,
2026-09-21,2026-09-21,CM,NSE,STK,27309,INE0P8X01016,AGARWALTUF,SM,,,,,AGARWAL TOUGH GLASS IND L,156.10,159.20,156.10,159.00,159.00,159.45,,159.00,,,36000,5712840.00,13,F1,1200,,,,,
2026-09-21,2026-09-21,CM,NSE,STK,1412,INE415A01038,AGI,EQ,,,,,AGI GREENPAC LIMITED,744.05,824.00,744.00,819.35,820.30,745.05,,819.36,,,1015912,816015301.45,44373,F1,1,,,,,
2026-09-21,2026-09-21,CM,NSE,STK,24445,INE976R01033,AGIIL,EQ,,,,,AGI INFRA LIMITED,275.00,277.15,267.65,271.15,271.05,270.45,,271.15,,,2842048,772027070.25,14242,F1,1,,,,,
2026-09-21,2026-09-21,CM,NSE,STK,10491,INE0LF301013,AGNI,SM,,,,,AGNI GREEN POWER LTD,15.25,15.25,15.25,15.25,15.25,15.30,,15.25,,,5000,76250.00,1,F1,2500,,,,,
2026-09-21,2026-09-21,CM,NSE,STK,11072,INE449G01018,AGRITECH,EQ,,,,,AGRI-TECH (INDIA) LIMITED,97.00,100.90,97.00,98.71,98.20,98.33,,98.71,,,810,79763.34,51,F1,1,,,,,
2026-09-21,2026-09-21,CM,NSE,STK,9046,INE740V01019,AGROPHOS,EQ,,,,,AGRO PHOS INDIA LIMITED,24.24,24.24,23.20,23.85,23.60,23.64,,23.85,,,4603,108251.65,105,F1,1,,,,,
2026-09-21,2026-09-21,CM,NSE,STK,759202,INE583L01014,AGSTRA,BZ,,,,,AGS TRANSACT TECH LTD,1.98,2.02,1.96,2.01,2.02,1.93,,2.01,,,339873,680260.75,424,F1,1,,,,,
2026-09-21,2026-09-21,CM,NSE,STK,2004,INE00PV01013,AHLADA,EQ,,,,,AHLADA ENGINEERS LIMITED,37.33,38.50,36.60,36.97,37.20,37.33,,36.97,,,2702,100236.21,83,F1,1,,,,,
2026-09-21,2026-09-21,CM,NSE,STK,17833,INE758C01029,AHLUCONT,EQ,,,,,AHLUWALIA CONT IND LTD,584.70,589.30,575.85,580.20,578.00,584.70,,579.86,,,41107,23862873.35,3026,F1,1,,,,,
2026-09-21,2026-09-21,CM,NSE,STK,13086,INE212H01026,AIAENG,EQ,,,,,AIA ENGINEERING LIMITED,3984.00,4023.80,3908.10,3941.00,3942.00,3973.30,,3941.01,,,75488,297580253.60,27341,F1,1,,,,,
2026-09-21,2026-09-21,CM,NSE,STK,23984,INE0RUV01018,AIMTRON,SM,,,,,AIMTRON ELECTRONICS LTD,1683.00,1800.00,1644.20,1784.35,1790.00,1662.25,,1784.35,,,133000,230154460.00,518,F1,200,,,,,
2026-09-21,2026-09-21,CM,NSE,STK,9878,INE805A01014,GOLDTECH,BE,,,,,AION-TECH SOLUTIONS LTD,40.85,42.30,40.85,41.84,41.90,41.32,,41.84,,,23051,956156.42,105,F1,1,,,,,
2026-09-21,2026-09-21,CM,NSE,STK,9897,INE645W01026,AIRAN,EQ,,,,,AIRAN LIMITED,16.50,17.49,16.40,16.66,16.68,16.69,,16.66,,,142877,2417459.77,890,F1,1,,,,,
2026-09-21,2026-09-21,CM,NSE,STK,6068,INE801L01010,AIROLAM,EQ,,,,,AIRO LAM LIMITED,90.01,90.01,86.04,88.24,87.31,89.00,,88.24,,,2208,195256.05,40,F1,1,,,,,
2026-09-21,2026-09-21,CM,NSE,STK,8124,INE031B01049,AJANTPHARM,EQ,,,,,AJANTA PHARMA LIMITED,3563.60,3590.00,3521.20,3542.10,3521.20,3563.60,,3541.99,,,135281,481299910.20,11849,F1,1,,,,,
2026-09-21,2026-09-21,CM,NSE,STK,29624,INE274Y01021,AJAXENGG,EQ,,,,,AJAX ENGINEERING LIMITED,559.70,569.20,555.60,562.60,558.80,559.75,,562.60,,,39739,22412386.80,5028,F1,1,,,,,
2026-09-21,2026-09-21,CM,NSE,STK,17307,INE298G01035,AJMERA,EQ,,,,,AJMERA REALTY & INF I LTD,116.00,120.00,115.00,118.25,117.70,115.60,,118.24,,,412869,48843322.95,5128,F1,1,,,,,
2026-09-21,2026-09-21,CM,NSE,STK,3403,INE820Y01021,AJOONI,EQ,,,,,AJOONI BIOTECH LIMITED,3.26,3.34,3.02,3.18,3.19,3.28,,3.18,,,624857,1968806.72,1040,F1,1,,,,,
2026-09-21,2026-09-21,CM,NSE,STK,21121,INE0PCY01014,AKANKSHA,SM,,,,,AKANKSHA POWER N INFRA L,146.60,146.60,140.05,140.05,140.05,139.65,,140.05,,,51000,7447150.00,40,F1,1000,,,,,
2026-09-21,2026-09-21,CM,NSE,STK,13510,INE737W01013,AKASH,EQ,,,,,AKASH INFRA-PROJECTS LTD,23.56,25.10,23.56,24.77,24.65,24.29,,24.77,,,9830,245488.03,49,F1,1,,,,,
2026-09-21,2026-09-21,CM,NSE,STK,2176,INE00Y801016,AKG,EQ,,,,,AKG EXIM LIMITED,10.20,10.67,10.00,10.03,10.00,10.37,,10.03,,,29577,299335.48,99,F1,1,,,,,
2026-09-21,2026-09-21,CM,NSE,STK,14895,INE642Z01026,AKI,BE,,,,,AKI INDIA LIMITED,6.35,6.41,6.23,6.41,6.41,6.11,,6.45,,,91574,581816.49,220,F1,1,,,,,
2026-09-21,2026-09-21,CM,NSE,STK,24304,INE0PMR01017,AKIKO,SM,,,,,AKIKO GLOBAL SERVICES L,407.80,430.00,391.00,428.00,428.00,416.10,,428.00,,,34400,14374920.00,36,F1,800,,,,,
2026-09-21,2026-09-21,CM,NSE,STK,24159,INE916Y01027,AFIL,EQ,,,,,AKME FINTRADE (INDIA) LTD,8.40,8.85,8.40,8.72,8.74,8.61,,8.72,,,264836,2307543.60,498,F1,1,,,,,
2026-09-21,2026-09-21,CM,NSE,STK,8595,INE523B01011,AKSHOPTFBR,BE,,,,,AKSH OPTIFIBRE  LTD,7.66,7.89,7.45,7.45,7.45,7.84,,7.43,,,304309,2301223.40,453,F1,1,,,,,
2026-09-21,2026-09-21,CM,NSE,STK,9558,INE256Z01025,AKSHAR,EQ,,,,,AKSHAR SPINTEX LIMITED,0.41,0.42,0.41,0.41,0.42,0.41,,0.41,,,400298,165169.85,150,F1,1,,,,,
2026-09-21,2026-09-21,CM,NSE,STK,20194,INE542B01011,AKSHARCHEM,BE,,,,,AKSHARCHEM INDIA LIMITED,388.05,411.75,375.00,410.65,411.75,392.15,,410.75,,,35039,13794424.00,383,F1,1,,,,,
2026-09-21,2026-09-21,CM,NSE,STK,24715,INE09XN01023,AKUMS,EQ,,,,,AKUMS DRUGS AND PHARMA L,785.00,830.00,779.70,821.45,820.95,783.70,,821.44,,,825339,675820516.25,39953,F1,1,,,,,
2026-09-21,2026-09-21,CM,NSE,STK,9921,INE914E01040,ALANKIT,EQ,,,,,ALANKIT LIMITED,7.74,7.80,7.36,7.66,7.66,7.74,,7.66,,,129953,993599.10,613,F1,1,,,,,
2026-09-21,2026-09-21,CM,NSE,STK,17256,INE155C01010,ALBERTDAVD,EQ,,,,,ALBERT DAVID LIMITED,833.00,844.90,833.00,841.75,844.90,833.60,,841.70,,,1552,1301536.60,153,F1,1,,,,,
2026-09-21,2026-09-21,CM,NSE,STK,79,INE426A01027,ALEMBICLTD,EQ,,,,,ALEMBIC LIMITED,102.95,105.39,102.21,103.54,103.42,102.63,,103.54,,,427143,44427038.49,5175,F1,1,,,,,
2026-09-21,2026-09-21,CM,NSE,STK,25328,INE901L01018,APLLTD,EQ,,,,,ALEMBIC PHARMA LTD,845.75,867.85,845.00,848.75,846.00,845.75,,848.87,,,242136,207209028.45,15824,F1,1,,,,,
2026-09-21,2026-09-21,CM,NSE,STK,764573,INE782D01027,ALFREDHE,EQ,,,,,ALFRED HERBERT INDIA L,2750.50,2828.80,2709.20,2735.00,2735.00,2830.00,,2770.05,,,19,52120.70,10,F1,1,,,,,
2026-09-21,2026-09-21,CM,NSE,STK,761270,INE598D01035,ALGOQUANT,EQ,,,,,ALGOQUANT FINTECH LIMITED,72.72,74.80,68.21,72.90,72.83,72.27,,72.91,,,1874697,133150339.04,11441,F1,1,,,,,
2026-09-21,2026-09-21,CM,NSE,STK,13656,INE062D01024,ALICON,EQ,,,,,ALICON CASTALLOY LIMITED,729.35,753.25,721.35,738.25,745.00,729.35,,738.24,,,65933,48977133.50,3262,F1,1,,,,,
2026-09-21,2026-09-21,CM,NSE,STK,5265,INE03Q201024,ALIVUS,EQ,,,,,ALIVUS LIFE SCIENCES LTD,1439.00,1446.00,1390.20,1400.40,1394.90,1430.80,,1400.41,,,255956,362591868.40,24742,F1,1,,,,,
2026-09-21,2026-09-21,CM,NSE,STK,16959,INE773I01017,ALKALI,EQ,,,,,ALKALI METALS LTD,94.95,103.00,92.31,98.63,98.40,87.66,,98.65,,,644643,64063242.87,7396,F1,1,,,,,
2026-09-21,2026-09-21,CM,NSE,STK,11703,INE540L01014,ALKEM,EQ,,,,,ALKEM LABORATORIES LTD.,5395.00,5411.00,5316.50,5364.00,5364.00,5466.50,,5363.64,,,94968,510476864.00,9631,F1,1,,,,,
2026-09-21,2026-09-21,CM,NSE,STK,4487,INE150B01039,ALKYLAMINE,EQ,,,,,ALKYL AMINES CHEM. LTD,1851.40,1916.20,1851.40,1867.90,1879.00,1863.00,,1868.38,,,38425,72362801.40,7844,F1,1,,,,,
2026-09-21,2026-09-21,CM,NSE,STK,13203,INE0M2X01012,ALLETEC,SM,,,,,ALL E TECHNOLOGIES LTD,124.30,124.50,120.40,121.35,122.00,124.05,,121.35,,,28800,3515540.00,59,F1,400,,,,,
2026-09-21,2026-09-21,CM,NSE,STK,758448,INE0GV601021,ALLTIME,EQ,,,,,ALL TIME PLASTICS LIMITED,207.51,208.92,205.01,206.39,205.01,208.40,,206.39,,,25494,5278029.41,657,F1,1,,,,,
2026-09-21,2026-09-21,CM,NSE,STK,763784,INE1YPB01014,AGL,EQ,,,,,ALLCARGO GLOBAL LIMITED,13.87,14.26,13.62,13.81,13.84,13.80,,13.81,,,1690058,23476518.84,4871,F1,1,,,,,
2026-09-21,2026-09-21,CM,NSE,STK,13501,INE418H01029,ALLCARGO,EQ,,,,,ALLCARGO LOGISTICS LTD,11.06,11.23,10.80,10.98,10.90,11.11,,10.98,,,5674569,62693310.14,6548,F1,1,,,,,
2026-09-21,2026-09-21,CM,NSE,STK,17778,INE0NN701020,ATL,EQ,,,,,ALLCARGO TERMINALS LTD,24.80,24.80,23.90,24.29,24.37,24.24,,24.29,,,94816,2292422.60,686,F1,1,,,,,
2026-09-21,2026-09-21,CM,NSE,STK,11798,INE835G01018,ALLDIGI,EQ,,,,,ALLDIGI TECH LIMITED,775.00,800.00,775.00,787.90,789.90,776.30,,787.90,,,5376,4207307.40,577,F1,1,,,,,
2026-09-21,2026-09-21,CM,NSE,STK,24308,INE552Z01027,ABDL,EQ,,,,,ALLIED BLEND N DISTILS L,649.95,664.00,641.70,656.30,658.80,647.60,,656.33,,,423120,277503138.20,17990,F1,1,,,,,
2026-09-21,2026-09-21,CM,NSE,STK,14813,INE102I01027,ADSL,EQ,,,,,ALLIED DIGITAL SERV. LTD,96.29,99.00,95.52,96.94,96.70,96.29,,96.91,,,77436,7532267.34,1781,F1,1,,,,,
2026-09-21,2026-09-21,CM,NSE,STK,16719,INE326B01035,ALMONDZ,EQ,,,,,ALMONDZ GLOBAL SEC LTD,18.90,19.35,18.15,18.41,18.69,18.52,,18.41,,,278732,5130950.42,553,F1,1,,,,,
2026-09-21,2026-09-21,CM,NSE,STK,17675,INE270A01029,ALOKINDS,EQ,,,,,ALOK INDUSTRIES LIMITED,7.09,7.20,6.99,7.13,7.16,7.05,,7.13,,,12305596,87541180.95,8571,F1,1,,,,,
2026-09-21,2026-09-21,CM,NSE,STK,14848,INE385I01010,ALPA,EQ,,,,,ALPA LABORATORIES LTD,62.00,62.00,59.10,59.62,60.30,59.35,,59.62,,,8962,536958.42,146,F1,1,,,,,
2026-09-21,2026-09-21,CM,NSE,STK,22688,INE0R4701017,ALPEXSOLAR,SM,,,,,ALPEX SOLAR LIMITED,904.00,913.50,877.00,880.25,884.00,916.65,,880.25,,,52900,47058995.00,418,F1,100,,,,,
2026-09-21,2026-09-21,CM,NSE,STK,14601,INE137C01018,ALPHAGEO,BE,,,,,ALPHAGEO (INDIA) LIMITED,292.00,304.95,292.00,296.50,300.00,292.10,,296.52,,,8407,2520357.95,137,F1,1,,,,,
2026-09-21,2026-09-21,CM,NSE,STK,764186,INE1JCQ01037,ALPINETEX,EQ,,,,,ALPINE TEXWORLD LIMITED,52.73,54.39,51.34,52.11,52.40,52.66,,52.11,,,228368,11992594.98,2596,F1,1,,,,,
2026-09-21,2026-09-21,CM,NSE,STK,764578,INE058F01019,ALUFLUOR,EQ,,,,,ALUFLUORIDE LTD.,536.00,547.95,517.45,543.85,546.00,537.15,,543.35,,,9713,5216819.55,618,F1,1,,,,,
2026-09-21,2026-09-21,CM,NSE,STK,23474,INE0STM01017,ALUWIND,SM,,,,,ALUWIND INFRA-TECH LTD,51.00,51.85,48.05,50.75,50.75,49.85,,50.75,,,15000,757125.00,10,F1,1500,,,,,
2026-09-21,2026-09-21,CM,NSE,STK,760740,INE121R01077,AMAGI,EQ,,,,,AMAGI MEDIA LABS LIMITED,569.50,574.20,554.50,564.50,563.80,569.50,,564.47,,,461059,259137301.30,26398,F1,1,,,,,
2026-09-21,2026-09-21,CM,NSE,STK,764583,INE841D01013,AMAL,EQ,,,,,AMAL LTD.,717.20,730.00,715.00,721.05,724.30,722.40,,721.01,,,15150,10950855.25,538,F1,1,,,,,
2026-09-21,2026-09-21,CM,NSE,STK,758910,INE084K01015,AMANTA,BE,,,,,AMANTA HEALTHCARE LIMITED,186.20,188.10,186.16,188.10,188.10,189.95,,188.00,,,34325,6431909.82,146,F1,1,,,,,
2026-09-21,2026-09-21,CM,NSE,STK,100,INE885A01032,ARE&M,EQ,,,,,AMARA RAJA ENERGY MOB LTD,796.00,801.80,791.10,794.30,794.10,796.00,,794.31,,,308363,245210904.00,20547,F1,1,,,,,
2026-09-21,2026-09-21,CM,NSE,STK,764588,INE484D01012,AMARJOTHI,EQ,,,,,AMARJOTHI SPINNING MILL L,147.50,149.80,145.57,149.39,149.39,147.07,,147.35,,,167,24912.79,23,F1,1,,,,,
2026-09-21,2026-09-21,CM,NSE,STK,763256,INE293601014,AMBAAUTO,SM,,,,,AMBA AUTO SALES AND SER L,97.00,99.00,91.20,93.65,95.00,96.00,,93.65,,,42000,3896950.00,38,F1,1000,,,,,
2026-09-21,2026-09-21,CM,NSE,STK,762546,INE432A01017,AMBALALSA,BE,,,,,AMBALAL SARABHAI ENT L,39.60,39.60,38.70,38.73,38.94,39.97,,38.72,,,25349,988583.24,136,F1,1,,,,,
2026-09-21,2026-09-21,CM,NSE,STK,1185,INE371P01015,AMBER,EQ,,,,,AMBER ENTERPRISES (I) LTD,7125.00,7214.50,7090.00,7098.00,7098.00,7125.00,,7098.07,,,120913,864250290.50,18898,F1,1,,,,,
2026-09-21,2026-09-21,CM,NSE,STK,11496,INE792B01012,AMBICAAGAR,EQ,,,,,AMBICA AGAR & AROMAINDLTD,25.50,25.50,24.73,24.90,24.77,24.89,,24.92,,,31069,776290.64,229,F1,1,,,,,
2026-09-21,2026-09-21,CM,NSE,STK,15234,INE540G01014,AMBIKCO,EQ,,,,,AMBIKA COTTON MILL LTD.,1610.00,1629.00,1604.20,1619.40,1611.00,1602.00,,1619.39,,,18461,29835903.90,1778,F1,1,,,,,
2026-09-21,2026-09-21,CM,NSE,STK,1270,INE079A01024,AMBUJACEM,EQ,,,,,AMBUJA CEMENTS LTD,389.10,395.95,389.10,390.75,390.75,388.30,,390.78,,,1048624,412049460.05,14629,F1,1,,,,,
2026-09-21,2026-09-21,CM,NSE,STK,14402,INE005I01014,AMDIND,BE,,,,,AMD INDUSTRIES LIMITED,60.10,60.70,60.10,60.10,60.10,63.26,,60.10,,,22033,1324959.55,187,F1,1,,,,,
2026-09-21,2026-09-21,CM,NSE,STK,10898,INE0KT901015,AMEYA,SM,,,,,AMEYA PRECISION ENG LTD,149.60,149.65,149.60,149.65,149.65,142.55,,149.65,,,6000,897850.00,6,F1,1000,,,,,
2026-09-21,2026-09-21,CM,NSE,STK,11939,INE0MTP01013,AMIABLE,SM,,,,,AMIABLE LOGISTICS (I) LTD,70.00,70.20,70.00,70.20,70.20,70.20,,70.20,,,6400,448960.00,4,F1,1600,,,,,
2026-09-21,2026-09-21,CM,NSE,STK,19867,INE275D01022,AMNPLST,EQ,,,,,AMINES & PLASTICIZERS LTD,170.66,180.00,169.05,170.54,171.00,171.51,,170.83,,,2465,424661.28,119,F1,1,,,,,
2026-09-21,2026-09-21,CM,NSE,STK,761670,INE05TO01019,AEROPLANE,EQ,,,,,AMIR CHAND JAG KUM (E) L,201.00,204.90,194.00,201.03,201.05,201.49,,201.03,,,511901,102657118.26,3937,F1,1,,,,,
2026-09-21,2026-09-21,CM,NSE,STK,2598,INE606A01024,AMJLAND,EQ,,,,,AMJ LAND HOLDINGS LIMITED,38.50,38.50,36.24,37.11,37.32,37.18,,37.16,,,4372,161190.37,92,F1,1,,,,,
2026-09-21,2026-09-21,CM,NSE,STK,17547,INE098F01031,AMRUTANJAN,EQ,,,,,AMRUTAJAN HEALTH LTD,490.00,497.00,490.00,496.05,496.95,493.80,,496.02,,,20929,10345727.00,1490,F1,1,,,,,
2026-09-21,2026-09-21,CM,NSE,STK,759956,INE549H01021,ARSSBL,EQ,,,,,ANAND RATHI SH N STK BR L,502.00,505.50,495.05,496.10,496.00,502.05,,496.16,,,76777,38283405.55,2481,F1,1,,,,,
2026-09-21,2026-09-21,CM,NSE,STK,7145,INE463V01026,ANANDRATHI,EQ,,,,,ANAND RATHI WEALTH LTD,2229.00,2234.70,2190.10,2211.20,2202.00,2229.40,,2211.16,,,160196,353935688.80,25377,F1,1,,,,,
2026-09-21,2026-09-21,CM,NSE,STK,13620,INE242C01024,ANANTRAJ,EQ,,,,,ANANT RAJ LIMITED,606.00,611.70,594.00,595.20,596.00,606.15,,595.20,,,648055,389418356.30,15056,F1,1,,,,,
2026-09-21,2026-09-21,CM,NSE,STK,759363,INE1UA823019,ANANTAM,IV,,,,,ANANTAM HIGHWAYS TRUST,106.44,106.50,106.04,106.13,106.44,106.44,,106.13,,,11641,1235699.22,49,F1,1,,,,,
2026-09-21,2026-09-21,CM,NSE,STK,764446,INE1J5V01013,ANAWIL,SM,,,,,ANAWIL WIRE AND ENGIN LTD,442.15,450.40,440.00,442.80,441.50,445.40,,442.80,,,91600,40778480.00,213,F1,400,,,,,
2026-09-21,2026-09-21,CM,NSE,STK,758427,INE0VG001016,AMCL,SM,,,,,ANB METAL CAST LIMITED,360.00,370.00,360.00,361.55,362.00,384.40,,361.55,,,10800,3936980.00,20,F1,400,,,,,
2026-09-21,2026-09-21,CM,NSE,STK,15420,INE666E01020,ACL,EQ,,,,,ANDHRA CEMENTS LIMITED,42.97,43.65,42.10,42.68,42.32,42.66,,42.79,,,8165,347479.88,169,F1,1,,,,,
2026-09-21,2026-09-21,CM,NSE,STK,166,INE435A01051,ANDHRAPAP,EQ,,,,,ANDHRA PAPER LIMITED,75.00,76.50,71.68,72.69,73.00,74.62,,72.69,,,713908,53043379.45,6816,F1,1,,,,,
2026-09-21,2026-09-21,CM,NSE,STK,136,INE715B01021,ANDHRSUGAR,EQ,,,,,ANDHRA SUGARS LTD,94.10,96.18,93.00,95.00,95.90,94.10,,95.00,,,247392,23308414.68,7284,F1,1,,,,,
2026-09-21,2026-09-21,CM,NSE,STK,5206,INE449C01025,ANDREWYU,EQ,,,,,ANDREW YULE & CO. LTD.,25.81,26.80,25.81,26.42,26.49,26.27,,26.43,,,75516,1988527.45,286,F1,1,,,,,
2026-09-21,2026-09-21,CM,NSE,STK,324,INE732I01021,ANGELONE,EQ,,,,,ANGEL ONE LIMITED,299.20,302.00,295.20,296.15,296.15,299.10,,296.14,,,2858120,850344789.75,28000,F1,1,,,,,
2026-09-21,2026-09-21,CM,NSE,STK,482,INE635Y01015,AISL,SM,,,,,ANI INTEGRATED SERV LTD.,54.50,54.50,54.50,54.50,54.50,55.00,,54.50,,,600,32700.00,1,F1,600,,,,,
2026-09-21,2026-09-21,CM,NSE,STK,16657,INE087B01017,ANIKINDS,EQ,,,,,ANIK INDUSTRIES LTD,44.89,44.97,43.01,43.95,44.40,44.59,,43.99,,,1045,46619.05,45,F1,1,,,,,
2026-09-21,2026-09-21,CM,NSE,STK,20453,INE071F01012,APCL,EQ,,,,,ANJANI PORTLAND CEM LTD,104.70,104.70,93.20,93.99,94.00,97.85,,93.99,,,25128,2401865.44,273,F1,1,,,,,
2026-09-21,2026-09-21,CM,NSE,STK,25878,INE106I01010,ANKITMETAL,BZ,,,,,ANKIT MET & POW LTD,1.73,1.76,1.73,1.76,1.76,1.73,,1.79,,,13474,23548.94,17,F1,1,,,,,
2026-09-21,2026-09-21,CM,NSE,STK,758968,INE0Y8W01025,AHCL,EQ,,,,,ANLON HEALTHCARE LIMITED,23.16,27.48,23.15,26.24,27.48,22.90,,26.25,,,130243729,3280986399.58,368931,F1,1,,,,,
2026-09-21,2026-09-21,CM,NSE,STK,13657,INE0LR101013,ANLON,SM,,,,,ANLON TECHNOLOGY SOL LTD,765.00,780.00,755.00,771.60,770.00,742.20,,771.60,,,28000,21564820.00,48,F1,400,,,,,
2026-09-21,2026-09-21,CM,NSE,STK,3732,INE02AR01019,ANMOL,BE,,,,,ANMOL INDIA LIMITED,14.40,14.94,13.61,14.71,14.50,14.23,,14.70,,,70337,1004701.96,215,F1,1,,,,,
2026-09-21,2026-09-21,CM,NSE,STK,764471,INE0MGM01017,ANNAPURNA,EQ,,,,,ANNAPURNA SWADISHT LTD,133.90,133.90,130.00,130.56,130.30,132.55,,130.56,,,33364,4377267.34,563,F1,1,,,,,
2026-09-21,2026-09-21,CM,NSE,STK,765502,INE103001017,ANNU,EQ,,,,,ANNU PROJECTS LIMITED,51.55,54.80,51.55,52.69,53.14,50.46,,52.69,,,1874052,99704630.41,16931,F1,1,,,,,
2026-09-21,2026-09-21,CM,NSE,STK,758740,INE0VTV01012,ANONDITA,SM,,,,,ANONDITA MEDICARE LIMITED,1090.55,1105.00,1080.10,1083.70,1081.30,1090.55,,1083.70,,,53000,58024000.00,185,F1,200,,,,,
2026-09-21,2026-09-21,CM,NSE,STK,765020,INE030C01015,ANSALBU,EQ,,,,,ANSAL BUILDWELL LTD.,77.39,77.53,75.10,75.10,75.11,78.97,,76.25,,,1036,79360.58,36,F1,1,,,,,
2026-09-21,2026-09-21,CM,NSE,STK,19677,INE436A01026,ANSALAPI,BZ,,,,,ANSAL PROP & INFRA LTD,3.66,3.66,3.59,3.66,3.66,3.59,,3.66,,,29871,109264.86,51,F1,1,,,,,
2026-09-21,2026-09-21,CM,NSE,STK,5194,INE414B01021,ANTGRAPHIC,EQ,,,,,ANTARCTICA LTD,0.72,0.74,0.71,0.73,0.74,0.71,,0.73,,,177453,128654.50,180,F1,1,,,,,
2026-09-21,2026-09-21,CM,NSE,STK,13598,INE818A01017,ANTELOPUS,EQ,,,,,ANTELOPUS SELAN ENRGY LTD,1131.00,1158.30,1092.10,1100.80,1101.00,1104.85,,1100.82,,,612491,687598488.90,27545,F1,1,,,,,
2026-09-21,2026-09-21,CM,NSE,STK,757885,INE0CZ201020,ANTHEM,EQ,,,,,ANTHEM BIOSCIENCES LTD,939.70,947.00,914.50,917.45,919.50,928.50,,917.51,,,363184,336705736.20,20808,F1,1,,,,,
2026-09-21,2026-09-21,CM,NSE,STK,1797,INE01BK01022,AWHCL,EQ,,,,,ANTONY WASTE HDG CELL LTD,364.90,370.00,362.35,364.55,368.40,364.90,,364.54,,,84142,30801853.40,3973,F1,1,,,,,
2026-09-21,2026-09-21,CM,NSE,STK,28314,INE489G01022,ANUHPHR,EQ,,,,,ANUH PHARMA LIMITED,93.94,96.98,92.10,93.66,94.94,93.48,,93.65,,,192258,18173578.38,3449,F1,1,,,,,
2026-09-21,2026-09-21,CM,NSE,STK,2829,INE930P01018,ANURAS,EQ,,,,,ANUPAM RASAYAN INDIA LTD,1200.00,1208.90,1150.10,1160.80,1150.70,1207.70,,1160.84,,,6030650,7058605902.50,90108,F1,1,,,,,
2026-09-21,2026-09-21,CM,NSE,STK,28983,INE0SI601032,ANYA,SM,,,,,ANYA POLYTECH & FERTI LTD,17.50,17.60,17.00,17.60,17.60,17.85,,17.60,,,60000,1037000.00,11,F1,5000,,,,,
2026-09-21,2026-09-21,CM,NSE,STK,11945,INE0MIZ23019,ANZEN,IV,,,,,ANZEN IND ENE YLD PLU TRU,129.80,130.00,129.80,129.98,130.00,129.80,,130.49,,,200000,25992500.00,8,F1,25000,,,,,
2026-09-21,2026-09-21,CM,NSE,STK,758904,INF1J2R01114,AONEGOLD,EQ,,,,,AONEAMC - AONEGOLD,14.16,14.38,14.16,14.20,14.21,14.30,,14.20,,,244203,3472537.55,1660,F1,1,,,,,
2026-09-21,2026-09-21,CM,NSE,STK,30472,INF1J2R01056,AONELIQUID,EQ,,,,,AONEAMC - AONELIQUID,1077.72,1077.74,1077.70,1077.73,1077.74,1077.58,,1077.73,,,11402,12288320.69,72,F1,1,,,,,
2026-09-21,2026-09-21,CM,NSE,STK,757096,INF1J2R01064,AONENIFTY,EQ,,,,,AONEAMC - AONENIFTY,9.89,9.89,9.40,9.68,9.66,9.65,,9.68,,,120347,1164276.27,1374,F1,1,,,,,
2026-09-21,2026-09-21,CM,NSE,STK,760193,INF1J2R01171,AONESILVER,EQ,,,,,AONEAMC - AONESILVER,8.90,9.04,8.84,8.89,8.90,8.96,,8.89,,,344504,3062839.71,1112,F1,1,,,,,
2026-09-21,2026-09-21,CM,NSE,STK,759992,INF1J2R01148,AONETMMQ50,EQ,,,,,AONEAMC - AONETMMQ50,10.00,10.33,9.99,10.15,10.18,10.19,,10.15,,,26691,270840.41,271,F1,1,,,,,
2026-09-21,2026-09-21,CM,NSE,STK,29975,INF1J2R01015,AONETOTAL,EQ,,,,,AONEAMC - AONETOTAL,11.73,11.78,11.62,11.69,11.69,11.68,,11.69,,,154502,1809228.71,1186,F1,1,,,,,
2026-09-21,2026-09-21,CM,NSE,STK,11491,INE372A01015,APARINDS,EQ,,,,,APAR INDUSTRIES LTD.,18800.00,19128.00,18548.00,18945.00,18940.00,18858.00,,18944.67,,,122426,2308270984.00,35497,F1,1,,,,,
2026-09-21,2026-09-21,CM,NSE,STK,154,INE116A01032,APCOTEXIND,EQ,,,,,APCOTEX INDUSTRIES LIMITE,608.10,628.65,605.00,608.70,605.00,604.85,,608.70,,,140490,86676848.60,5740,F1,1,,,,,
2026-09-21,2026-09-21,CM,NSE,STK,27291,INE0T4V01015,APEXECO,ST,,,,,APEX ECOTECH LIMITED,275.60,275.60,260.60,265.00,265.00,262.50,,265.00,,,14400,3895720.00,18,F1,800,,,,,
2026-09-21,2026-09-21,CM,NSE,STK,21623,INE346W01013,APEX,EQ,,,,,APEX FROZEN FOODS LIMITED,345.25,357.65,343.05,351.65,351.40,345.35,,351.64,,,160070,56250585.80,6136,F1,1,,,,,
2026-09-21,2026-09-21,CM,NSE,STK,25780,INE702C01027,APLAPOLLO,EQ,,,,,APL APOLLO TUBES LTD,2224.20,2229.00,2178.70,2181.10,2181.10,2270.10,,2181.10,,,594021,1303990081.10,32372,F1,1,,,,,
2026-09-21,2026-09-21,CM,NSE,STK,757178,INE0TLC07085,930APMD27,N0,,,,,APMD 9.30% 2027 STRPP A,76166.00,77000.00,76166.00,77000.00,77000.00,76300.00,,77000.00,,,2,153166.00,2,F1,1,,,,,
2026-09-21,2026-09-21,CM,NSE,STK,757180,INE0TLC07093,930APMD28,N0,,,,,APMD 9.30% 2028 STRPP B,102800.00,102800.00,102800.00,102800.00,102800.00,101480.01,,102800.00,,,2,205600.00,2,F1,1,,,,,
2026-09-21,2026-09-21,CM,NSE,STK,757184,INE0TLC07077,930APMD30,N0,,,,,APMD 9.30% 2030 STRPP D,104902.06,104902.06,104902.06,104902.06,104902.06,104549.01,,104902.06,,,10,1049020.60,1,F1,1,,,,,
2026-09-21,2026-09-21,CM,NSE,STK,757186,INE0TLC07051,930APMD31,N0,,,,,APMD 9.30% 2031 STRPP E,105650.00,105650.00,105650.00,105650.00,105650.00,103730.01,,105650.00,,,4,422600.00,3,F1,1,,,,,
2026-09-21,2026-09-21,CM,NSE,STK,157,INE437A01024,APOLLOHOSP,EQ,,,,,APOLLO HOSPITALS ENTER. L,8889.00,8974.50,8826.50,8912.00,8912.00,8944.50,,8912.11,,,209388,1866928762.00,27636,F1,1,,,,,
2026-09-21,2026-09-21,CM,NSE,STK,1134,INE713T01028,APOLLO,EQ,,,,,APOLLO MICRO SYSTEMS LTD,372.45,398.50,372.40,385.45,387.60,370.70,,385.48,,,12586221,4894598624.85,118662,F1,1,,,,,
2026-09-21,2026-09-21,CM,NSE,STK,14361,INE126J01016,APOLLOPIPE,EQ,,,,,APOLLO PIPES LIMITED,549.80,557.00,534.20,539.50,536.00,543.60,,539.54,,,468130,256320641.20,12838,F1,1,,,,,
2026-09-21,2026-09-21,CM,NSE,STK,6302,INE451F01024,APOLSINHOT,EQ,,,,,APOLLO SINDOORI HOTEL LTD,1210.20,1220.00,1208.00,1215.90,1220.00,1214.90,,1215.90,,,506,614003.20,79,F1,1,,,,,
2026-09-21,2026-09-21,CM,NSE,STK,163,INE438A01022,APOLLOTYRE,EQ,,,,,APOLLO TYRES LTD,410.00,413.80,408.35,409.30,409.00,409.30,,409.27,,,446863,183430463.70,19269,F1,1,,,,,
2026-09-21,2026-09-21,CM,NSE,STK,764593,INE217S01014,APOORVA,EQ,,,,,APOORVA LEAS F & INV C L,32.60,32.60,31.20,32.31,32.31,31.05,,32.31,,,493,15959.23,17,F1,1,,,,,
2026-09-21,2026-09-21,CM,NSE,STK,24638,INE0LQG01010,APRAMEYA,SM,,,,,APRAMEYA ENGINEERING LTD,115.95,115.95,115.00,115.00,115.00,113.95,,115.00,,,1500,173450.00,3,F1,500,,,,,
2026-09-21,2026-09-21,CM,NSE,STK,760372,INE0M2307388,915APSBC31,N0,,,,,APSBC 9.15% 2031 STRPP F,104000.00,104000.00,104000.00,104000.00,104000.00,104000.00,,104000.00,,,1,104000.00,1,F1,1,,,,,
2026-09-21,2026-09-21,CM,NSE,STK,761435,INE1OOJ01011,APSISAERO,ST,,,,,APSIS AEROCOM LIMITED,564.85,568.00,564.85,566.00,566.00,564.85,,566.00,,,16800,9503760.00,14,F1,1200,,,,,
2026-09-21,2026-09-21,CM,NSE,STK,10755,INE266F01018,APTECHT,EQ,,,,,APTECH LIMITED,96.00,97.40,94.00,94.72,94.17,92.05,,94.67,,,237859,22775957.43,2766,F1,1,,,,,
2026-09-21,2026-09-21,CM,NSE,STK,5435,INE852O01025,APTUS,EQ,,,,,APTUS VALUE HSG FIN I LTD,239.17,240.47,234.50,237.27,238.19,237.68,,237.27,,,1262350,299876580.00,27206,F1,1,,,,,
2026-09-21,2026-09-21,CM,NSE,STK,23365,INE416A01051,AQYLON,EQ,,,,,AQYLON NEXUS LIMITED,18.05,18.87,18.05,18.87,18.87,17.98,,18.87,,,1116565,20518989.77,1386,F1,1,,,,,
2026-09-21,2026-09-21,CM,NSE,STK,19253,INE08NJ01024,ARABIAN,SM,,,,,ARABIAN PETROLEUM LIMITED,89.00,92.00,88.00,91.85,91.85,85.50,,91.85,,,42000,3811900.00,20,F1,2000,,,,,
2026-09-21,2026-09-21,CM,NSE,STK,758670,INE0YDV01010,ARCIIL,SM,,,,,ARC INSULATION & INSU LTD,34.50,34.50,34.25,34.50,34.50,34.50,,34.50,,,4000,137500.00,3,F1,1000,,,,,
2026-09-21,2026-09-21,CM,NSE,STK,12024,INE128X01021,ACI,EQ,,,,,ARCHEAN CHEMICAL IND LTD,469.95,476.25,458.00,466.25,462.20,467.15,,466.27,,,373995,174002349.85,15662,F1,1,,,,,
2026-09-21,2026-09-21,CM,NSE,STK,16795,INE877I01016,ARCHIDPLY,EQ,,,,,ARCHIDPLY IND. LTD,105.04,106.99,102.51,104.84,104.51,104.80,,104.77,,,18328,1936017.23,439,F1,1,,,,,
2026-09-21,2026-09-21,CM,NSE,STK,5688,INE731A01020,ARCHIES,EQ,,,,,ARCHIES LTD,12.12,13.69,12.12,12.62,12.72,12.29,,12.62,,,171077,2184298.17,581,F1,1,,,,,
2026-09-21,2026-09-21,CM,NSE,STK,764598,INE372M01010,ARCL,EQ,,,,,ARCL ORGANICS LTD.,263.31,264.65,248.90,251.64,248.90,262.00,,252.22,,,2013,511476.91,85,F1,1,,,,,
2026-09-21,2026-09-21,CM,NSE,STK,764480,INE0XNF01022,ARDEE,EQ,,,,,ARDEE INDUSTRIES LIMITED,49.28,49.58,48.50,48.68,48.50,49.28,,48.68,,,1672278,81989091.93,9256,F1,1,,,,,
2026-09-21,2026-09-21,CM,NSE,STK,758700,INE784R01023,ARFIN,EQ,,,,,ARFIN INDIA LIMITED,90.45,92.50,87.80,91.18,91.47,89.62,,91.18,,,1951163,176314939.53,11050,F1,1,,,,,
2026-09-21,2026-09-21,CM,NSE,STK,13092,INE0L2Y01011,ARHAM,SM,,,,,ARHAM TECHNOLOGIES LTD,208.35,212.30,205.05,209.20,212.30,208.00,,209.20,,,28000,5840650.00,26,F1,1000,,,,,
2026-09-21,2026-09-21,CM,NSE,STK,15208,INE298I01015,ARIES,BE,,,,,ARIES AGRO LTD.,469.70,472.00,461.05,462.80,461.05,472.05,,463.29,,,6187,2881859.45,190,F1,1,,,,,
2026-09-21,2026-09-21,CM,NSE,STK,13340,INE0NCC01015,ARIHANTACA,SM,,,,,ARIHANT ACADEMY LIMITED,500.00,500.00,490.00,494.00,490.00,500.00,,494.00,,,31200,15584000.00,24,F1,400,,,,,
2026-09-21,2026-09-21,CM,NSE,STK,3813,INE420B01036,ARIHANTCAP,EQ,,,,,ARIHANT CAPITAL MKTS LTD,81.50,83.27,80.31,81.61,81.12,80.29,,81.61,,,323910,26549876.52,2634,F1,1,,,,,
2026-09-21,2026-09-21,CM,NSE,STK,13885,INE413D01011,ARIHANT,EQ,,,,,ARIHANT FOUN & HOU LTD,928.85,971.95,907.55,957.35,969.90,936.35,,957.46,,,686,647462.30,243,F1,1,,,,,
2026-09-21,2026-09-21,CM,NSE,STK,20159,INE643K01018,ARIHANTSUP,EQ,,,,,ARIHANT SUPERSTRUCT LTD,229.05,230.20,222.60,229.30,226.55,227.20,,229.30,,,892,204038.00,67,F1,1,,,,,
2026-09-21,2026-09-21,CM,NSE,STK,757614,INE0H9P01028,ARIS,EQ,,,,,ARISINFRA SOLUTIONS LTD,135.00,143.10,133.70,142.09,141.50,133.33,,142.09,,,3954422,551160284.07,37459,F1,1,,,,,
2026-09-21,2026-09-21,CM,NSE,STK,25398,INE0QRL01017,ARKADE,EQ,,,,,ARKADE DEVELOPERS LIMITED,119.63,124.00,119.34,123.44,123.10,118.85,,123.44,,,135746,16607790.97,2336,F1,1,,,,,
2026-09-21,2026-09-21,CM,NSE,STK,17263,INE109C01017,ARMANFIN,EQ,,,,,ARMAN FIN SERV LTD,1970.60,1979.50,1935.40,1966.00,1974.00,1961.00,,1965.30,,,13289,26032407.80,2209,F1,1,,,,,
2026-09-21,2026-09-21,CM,NSE,STK,760752,INE0TZX01019,ARMOUR,ST,,,,,ARMOUR SECURITY (INDIA) L,16.40,16.60,16.40,16.60,16.60,15.85,,16.60,,,14000,231200.00,6,F1,2000,,,,,
2026-09-21,2026-09-21,CM,NSE,STK,14557,INE210C01013,AROGRANITE,EQ,,,,,ARO GRANITE IND. LTD.,22.70,23.68,22.70,23.22,23.59,23.15,,23.22,,,1426,33015.99,40,F1,1,,,,,
2026-09-21,2026-09-21,CM,NSE,STK,9260,INE570D01018,ARROWGREEN,EQ,,,,,ARROW GREENTECH LIMITED,906.00,906.00,864.90,876.05,878.80,889.25,,876.07,,,33667,29530493.70,2667,F1,1,,,,,
2026-09-21,2026-09-21,CM,NSE,STK,29015,INE968D01022,ARSHIYA,BZ,,,,,ARSHIYA LIMITED,0.68,0.72,0.68,0.70,0.71,0.71,,0.70,,,192400,132472.65,96,F1,1,,,,,
2026-09-21,2026-09-21,CM,NSE,STK,6156,INE738V01013,ARTNIRMAN,EQ,,,,,ART NIRMAN LIMITED,39.80,40.90,39.78,40.09,40.90,39.00,,40.09,,,216,8604.20,5,F1,1,,,,,
2026-09-21,2026-09-21,CM,NSE,STK,761330,INE757T01025,AEPL,EQ,,,,,ARTEMIS ELECTRICALS & P L,17.00,17.00,16.21,16.45,16.33,15.92,,16.43,,,46972,777888.46,385,F1,1,,,,,
2026-09-21,2026-09-21,CM,NSE,STK,16913,INE025R01021,ARTEMISMED,EQ,,,,,ARTEMIS MED SERVICE LTD,338.50,344.80,335.00,339.05,337.45,338.50,,339.02,,,339752,115275159.35,16268,F1,1,,,,,
2026-09-21,2026-09-21,CM,NSE,STK,756896,INE0TTG01017,ARUNAYA,SM,,,,,ARUNAYA ORGANICS LIMITED,13.95,14.00,13.80,14.00,14.00,14.30,,14.00,,,10000,138900.00,5,F1,2000,,,,,
2026-09-21,2026-09-21,CM,NSE,STK,2814,INE006Z01016,ARVEE,EQ,,,,,ARVEE LABORATORIES I LTD,177.54,208.87,174.93,208.87,208.87,174.06,,208.87,,,60933,12385716.69,1453,F1,1,,,,,
2026-09-21,2026-09-21,CM,NSE,STK,9111,INE955V01021,ARVINDFASN,EQ,,,,,ARVIND FASHIONS LIMITED,425.95,435.00,421.10,427.60,425.50,428.10,,427.62,,,130718,56035945.75,12291,F1,1,,,,,
2026-09-21,2026-09-21,CM,NSE,STK,193,INE034A01011,ARVIND,EQ,,,,,ARVIND LIMITED,554.00,558.35,535.45,538.55,537.55,552.60,,538.54,,,360504,195880300.15,17876,F1,1,,,,,
2026-09-21,2026-09-21,CM,NSE,STK,19579,INE0P4T01013,ARVINDPORT,SM,,,,,ARVIND PORT AND INFRA LTD,35.50,35.50,35.50,35.50,35.50,37.00,,35.50,,,1500,53250.00,1,F1,1500,,,,,
2026-09-21,2026-09-21,CM,NSE,STK,10457,INE034S01021,ARVSMART,EQ,,,,,ARVIND SMARTSPACES LTD,554.00,594.00,550.50,574.40,575.05,550.10,,574.37,,,70686,39953893.80,3406,F1,1,,,,,
2026-09-21,2026-09-21,CM,NSE,STK,764603,INE032E01017,ARYAMAN,EQ,,,,,ARYAMAN FINANCIAL SERV L,610.60,624.90,600.60,624.85,624.85,629.25,,610.75,,,295,178978.00,46,F1,1,,,,,
2026-09-21,2026-09-21,CM,NSE,STK,5378,INE439A01020,ASAHIINDIA,EQ,,,,,ASAHI INDIA GLASS LIMITED,958.00,961.45,950.00,950.25,950.10,961.05,,950.25,,,38500,36670168.10,4880,F1,1,,,,,
2026-09-21,2026-09-21,CM,NSE,STK,25092,INE228I01012,ASAHISONG,BE,,,,,ASAHI SONGWON COLOR LTD,360.00,388.80,356.55,381.75,383.95,372.80,,381.63,,,12889,4748816.55,261,F1,1,,,,,
2026-09-21,2026-09-21,CM,NSE,STK,24711,INE0LAA01017,ASHALOG,SM,,,,,ASHAPURA LOGISTICS LTD,60.00,60.05,59.50,60.05,60.05,60.05,,60.05,,,3000,179550.00,3,F1,1000,,,,,
2026-09-21,2026-09-21,CM,NSE,STK,203,INE348A01023,ASHAPURMIN,EQ,,,,,ASHAPURA MINECHEM LTD,527.00,541.85,519.25,532.25,531.00,525.35,,532.28,,,391419,208236999.15,14138,F1,1,,,,,
2026-09-21,2026-09-21,CM,NSE,STK,24403,INE365D01021,ASHIANA,EQ,,,,,ASHIANA HOUSING LTD,361.70,414.35,355.55,405.55,400.10,354.75,,405.51,,,1011498,399966241.40,20346,F1,1,,,,,
2026-09-21,2026-09-21,CM,NSE,STK,762551,INE094B01013,ASHIKAG,BE,,,,,ASHIKA GLOBAL SEC LTD,409.65,409.65,397.00,399.95,400.00,409.65,,399.95,,,45172,18082548.05,209,F1,1,,,,,
2026-09-21,2026-09-21,CM,NSE,STK,206,INE440A01010,ASHIMASYN,EQ,,,,,ASHIMA LTD,15.80,16.10,15.60,15.94,16.00,15.65,,15.94,,,41229,655462.38,179,F1,1,,,,,
2026-09-21,2026-09-21,CM,NSE,STK,212,INE208A01029,ASHOKLEY,EQ,,,,,ASHOK LEYLAND LTD,163.00,163.19,160.87,161.75,161.75,163.00,,161.75,,,7883370,1274914175.45,40972,F1,1,,,,,
2026-09-21,2026-09-21,CM,NSE,STK,20182,INE442H01029,ASHOKA,EQ,,,,,ASHOKA BUILDCON LTD,113.10,115.79,111.96,112.66,113.15,113.43,,112.66,,,910465,103289045.76,9357,F1,1,,,,,
2026-09-21,2026-09-21,CM,NSE,STK,16943,INE760Y01011,ASHOKAMET,EQ,,,,,ASHOKA METCAST LIMITED,15.11,15.11,14.50,14.73,14.55,15.10,,14.71,,,25503,376027.75,257,F1,1,,,,,
2026-09-21,2026-09-21,CM,NSE,STK,765576,INE19FR01012,ASHUTOSH,ST,,,,,ASHUTOSH FIBRE LIMITED,159.75,159.75,151.90,155.05,155.00,156.00,,155.05,,,91200,14182260.00,72,F1,1200,,,,,
2026-09-21,2026-09-21,CM,NSE,STK,760418,INE1A6Q01010,ASHWINI,SM,,,,,ASHWINI CONTAINER MOVER L,166.50,166.50,162.50,162.85,162.50,163.60,,162.85,,,6000,985000.00,6,F1,1000,,,,,
2026-09-21,2026-09-21,CM,NSE,STK,7030,INE276G01015,ASIANENE,EQ,,,,,ASIAN ENERGY SERVICES LTD,492.50,519.00,480.25,483.50,482.00,492.25,,483.49,,,345467,170894346.90,12284,F1,1,,,,,
2026-09-21,2026-09-21,CM,NSE,STK,14889,INE022I01019,ASIANTILES,EQ,,,,,ASIAN GRANITO IND. LTD.,51.00,52.14,50.67,51.26,51.38,50.65,,51.26,,,3127035,160615360.99,7505,F1,1,,,,,
2026-09-21,2026-09-21,CM,NSE,STK,19438,INE926K01017,AHLEAST,EQ,,,,,ASIAN HOTELS (EAST) LTD,135.85,135.85,134.03,135.00,135.00,135.59,,135.00,,,41,5526.15,5,F1,1,,,,,
2026-09-21,2026-09-21,CM,NSE,STK,18422,INE363A01022,ASIANHOTNR,EQ,,,,,ASIAN HOTELS (NORTH) LTD,374.90,396.95,370.05,375.10,372.00,374.90,,375.10,,,4133,1565890.50,425,F1,1,,,,,
2026-09-21,2026-09-21,CM,NSE,STK,19370,INE915K01010,AHLWEST,BE,,,,,ASIAN HOTELS (WEST) LTD,541.00,560.00,521.10,545.00,545.00,544.25,,545.00,,,512,279548.80,17,F1,1,,,,,
2026-09-21,2026-09-21,CM,NSE,STK,236,INE021A01026,ASIANPAINT,EQ,,,,,ASIAN PAINTS LIMITED,2450.00,2463.80,2440.30,2440.30,2440.30,2451.30,,2440.31,,,268147,658115247.20,25323,F1,1,,,,,
2026-09-21,2026-09-21,CM,NSE,STK,762553,INE194D01017,ASTAR,EQ,,,,,ASIAN STAR CO. LTD.,814.95,848.00,725.30,726.15,728.00,807.35,,726.20,,,16464,12668615.40,1640,F1,1,,,,,
2026-09-21,2026-09-21,CM,NSE,STK,765025,INE822B01017,ASIANTNE,EQ,,,,,ASIAN TEA & EXPORTS LTD.,9.28,9.59,9.10,9.20,9.25,9.28,,9.20,,,6572,60798.96,40,F1,1,,,,,
2026-09-21,2026-09-21,CM,NSE,STK,20152,INE491J01022,ASKAUTOLTD,EQ,,,,,ASK AUTOMOTIVE LIMITED,666.00,672.00,647.60,655.10,655.80,656.25,,655.07,,,515955,340577372.10,28019,F1,1,,,,,
2026-09-21,2026-09-21,CM,NSE,STK,17270,INE991I01015,ASPINWALL,EQ,,,,,ASPINWALL & CO LTD,252.00,252.00,247.20,249.15,249.10,251.55,,249.15,,,329,81926.60,19,F1,1,,,,,
2026-09-21,2026-09-21,CM,NSE,STK,23396,INE0S7801010,ASPIRE,SM,,,,,ASPIRE & INNOVATIVE ADV L,12.45,12.95,12.25,12.95,12.95,12.45,,12.95,,,16000,201300.00,7,F1,2000,,,,,
2026-09-21,2026-09-21,CM,NSE,STK,766072,INE148G01016,ARCIL,EQ,,,,,ASSET RECONSTRUC CO (I) L,134.90,137.90,131.65,135.18,135.30,136.37,,135.19,,,1716516,233045061.03,34851,F1,1,,,,,
2026-09-21,2026-09-21,CM,NSE,STK,17598,INE073G01016,ASALCBR,EQ,,,,,ASSO ALCOHOLS & BREW LTD,663.70,669.00,649.50,651.90,651.25,659.55,,651.90,,,19717,12920021.50,2117,F1,1,,,,,
2026-09-21,2026-09-21,CM,NSE,STK,17728,INE563J01010,ASTEC,EQ,,,,,ASTEC LIFESCIENCES LTD,728.00,728.00,712.10,719.45,712.90,726.70,,719.45,,,22784,16388252.40,1607,F1,1,,,,,
2026-09-21,2026-09-21,CM,NSE,STK,1508,INE914M01019,ASTERDM,EQ,,,,,ASTER DM QUALITY CARE LTD,756.00,770.50,753.20,756.75,755.20,755.05,,756.74,,,610419,464780614.60,26752,F1,1,,,,,
2026-09-21,2026-09-21,CM,NSE,STK,11618,INE386C01029,ASTRAMICRO,EQ,,,,,ASTRA MICROWAVE LTD,1637.70,1662.10,1622.60,1657.90,1657.00,1631.20,,1657.91,,,197687,325456107.70,16969,F1,1,,,,,
2026-09-21,2026-09-21,CM,NSE,STK,14418,INE006I01046,ASTRAL,EQ,,,,,ASTRAL LIMITED,1421.80,1426.10,1400.90,1400.90,1400.90,1427.70,,1400.92,,,184200,259759601.00,20042,F1,1,,,,,
2026-09-21,2026-09-21,CM,NSE,STK,5610,INE203A01020,ASTRAZEN,EQ,,,,,ASTRAZENECA PHARMA IND LT,6700.00,6783.00,6624.00,6650.00,6635.00,6751.50,,6650.27,,,4522,30267694.50,1300,F1,1,,,,,
2026-09-21,2026-09-21,CM,NSE,STK,764445,INE646X01014,ASTRON,BZ,,,,,ASTRON PAPER BORD MIL LTD,3.05,3.05,2.85,2.93,2.94,2.96,,2.93,,,11339,32778.92,66,F1,1,,,,,
2026-09-21,2026-09-21,CM,NSE,STK,15649,INE0ALR01029,ATALREAL,EQ,,,,,ATAL REALTECH LIMITED,14.60,14.85,13.75,14.05,14.08,14.36,,14.05,,,10437394,146565718.78,5131,F1,1,,,,,
2026-09-21,2026-09-21,CM,NSE,STK,15404,INE09KD01013,ATAM,EQ,,,,,ATAM VALVES LIMITED,57.73,60.35,56.73,59.05,59.50,57.58,,59.05,,,12300,724291.98,305,F1,1,,,,,
2026-09-21,2026-09-21,CM,NSE,STK,756405,INE0V0Q01019,ATCENERGY,ST,,,,,ATC ENERGIES SYSTEM LTD,21.10,21.10,21.10,21.10,21.10,21.50,,21.10,,,1200,25320.00,1,F1,1200,,,,,
2026-09-21,2026-09-21,CM,NSE,STK,757645,INE0LEZ01016,ATHERENERG,EQ,,,,,ATHER ENERGY LIMITED,1621.00,1628.20,1576.00,1593.00,1593.00,1640.00,,1593.03,,,2234418,3572549748.10,70350,F1,1,,,,,
2026-09-21,2026-09-21,CM,NSE,STK,760953,IN90NN701011,ATLPP,E1,,,,,ATL RE.0.50 PPD UP,9.90,9.90,8.60,9.05,8.81,9.06,,9.14,,,642,5761.03,14,F1,1,,,,,
2026-09-21,2026-09-21,CM,NSE,STK,759007,INE0Z4F01028,ATLANTAELE,EQ,,,,,ATLANTA ELECTRICALS LTD,1676.00,1706.80,1667.80,1695.40,1699.00,1666.10,,1695.50,,,53263,89685926.70,6237,F1,1,,,,,
2026-09-21,2026-09-21,CM,NSE,STK,13585,INE285H01022,ATLANTAA,EQ,,,,,ATLANTAA LIMITED,36.04,36.21,35.10,35.38,35.25,36.04,,35.38,,,16179,572685.21,615,F1,1,,,,,
2026-09-21,2026-09-21,CM,NSE,STK,4568,INE446A01025,ATLASCYCLE,EQ,,,,,ATLAS CYCLE (HARYANA) LTD,88.00,89.19,87.50,88.42,88.17,88.19,,88.42,,,4438,393143.14,115,F1,1,,,,,
2026-09-21,2026-09-21,CM,NSE,STK,22785,INE05DH01017,ATMASTCO,SM,,,,,ATMASTCO LIMITED,128.00,130.00,125.00,126.60,130.00,128.35,,126.60,,,13600,1726100.00,32,F1,400,,,,,
2026-09-21,2026-09-21,CM,NSE,STK,30023,INE951D01028,ATULAUTO,EQ,,,,,ATUL AUTO LIMITED,450.00,458.00,442.00,449.00,447.00,446.45,,448.97,,,87157,39003583.20,3978,F1,1,,,,,
2026-09-21,2026-09-21,CM,NSE,STK,263,INE100A01010,ATUL,EQ,,,,,ATUL LTD,6120.00,6150.00,6058.50,6086.00,6089.00,6170.50,,6086.23,,,19435,118641339.00,4775,F1,1,,,,,
2026-09-21,2026-09-21,CM,NSE,STK,21238,INE949L01017,AUBANK,EQ,,,,,AU SMALL FINANCE BANK LTD,1046.80,1046.80,1037.20,1038.00,1038.00,1058.60,,1038.00,,,704386,733907310.90,34840,F1,1,,,,,
2026-09-21,2026-09-21,CM,NSE,STK,765451,INE16W401027,AUGMONT,EQ,,,,,AUGMONT ENTERPRISES LTD,877.00,907.20,875.15,887.20,880.10,874.35,,887.16,,,682991,607945089.15,22658,F1,1,,,,,
2026-09-21,2026-09-21,CM,NSE,STK,12022,INE132H01018,AURIONPRO,EQ,,,,,AURIONPRO SOLN LTD,689.05,701.90,682.20,687.05,685.80,685.60,,687.05,,,79040,54615150.80,7143,F1,1,,,,,
2026-09-21,2026-09-21,CM,NSE,STK,15869,INE0NUL01018,AUROIMPEX,SM,,,,,AURO IMPEX & CHEMICALS L,35.40,35.40,35.40,35.40,35.40,33.75,,35.40,,,11200,396480.00,5,F1,1600,,,,,
2026-09-21,2026-09-21,CM,NSE,STK,275,INE406A01037,AUROPHARMA,EQ,,,,,AUROBINDO PHARMA LTD,1709.80,1738.90,1706.40,1713.40,1713.40,1734.00,,1713.41,,,902487,1554147124.40,39393,F1,1,,,,,
2026-09-21,2026-09-21,CM,NSE,STK,10310,INE898S01029,AURUM,EQ,,,,,AURUM PROPTECH LIMITED,219.69,222.01,217.99,218.90,218.55,219.78,,218.92,,,162802,35819811.48,1882,F1,1,,,,,
2026-09-21,2026-09-21,CM,NSE,STK,31468,INE142K01011,AURUS,EQ,,,,,AURUS GEM CORP LIMITED,5.02,5.02,4.79,4.80,4.80,4.87,,4.80,,,17917,87934.02,204,F1,1,,,,,
2026-09-21,2026-09-21,CM,NSE,STK,4037,INE218C01016,AUSOMENT,EQ,,,,,AUSOM ENTERPRISE LIMITED,149.50,151.00,145.00,146.97,150.80,152.15,,147.83,,,2770,412833.47,70,F1,1,,,,,
2026-09-21,2026-09-21,CM,NSE,STK,764608,INE759F01012,AUSTENG,EQ,,,,,AUSTIN ENGINEERING CO. L,133.25,140.29,128.00,135.71,135.00,131.41,,135.71,,,16930,2277650.52,229,F1,1,,,,,
2026-09-21,2026-09-21,CM,NSE,STK,21451,INE0P0001010,APS,SM,,,,,AUSTRALIAN PREM SOLAR I L,234.95,234.95,230.20,233.35,234.00,230.50,,233.35,,,5250,1216687.50,20,F1,250,,,,,
2026-09-21,2026-09-21,CM,NSE,STK,23553,INE206F01022,AIIL,EQ,,,,,AUTHUM INVEST & INFRA LTD,553.90,565.00,551.15,559.40,561.95,559.00,,559.40,,,155515,87068712.80,10371,F1,1,,,,,
2026-09-21,2026-09-21,CM,NSE,STK,14106,INE718H01014,AUTOIND,EQ,,,,,AUTOLINE INDUSTRIES LTD,78.73,86.20,76.73,83.76,84.50,78.34,,83.77,,,657852,54526951.89,3680,F1,1,,,,,
2026-09-21,2026-09-21,CM,NSE,STK,764558,INE451C01013,ACGL,EQ,,,,,AUTOMOBILE CORPN OF GOA L,1737.20,1768.90,1708.00,1714.30,1708.00,1737.20,,1715.16,,,2468,4260868.30,209,F1,1,,,,,
2026-09-21,2026-09-21,CM,NSE,STK,278,INE449A01011,AUTOAXLES,EQ,,,,,AUTOMOTIVE AXLES LIMITED,1705.20,1707.00,1672.00,1694.00,1697.00,1701.20,,1694.00,,,2043,3456803.70,402,F1,1,,,,,
2026-09-21,2026-09-21,CM,NSE,STK,10634,INE900C01027,ASAL,EQ,,,,,AUTOMOTIVE STAMPINGS & AS,450.25,456.90,445.40,450.40,446.00,449.70,,450.38,,,13831,6223156.70,540,F1,1,,,,,
2026-09-21,2026-09-21,CM,NSE,STK,21406,INE349W01017,AVADHSUGAR,EQ,,,,,AVADH SUG & ENERGY LTD,730.45,743.35,713.05,732.55,731.00,730.45,,732.56,,,90364,65760991.95,6118,F1,1,,,,,
2026-09-21,2026-09-21,CM,NSE,STK,15058,INE0LCL01028,AVALON,EQ,,,,,AVALON TECHNOLOGIES LTD,2550.00,2563.90,2441.10,2485.90,2484.00,2537.70,,2485.94,,,1046903,2597201621.30,78281,F1,1,,,,,
2026-09-21,2026-09-21,CM,NSE,STK,760736,INE1KU201016,AVANA,ST,,,,,AVANA ELECTROSYSTEMS LTD,140.00,140.40,135.00,140.10,140.10,140.00,,140.10,,,72000,9868800.00,13,F1,2000,,,,,
2026-09-21,2026-09-21,CM,NSE,STK,765030,INE758A01072,AVANCE,EQ,,,,,AVANCE TECHNOLOGIES LTD.,0.80,0.86,0.79,0.84,0.85,0.80,,0.84,,,11259765,9348517.64,2253,F1,1,,,,,
2026-09-21,2026-09-21,CM,NSE,STK,24610,INE005B01027,AVANTEL,EQ,,,,,AVANTEL LIMITED,149.20,150.28,144.00,145.01,145.46,147.23,,145.01,,,952266,139480066.45,10729,F1,1,,,,,
2026-09-21,2026-09-21,CM,NSE,STK,7936,INE871C01038,AVANTIFEED,EQ,,,,,AVANTI FEEDS LIMITED,772.35,784.75,764.30,767.00,765.25,774.45,,767.02,,,232387,179510967.30,16327,F1,1,,,,,
2026-09-21,2026-09-21,CM,NSE,STK,20503,INE617I01024,AVATAR,ST,,,,,AVATAR INDUSTRIES LIMITED,197.75,197.75,197.75,197.75,197.75,208.15,,197.75,,,4000,791000.00,2,F1,2000,,,,,
2026-09-21,2026-09-21,CM,NSE,STK,19913,INE192R01011,DMART,EQ,,,,,AVENUE SUPERMARTS LIMITED,3732.00,3814.60,3732.00,3800.40,3800.40,3749.90,,3800.42,,,647006,2446093271.40,28595,F1,1,,,,,
2026-09-21,2026-09-21,CM,NSE,STK,16249,INE483S01020,CCAVENUE,EQ,,,,,AVENUESAI LIMITED,15.90,16.28,15.82,16.00,15.99,16.08,,16.00,,,6402972,102615542.67,11323,F1,1,,,,,
2026-09-21,2026-09-21,CM,NSE,STK,15638,INE680Z01018,AVG,BE,,,,,AVG LOGISTICS LIMITED,170.11,174.45,168.40,170.05,170.00,170.11,,170.05,,,2880,491206.38,75,F1,1,,,,,
2026-09-21,2026-09-21,CM,NSE,STK,25520,INE0TFB01017,AVIANSH,SM,,,,,AVI ANSH TEXTILE LIMITED,103.00,103.50,103.00,103.50,103.50,103.00,,103.50,,,2000,206500.00,2,F1,1000,,,,,
2026-09-21,2026-09-21,CM,NSE,STK,755092,INE0V9I01017,AVIENCE,SM,,,,,AVIENCE BIOMEDICALS LTD,330.10,338.90,321.00,326.70,332.00,342.40,,326.70,,,67800,22344600.00,103,F1,600,,,,,
2026-09-21,2026-09-21,CM,NSE,STK,14064,INE855F01042,ASMS,EQ,,,,,AVIO SMART MRKT STACK LTD,6.77,6.83,6.62,6.68,6.70,6.66,,6.68,,,206240,1383634.82,520,F1,1,,,,,
2026-09-21,2026-09-21,CM,NSE,STK,13557,INE323B01024,AVONMORE,EQ,,,,,AVONMORE CAP&MGT SERV LTD,12.56,13.27,12.07,13.01,13.10,12.46,,13.01,,,197718,2562850.86,1052,F1,1,,,,,
2026-09-21,2026-09-21,CM,NSE,STK,23159,INE0R9401019,AVPINFRA,SM,,,,,AVP INFRACON LIMITED,57.00,57.45,55.80,56.05,55.80,57.50,,56.05,,,45600,2565760.00,36,F1,800,,,,,
2026-09-21,2026-09-21,CM,NSE,STK,8827,INE652Z01025,AVROIND,EQ,,,,,AVRO INDIA LIMITED,8.05,8.05,7.81,7.91,7.94,7.94,,7.91,,,41632,329185.91,192,F1,1,,,,,
2026-09-21,2026-09-21,CM,NSE,STK,14008,INE488D01021,AVTNPL,EQ,,,,,AVT NATURAL PRODUCTS LTD,85.20,93.00,84.41,90.04,91.00,85.70,,90.05,,,583544,51351004.62,6276,F1,1,,,,,
2026-09-21,2026-09-21,CM,NSE,STK,23864,INE108V01019,AWFIS,EQ,,,,,AWFIS SPACE SOLUTIONS LTD,279.80,282.60,270.15,271.35,270.20,275.75,,271.36,,,353912,97804908.95,11747,F1,1,,,,,
2026-09-21,2026-09-21,CM,NSE,STK,8110,INE699H01024,AWL,EQ,,,,,AWL AGRI BUSINESS LIMITED,185.60,187.05,182.70,183.56,183.37,186.98,,183.56,,,1572742,290278646.91,31670,F1,1,,,,,
2026-09-21,2026-09-21,CM,NSE,STK,5900,INE238A01034,AXISBANK,EQ,,,,,AXIS BANK LIMITED,1248.00,1254.30,1242.00,1250.00,1250.00,1257.00,,1250.00,,,3680283,4595201263.40,208942,F1,1,,,,,
2026-09-21,2026-09-21,CM,NSE,STK,765499,INF846KA1598,ENERGYAXIS,EQ,,,,,AXISAMC - ENERGYAXIS,19.01,19.40,18.85,18.96,19.40,18.96,,18.92,,,9280,175894.53,64,F1,1,,,,,
2026-09-21,2026-09-21,CM,NSE,STK,1044,INF846K01X63,BNKETFAXIS,EQ,,,,,AXISAMC-BNKETFAXIS,582.48,583.82,581.29,582.54,581.83,581.87,,582.54,,,629,366155.57,117,F1,1,,,,,
2026-09-21,2026-09-21,CM,NSE,STK,5732,INF846K016C7,CONSUMAXIS,EQ,,,,,AXISAMC-CONSUMAXIS,118.50,119.00,118.50,119.00,119.00,118.57,,119.00,,,256,30430.71,20,F1,1,,,,,
2026-09-21,2026-09-21,CM,NSE,STK,20532,INF846K01W80,GOLDAXIS,EQ,,,,,AXISAMC-GOLDAXIS,127.66,127.66,126.29,126.44,126.46,127.67,,126.44,,,993544,125791299.45,3473,F1,1,,,,,
2026-09-21,2026-09-21,CM,NSE,STK,3608,INF846K01Z12,HEALTHAXIS,EQ,,,,,AXISAMC-HEALTHAXIS,169.67,172.00,165.30,171.79,171.50,169.67,,171.79,,,2060,352386.88,123,F1,1,,,,,
2026-09-21,2026-09-21,CM,NSE,STK,3010,INF846K01Y96,ITAXIS,EQ,,,,,AXISAMC-ITAXIS,315.50,326.88,315.00,321.50,315.00,316.58,,321.62,,,5158,1643394.02,43,F1,1,,,,,
2026-09-21,2026-09-21,CM,NSE,STK,21252,INF846K01W98,NIFTYAXIS,EQ,,,,,AXISAMC-NIFTYAXIS,252.74,262.00,252.74,260.51,259.03,259.23,,260.51,,,7644,1986680.23,173,F1,1,,,,,
2026-09-21,2026-09-21,CM,NSE,STK,14742,INF846K010Q0,SENSEXAXIS,EQ,,,,,AXISAMC-SENSEXAXIS,76.30,77.98,76.30,77.68,77.80,77.23,,77.70,,,1436,111472.34,55,F1,1,,,,,
2026-09-21,2026-09-21,CM,NSE,STK,11193,INF846K011K1,SILVERAXIS,EQ,,,,,AXISAMC-SILVERAXIS,233.33,233.33,230.16,230.95,231.15,232.82,,230.95,,,367629,84925876.96,2505,F1,1,,,,,
2026-09-21,2026-09-21,CM,NSE,STK,30155,INF846KA1119,VALUEAXIS,EQ,,,,,AXISAMC-VALUEAXIS,32.13,32.47,32.01,32.16,32.20,32.13,,32.20,,,38978,1255392.80,286,F1,1,,,,,
2026-09-21,2026-09-21,CM,NSE,STK,9436,INE555B01013,AXISCADES,EQ,,,,,AXISCADES TECH LTD,1800.00,1878.80,1782.70,1839.70,1840.50,1811.20,,1839.76,,,160111,294134246.70,13773,F1,1,,,,,
2026-09-21,2026-09-21,CM,NSE,STK,9902,INE02EZ01022,AXITA,EQ,,,,,AXITA COTTON LIMITED,8.04,8.08,8.00,8.00,8.00,7.99,,8.00,,,483958,3879422.01,607,F1,1,,,,,
2026-09-21,2026-09-21,CM,NSE,STK,764613,INE767C01012,AXTEL,EQ,,,,,AXTEL INDUSTRIES LTD.,437.85,442.00,425.65,434.00,434.75,440.05,,433.02,,,10440,4520055.00,273,F1,1,,,,,
2026-09-21,2026-09-21,CM,NSE,STK,760981,INE501X01029,AYE,EQ,,,,,AYE FINANCE LIMITED,186.29,192.50,185.55,187.11,188.00,185.72,,187.12,,,1101931,208349632.45,16938,F1,1,,,,,
2026-09-21,2026-09-21,CM,NSE,STK,10285,INE193B01039,AYMSYNTEX,EQ,,,,,AYM SYNTEX LIMITED,281.00,289.80,279.95,288.35,289.80,283.15,,288.34,,,59080,16768775.85,2634,F1,1,,,,,
2026-09-21,2026-09-21,CM,NSE,STK,20905,INE02IJ01035,AZAD,EQ,,,,,AZAD ENGINEERING LIMITED,2816.00,2816.00,2750.00,2764.90,2763.00,2790.30,,2764.76,,,249265,692070471.60,17762,F1,1,,,,,
2026-09-21,2026-09-21,CM,NSE,STK,765035,INE566M01017,AZADIND,EQ,,,,,AZAD INDIA MOBILITY LTD.,82.18,82.18,73.41,75.36,75.03,82.18,,75.28,,,53291,4068366.14,1505,F1,1,,,,,
2026-09-21,2026-09-21,CM,NSE,STK,762616,INE489D01011,BNALTD,BE,,,,,B & A LTD.,365.00,365.00,347.20,351.80,351.80,365.00,,353.40,,,849,300647.20,17,F1,1,,,,,
2026-09-21,2026-09-21,CM,NSE,STK,12153,INE01EE01011,BBTCL,EQ,,,,,B&B TRIPLEWALL CONT LTD,226.20,236.55,226.20,235.61,236.40,230.53,,235.61,,,3687,865196.68,110,F1,1,,,,,
2026-09-21,2026-09-21,CM,NSE,STK,11226,INE116D01028,BAGFILMS,EQ,,,,,B.A.G FILMS AND MEDIA LTD,4.35,4.53,4.26,4.31,4.31,4.35,,4.31,,,82491,360765.13,160,F1,1,,,,,
2026-09-21,2026-09-21,CM,NSE,STK,13290,INE350H01032,BLKASHYAP,EQ,,,,,B.L.KASHYAP & SON LTD,52.24,52.90,49.30,51.56,51.73,52.74,,51.56,,,333000,17319420.13,2285,F1,1,,,,,
2026-09-21,2026-09-21,CM,NSE,STK,25114,INE01FR01028,STYLEBAAZA,EQ,,,,,BAAZAR STYLE RETAIL LTD,388.00,403.05,385.55,394.75,398.95,386.75,,394.80,,,1044725,415341234.85,15841,F1,1,,,,,
2026-09-21,2026-09-21,CM,NSE,STK,20141,INE0QW501012,BABAFP,SM,,,,,BABA FOOD PROCESSING,22.50,22.50,22.50,22.50,22.50,23.10,,22.50,,,3200,72000.00,2,F1,1600,,,,,
2026-09-21,2026-09-21,CM,NSE,STK,17735,INE878I01022,BAFNAPH,BE,,,,,BAFNA PHARMACEUTICALS LTD,323.50,323.50,323.50,323.50,323.50,317.20,,328.95,,,424,137164.00,15,F1,1,,,,,
2026-09-21,2026-09-21,CM,NSE,STK,763363,INE2OVN25015,BAGMANE,RR,,,,,BAGMANE PRIME OFFICE REIT,108.30,109.80,108.00,109.12,109.75,107.49,,109.12,,,1027893,111750713.99,12378,F1,1,,,,,
2026-09-21,2026-09-21,CM,NSE,STK,12989,INE029Q01017,BAHETI,SM,,,,,BAHETI RECYCLING IND LTD,775.00,788.00,760.00,764.65,764.00,776.10,,764.65,,,14250,11028000.00,26,F1,375,,,,,
2026-09-21,2026-09-21,CM,NSE,STK,13794,INE020D01022,BAIDFIN,EQ,,,,,BAID FINSERV LIMITED,10.71,11.33,10.46,10.75,10.65,10.89,,10.74,,,43787,474912.94,386,F1,1,,,,,
2026-09-21,2026-09-21,CM,NSE,STK,16669,INE917I01010,BAJAJ-AUTO,EQ,,,,,BAJAJ AUTO LIMITED,11470.00,11533.00,11450.00,11460.00,11460.00,11414.00,,11460.27,,,93033,1068508937.00,19869,F1,1,,,,,
2026-09-21,2026-09-21,CM,NSE,STK,19531,INE933K01021,BAJAJCON,EQ,,,,,BAJAJ CONSUMER CARE LTD,511.30,524.40,508.90,515.30,515.60,512.15,,515.30,,,602599,311287588.50,29220,F1,1,,,,,
2026-09-21,2026-09-21,CM,NSE,STK,15034,INE193E01025,BAJAJELEC,EQ,,,,,BAJAJ ELECT.LTD,324.40,328.00,322.35,326.00,326.05,323.05,,326.01,,,95027,30934328.55,3494,F1,1,,,,,
2026-09-21,2026-09-21,CM,NSE,STK,317,INE296A01032,BAJFINANCE,EQ,,,,,BAJAJ FINANCE LIMITED,1035.00,1037.70,1021.30,1021.30,1021.30,1040.30,,1021.31,,,4170558,4285262899.70,146252,F1,1,,,,,
2026-09-21,2026-09-21,CM,NSE,STK,16675,INE918I01026,BAJAJFINSV,EQ,,,,,BAJAJ FINSERV LTD.,1860.20,1864.00,1849.20,1849.80,1849.80,1852.50,,1849.80,,,269959,501373461.40,30187,F1,1,,,,,
2026-09-21,2026-09-21,CM,NSE,STK,6863,INE411U01027,BAJAJHCARE,EQ,,,,,BAJAJ HEALTHCARE LIMITED,333.95,344.90,331.65,335.60,334.55,330.55,,335.60,,,154070,52031073.35,4728,F1,1,,,,,
2026-09-21,2026-09-21,CM,NSE,STK,308,INE306A01021,BAJAJHIND,EQ,,,,,BAJAJ HINDUSTHAN SUGAR LT,19.59,20.38,19.15,20.18,20.20,19.53,,20.18,,,19485794,385916642.97,21979,F1,1,,,,,
2026-09-21,2026-09-21,CM,NSE,STK,305,INE118A01012,BAJAJHLDNG,EQ,,,,,BAJAJ HOLDINGS & INVS LTD,11282.00,11434.00,11227.00,11409.00,11409.00,11282.00,,11408.85,,,54157,616385938.00,8596,F1,1,,,,,
2026-09-21,2026-09-21,CM,NSE,STK,25270,INE377Y01014,BAJAJHFL,EQ,,,,,BAJAJ HOUSING FINANCE LTD,85.20,85.47,83.84,83.98,83.95,85.58,,83.98,,,2158279,182092274.45,20688,F1,1,,,,,
2026-09-21,2026-09-21,CM,NSE,STK,762563,INE704G01024,BAJAJST,EQ,,,,,BAJAJ STEEL INDS. LTD.,351.05,356.95,343.05,345.20,347.95,352.20,,345.19,,,7423,2585103.65,710,F1,1,,,,,
2026-09-21,2026-09-21,CM,NSE,STK,20531,INE0KQN01018,BAJEL,EQ,,,,,BAJEL PROJECTS LIMITED,172.80,173.99,169.00,172.11,171.60,171.91,,172.10,,,100841,17275470.98,2147,F1,1,,,,,
2026-09-21,2026-09-21,CM,NSE,STK,13441,INE083D01012,BALPHARMA,EQ,,,,,BAL PHARMA LTD.,100.67,110.40,98.51,109.37,108.50,100.67,,109.37,,,127891,13685957.01,1662,F1,1,,,,,
2026-09-21,2026-09-21,CM,NSE,STK,14501,INE050E01027,BALAMINES,EQ,,,,,BALAJI AMINES LIMITED,2180.00,2217.00,2120.90,2130.70,2138.00,2171.50,,2130.73,,,107775,233494690.90,13668,F1,1,,,,,
2026-09-21,2026-09-21,CM,NSE,STK,9158,INE794B01026,BALAJITELE,EQ,,,,,BALAJI TELEFILMS LIMITED.,95.24,97.49,93.00,93.55,93.44,95.25,,93.56,,,100725,9580286.60,1631,F1,1,,,,,
2026-09-21,2026-09-21,CM,NSE,STK,11309,INE618N01022,BALAXI,EQ,,,,,BALAXI PHARMA LTD,23.55,24.00,23.10,23.41,23.50,23.55,,23.41,,,7765,181821.14,129,F1,1,,,,,
2026-09-21,2026-09-21,CM,NSE,STK,335,INE787D01026,BALKRISIND,EQ,,,,,BALKRISHNA IND. LTD,2259.00,2259.00,2200.50,2216.80,2215.00,2265.30,,2216.81,,,180232,399688420.90,21091,F1,1,,,,,
2026-09-21,2026-09-21,CM,NSE,STK,10181,INE875R01011,BALKRISHNA,EQ,,,,,BALKRISHNA PAPER MILLS L,16.42,16.87,16.12,16.21,16.40,16.43,,16.21,,,4799,78399.19,74,F1,1,,,,,
2026-09-21,2026-09-21,CM,NSE,STK,338,INE164A01016,BALMLAWRIE,EQ,,,,,BALMER LAWRIE & CO LTD,166.84,167.41,165.70,166.01,166.24,167.41,,166.02,,,54022,8977134.19,1290,F1,1,,,,,
2026-09-21,2026-09-21,CM,NSE,STK,762603,INE525F01025,BLIL,EQ,,,,,BALMER LAWRIE INVSTS. L,67.10,67.69,65.16,67.38,67.00,67.10,,67.37,,,126705,8468697.91,1807,F1,1,,,,,
2026-09-21,2026-09-21,CM,NSE,STK,341,INE119A01028,BALRAMCHIN,EQ,,,,,BALRAMPUR CHINI MILLS LTD,672.60,678.00,661.10,663.65,662.50,672.60,,663.64,,,554898,369353014.65,19884,F1,1,,,,,
2026-09-21,2026-09-21,CM,NSE,STK,23607,INE011E01029,BALUFORGE,EQ,,,,,BALU FORGE INDUSTRIES LTD,524.15,529.50,513.15,518.65,518.40,522.15,,518.65,,,478789,249244041.70,15920,F1,1,,,,,
2026-09-21,2026-09-21,CM,NSE,STK,347,INE655B01011,BANARBEADS,EQ,,,,,BANARAS BEADS LTD,113.05,114.00,109.70,111.03,111.00,113.05,,111.03,,,2623,293450.99,92,F1,1,,,,,
2026-09-21,2026-09-21,CM,NSE,STK,13880,INE213C01025,BANCOINDIA,EQ,,,,,BANCO PRODUCTS (I) LTD,600.10,605.85,595.05,599.30,601.00,604.00,,599.27,,,59193,35514000.45,6266,F1,1,,,,,
2026-09-21,2026-09-21,CM,NSE,STK,2263,INE545U01014,BANDHANBNK,EQ,,,,,BANDHAN BANK LIMITED,176.00,181.26,175.63,179.00,179.00,175.00,,178.99,,,15271152,2745464576.53,70527,F1,1,,,,,
2026-09-21,2026-09-21,CM,NSE,STK,760325,INF194KB1KJ7,GOLDBND,EQ,,,,,BANDHANAMC - GOLDBND,153.50,154.70,151.07,152.07,151.42,153.21,,152.07,,,27619,4197892.14,284,F1,1,,,,,
2026-09-21,2026-09-21,CM,NSE,STK,18783,INF194KA1U07,IDFNIFTYET,EQ,,,,,BANDHANAMC - IDFNIFTYET,258.00,260.00,256.41,259.60,259.00,259.00,,259.60,,,2258,585249.20,49,F1,1,,,,,
2026-09-21,2026-09-21,CM,NSE,STK,760328,INF194KB1KI9,SILVERBND,EQ,,,,,BANDHANAMC - SILVERBND,235.98,235.98,232.30,233.58,232.30,235.48,,233.57,,,4663,1087607.06,157,F1,1,,,,,
2026-09-21,2026-09-21,CM,NSE,STK,15303,INE863I01016,BANG,EQ,,,,,BANG OVERSEAS LTD.,34.00,34.40,33.20,33.45,33.20,33.50,,33.45,,,9880,333837.04,99,F1,1,,,,,
2026-09-21,2026-09-21,CM,NSE,STK,4668,INE028A01039,BANKBARODA,EQ,,,,,BANK OF BARODA,234.00,234.51,232.52,233.64,233.64,234.94,,233.65,,,4397710,1026394915.87,33998,F1,1,,,,,
2026-09-21,2026-09-21,CM,NSE,STK,4745,INE084A01016,BANKINDIA,EQ,,,,,BANK OF INDIA,139.22,139.61,138.20,138.63,138.63,140.00,,138.63,,,2616892,362491884.01,16399,F1,1,,,,,
2026-09-21,2026-09-21,CM,NSE,STK,11377,INE457A01014,MAHABANK,EQ,,,,,BANK OF MAHARASHTRA,83.44,83.70,81.65,82.20,82.20,83.54,,82.20,,,7904383,650826617.87,43825,F1,1,,,,,
2026-09-21,2026-09-21,CM,NSE,STK,822,INE862Y01015,BANKA,EQ,,,,,BANKA BIOLOO LIMITED,79.57,79.57,76.31,78.55,77.52,79.96,,78.55,,,273,21176.41,25,F1,1,,,,,
2026-09-21,2026-09-21,CM,NSE,STK,12037,INE186H01022,BASML,BE,,,,,BANNARI AM SPIN MILL LTD.,23.70,24.64,23.70,24.64,24.64,23.47,,24.88,,,65613,1596795.17,95,F1,1,,,,,
2026-09-21,2026-09-21,CM,NSE,STK,350,INE459A01010,BANARISUG,EQ,,,,,BANNARI AMMAN SUGARS LTD,3315.00,3340.00,3280.00,3305.40,3304.00,3316.70,,3305.33,,,438,1449803.50,141,F1,1,,,,,
2026-09-21,2026-09-21,CM,NSE,STK,24386,INE0B9K01025,BANSALWIRE,EQ,,,,,BANSAL WIRE INDUSTRIES L,312.00,316.50,305.00,316.10,316.35,310.60,,316.11,,,43684,13685129.60,2158,F1,1,,,,,
2026-09-21,2026-09-21,CM,NSE,STK,14511,INE629D01020,BANSWRAS,EQ,,,,,BANSWARA SYNTEX LIMITED,111.20,113.55,110.61,113.07,112.40,108.49,,113.11,,,17308,1947737.78,465,F1,1,,,,,
2026-09-21,2026-09-21,CM,NSE,STK,15073,INE139I01011,BVCL,EQ,,,,,BARAK VALLEY CEM. LTD.,40.56,41.49,40.56,41.09,41.31,40.76,,41.09,,,8821,362429.59,171,F1,1,,,,,
2026-09-21,2026-09-21,CM,NSE,STK,29176,INE0QX401014,BARFLEX,SM,,,,,BARFLEX POLYFILMS LIMITED,62.00,62.00,60.00,61.50,61.50,62.00,,61.50,,,12000,735900.00,6,F1,2000,,,,,
2026-09-21,2026-09-21,CM,NSE,STK,24117,INF251K01TL6,BBNPNBETF,EQ,,,,,BARODABNP - BBNPNBETF,57.03,57.89,55.63,56.87,56.87,56.75,,56.87,,,445,25404.07,47,F1,1,,,,,
2026-09-21,2026-09-21,CM,NSE,STK,20547,INF251K01SU9,BBNPPGOLD,EQ,,,,,BARODABNP - BBNPPGOLD,147.95,149.00,146.10,146.60,147.45,147.95,,146.60,,,2230,328399.30,95,F1,1,,,,,
2026-09-21,2026-09-21,CM,NSE,STK,368,INE373A01013,BASF,EQ,,,,,BASF INDIA LTD,3601.10,3714.50,3555.00,3663.80,3705.00,3605.70,,3663.83,,,60650,220507475.30,10254,F1,1,,,,,
2026-09-21,2026-09-21,CM,NSE,STK,18442,INE0OCC01013,BASILIC,SM,,,,,BASILIC FLY STUDIO LTD,175.30,175.30,171.60,174.80,174.00,178.10,,174.80,,,15600,2720775.00,40,F1,300,,,,,
2026-09-21,2026-09-21,CM,NSE,STK,371,INE176A01028,BATAINDIA,EQ,,,,,BATA INDIA LTD,640.00,643.20,633.20,635.20,635.15,638.30,,635.19,,,98799,62940183.85,6898,F1,1,,,,,
2026-09-21,2026-09-21,CM,NSE,STK,762568,INE177C01022,BATLIBOI,EQ,,,,,BATLIBOI LTD.,81.11,85.79,81.11,85.08,85.15,81.09,,85.10,,,52074,4407248.60,1163,F1,1,,,,,
2026-09-21,2026-09-21,CM,NSE,STK,22571,INE0JFJ01011,BAWEJA,SM,,,,,BAWEJA STUDIOS LIMITED,23.20,24.20,23.05,24.20,24.20,22.10,,24.20,,,9600,228160.00,12,F1,800,,,,,
2026-09-21,2026-09-21,CM,NSE,STK,17927,INE462A01022,BAYERCROP,EQ,,,,,BAYER CROPSCIENCE LTD,3781.00,3793.10,3725.00,3775.10,3751.20,3779.50,,3775.10,,,64891,243646820.50,12718,F1,1,,,,,
2026-09-21,2026-09-21,CM,NSE,STK,2513,INE412G01024,BCLIND,EQ,,,,,BCL INDUSTRIES LIMITED,33.14,33.42,32.77,33.32,33.41,33.06,,33.32,,,381682,12655039.76,2720,F1,1,,,,,
2026-09-21,2026-09-21,CM,NSE,STK,761494,INE00SW01015,BCPL,EQ,,,,,BCPL RAILWAY INFRA LTD,66.10,72.00,66.05,70.26,69.00,66.92,,70.05,,,26463,1835488.59,326,F1,1,,,,,
2026-09-21,2026-09-21,CM,NSE,STK,23922,INE639X01027,BEACON,SM,,,,,BEACON TRUSTEESHIP LTD,82.00,82.00,78.15,79.80,79.80,81.00,,79.80,,,6000,481750.00,6,F1,1000,,,,,
2026-09-21,2026-09-21,CM,NSE,STK,17933,INE520H01022,BEARDSELL,EQ,,,,,BEARDSELL LIMITED,23.90,24.61,23.87,24.21,24.32,23.87,,24.21,,,7917,192080.37,129,F1,1,,,,,
2026-09-21,2026-09-21,CM,NSE,STK,20196,INE844K01012,BEDMUTHA,EQ,,,,,BEDMUTHA INDUST LTD,104.74,104.74,101.43,103.47,103.48,104.74,,103.47,,,2512,257760.95,40,F1,1,,,,,
2026-09-21,2026-09-21,CM,NSE,STK,762573,INE213D01015,BEEKAY,EQ,,,,,BEEKAY STEEL INDS. LTD.,441.90,444.80,417.15,429.70,431.95,430.05,,430.07,,,586,252296.70,133,F1,1,,,,,
2026-09-21,2026-09-21,CM,NSE,STK,765291,INE1EEM01017,BLEL,EQ,,,,,BEHARI LAL ENGINEERING L,440.90,444.00,434.35,439.55,441.50,440.40,,439.56,,,317773,139412564.10,5883,F1,1,,,,,
2026-09-21,2026-09-21,CM,NSE,STK,757938,INE344T01014,BELLACASA,EQ,,,,,BELLA CASA FASH AND RET L,262.53,279.80,258.50,273.31,277.75,262.53,,273.29,,,25104,6787401.48,977,F1,1,,,,,
2026-09-21,2026-09-21,CM,NSE,STK,757102,INE894V01022,BELRISE,EQ,,,,,BELRISE INDUSTRIES LTD,242.50,245.40,239.50,241.89,240.98,240.18,,241.83,,,2979428,720636575.32,35088,F1,1,,,,,
2026-09-21,2026-09-21,CM,NSE,STK,15067,INE0N7W01012,BLAL,EQ,,,,,BEML LAND ASSETS LIMITED,163.80,166.77,163.03,165.24,164.88,162.99,,165.22,,,38216,6324230.10,697,F1,1,,,,,
2026-09-21,2026-09-21,CM,NSE,STK,395,INE258A01024,BEML,EQ,,,,,BEML LIMITED,2151.00,2155.00,2090.50,2097.90,2099.00,2135.00,,2097.90,,,264454,558508431.70,19524,F1,1,,,,,
2026-09-21,2026-09-21,CM,NSE,STK,764618,INE664D01019,BENARAS,EQ,,,,,BENARES HOTELS LTD.,10450.00,10600.00,10301.00,10373.00,10335.00,10588.00,,10373.00,,,93,962652.00,20,F1,1,,,,,
2026-09-21,2026-09-21,CM,NSE,STK,762578,INE083K01017,BENGALASM,EQ,,,,,BENGAL & ASSAM CO. LTD.,6207.00,6274.50,6204.00,6215.50,6212.00,6199.50,,6215.50,,,280,1744886.50,187,F1,1,,,,,
2026-09-21,2026-09-21,CM,NSE,STK,404,INE463A01038,BERGEPAINT,EQ,,,,,BERGER PAINTS (I) LTD,460.80,463.00,448.10,450.60,449.00,458.65,,450.61,,,860289,391059594.00,16012,F1,1,,,,,
2026-09-21,2026-09-21,CM,NSE,STK,2306,INE052T01021,BESTAGRO,EQ,,,,,BEST AGROLIFE LIMITED,18.50,19.71,18.41,18.54,18.70,18.51,,18.54,,,985182,18711489.64,2483,F1,1,,,,,
2026-09-21,2026-09-21,CM,NSE,STK,759842,INE351Y01019,BETA,EQ,,,,,BETA DRUGS LIMITED,2053.00,2089.80,2033.90,2074.60,2079.00,2055.20,,2074.60,,,10479,21649943.70,1782,F1,1,,,,,
2026-09-21,2026-09-21,CM,NSE,STK,5662,INE0HQI01014,BEWLTD,SM,,,,,BEW ENGINEERING LIMITED,48.75,52.75,48.25,52.05,52.75,49.15,,52.05,,,85000,4278025.00,58,F1,500,,,,,
2026-09-21,2026-09-21,CM,NSE,STK,21113,INE878K01010,BFINVEST,EQ,,,,,BF INVESTMENT LIMITED,448.20,448.20,440.00,444.50,442.70,445.25,,444.46,,,9316,4126752.40,682,F1,1,,,,,
2026-09-21,2026-09-21,CM,NSE,STK,14567,INE243D01012,BFUTILITIE,EQ,,,,,BF UTILITIES LIMITED,543.90,543.90,530.05,532.35,530.95,542.00,,532.34,,,30707,16440474.05,1583,F1,1,,,,,
2026-09-21,2026-09-21,CM,NSE,STK,764183,INF0QA701CI0,BANK10BETF,EQ,,,,,BFAM - BANK10BETF,20.37,20.99,20.37,20.59,20.50,20.47,,20.59,,,931,19127.24,37,F1,1,,,,,
2026-09-21,2026-09-21,CM,NSE,STK,21986,INF0QA701714,BANKBETF,EQ,,,,,BFAM - BANKBETF,57.58,57.98,57.11,57.37,57.35,57.30,,57.37,,,8337,478962.31,311,F1,1,,,,,
2026-09-21,2026-09-21,CM,NSE,STK,23915,INF0QA701854,LIQUIDBETF,EQ,,,,,BFAM - LIQUIDBETF,1099.63,1099.65,1099.63,1099.64,1099.64,1099.49,,1099.64,,,224892,247298712.45,131,F1,1,,,,,
2026-09-21,2026-09-21,CM,NSE,STK,21959,INF0QA701722,NIFTYBETF,EQ,,,,,BFAM - NIFTYBETF,246.80,246.80,240.26,241.37,240.79,240.79,,242.27,,,1380,332860.39,146,F1,1,,,,,
2026-09-21,2026-09-21,CM,NSE,STK,15193,INE661I01014,BGRENERGY,BE,,,,,BGR ENERGY SYSTEMS LTD,257.40,268.40,257.36,268.40,268.40,255.62,,268.40,,,89055,23653082.80,697,F1,1,,,,,
2026-09-21,2026-09-21,CM,NSE,STK,758228,INE0ZRC01017,BHADORA,ST,,,,,BHADORA INDUSTRIES LTD,122.80,126.90,118.55,125.95,126.00,122.90,,125.95,,,45600,5568180.00,31,F1,1200,,,,,
2026-09-21,2026-09-21,CM,NSE,STK,13400,INE354C01027,BHAGERIA,EQ,,,,,BHAGERIA INDUSTRIES LTD,351.05,368.20,348.00,361.40,360.05,334.75,,361.25,,,595911,214959709.60,6517,F1,1,,,,,
2026-09-21,2026-09-21,CM,NSE,STK,6164,INE414D01027,BHAGCHEM,EQ,,,,,BHAGIRADHA CHEM & INDS L,248.45,248.45,242.40,245.75,245.10,246.85,,245.74,,,144638,35280767.40,1250,F1,1,,,,,
2026-09-21,2026-09-21,CM,NSE,STK,20776,INE458B01036,BHAGYANGR,EQ,,,,,BHAGYANAGAR INDIA LIMITED,458.90,458.90,424.40,432.85,434.30,446.70,,433.15,,,337107,144913954.25,6982,F1,1,,,,,
2026-09-21,2026-09-21,CM,NSE,STK,19556,INE474E01029,BHANDARI,EQ,,,,,BHANDARI HOSIERY EXP LTD,3.00,3.00,2.96,2.96,2.96,2.99,,2.94,,,120842,358821.35,207,F1,1,,,,,
2026-09-21,2026-09-21,CM,NSE,STK,419,INE922A01025,BEPL,EQ,,,,,BHANSALI ENG. POLYMERS LT,128.95,131.20,127.05,128.10,128.17,128.95,,128.10,,,849603,109750610.33,8144,F1,1,,,,,
2026-09-21,2026-09-21,CM,NSE,STK,13761,INE464A01036,BBL,EQ,,,,,BHARAT BIJLEE LTD,2220.00,2220.00,2181.00,2187.00,2184.00,2207.90,,2186.99,,,18106,39665479.40,3806,F1,1,,,,,
2026-09-21,2026-09-21,CM,NSE,STK,760726,INE05XR01022,BHARATCOAL,EQ,,,,,BHARAT COKING COAL LTD,32.85,32.85,32.19,32.27,32.29,32.69,,32.27,,,3903649,126998273.86,16515,F1,1,,,,,
2026-09-21,2026-09-21,CM,NSE,STK,2144,INE171Z01026,BDL,EQ,,,,,BHARAT DYNAMICS LIMITED,1180.00,1182.90,1164.30,1175.00,1175.00,1196.60,,1175.00,,,841005,986859090.30,33027,F1,1,,,,,
2026-09-21,2026-09-21,CM,NSE,STK,383,INE263A01024,BEL,EQ,,,,,BHARAT ELECTRONICS LTD,394.35,399.15,393.10,398.50,398.50,393.30,,398.50,,,9754868,3871372966.70,113535,F1,1,,,,,
2026-09-21,2026-09-21,CM,NSE,STK,422,INE465A01025,BHARATFORG,EQ,,,,,BHARAT FORGE LTD,1964.90,1981.80,1942.20,1968.90,1968.90,1962.10,,1968.88,,,685946,1347086504.80,35178,F1,1,,,,,
2026-09-21,2026-09-21,CM,NSE,STK,9397,INE561C01019,BHARATGEAR,BE,,,,,BHARAT GEARS LTD,100.05,101.90,99.70,100.08,100.29,100.51,,100.03,,,10680,1071971.28,158,F1,1,,,,,
2026-09-21,2026-09-21,CM,NSE,STK,764623,INE365Y01019,BPLPHARMA,EQ,,,,,BHARAT PARENTERALS LTD.,1521.00,1560.20,1516.00,1541.70,1545.00,1509.70,,1541.84,,,902,1397414.90,145,F1,1,,,,,
2026-09-21,2026-09-21,CM,NSE,STK,526,INE029A01011,BPCL,EQ,,,,,BHARAT PETROLEUM CORP  LT,313.00,315.95,310.85,312.75,312.75,314.00,,312.08,,,3153498,985134820.25,32196,F1,1,,,,,
2026-09-21,2026-09-21,CM,NSE,STK,3834,INE838B01021,BHARATRAS,EQ,,,,,BHARAT RASAYAN LTD,1168.60,1173.70,1094.50,1109.10,1119.00,1168.80,,1109.64,,,39610,44436923.10,3092,F1,1,,,,,
2026-09-21,2026-09-21,CM,NSE,STK,21683,INE727S01012,BRNL,EQ,,,,,BHARAT ROAD NETWORK LTD,16.25,16.25,16.00,16.10,16.02,16.25,,16.10,,,14486,233230.85,230,F1,1,,,,,
2026-09-21,2026-09-21,CM,NSE,STK,30244,INE415D01024,BHARATSE,EQ,,,,,BHARAT SEATS LIMITED,214.19,216.00,211.00,212.36,212.89,214.02,,212.37,,,65528,13989970.89,3513,F1,1,,,,,
2026-09-21,2026-09-21,CM,NSE,STK,16123,INE316L01019,BHARATWIRE,EQ,,,,,BHARAT WIRE ROPES LTD.,173.05,173.22,168.46,170.47,170.11,173.05,,170.47,,,102819,17499450.48,2832,F1,1,,,,,
2026-09-21,2026-09-21,CM,NSE,STK,11371,INE224M01013,BGLOBAL,BZ,,,,,BHARATIYA GLOBAL INFO LTD,3.20,3.20,2.98,3.13,3.13,3.05,,3.13,,,19721,61643.46,38,F1,1,,,,,
2026-09-21,2026-09-21,CM,NSE,STK,10604,INE397D01024,BHARTIARTL,EQ,,,,,BHARTI AIRTEL LIMITED,1854.80,1854.80,1822.00,1830.20,1830.20,1893.30,,1830.20,,,9716580,17814286318.90,112324,F1,1,,,,,
2026-09-21,2026-09-21,CM,NSE,STK,23489,INE343G01021,BHARTIHEXA,EQ,,,,,BHARTI HEXACOM LIMITED,1540.00,1546.40,1512.10,1522.00,1525.00,1540.10,,1521.94,,,101028,154575983.50,11449,F1,1,,,,,
2026-09-21,2026-09-21,CM,NSE,STK,7848,INE828A01016,BIL,EQ,,,,,BHARTIYA INTERNATIONAL,1069.00,1069.00,1030.30,1044.35,1050.00,1040.85,,1044.35,,,4951,5163356.00,508,F1,1,,,,,
2026-09-21,2026-09-21,CM,NSE,STK,438,INE257A01026,BHEL,EQ,,,,,BHEL,433.00,438.30,430.20,433.40,433.40,439.90,,433.40,,,5111793,2220852828.35,47167,F1,1,,,,,
2026-09-21,2026-09-21,CM,NSE,STK,762621,INE274K01012,BTTL,BE,,,,,BHILWARA TECHNICAL TEXT L,39.50,40.70,37.80,39.84,39.50,39.64,,39.89,,,8771,344201.15,20,F1,1,,,,,
2026-09-21,2026-09-21,CM,NSE,STK,18431,INE412U01025,BIGBLOC,EQ,,,,,BIGBLOC CONSTRUCTION LTD,40.80,40.80,38.47,39.61,40.19,40.40,,39.61,,,77799,3087541.36,577,F1,1,,,,,
2026-09-21,2026-09-21,CM,NSE,STK,11966,INE00E101023,BIKAJI,EQ,,,,,BIKAJI FOODS INTERN LTD,571.60,576.90,555.30,558.95,559.00,580.25,,558.96,,,114530,64579896.05,8877,F1,1,,,,,
2026-09-21,2026-09-21,CM,NSE,STK,25527,INE0SQH01013,BIKEWO,ST,,,,,BIKEWO GREEN TECH LIMITED,116.90,121.80,112.90,121.80,121.80,116.00,,121.80,,,72000,8641000.00,34,F1,2000,,,,,
2026-09-21,2026-09-21,CM,NSE,STK,13622,INE071A01013,BILVYAPAR,BE,,,,,BIL VYAPAR LIMITED,4.29,4.46,4.08,4.15,4.15,4.29,,4.17,,,12786,54454.47,41,F1,1,,,,,
2026-09-21,2026-09-21,CM,NSE,STK,762586,INE986A01012,BI,BE,,,,,BILCARE LTD.,112.00,113.00,108.00,109.17,109.08,107.62,,109.03,,,80719,9055422.43,331,F1,1,,,,,
2026-09-21,2026-09-21,CM,NSE,STK,759806,INE0HOQ01053,GROWW,EQ,,,,,BILLIONBRAINS GARAGE VN L,192.00,192.23,189.20,190.59,190.13,191.76,,190.59,,,15975276,3041328650.60,82076,F1,1,,,,,
2026-09-21,2026-09-21,CM,NSE,STK,762588,INE469A01019,BIMETAL,EQ,,,,,BIMETAL BEARINGS LTD.,646.60,679.00,622.35,662.40,655.30,640.20,,661.51,,,2287,1523600.10,93,F1,1,,,,,
2026-09-21,2026-09-21,CM,NSE,STK,763598,INE1BKA01015,BMLL,SM,,,,,BIO MEDICA LABORATORIES L,160.00,161.95,157.00,160.00,160.00,157.00,,160.00,,,11000,1760900.00,7,F1,1000,,,,,
2026-09-21,2026-09-21,CM,NSE,STK,11373,INE376G01013,BIOCON,EQ,,,,,BIOCON LIMITED.,388.30,396.15,387.60,395.00,395.00,385.00,,395.00,,,3037626,1195697926.50,40534,F1,1,,,,,
2026-09-21,2026-09-21,CM,NSE,STK,4136,INE829A01014,BIOFILCHEM,EQ,,,,,BIOFIL CHEM & PHARMA LTD,32.28,33.27,32.28,32.61,32.61,32.83,,32.59,,,15663,511365.56,151,F1,1,,,,,
2026-09-21,2026-09-21,CM,NSE,STK,760942,INE0XW001014,BIOPOL,SM,,,,,BIOPOL CHEMICALS LIMITED,46.95,48.00,46.90,48.00,48.00,45.75,,48.00,,,25200,1193100.00,21,F1,1200,,,,,
2026-09-21,2026-09-21,CM,NSE,STK,477,INE800A01015,BIRLACABLE,EQ,,,,,BIRLA CABLE LIMITED,413.90,413.90,389.05,389.05,389.05,409.50,,388.93,,,332162,131247114.40,7805,F1,1,,,,,
2026-09-21,2026-09-21,CM,NSE,STK,480,INE340A01012,BIRLACORPN,EQ,,,,,BIRLA CORPORATION LTD,823.95,840.30,820.35,825.05,824.00,823.60,,825.00,,,56704,47019078.20,5779,F1,1,,,,,
2026-09-21,2026-09-21,CM,NSE,STK,762596,INE372E01025,BIRLAPREC,BE,,,,,BIRLA PRECISION TECH L,57.10,57.10,55.00,55.92,56.33,57.08,,55.96,,,81943,4581038.97,467,F1,1,,,,,
2026-09-21,2026-09-21,CM,NSE,STK,1455,INE557A01011,BIRLANU,EQ,,,,,BIRLANU LIMITED,1380.10,1428.30,1370.00,1388.80,1382.20,1380.10,,1389.09,,,5565,7735735.80,934,F1,1,,,,,
2026-09-21,2026-09-21,CM,NSE,STK,24404,INF209KC1134,ABGSEC,EQ,,,,,BIRLASLAMC - ABGSEC,114.31,114.31,113.60,114.01,114.01,114.20,,114.01,,,15,1710.90,7,F1,1,,,,,
2026-09-21,2026-09-21,CM,NSE,STK,760247,INF209KC1670,ABSL10BANK,EQ,,,,,BIRLASLAMC - ABSL10BANK,166.04,169.80,165.64,168.75,169.80,166.04,,168.75,,,224,37348.60,15,F1,1,,,,,
2026-09-21,2026-09-21,CM,NSE,STK,13987,INF209KB17D5,ABSLBANETF,EQ,,,,,BIRLASLAMC - ABSLBANETF,58.32,58.32,57.79,57.87,57.86,57.72,,57.87,,,15503,898259.00,729,F1,1,,,,,
2026-09-21,2026-09-21,CM,NSE,STK,14518,INF209KB18T9,ABSLLIQUID,EQ,,,,,BIRLASLAMC - ABSLLIQUID,1000.01,1000.01,999.99,999.99,999.99,1000.00,,999.99,,,5774,5773950.14,30,F1,1,,,,,
2026-09-21,2026-09-21,CM,NSE,STK,761066,INF209KC1662,ABSLMSCIN,EQ,,,,,BIRLASLAMC - ABSLMSCIN,28.80,28.94,28.80,28.80,28.80,28.69,,28.80,,,106,3061.57,7,F1,1,,,,,
2026-09-21,2026-09-21,CM,NSE,STK,7339,INF209KB16D7,ABSLNN50ET,EQ,,,,,BIRLASLAMC - ABSLNN50ET,73.97,76.40,73.97,76.21,75.89,75.87,,76.23,,,5550,422868.63,231,F1,1,,,,,
2026-09-21,2026-09-21,CM,NSE,STK,5957,INF209KB10E8,BSLSENETFG,EQ,,,,,BIRLASLAMC - BSLSENETFG,75.00,75.90,75.00,75.50,75.90,75.15,,75.50,,,4629,349715.53,90,F1,1,,,,,
2026-09-21,2026-09-21,CM,NSE,STK,6297,INF209KB10C2,HEALTHY,EQ,,,,,BIRLASLAMC - HEALTHY,17.56,17.56,17.10,17.33,17.38,17.14,,17.33,,,629404,10888182.17,1327,F1,1,,,,,
2026-09-21,2026-09-21,CM,NSE,STK,10693,INF209KB14K7,MOMENTUM,EQ,,,,,BIRLASLAMC - MOMENTUM,30.02,31.00,30.02,30.76,30.62,30.79,,30.76,,,15131,465695.76,235,F1,1,,,,,
2026-09-21,2026-09-21,CM,NSE,STK,10690,INF209KB15K4,NIFTYQLITY,EQ,,,,,BIRLASLAMC - NIFTYQLITY,20.61,20.88,20.51,20.64,20.60,20.61,,20.62,,,48220,994742.53,170,F1,1,,,,,
2026-09-21,2026-09-21,CM,NSE,STK,8003,INF209KB19F6,SILVER,EQ,,,,,BIRLASLAMC - SILVER,233.70,233.70,231.30,232.01,232.04,233.88,,232.01,,,653421,151707721.11,6035,F1,1,,,,,
2026-09-21,2026-09-21,CM,NSE,STK,6462,INF209KB11D8,TECH,EQ,,,,,BIRLASLAMC - TECH,32.18,32.55,31.15,31.71,31.77,31.55,,31.72,,,37388,1180055.88,333,F1,1,,,,,
2026-09-21,2026-09-21,CM,NSE,STK,23806,INF209KB19Z4,ABSLPSE,EQ,,,,,BIRLASLAMC-ABSLPSE,10.10,10.10,9.92,10.05,10.06,10.05,,10.05,,,64109,644386.43,348,F1,1,,,,,
2026-09-21,2026-09-21,CM,NSE,STK,6994,INE836A01035,BSOFT,EQ,,,,,BIRLASOFT LIMITED,280.40,284.90,278.00,284.15,284.20,280.40,,284.15,,,791424,223385102.50,21506,F1,1,,,,,
2026-09-21,2026-09-21,CM,NSE,STK,3435,INE676A01027,BBOX,EQ,,,,,BLACK BOX LIMITED,808.45,842.50,805.00,831.35,830.00,801.15,,831.35,,,1120154,931382521.05,50897,F1,1,,,,,
2026-09-21,2026-09-21,CM,NSE,STK,762601,INE761G01016,BLACKROSE,BE,,,,,BLACK ROSE INDS. LTD.,107.99,111.70,106.55,110.95,110.99,106.41,,111.01,,,45811,5037296.98,349,F1,1,,,,,
2026-09-21,2026-09-21,CM,NSE,STK,27144,INE0UIZ01018,BLACKBUCK,EQ,,,,,BLACKBUCK LIMITED,634.60,636.85,620.75,629.95,630.00,632.40,,629.95,,,672779,422514771.90,33088,F1,1,,,,,
2026-09-21,2026-09-21,CM,NSE,STK,8132,INE791A01024,BLBLIMITED,EQ,,,,,BLB LIMITED,16.01,16.20,15.67,15.99,15.89,16.00,,16.01,,,161431,2589937.85,468,F1,1,,,,,
2026-09-21,2026-09-21,CM,NSE,STK,19269,INE416D01022,BLISSGVS,BE,,,,,BLISS GVS PHARMA LTD,680.00,705.00,660.00,661.55,667.90,681.85,,661.29,,,186811,124604840.70,2557,F1,1,,,,,
2026-09-21,2026-09-21,CM,NSE,STK,22566,INE0NLT01010,BLSE,EQ,,,,,BLS E-SERVICES LIMITED,317.15,323.85,315.30,317.25,317.60,316.50,,317.24,,,213407,68044261.70,5962,F1,1,,,,,
2026-09-21,2026-09-21,CM,NSE,STK,17279,INE153T01027,BLS,EQ,,,,,BLS INTL SERVS LTD,226.60,233.80,224.01,232.54,232.05,226.50,,232.55,,,2011798,463220539.89,23032,F1,1,,,,,
2026-09-21,2026-09-21,CM,NSE,STK,8650,INE657B01025,BLUECHIP,BE,,,,,BLUE CHIP INDIA LIMITED,2.02,2.02,2.02,2.02,2.02,2.06,,2.08,,,167,337.34,5,F1,1,,,,,
2026-09-21,2026-09-21,CM,NSE,STK,765040,INE373T01047,BLUECLOUDS,EQ,,,,,BLUE CLOUD SOFTECH SOLU L,19.42,19.49,18.96,19.07,19.04,19.34,,19.08,,,850913,16238560.65,2735,F1,1,,,,,
2026-09-21,2026-09-21,CM,NSE,STK,7480,INE472B01011,BLUECOAST,EQ,,,,,BLUE COAST HOTELS LIMITED,20.99,21.90,20.50,20.56,21.90,20.99,,20.56,,,794,16414.96,27,F1,1,,,,,
2026-09-21,2026-09-21,CM,NSE,STK,495,INE233B01017,BLUEDART,EQ,,,,,BLUE DART EXPRESS LTD,4821.20,4849.80,4794.00,4806.20,4814.90,4821.00,,4806.06,,,5084,24465073.30,1701,F1,1,,,,,
2026-09-21,2026-09-21,CM,NSE,STK,19686,INE0KBH01020,BLUEJET,EQ,,,,,BLUE JET HEALTHCARE LTD,579.00,592.00,575.10,579.65,581.60,575.25,,579.65,,,555419,323860475.40,23931,F1,1,,,,,
2026-09-21,2026-09-21,CM,NSE,STK,8311,INE472A01039,BLUESTARCO,EQ,,,,,BLUE STAR LIMITED,1536.80,1580.00,1535.50,1565.00,1565.00,1531.80,,1565.00,,,624210,977334304.10,32901,F1,1,,,,,
2026-09-21,2026-09-21,CM,NSE,STK,758185,INE0X3M01010,BLUEWATER,ST,,,,,BLUE WATER LOGISTICS LTD,487.70,487.70,467.00,479.95,479.95,475.00,,479.95,,,9000,4262350.00,8,F1,1000,,,,,
2026-09-21,2026-09-21,CM,NSE,STK,759291,INE304W01038,BLUESTONE,EQ,,,,,BLUESTONE JEWEL LFSTL LTD,833.00,858.00,828.35,845.45,844.00,827.50,,845.45,,,478364,405098473.30,19563,F1,1,,,,,
2026-09-21,2026-09-21,CM,NSE,STK,757520,INE0U4101014,BLUSPRING,EQ,,,,,BLUSPRING ENTERPRISES LTD,123.91,124.53,121.50,121.89,122.50,123.34,,121.89,,,111691,13677083.82,1709,F1,1,,,,,
2026-09-21,2026-09-21,CM,NSE,STK,759256,INE965W01036,BMWVENTLTD,EQ,,,,,BMW VENTURES LIMITED,51.95,52.80,49.95,50.47,50.70,51.90,,50.46,,,204056,10483486.06,1663,F1,1,,,,,
2026-09-21,2026-09-21,CM,NSE,STK,762608,INE00HZ01011,BNAGROCHEM,EQ,,,,,BN AGROCHEM LTD.,202.86,207.00,202.00,206.60,205.00,207.00,,206.60,,,263,54397.41,13,F1,1,,,,,
2026-09-21,2026-09-21,CM,NSE,STK,25017,INE338D01028,BODALCHEM,EQ,,,,,BODAL CHEMICALS LTD,194.30,200.79,194.15,197.71,197.75,191.23,,197.68,,,3601741,715994779.31,19116,F1,1,,,,,
2026-09-21,2026-09-21,CM,NSE,STK,14150,INE0EEJ01023,BTML,EQ,,,,,BODHI TREE MULTIMEDIA LTD,7.27,7.54,7.09,7.13,7.12,7.25,,7.13,,,330019,2400561.55,489,F1,1,,,,,
2026-09-21,2026-09-21,CM,NSE,STK,11640,INE802W01023,BOHRAIND,EQ,,,,,BOHRA INDUSTRIES LIMITED,12.71,13.47,12.02,12.70,12.53,12.71,,12.70,,,4942,62635.82,29,F1,1,,,,,
2026-09-21,2026-09-21,CM,NSE,STK,380,INE050A01025,BBTC,EQ,,,,,BOMBAY BURMAH TRADING COR,1512.10,1517.70,1475.00,1484.60,1475.40,1512.10,,1484.60,,,85944,128350833.00,6978,F1,1,,,,,
2026-09-21,2026-09-21,CM,NSE,STK,513,INE032A01023,BOMDYEING,EQ,,,,,BOMBAY DYEING & MFG. CO L,110.81,111.30,109.30,110.02,110.00,111.30,,110.03,,,324885,35864568.16,3326,F1,1,,,,,
2026-09-21,2026-09-21,CM,NSE,STK,6052,INE0I3Y01014,BMETRICS,SM,,,,,BOMBAY METRICS S C LTD,33.95,33.95,33.95,33.95,33.95,34.00,,33.95,,,800,27160.00,1,F1,800,,,,,
2026-09-21,2026-09-21,CM,NSE,STK,809,INE032Z01020,BSHSL,EQ,,,,,BOMBAY SUPER HYBRID SEEDS,89.90,89.90,83.35,84.93,85.00,87.87,,84.93,,,6448,549180.06,188,F1,1,,,,,
2026-09-21,2026-09-21,CM,NSE,STK,29614,INE020B07GZ9,704REC28,N4,,,,,BOND 7.04% PA TAX FREE S2,1076.55,1076.55,1076.55,1076.55,1076.55,1089.99,,1076.55,,,10,10765.50,1,F1,1,,,,,
2026-09-21,2026-09-21,CM,NSE,STK,31128,INE053F07538,810IRFC27,N2,,,,,BOND 8.10% PA TAX FREE S2,1084.11,1084.52,1084.11,1084.34,1084.11,1084.50,,1084.34,,,540,585538.40,5,F1,1,,,,,
2026-09-21,2026-09-21,CM,NSE,STK,31040,INE906B07CB9,830NHAI27,N2,,,,,BOND 8.30% PA TAX FREE S2,1004.00,1004.97,1004.00,1004.01,1004.01,1003.80,,1004.50,,,1313,1318532.54,26,F1,1,,,,,
2026-09-21,2026-09-21,CM,NSE,STK,1991,INE053F07728,863IRFC29,NC,,,,,BOND 8.63% PA TF TII-SIIA,1115.00,1115.00,1115.00,1115.00,1115.00,1115.00,,1115.00,,,10,11150.00,1,F1,1,,,,,
2026-09-21,2026-09-21,CM,NSE,STK,603,INE053F07686,865IRFC29,NA,,,,,BOND 8.65% PA TF TI-SIIB,1104.00,1109.00,1104.00,1106.08,1106.05,1104.00,,1106.08,,,1850,2045882.65,13,F1,1,,,,,
2026-09-21,2026-09-21,CM,NSE,STK,30990,INE020B07HS2,871REC28,N9,,,,,BOND 8.71% TAX FREE S2B,1129.00,1129.00,1128.05,1128.05,1128.05,1127.00,,1128.05,,,290,327324.50,2,F1,1,,,,,
2026-09-21,2026-09-21,CM,NSE,STK,1999,INE053F07744,888IRFC29,NE,,,,,BOND 8.88% PA TF TII-SIIB,1130.00,1130.00,1122.00,1124.05,1124.05,1130.00,,1124.05,,,1711,1923680.00,11,F1,1,,,,,
2026-09-21,2026-09-21,CM,NSE,STK,31970,INE557F07132,901NHB34,N6,,,,,BOND 9.01%PA TF TR-I S 3B,6335.10,6388.00,6335.10,6388.00,6388.00,6400.00,,6388.00,,,228,1447660.00,15,F1,1,,,,,
2026-09-21,2026-09-21,CM,NSE,STK,2947,INE020B07IG5,888REC29,NF,,,,,BOND8.88% PA TF TR II S2B,1150.00,1150.00,1150.00,1150.00,1150.00,1150.00,,1150.00,,,433,497950.00,2,F1,1,,,,,
2026-09-21,2026-09-21,CM,NSE,STK,761056,INE0B9A01018,BONLON,EQ,,,,,BONLON INDUSTRIES LIMITED,39.14,40.97,38.01,39.35,39.05,39.13,,39.28,,,49258,1937241.26,309,F1,1,,,,,
2026-09-21,2026-09-21,CM,NSE,STK,757919,INE16SF01016,BORANA,EQ,,,,,BORANA WEAVES LIMITED,298.95,300.70,295.05,296.85,299.95,297.10,,296.85,,,11436,3397648.40,347,F1,1,,,,,
2026-09-21,2026-09-21,CM,NSE,STK,19401,INE02PY01013,BOROLTD,EQ,,,,,BOROSIL LIMITED,260.00,267.00,255.76,261.14,259.00,259.21,,261.07,,,101036,26189512.86,2192,F1,1,,,,,
2026-09-21,2026-09-21,CM,NSE,STK,3149,INE666D01022,BORORENEW,EQ,,,,,BOROSIL RENEWABLES LTD,462.00,477.35,462.00,473.75,473.00,459.50,,473.74,,,469661,221838544.95,20953,F1,1,,,,,
2026-09-21,2026-09-21,CM,NSE,STK,24014,INE02L001032,BOROSCI,EQ,,,,,BOROSIL SCIENTIFIC LTD,120.00,121.19,118.45,119.11,118.66,119.56,,119.21,,,25850,3087807.01,601,F1,1,,,,,
2026-09-21,2026-09-21,CM,NSE,STK,4491,INE782A01015,BOSCH-HCIL,EQ,,,,,BOSCH HOME COMFRT IND LTD,1675.60,1709.90,1675.60,1685.70,1681.10,1694.00,,1685.77,,,13525,22846009.70,1447,F1,1,,,,,
2026-09-21,2026-09-21,CM,NSE,STK,2181,INE323A01026,BOSCHLTD,EQ,,,,,BOSCH LIMITED,47460.00,48180.00,47460.00,47565.00,47565.00,47000.00,,47565.39,,,15873,759861800.00,8062,F1,1,,,,,
2026-09-21,2026-09-21,CM,NSE,STK,25122,INE0QNI01012,BOSS,ST,,,,,BOSS PACKAGING SOLU LTD,60.10,60.10,60.10,60.10,60.10,59.80,,60.10,,,2000,120200.00,1,F1,2000,,,,,
2026-09-21,2026-09-21,CM,NSE,STK,530,INE110A01019,BPL,EQ,,,,,BPL LTD,45.93,47.32,44.20,44.96,45.50,45.79,,44.95,,,92113,4218071.14,1113,F1,1,,,,,
2026-09-21,2026-09-21,CM,NSE,STK,24905,INE0R4Z01018,BRACEPORT,SM,,,,,BRACE PORT LOGISTICS LTD,52.00,61.80,52.00,60.00,60.00,52.00,,60.00,,,36800,2108400.00,23,F1,1600,,,,,
2026-09-21,2026-09-21,CM,NSE,STK,764628,INE320I01017,BRAHMINFRA,EQ,,,,,BRAHMAPUTRA INFRA L,165.80,165.80,157.68,160.92,161.98,162.36,,160.65,,,10294,1650017.27,161,F1,1,,,,,
2026-09-21,2026-09-21,CM,NSE,STK,24814,INE02RE01045,FIRSTCRY,EQ,,,,,BRAINBEES SOLUTIONS LTD,170.25,173.09,169.55,170.43,169.81,172.15,,170.43,,,961798,164476595.44,12865,F1,1,,,,,
2026-09-21,2026-09-21,CM,NSE,STK,7780,INE977Y01011,BCONCEPTS,EQ,,,,,BRAND CONCEPTS LIMITED,151.99,154.65,150.30,151.94,151.35,153.10,,152.05,,,10265,1558118.02,277,F1,1,,,,,
2026-09-21,2026-09-21,CM,NSE,STK,760972,INE0XUD01014,BRANDMAN,SM,,,,,BRANDMAN RETAIL LIMITED,162.25,162.25,162.25,162.25,162.25,162.20,,162.25,,,800,129800.00,1,F1,800,,,,,
2026-09-21,2026-09-21,CM,NSE,STK,15184,INE791I01019,BRIGADE,EQ,,,,,BRIGADE ENTER. LTD,621.00,630.15,605.80,608.75,607.00,621.70,,608.74,,,204755,125468519.75,12755,F1,1,,,,,
2026-09-21,2026-09-21,CM,NSE,STK,757794,INE03NU01014,BRIGHOTEL,EQ,,,,,BRIGADE HOTEL VENTURE LTD,57.11,57.15,56.10,56.40,56.36,56.23,,56.40,,,66152,3730451.01,2241,F1,1,,,,,
2026-09-21,2026-09-21,CM,NSE,STK,764633,INE630D01010,BRIGHTBR,EQ,,,,,BRIGHT BROTHERS LTD.,250.00,259.00,240.15,253.50,242.50,248.45,,253.07,,,1405,352515.80,68,F1,1,,,,,
2026-09-21,2026-09-21,CM,NSE,STK,8833,INE425B01027,BCG,EQ,,,,,BRIGHTCOM GROUP LIMITED,10.30,10.46,9.53,9.67,9.69,10.26,,9.67,,,17102834,169316502.98,17984,F1,1,,,,,
2026-09-21,2026-09-21,CM,NSE,STK,547,INE216A01030,BRITANNIA,EQ,,,,,BRITANNIA INDUSTRIES LTD,5001.50,5030.50,4991.50,5023.00,5023.00,4998.00,,5022.98,,,166876,837083200.00,16956,F1,1,,,,,
2026-09-21,2026-09-21,CM,NSE,STK,2203,INE0FDU25010,BIRET,RR,,,,,BROOKFIELD INDIA RET,339.98,340.80,338.61,339.10,338.74,338.57,,339.10,,,441163,149684110.53,14262,F1,1,,,,,
2026-09-21,2026-09-21,CM,NSE,STK,25136,INE650L01011,BROOKS,EQ,,,,,BROOKS LAB LIMITED,63.80,63.80,59.00,59.09,59.10,61.53,,59.10,,,86961,5189041.92,1049,F1,1,,,,,
2026-09-21,2026-09-21,CM,NSE,STK,19585,INE118H01025,BSE,EQ,,,,,BSE LIMITED,3258.00,3258.00,3085.10,3161.00,3161.00,3266.40,,3161.00,,,6738927,21285977639.10,329129,F1,1,,,,,
2026-09-21,2026-09-21,CM,NSE,STK,559,INE594B01012,BSL,EQ,,,,,BSL LTD,120.63,130.98,118.00,126.15,126.00,118.26,,126.15,,,18835,2383392.24,350,F1,1,,,,,
2026-09-21,2026-09-21,CM,NSE,STK,2716,INE295F01017,BUTTERFLY,EQ,,,,,BTRFLY GANDHI APPL LTD,590.00,592.00,572.05,574.35,575.00,585.80,,574.36,,,28059,16309417.95,1313,F1,1,,,,,
2026-09-21,2026-09-21,CM,NSE,STK,24704,INE0SZ301012,BULKCORP,ST,,,,,BULKCORP INTERNATIONAL L,81.00,81.00,81.00,81.00,81.00,81.70,,81.00,,,1200,97200.00,1,F1,1200,,,,,
2026-09-21,2026-09-21,CM,NSE,STK,15198,INE817H01022,BURNPUR,BE,,,,,BURNPUR CEMENT LIMITED,17.88,17.88,16.96,16.96,16.96,17.85,,16.96,,,26077,445762.47,235,F1,1,,,,,
2026-09-21,2026-09-21,CM,NSE,STK,764643,INE084D01010,CGVAK,EQ,,,,,C G V A K SOFTWARE & EX L,145.01,151.00,143.60,145.77,147.00,149.80,,145.65,,,7324,1063236.32,124,F1,1,,,,,
2026-09-21,2026-09-21,CM,NSE,STK,760854,INE0SMX01019,CKKRETAIL,SM,,,,,C K K RETAIL MART LIMITED,172.05,185.00,171.10,185.00,185.00,170.60,,185.00,,,49600,8756160.00,44,F1,800,,,,,
2026-09-21,2026-09-21,CM,NSE,STK,7227,INE0BV301023,MAPMYINDIA,EQ,,,,,C.E. INFO SYSTEMS LIMITED,910.60,913.90,889.10,900.50,897.00,899.40,,900.48,,,103519,93282434.60,7570,F1,1,,,,,
2026-09-21,2026-09-21,CM,NSE,STK,27274,INE0U7V01015,C2C,SM,,,,,C2C ADVANCED SYSTEMS LTD,201.15,202.00,177.00,185.25,185.00,204.20,,185.25,,,409200,76252132.50,1776,F1,150,,,,,
2026-09-21,2026-09-21,CM,NSE,STK,764255,INE11XY01018,CMLL,EQ,,,,,CALIBER MINING AND LOG L,477.70,483.65,473.30,475.95,475.30,477.70,,475.95,,,112991,54044546.90,4241,F1,1,,,,,
2026-09-21,2026-09-21,CM,NSE,STK,8400,INE526B01014,CALSOFT,BE,,,,,CALIFORNIA SOFTWARE CO LT,39.70,41.14,39.70,41.14,41.14,39.19,,41.14,,,236606,9721946.16,538,F1,1,,,,,
2026-09-21,2026-09-21,CM,NSE,STK,14222,INE627H01017,CTE,BE,,,,,CAMBRIDGE TECH ENTER LTD,42.73,42.73,40.80,42.73,42.73,40.70,,42.60,,,12043,509902.71,100,F1,1,,,,,
2026-09-21,2026-09-21,CM,NSE,STK,6216,INE052I01032,CAMLINFINE,EQ,,,,,CAMLIN FINE SCIENCES LTD,97.95,99.51,96.54,98.75,99.30,97.28,,98.74,,,581240,57031479.82,5810,F1,1,,,,,
2026-09-21,2026-09-21,CM,NSE,STK,9362,INE278Y01022,CAMPUS,EQ,,,,,CAMPUS ACTIVEWEAR LIMITED,212.12,213.40,209.00,211.16,211.30,212.12,,211.16,,,484658,102325574.02,12371,F1,1,,,,,
2026-09-21,2026-09-21,CM,NSE,STK,583,INE477A01020,CANFINHOME,EQ,,,,,CAN FIN HOMES LTD,781.00,783.00,766.05,769.90,770.00,778.50,,769.88,,,290056,224365470.75,11554,F1,1,,,,,
2026-09-21,2026-09-21,CM,NSE,STK,10794,INE476A01022,CANBK,EQ,,,,,CANARA BANK,123.23,123.99,122.95,123.70,123.70,123.78,,123.70,,,5171600,638584703.04,35267,F1,1,,,,,
2026-09-21,2026-09-21,CM,NSE,STK,759477,INE01TY01017,CANHLIFE,EQ,,,,,CANARA HSBC LIFE INS CO L,153.49,153.59,149.80,152.97,153.50,153.59,,152.97,,,830360,126521774.60,17459,F1,1,,,,,
2026-09-21,2026-09-21,CM,NSE,STK,759311,INE218I01013,CRAMC,EQ,,,,,CANARA ROBECO AMC LIMITED,235.55,235.90,228.60,231.10,230.60,234.00,,231.12,,,694974,160644538.70,12261,F1,1,,,,,
2026-09-21,2026-09-21,CM,NSE,STK,19368,INE0QG301017,CANARYS,SM,,,,,CANARYS AUTOMATIONS LTD,24.90,29.35,24.90,28.55,28.95,24.90,,28.55,,,540000,14820600.00,117,F1,4000,,,,,
2026-09-21,2026-09-21,CM,NSE,STK,20160,INE068L01024,CANTABIL,EQ,,,,,CANTABIL RETAIL LTD,243.20,243.33,238.60,241.08,240.99,242.63,,241.08,,,115259,27804056.87,1607,F1,1,,,,,
2026-09-21,2026-09-21,CM,NSE,STK,21749,INE264T01014,CAPACITE,EQ,,,,,CAPACITE INFRAPROJECT LTD,194.29,196.18,192.30,195.02,195.60,195.71,,195.02,,,134305,26096396.63,2979,F1,1,,,,,
2026-09-21,2026-09-21,CM,NSE,STK,759867,INE0ILV01024,CAPILLARY,EQ,,,,,CAPILLARY TECHNO INDIA L,493.95,524.90,484.05,510.15,510.00,484.05,,510.14,,,907446,465081260.15,29196,F1,1,,,,,
2026-09-21,2026-09-21,CM,NSE,STK,756015,INE345H01024,CIFL,EQ,,,,,CAPITAL INDIA FINANCE LTD,20.00,20.48,19.82,20.02,19.91,19.98,,20.08,,,62696,1254757.41,577,F1,1,,,,,
2026-09-21,2026-09-21,CM,NSE,STK,29157,INE0Z8Z23013,CAPINVIT,IV,,,,,CAPITAL INFRA TRUST,77.28,77.28,76.55,77.07,77.00,76.94,,77.06,,,425496,32742487.95,1819,F1,1,,,,,
2026-09-21,2026-09-21,CM,NSE,STK,22675,INE646H01017,CAPITALSFB,EQ,,,,,CAPITAL SMALL FIN BANK L,280.20,287.95,274.35,282.00,277.00,278.90,,281.98,,,21782,6073134.70,650,F1,1,,,,,
2026-09-21,2026-09-21,CM,NSE,STK,19451,INE707C01018,CAPTRUST,BE,,,,,CAPITAL TRUST LIMITED,19.70,19.85,18.80,18.92,19.50,19.39,,18.96,,,11984,232196.76,56,F1,1,,,,,
2026-09-21,2026-09-21,CM,NSE,STK,3906,INE475E01026,CAPLIPOINT,EQ,,,,,CAPLIN POINT LAB LTD.,2760.00,2818.90,2749.00,2756.60,2774.00,2748.60,,2756.61,,,91962,255594076.70,16613,F1,1,,,,,
2026-09-21,2026-09-21,CM,NSE,STK,20329,INE180C01042,CGCL,EQ,,,,,CAPRI GLOBAL CAPITAL LTD,272.95,273.00,267.10,268.85,269.00,270.65,,268.85,,,1696131,456969834.85,18305,F1,1,,,,,
2026-09-21,2026-09-21,CM,NSE,STK,764203,INE536P01021,CPL,EQ,,,,,CAPTAIN POLYPLAST LIMITED,64.47,64.47,63.19,63.75,63.50,64.49,,63.72,,,14296,915031.87,383,F1,1,,,,,
2026-09-21,2026-09-21,CM,NSE,STK,595,INE120A01034,CARBORUNIV,EQ,,,,,CARBORUNDUM UNIVERSAL LTD,1175.00,1229.00,1151.60,1178.90,1177.00,1124.40,,1179.08,,,3767733,4483375253.90,163372,F1,1,,,,,
2026-09-21,2026-09-21,CM,NSE,STK,29113,INE752H01013,CARERATING,EQ,,,,,CARE RATINGS LIMITED,1653.60,1666.30,1617.10,1627.60,1617.90,1668.60,,1627.60,,,29682,48588856.10,3484,F1,1,,,,,
2026-09-21,2026-09-21,CM,NSE,STK,758941,INE0P6P01016,CPEDU,EQ,,,,,CAREER POINT EDUTECH LTD,171.52,184.82,171.52,182.28,181.25,171.66,,182.28,,,12653,2247867.47,247,F1,1,,,,,
2026-09-21,2026-09-21,CM,NSE,STK,28879,INE0V7W01012,CARRARO,EQ,,,,,CARRARO INDIA LIMITED,518.85,535.00,518.85,528.35,528.00,524.65,,528.28,,,49204,25935874.35,2886,F1,1,,,,,
2026-09-21,2026-09-21,CM,NSE,STK,5407,INE290S01011,CARTRADE,EQ,,,,,CARTRADE TECH LIMITED,2989.90,2990.10,2907.70,2918.00,2919.00,2988.90,,2917.99,,,162985,478622672.20,21080,F1,1,,,,,
2026-09-21,2026-09-21,CM,NSE,STK,1879,INE482D01024,CARYSIL,EQ,,,,,CARYSIL LIMITED,1125.70,1139.00,1058.30,1064.90,1067.00,1131.30,,1064.94,,,202364,219864235.90,13582,F1,1,,,,,
2026-09-21,2026-09-21,CM,NSE,STK,758129,INE0WL201014,CUDML,SM,,,,,CASH UR DRIVE MARKETING L,105.25,105.25,105.25,105.25,105.25,108.00,,105.25,,,4000,421000.00,1,F1,1000,,,,,
2026-09-21,2026-09-21,CM,NSE,STK,1250,INE172A01027,CASTROLIND,EQ,,,,,CASTROL INDIA LIMITED,197.14,197.20,193.15,193.50,193.25,197.14,,193.50,,,2910985,567446613.90,37344,F1,1,,,,,
2026-09-21,2026-09-21,CM,NSE,STK,11452,INE421D01022,CCL,EQ,,,,,CCL PRODUCTS (I) LTD,1060.00,1079.50,1055.00,1071.00,1070.50,1065.60,,1071.03,,,135661,144783737.80,18052,F1,1,,,,,
2026-09-21,2026-09-21,CM,NSE,STK,15254,INE482A01020,CEATLTD,EQ,,,,,CEAT LIMITED,3471.20,3485.00,3375.50,3392.70,3379.90,3468.90,,3392.42,,,46913,160100031.00,7024,F1,1,,,,,
2026-09-21,2026-09-21,CM,NSE,STK,757690,INE11J101017,CEDAAR,ST,,,,,CEDAAR TEXTILE LIMITED,11.20,11.20,10.55,11.00,11.00,11.10,,11.00,,,9000,97050.00,9,F1,1000,,,,,
2026-09-21,2026-09-21,CM,NSE,STK,24742,INE0AG901020,CEIGALL,EQ,,,,,CEIGALL INDIA LIMITED,374.00,382.00,370.45,379.95,379.45,373.75,,379.94,,,225114,85004962.00,5773,F1,1,,,,,
2026-09-21,2026-09-21,CM,NSE,STK,761037,INE016Q01014,CEINSYS,EQ,,,,,CEINSYS TECH LIMITED,689.00,721.35,681.10,709.65,709.90,675.35,,709.64,,,124570,88436144.35,8433,F1,1,,,,,
2026-09-21,2026-09-21,CM,NSE,STK,13162,INE185H01016,CELEBRITY,EQ,,,,,CELEBRITY FASHIONS LTD,6.83,6.88,6.26,6.64,6.65,6.83,,6.64,,,22013,145562.96,194,F1,1,,,,,
2026-09-21,2026-09-21,CM,NSE,STK,16950,INE0O0001013,CELLPOINT,SM,,,,,CELL POINT (INDIA) LTD,13.30,14.75,13.25,14.75,14.75,14.65,,14.75,,,3600,49560.00,3,F1,1200,,,,,
2026-09-21,2026-09-21,CM,NSE,STK,18806,INE0OMO01025,CELLECOR,SM,,,,,CELLECOR GADGETS LIMITED,30.00,30.90,29.00,29.20,29.10,30.00,,29.20,,,384000,11476500.00,110,F1,3000,,,,,
2026-09-21,2026-09-21,CM,NSE,STK,19795,INE0LMW01024,CELLO,EQ,,,,,CELLO WORLD LIMITED,324.60,325.00,314.60,321.95,321.00,322.45,,321.93,,,424795,135719694.70,13606,F1,1,,,,,
2026-09-21,2026-09-21,CM,NSE,STK,5622,INE686A01026,CEMPRO,EQ,,,,,CEMINDIA PROJECTS LIMITED,1263.00,1274.80,1248.10,1256.50,1249.10,1263.50,,1256.48,,,95870,120809142.60,9988,F1,1,,,,,
2026-09-21,2026-09-21,CM,NSE,STK,14894,INE483A01010,CENTRALBK,EQ,,,,,CENTRAL BANK OF INDIA,31.73,31.73,31.40,31.49,31.45,31.73,,31.49,,,4219951,133087688.36,12996,F1,1,,,,,
2026-09-21,2026-09-21,CM,NSE,STK,21174,INE736A01011,CDSL,EQ,,,,,CENTRAL DEPO SER (I) LTD,1390.00,1394.40,1353.30,1361.00,1361.00,1390.00,,1361.00,,,838882,1145665113.10,34164,F1,1,,,,,
2026-09-21,2026-09-21,CM,NSE,STK,761581,INE05HV01027,CMPDI,EQ,,,,,CENTRAL MINE P N D INST L,216.02,216.30,208.46,209.96,210.17,214.58,,209.96,,,1509024,317683365.03,34424,F1,1,,,,,
2026-09-21,2026-09-21,CM,NSE,STK,2454,INE660C01027,CENTRUM,EQ,,,,,CENTRUM CAPITAL LIMITED,21.70,22.00,21.70,21.85,22.00,21.94,,21.86,,,95806,2091650.86,472,F1,1,,,,,
2026-09-21,2026-09-21,CM,NSE,STK,14982,INE320B01020,CENTUM,EQ,,,,,CENTUM ELECTRONICS LTD,4351.50,4805.00,4350.00,4739.20,4753.00,4333.30,,4739.34,,,296060,1375129554.30,45407,F1,1,,,,,
2026-09-21,2026-09-21,CM,NSE,STK,619,INE485A01015,CENTENKA,EQ,,,,,CENTURY ENKA LTD,563.00,574.00,559.05,571.90,573.50,561.45,,571.90,,,30416,17273087.15,2338,F1,1,,,,,
2026-09-21,2026-09-21,CM,NSE,STK,11511,INE281A01026,CENTEXT,EQ,,,,,CENTURY EXTRUSIONS LTD,19.16,19.46,19.00,19.35,19.40,19.16,,19.35,,,142614,2744608.43,797,F1,1,,,,,
2026-09-21,2026-09-21,CM,NSE,STK,13305,INE348B01021,CENTURYPLY,EQ,,,,,CENTURY PLYBOARDS (I) LTD,722.90,724.65,701.00,703.35,701.25,722.65,,703.35,,,328751,234052763.05,11321,F1,1,,,,,
2026-09-21,2026-09-21,CM,NSE,STK,15039,INE739E01017,CERA,EQ,,,,,CERA SANITARYWARE LTD,5600.00,5640.00,5520.00,5528.00,5525.00,5645.00,,5527.25,,,6394,35628180.00,1836,F1,1,,,,,
2026-09-21,2026-09-21,CM,NSE,STK,29016,INE345B01019,CEREBRAINT,BZ,,,,,CEREBRA INT TECH LTD,2.76,2.76,2.76,2.76,2.76,2.86,,2.76,,,25680,70876.80,47,F1,1,,,,,
2026-09-21,2026-09-21,CM,NSE,STK,628,INE486A01021,CESC,EQ,,,,,CESC LTD,141.80,144.33,141.12,143.47,143.30,141.53,,143.47,,,1377220,197208781.88,15162,F1,1,,,,,
2026-09-21,2026-09-21,CM,NSE,STK,760,INE067A01029,CGPOWER,EQ,,,,,CG POWER AND IND SOL LTD,903.00,919.75,903.00,910.00,910.00,892.00,,909.98,,,2999705,2737545414.85,66438,F1,1,,,,,
2026-09-21,2026-09-21,CM,NSE,STK,8546,INE427F01016,CHALET,EQ,,,,,CHALET HOTELS LIMITED,864.00,865.60,854.60,860.05,860.00,865.65,,860.05,,,34551,29723159.70,3729,F1,1,,,,,
2026-09-21,2026-09-21,CM,NSE,STK,3482,INE419D01026,CLSEL,EQ,,,,,CHAMAN LAL SETIA EXP LTD,292.00,294.30,291.20,293.25,292.10,294.90,,293.44,,,19164,5613661.55,1018,F1,1,,,,,
2026-09-21,2026-09-21,CM,NSE,STK,13731,INE06PV01010,CMNL,SM,,,,,CHAMAN METALLICS LIMITED,111.25,111.25,111.25,111.25,111.25,111.25,,111.25,,,750,83437.50,1,F1,750,,,,,
2026-09-21,2026-09-21,CM,NSE,STK,637,INE085A01013,CHAMBLFERT,EQ,,,,,CHAMBAL FERTILIZERS LTD,415.00,420.00,413.25,417.20,417.70,414.90,,417.21,,,498363,207699423.80,16615,F1,1,,,,,
2026-09-21,2026-09-21,CM,NSE,STK,29541,INE11HG01018,CHAMUNDA,SM,,,,,CHAMUNDA ELECTRICAL LTD,42.40,42.40,42.40,42.40,42.40,44.00,,42.40,,,3000,127200.00,1,F1,3000,,,,,
2026-09-21,2026-09-21,CM,NSE,STK,29633,INE0B2N01016,CHANDAN,SM,,,,,CHANDAN HEALTHCARE LTD,205.00,217.75,205.00,215.25,217.75,202.45,,215.25,,,44000,9275200.00,54,F1,800,,,,,
2026-09-21,2026-09-21,CM,NSE,STK,18654,INE0PT101017,CHAVDA,SM,,,,,CHAVDA INFRA LIMITED,122.50,143.00,122.50,136.95,136.95,120.00,,136.95,,,380000,52236700.00,193,F1,1000,,,,,
2026-09-21,2026-09-21,CM,NSE,STK,757991,INE0TGX01019,CHEMBONDCH,BE,,,,,CHEMBOND CHEMICAL LIMITED,275.00,275.00,260.30,261.50,260.35,272.55,,261.61,,,5030,1326227.65,137,F1,1,,,,,
2026-09-21,2026-09-21,CM,NSE,STK,14618,INE995D01025,CHEMBOND,EQ,,,,,CHEMBOND MATERIALTECH LTD,192.77,197.59,183.50,187.04,187.00,192.77,,187.04,,,10827,2040818.66,422,F1,1,,,,,
2026-09-21,2026-09-21,CM,NSE,STK,276,INE03YM01018,CHEMCON,BE,,,,,CHEMCON SPECIAL CHEM LTD,216.36,227.00,216.36,225.80,225.50,216.36,,225.79,,,80483,17897420.24,1019,F1,1,,,,,
2026-09-21,2026-09-21,CM,NSE,STK,765045,INE298W01016,CHEMCRUX,EQ,,,,,CHEMCRUX ENTERPRISES LTD.,78.40,82.40,78.40,79.23,79.00,80.78,,79.20,,,3926,314005.16,147,F1,1,,,,,
2026-09-21,2026-09-21,CM,NSE,STK,2799,INE783X01023,CHEMFAB,EQ,,,,,CHEMFAB ALKALIS LIMITED,370.00,377.40,356.15,359.30,356.40,369.40,,359.35,,,1644,592644.70,145,F1,1,,,,,
2026-09-21,2026-09-21,CM,NSE,STK,5449,INE488A01050,CHEMPLASTS,EQ,,,,,CHEMPLAST SANMAR LIMITED,171.48,191.00,170.00,181.17,180.42,171.48,,181.18,,,1444196,266015609.67,22068,F1,1,,,,,
2026-09-21,2026-09-21,CM,NSE,STK,2049,INE178A01016,CHENNPETRO,EQ,,,,,CHENNAI PETROLEUM CORP LT,1420.40,1435.10,1370.00,1375.50,1377.90,1416.60,,1375.50,,,1280837,1775744535.00,47154,F1,1,,,,,
2026-09-21,2026-09-21,CM,NSE,STK,24625,INE0U1T01012,CHETANA,SM,,,,,CHETANA EDUCATION LIMITED,40.20,40.20,40.20,40.20,40.20,40.00,,40.20,,,1600,64320.00,1,F1,1600,,,,,
2026-09-21,2026-09-21,CM,NSE,STK,9879,INE974B01016,CHEVIOT,EQ,,,,,CHEVIOT COMPANY LIMITED,1170.00,1179.90,1160.00,1168.40,1174.00,1174.70,,1168.40,,,711,830374.30,100,F1,1,,,,,
2026-09-21,2026-09-21,CM,NSE,STK,8866,INE102B01014,CHOICEIN,EQ,,,,,CHOICE INTERNATIONAL LTD,762.75,793.00,756.10,782.05,780.00,763.85,,782.05,,,966736,752874808.25,16861,F1,1,,,,,
2026-09-21,2026-09-21,CM,NSE,STK,759610,INF2KCX01012,CHOICEGOLD,EQ,,,,,CHOICEAMC - CHOICEGOLD,151.99,151.99,150.03,150.99,151.23,151.99,,150.83,,,1577,238195.09,137,F1,1,,,,,
2026-09-21,2026-09-21,CM,NSE,STK,21740,INE149A01033,CHOLAHLDNG,EQ,,,,,CHOLAMANDALAM FIN HOL LTD,1500.00,1507.50,1460.20,1474.80,1471.00,1507.70,,1474.82,,,147817,220224542.20,10999,F1,1,,,,,
2026-09-21,2026-09-21,CM,NSE,STK,685,INE121A01024,CHOLAFIN,EQ,,,,,CHOLAMANDALAM IN & FIN CO,1806.00,1806.00,1763.50,1764.00,1764.00,1800.00,,1764.03,,,922958,1641951495.50,61209,F1,1,,,,,
2026-09-21,2026-09-21,CM,NSE,STK,14937,INE536H01010,CIEINDIA,EQ,,,,,CIE AUTOMOTIVE INDIA LTD,388.00,398.00,381.50,395.15,394.30,387.15,,395.15,,,393005,153927840.50,17468,F1,1,,,,,
2026-09-21,2026-09-21,CM,NSE,STK,27161,INE704H01022,CINELINE,EQ,,,,,CINELINE INDIA LIMITED,89.34,92.00,87.21,90.31,92.00,90.36,,90.31,,,27241,2442594.04,382,F1,1,,,,,
2026-09-21,2026-09-21,CM,NSE,STK,8024,INE039B01026,CINEVISTA,EQ,,,,,CINEVISTA LIMITED,14.98,14.98,13.87,14.14,14.02,14.13,,14.14,,,3492,49419.89,127,F1,1,,,,,
2026-09-21,2026-09-21,CM,NSE,STK,694,INE059A01026,CIPLA,EQ,,,,,CIPLA LTD,1383.20,1405.20,1378.30,1386.10,1386.10,1394.50,,1386.09,,,895131,1245648848.80,31866,F1,1,,,,,
2026-09-21,2026-09-21,CM,NSE,STK,763149,INE2Q7823014,CITIUSINVT,IV,,,,,CITIUS TRANSNET INV TRUST,116.40,126.04,115.16,118.43,117.10,115.83,,118.44,,,128883,15050240.80,256,F1,1,,,,,
2026-09-21,2026-09-21,CM,NSE,STK,5701,INE491A01021,CUB,EQ,,,,,CITY UNION BANK LTD,236.00,237.74,233.10,234.94,233.10,235.79,,234.94,,,846007,199260196.28,19707,F1,1,,,,,
2026-09-21,2026-09-21,CM,NSE,STK,20223,INE201M01029,CLEDUCATE,EQ,,,,,CL EDUCATE LIMITED,55.07,56.99,53.40,56.75,56.98,54.81,,56.75,,,3957,218818.06,139,F1,1,,,,,
2026-09-21,2026-09-21,CM,NSE,STK,758736,INE0UQ601012,CLASSICEIL,SM,,,,,CLASSIC ELECTRODE (IND) L,51.95,52.80,50.50,50.50,50.50,51.00,,50.50,,,8000,410960.00,5,F1,1600,,,,,
2026-09-21,2026-09-21,CM,NSE,STK,754695,INE1QGM01024,CLAYCRAFT,SM,,,,,CLAY CRAFT INDIA LIMITED,169.00,171.50,158.00,163.35,162.10,166.70,,163.35,,,176400,28999170.00,178,F1,600,,,,,
2026-09-21,2026-09-21,CM,NSE,STK,13846,INE376C01038,CLCIND,BE,,,,,CLC INDUSTRIES LIMITED,46.46,47.67,45.29,45.30,45.30,47.67,,45.30,,,1637,77262.66,17,F1,1,,,,,
2026-09-21,2026-09-21,CM,NSE,STK,760183,INE647U01026,CLEANMAX,EQ,,,,,CLEAN MAX ENVIRO EN SOL L,1280.90,1365.00,1269.30,1340.50,1358.90,1279.40,,1340.79,,,217581,288632759.80,20128,F1,1,,,,,
2026-09-21,2026-09-21,CM,NSE,STK,5049,INE227W01023,CLEAN,EQ,,,,,CLEAN SCIENCE & TECH LTD,851.90,861.90,831.30,834.90,832.50,851.90,,834.93,,,305977,257797847.60,19518,F1,1,,,,,
2026-09-21,2026-09-21,CM,NSE,STK,760143,INE1EF801010,CSSL,SM,,,,,CLEAR SECURED SERVICES L,87.95,87.95,87.00,87.00,87.00,86.00,,87.00,,,3000,262900.00,3,F1,1000,,,,,
2026-09-21,2026-09-21,CM,NSE,STK,19676,INE981B01011,CMICABLES,BZ,,,,,CMI LIMITED,2.50,2.75,2.50,2.75,2.75,2.62,,2.62,,,9134,24763.48,33,F1,1,,,,,
2026-09-21,2026-09-21,CM,NSE,STK,30893,INE00WV01027,CMRGREEN,EQ,,,,,CMR GREEN TECHNOLOGIES L,232.00,233.19,226.60,229.90,229.60,231.87,,229.90,,,489891,112565055.08,16860,F1,1,,,,,
2026-09-21,2026-09-21,CM,NSE,STK,7603,INE925R01014,CMSINFO,EQ,,,,,CMS INFO SYSTEMS LIMITED,232.95,235.49,229.80,232.14,232.20,230.93,,232.14,,,664959,154677229.83,14423,F1,1,,,,,
2026-09-21,2026-09-21,CM,NSE,STK,20374,INE522F01014,COALINDIA,EQ,,,,,COAL INDIA LTD,411.70,415.40,410.45,414.70,414.70,409.90,,414.70,,,3442984,1424246734.00,59798,F1,1,,,,,
2026-09-21,2026-09-21,CM,NSE,STK,6006,INE377E01024,COASTCORP,EQ,,,,,COASTAL CORPORATION LTD,38.84,39.70,38.26,38.94,38.26,38.84,,38.94,,,58205,2267355.46,750,F1,1,,,,,
2026-09-21,2026-09-21,CM,NSE,STK,21508,INE704P01025,COCHINSHIP,EQ,,,,,COCHIN SHIPYARD LIMITED,1373.80,1392.50,1363.10,1385.00,1385.00,1398.00,,1384.92,,,784923,1086272451.30,25814,F1,1,,,,,
2026-09-21,2026-09-21,CM,NSE,STK,11165,INE335K01011,COFFEEDAY,EQ,,,,,COFFEE DAY ENTERPRISE LTD,30.99,30.99,29.82,30.15,30.25,30.52,,30.15,,,441914,13362535.43,2066,F1,1,,,,,
2026-09-21,2026-09-21,CM,NSE,STK,11543,INE591G01025,COFORGE,EQ,,,,,COFORGE LIMITED,1809.00,1819.40,1791.00,1814.00,1814.00,1841.00,,1814.00,,,1932416,3490079453.70,51143,F1,1,,,,,
2026-09-21,2026-09-21,CM,NSE,STK,17945,INE03QK01018,COHANCE,EQ,,,,,COHANCE LIFESCIENCES LTD,438.45,482.25,435.55,460.45,458.00,438.00,,460.45,,,8798590,4115417506.10,160526,F1,1,,,,,
2026-09-21,2026-09-21,CM,NSE,STK,15141,INE259A01022,COLPAL,EQ,,,,,COLGATE PALMOLIVE LTD.,1892.30,1903.00,1879.40,1892.00,1892.00,1917.80,,1892.00,,,720315,1360339329.40,27415,F1,1,,,,,
2026-09-21,2026-09-21,CM,NSE,STK,762628,INE819A01049,COMFINTE,EQ,,,,,COMFORT INTECH LTD.,5.98,6.06,5.63,5.72,5.75,5.98,,5.72,,,306160,1783142.64,547,F1,1,,,,,
2026-09-21,2026-09-21,CM,NSE,STK,21578,INE073V01015,COMSYN,EQ,,,,,COMMERCIAL SYN BAGS LTD,306.00,315.40,298.40,304.10,301.20,306.55,,304.11,,,1469714,444662353.05,11694,F1,1,,,,,
2026-09-21,2026-09-21,CM,NSE,STK,19513,INE597Z01014,COMMITTED,SM,,,,,COMMITTED CARGO CARE LTD,359.00,359.00,328.10,329.85,328.10,330.50,,329.85,,,45600,15750600.00,16,F1,800,,,,,
2026-09-21,2026-09-21,CM,NSE,STK,764648,INE823B01015,COMPEAU,EQ,,,,,COMPETENT AUTOMOB CO. L,332.20,375.00,332.20,366.60,368.00,365.00,,366.44,,,251,89501.85,18,F1,1,,,,,
2026-09-21,2026-09-21,CM,NSE,STK,19670,INE070C01037,COMPINFO,BZ,,,,,COMPUAGE INFOCOM LTD,1.10,1.15,1.05,1.06,1.05,1.10,,1.06,,,11388,12423.96,40,F1,1,,,,,
2026-09-21,2026-09-21,CM,NSE,STK,31138,INE453B01029,COMPUSOFT,EQ,,,,,COMPUCOM SOFTWARE LTD,14.00,14.00,13.24,13.35,13.24,13.63,,13.35,,,34472,466690.76,280,F1,1,,,,,
2026-09-21,2026-09-21,CM,NSE,STK,342,INE596I01020,CAMS,EQ,,,,,COMPUTER AGE MNGT SER LTD,715.00,716.15,703.25,703.85,703.85,708.05,,703.86,,,620900,439614371.10,25123,F1,1,,,,,
2026-09-21,2026-09-21,CM,NSE,STK,18060,INE338H01029,CONCORDBIO,EQ,,,,,CONCORD BIOTECH LIMITED,1536.00,1592.00,1512.70,1579.40,1574.00,1494.40,,1579.48,,,561323,879213080.90,44795,F1,1,,,,,
2026-09-21,2026-09-21,CM,NSE,STK,28764,INE037Z01029,CEWATER,EQ,,,,,CONCORD ENVIRO SYSTEMS L,278.00,281.00,272.00,279.60,279.25,279.25,,279.59,,,113308,31480871.00,3744,F1,1,,,,,
2026-09-21,2026-09-21,CM,NSE,STK,764641,INE700F01024,CFEL,BE,,,,,CONFIDENCE FUTURIST ENE L,48.00,49.29,44.80,48.84,48.05,46.95,,48.78,,,47219,2259249.87,183,F1,1,,,,,
2026-09-21,2026-09-21,CM,NSE,STK,10238,INE552D01024,CONFIPET,EQ,,,,,CONFIDENCE PETRO IND LTD.,92.01,93.20,87.62,88.96,88.14,91.95,,88.97,,,3635567,327484760.68,32901,F1,1,,,,,
2026-09-21,2026-09-21,CM,NSE,STK,758453,INE0EAS01014,CONNPLEX,SM,,,,,CONNPLEX CINEMAS LIMITED,252.00,263.80,252.00,260.20,260.00,251.00,,260.20,,,44800,11618160.00,54,F1,800,,,,,
2026-09-21,2026-09-21,CM,NSE,STK,14992,INE429I01024,CCCL,EQ,,,,,CONS. CONST. CONSORT LTD,13.62,13.97,13.51,13.55,13.58,13.76,,13.55,,,167235,2289316.88,559,F1,1,,,,,
2026-09-21,2026-09-21,CM,NSE,STK,11732,INE025A01027,CONSOFINVT,BE,,,,,CONSO. FIN. & HOLD. LTD.,316.60,316.60,300.05,301.80,313.80,302.20,,301.80,,,4178,1276369.90,67,F1,1,,,,,
2026-09-21,2026-09-21,CM,NSE,STK,4749,INE111A01025,CONCOR,EQ,,,,,CONTAINER CORP OF IND LTD,498.60,501.95,487.05,487.05,487.05,504.55,,487.07,,,885349,435845856.60,17662,F1,1,,,,,
2026-09-21,2026-09-21,CM,NSE,STK,2531,INE340Z01019,CONTI,SM,,,,,CONTINENTAL SEED CHEM LTD,9.65,9.75,9.65,9.75,9.75,10.05,,9.75,,,9999,97156.95,3,F1,3333,,,,,
2026-09-21,2026-09-21,CM,NSE,STK,17477,INE663B01015,CONTROLPR,EQ,,,,,CONTROL PRINT LIMITED,606.00,606.90,593.00,598.95,596.00,600.90,,598.91,,,24493,14688595.30,1355,F1,1,,,,,
2026-09-21,2026-09-21,CM,NSE,STK,8560,INE0HS001028,COOLCAPS,SM,,,,,COOL CAPS INDUSTRIES LTD,26.20,27.90,26.20,26.95,26.75,26.70,,26.95,,,105000,2851687.50,62,F1,1250,,,,,
2026-09-21,2026-09-21,CM,NSE,STK,4007,INE558D01021,CORALFINAC,EQ,,,,,CORAL INDIA FIN & HOUS LT,31.60,32.55,31.60,32.10,32.47,32.56,,32.10,,,5416,173592.10,85,F1,1,,,,,
2026-09-21,2026-09-21,CM,NSE,STK,15271,INE792I01017,CORDSCABLE,EQ,,,,,CORDS CABLE INDUS LTD.,364.15,366.60,351.00,355.35,356.50,364.15,,355.35,,,76339,27190733.95,3018,F1,1,,,,,
2026-09-21,2026-09-21,CM,NSE,STK,739,INE169A01031,COROMANDEL,EQ,,,,,COROMANDEL INTERNTL. LTD,1976.20,1990.00,1936.10,1940.80,1940.10,1999.50,,1940.80,,,87865,171033300.60,10904,F1,1,,,,,
2026-09-21,2026-09-21,CM,NSE,STK,760254,INE02ZQ01018,CORONA,EQ,,,,,CORONA REMEDIES LIMITED,2227.00,2247.90,2193.10,2212.90,2202.00,2201.80,,2212.93,,,20909,46406342.70,4193,F1,1,,,,,
2026-09-21,2026-09-21,CM,NSE,STK,742,INE757A01017,COSMOFIRST,EQ,,,,,COSMO FIRST LIMITED,866.70,883.95,865.00,866.45,865.00,871.25,,866.45,,,33052,28753274.10,2482,F1,1,,,,,
2026-09-21,2026-09-21,CM,NSE,STK,6385,INE652F01027,CCHHL,EQ,,,,,COUNTRY CLUB HOSP HOL LTD,12.73,13.30,12.71,13.02,12.98,13.01,,13.02,,,24687,323175.26,215,F1,1,,,,,
2026-09-21,2026-09-21,CM,NSE,STK,16989,INE695B01025,COUNCODOS,BE,,,,,COUNTRY CONDO S LIMITED,6.34,6.35,6.11,6.17,6.29,6.32,,6.17,,,20796,129194.58,98,F1,1,,,,,
2026-09-21,2026-09-21,CM,NSE,STK,20086,INE521J01018,CPCAP,EQ,,,,,CP CAPITAL LIMITED,148.50,158.50,146.61,156.90,156.80,145.19,,156.89,,,308581,46859678.42,2549,F1,1,,,,,
2026-09-21,2026-09-21,CM,NSE,STK,2328,INF457M01133,CPSEETF,EQ,,,,,CPSE ETF,92.38,93.04,91.30,92.72,92.44,92.58,,92.72,,,1087863,100878230.87,6489,F1,1,,,,,
2026-09-21,2026-09-21,CM,NSE,STK,2854,INE00LO01017,CRAFTSMAN,EQ,,,,,CRAFTSMAN AUTOMATION LTD,11194.00,11442.00,10916.00,11006.00,10956.00,11138.00,,11005.71,,,16767,184981174.00,6919,F1,1,,,,,
2026-09-21,2026-09-21,CM,NSE,STK,764653,INE145E01017,CRAVATEX,EQ,,,,,CRAVATEX LTD.,338.95,338.95,316.05,335.75,335.75,324.55,,342.40,,,1412,461292.30,50,F1,1,,,,,
2026-09-21,2026-09-21,CM,NSE,STK,16419,INE0OFK01019,CRAYONS,SM,,,,,CRAYONS ADVERTISING LTD,22.65,23.70,22.60,23.70,23.70,23.50,,23.70,,,6000,137400.00,6,F1,1000,,,,,
2026-09-21,2026-09-21,CM,NSE,STK,9384,INE230B01021,CREATIVEYE,EQ,,,,,CREATIVE EYE LIMITED,5.50,5.84,5.50,5.55,5.50,5.70,,5.55,,,7944,44374.65,78,F1,1,,,,,
2026-09-21,2026-09-21,CM,NSE,STK,23468,INE0R7401011,CGRAPHICS,SM,,,,,CREATIVE GRAPHICS S IND L,136.00,137.90,134.30,135.45,135.45,135.40,,135.45,,,15200,2065400.00,17,F1,800,,,,,
2026-09-21,2026-09-21,CM,NSE,STK,11155,INE985W01018,CNL,EQ,,,,,CREATIVE NEWTECH LIMITED,1132.00,1168.10,1125.50,1139.40,1137.00,1127.10,,1139.40,,,14256,16261992.40,1576,F1,1,,,,,
2026-09-21,2026-09-21,CM,NSE,STK,765303,INE1KPX01025,CREDENT,SM,,,,,CREDENT CONNECT N CARE L,359.50,371.00,356.00,358.00,356.50,357.70,,358.00,,,90000,32632050.00,130,F1,600,,,,,
2026-09-21,2026-09-21,CM,NSE,STK,4421,INE741K01010,CREDITACC,EQ,,,,,CREDITACCESS GRAMEEN LTD,1385.00,1409.80,1378.70,1393.00,1390.20,1387.60,,1393.01,,,98303,137108974.20,13585,F1,1,,,,,
2026-09-21,2026-09-21,CM,NSE,STK,20878,INE220Q01020,MUFTI,EQ,,,,,CREDO BRANDS MARKETING L,73.40,74.33,72.12,72.73,73.30,73.63,,72.73,,,35798,2614020.25,667,F1,1,,,,,
2026-09-21,2026-09-21,CM,NSE,STK,765053,INE716D01033,CRSL,BE,,,,,CRESSANDA RAILWAY SOLUT L,2.49,2.56,2.40,2.53,2.55,2.44,,2.53,,,334035,831484.30,745,F1,1,,,,,
2026-09-21,2026-09-21,CM,NSE,STK,13900,INE559D01011,CREST,EQ,,,,,CREST VENTURES LIMITED,361.60,370.00,356.20,367.05,365.00,365.75,,366.99,,,2355,857761.80,137,F1,1,,,,,
2026-09-21,2026-09-21,CM,NSE,STK,19097,INE203Y01012,CRESTO,EQ,,,,,CRESTO TECHNO LIMITED,16.40,16.49,15.75,16.01,16.00,16.39,,16.01,,,16432,263117.10,57,F1,1,,,,,
2026-09-21,2026-09-21,CM,NSE,STK,757,INE007A01025,CRISIL,EQ,,,,,CRISIL LTD,4558.90,4650.00,4540.00,4605.60,4600.00,4577.50,,4605.72,,,76809,352894721.90,5507,F1,1,,,,,
2026-09-21,2026-09-21,CM,NSE,STK,757850,INE0S4R01014,CRIZAC,EQ,,,,,CRIZAC LIMITED,175.25,177.80,173.50,176.49,176.80,173.73,,176.50,,,124288,21823445.84,2672,F1,1,,,,,
2026-09-21,2026-09-21,CM,NSE,STK,17094,INE299U01018,CROMPTON,EQ,,,,,CROMPT GREA CON ELEC LTD,226.53,226.69,225.05,225.05,225.05,227.12,,225.05,,,1491613,336939872.73,14415,F1,1,,,,,
2026-09-21,2026-09-21,CM,NSE,STK,18263,INE00NH01017,CLSL,ST,,,,,CROP LIFE SCIENCE LIMITED,72.00,73.95,68.55,72.00,72.00,71.55,,72.00,,,8000,573000.00,4,F1,2000,,,,,
2026-09-21,2026-09-21,CM,NSE,STK,8083,INE491V01019,CROWN,EQ,,,,,CROWN LIFTERS LIMITED,108.00,127.90,108.00,121.38,119.80,108.48,,121.38,,,283904,34507580.01,2842,F1,1,,,,,
2026-09-21,2026-09-21,CM,NSE,STK,14966,INE679A01013,CSBBANK,EQ,,,,,CSB BANK LIMITED,336.00,336.00,330.10,334.80,334.00,336.15,,334.79,,,261155,87177355.20,8788,F1,1,,,,,
2026-09-21,2026-09-21,CM,NSE,STK,10350,INE718F01018,CSLFINANCE,EQ,,,,,CSL FINANCE LIMITED,218.00,222.15,218.00,220.46,220.50,218.24,,220.46,,,15570,3432486.78,419,F1,1,,,,,
2026-09-21,2026-09-21,CM,NSE,STK,763753,INE0ZK601013,CSM,EQ,,,,,CSM TECHNOLOGIES LIMITED,112.03,113.00,106.88,108.19,107.95,109.85,,108.20,,,714274,78636172.83,8652,F1,1,,,,,
2026-09-21,2026-09-21,CM,NSE,STK,15078,INE0NR623014,CUBEINVIT,IV,,,,,CUBE HIGHWAYS TRUST,156.36,157.35,156.15,156.25,156.25,156.36,,156.25,,,2405751,376075776.17,7366,F1,1,,,,,
2026-09-21,2026-09-21,CM,NSE,STK,4064,INE144D01012,CUBEXTUB,EQ,,,,,CUBEX TUBINGS LTD,84.49,89.00,81.60,87.38,88.00,85.32,,87.38,,,179090,15421038.07,2503,F1,1,,,,,
2026-09-21,2026-09-21,CM,NSE,STK,1901,INE298A01020,CUMMINSIND,EQ,,,,,CUMMINS INDIA LTD,5100.00,5135.00,5050.00,5067.00,5067.00,5099.50,,5066.98,,,281295,1428651103.50,26214,F1,1,,,,,
2026-09-21,2026-09-21,CM,NSE,STK,18520,INE509F01029,CUPID,EQ,,,,,CUPID LIMITED,266.30,271.30,246.45,251.30,251.00,265.00,,251.30,,,51831010,13233675469.65,343722,F1,1,,,,,
2026-09-21,2026-09-21,CM,NSE,STK,30191,INE117B01020,CURAA,BE,,,,,CURA TECHNOLOGIES LIMITED,72.20,72.25,72.20,72.20,72.20,76.00,,72.20,,,644,46506.90,14,F1,1,,,,,
2026-09-21,2026-09-21,CM,NSE,STK,759828,INE1BZN01016,CURIS,ST,,,,,CURIS LIFESCIENCES LTD,202.20,202.25,202.20,202.25,202.25,200.05,,202.25,,,4000,808950.00,4,F1,1000,,,,,
2026-09-21,2026-09-21,CM,NSE,STK,758964,INE1CRQ01014,CURRENT,SM,,,,,CURRENT INFRAPROJECTS LTD,81.75,82.50,81.75,82.50,82.50,81.30,,82.50,,,4800,394800.00,3,F1,1600,,,,,
2026-09-21,2026-09-21,CM,NSE,STK,11845,INE278G01037,CYBERMEDIA,BE,,,,,CYBER MEDIA (INDIA) LTD.,21.00,21.06,20.11,20.53,20.50,21.16,,20.55,,,42749,872453.96,166,F1,1,,,,,
2026-09-21,2026-09-21,CM,NSE,STK,6054,INE214A01019,CYBERTECH,BE,,,,,CYBERTECH SYSTEMS & SOFTW,138.11,140.40,135.00,139.97,140.00,142.82,,139.94,,,39147,5355349.90,323,F1,1,,,,,
2026-09-21,2026-09-21,CM,NSE,STK,17187,INE055S01018,CYIENTDLM,EQ,,,,,CYIENT DLM LIMITED,945.00,968.70,906.00,912.40,918.25,940.70,,912.42,,,432427,402310049.60,30530,F1,1,,,,,
2026-09-21,2026-09-21,CM,NSE,STK,5748,INE136B01020,CYIENT,EQ,,,,,CYIENT LIMITED,1085.70,1086.10,1055.10,1060.80,1055.10,1073.30,,1060.79,,,156528,167118970.40,15533,F1,1,,,,,
2026-09-21,2026-09-21,CM,NSE,STK,6249,INE0GN101014,DKEGL,SM,,,,,D K ENTERPRISES GLOBAL L,72.80,72.80,72.80,72.80,72.80,70.00,,72.80,,,1500,109200.00,1,F1,1500,,,,,
2026-09-21,2026-09-21,CM,NSE,STK,16902,INE864X01013,DPWIRES,BE,,,,,D P WIRES LIMITED,142.12,148.00,142.12,147.23,148.00,146.44,,146.77,,,1469,213299.28,69,F1,1,,,,,
2026-09-21,2026-09-21,CM,NSE,STK,17851,INE250K01012,DLINKINDIA,EQ,,,,,D-LINK INDIA LTD,430.65,436.05,424.00,425.70,426.05,430.05,,425.70,,,38767,16571964.30,2282,F1,1,,,,,
2026-09-21,2026-09-21,CM,NSE,STK,936,INE266Y01019,DPABHUSHAN,EQ,,,,,D. P. ABHUSHAN LIMITED,1457.80,1487.80,1418.00,1422.60,1419.00,1448.30,,1422.60,,,17753,25592072.40,2011,F1,1,,,,,
2026-09-21,2026-09-21,CM,NSE,STK,17881,INE950I01011,DBCORP,EQ,,,,,D.B.CORP LTD,184.00,186.99,181.52,182.62,182.50,184.06,,182.62,,,74685,13654272.21,3108,F1,1,,,,,
2026-09-21,2026-09-21,CM,NSE,STK,772,INE016A01026,DABUR,EQ,,,,,DABUR INDIA LTD,390.00,392.80,386.80,386.80,386.80,395.25,,386.80,,,2097526,819462478.10,27644,F1,1,,,,,
2026-09-21,2026-09-21,CM,NSE,STK,762636,INE928C01010,DAICHI,BE,,,,,DAI-ICHI KARKARIA LTD.,323.00,333.00,312.90,319.70,333.00,327.95,,319.70,,,1796,573564.40,46,F1,1,,,,,
2026-09-21,2026-09-21,CM,NSE,STK,8075,INE00R701025,DALBHARAT,EQ,,,,,DALMIA BHARAT LIMITED,1765.00,1814.40,1757.10,1764.40,1764.90,1761.40,,1764.38,,,123783,219548095.60,10413,F1,1,,,,,
2026-09-21,2026-09-21,CM,NSE,STK,781,INE495A01022,DALMIASUG,EQ,,,,,DALMIA BHARAT SUG IN LTD,392.95,393.15,377.60,384.10,382.00,390.50,,384.11,,,204296,78295481.75,6835,F1,1,,,,,
2026-09-21,2026-09-21,CM,NSE,STK,28662,INE284H01025,DAMCAPITAL,EQ,,,,,DAM CAPITAL ADVISORS LTD,137.92,138.99,136.25,137.32,137.50,137.92,,137.34,,,129171,17707222.40,5603,F1,1,,,,,
2026-09-21,2026-09-21,CM,NSE,STK,17569,INE497D01022,DAMODARIND,BE,,,,,DAMODAR INDUSTRIES LTD,28.05,28.05,27.50,28.05,28.05,28.12,,27.64,,,519,14460.81,10,F1,1,,,,,
2026-09-21,2026-09-21,CM,NSE,STK,1110,INE688Y01022,DANGEE,EQ,,,,,DANGEE DUMS LIMITED,2.75,2.76,2.60,2.70,2.71,2.73,,2.70,,,58514,157121.64,101,F1,1,,,,,
2026-09-21,2026-09-21,CM,NSE,STK,25927,INE0YU901016,DANISH,SM,,,,,DANISH POWER LIMITED,1019.95,1020.00,946.00,961.55,971.00,1021.35,,961.55,,,28500,28117335.00,165,F1,150,,,,,
2026-09-21,2026-09-21,CM,NSE,STK,7358,INE0IX101010,DATAPATTNS,EQ,,,,,DATA PATTERNS INDIA LTD,4532.40,4595.00,4476.00,4511.80,4530.00,4513.30,,4511.53,,,382692,1737460583.60,38716,F1,1,,,,,
2026-09-21,2026-09-21,CM,NSE,STK,11423,INE365B01017,DATAMATICS,EQ,,,,,DATAMATICS GLOBAL SER LTD,766.00,779.90,762.30,773.85,768.10,765.95,,773.94,,,71980,55652910.35,4780,F1,1,,,,,
2026-09-21,2026-09-21,CM,NSE,STK,21794,INE179G01029,DAVANGERE,EQ,,,,,DAVANGERE SUGAR COMPANY L,2.11,2.17,2.05,2.14,2.16,2.06,,2.14,,,7958622,16866753.22,2948,F1,1,,,,,
2026-09-21,2026-09-21,CM,NSE,STK,31111,INE921B01025,DBSTOCKBRO,BE,,,,,DB (INT) STOCK BROKERS,29.11,31.84,29.05,29.17,30.47,30.35,,29.21,,,17572,537425.82,63,F1,1,,,,,
2026-09-21,2026-09-21,CM,NSE,STK,11566,INE0A1101019,DCI,EQ,,,,,DC INFOTECH AND COMUN LTD,275.00,281.90,271.65,272.55,273.00,278.95,,272.55,,,45619,12558779.45,1489,F1,1,,,,,
2026-09-21,2026-09-21,CM,NSE,STK,13725,INE503A01015,DCBBANK,EQ,,,,,DCB BANK LIMITED,218.20,220.54,216.47,218.77,219.10,218.35,,218.77,,,550532,120326190.98,18863,F1,1,,,,,
2026-09-21,2026-09-21,CM,NSE,STK,761737,INE04Q907181,1275DCCL28,N0,,,,,DCCL 12.75% 2028,9943.11,9943.11,9943.11,9943.11,9943.11,9993.08,,9943.11,,,1,9943.11,1,F1,1,,,,,
2026-09-21,2026-09-21,CM,NSE,STK,23524,INE0S8401018,DCG,ST,,,,,DCG CABLES & WIRES LTD,74.60,75.00,74.60,74.60,74.60,78.50,,74.60,,,19200,1433760.00,15,F1,1200,,,,,
2026-09-21,2026-09-21,CM,NSE,STK,4775,INE891B01012,DCMFINSERV,EQ,,,,,DCM FINANCIAL SERVICES LT,4.90,5.10,4.83,4.90,4.99,5.18,,4.90,,,33088,162213.23,141,F1,1,,,,,
2026-09-21,2026-09-21,CM,NSE,STK,805,INE498A01018,DCM,EQ,,,,,DCM LTD,78.21,78.21,75.51,76.01,76.01,77.21,,76.01,,,23462,1789238.26,119,F1,1,,,,,
2026-09-21,2026-09-21,CM,NSE,STK,11039,INE08KP01019,DCMNVL,EQ,,,,,DCM NOUVELLE LIMITED,175.00,184.99,173.10,180.01,179.00,180.20,,179.87,,,9225,1646736.11,335,F1,1,,,,,
2026-09-21,2026-09-21,CM,NSE,STK,760891,INE0OFM01015,DSFCL,EQ,,,,,DCM SHRIRAM FINE CHEM LTD,25.78,27.44,25.55,27.44,27.44,26.14,,27.45,,,102112,2744337.00,272,F1,1,,,,,
2026-09-21,2026-09-21,CM,NSE,STK,7325,INE843D01027,DCMSRIND,EQ,,,,,DCM SHRIRAM IND LTD,38.30,38.88,37.20,38.10,38.04,38.24,,38.10,,,173540,6588331.98,1450,F1,1,,,,,
2026-09-21,2026-09-21,CM,NSE,STK,760896,INE0OU201013,DCMSIL,EQ,,,,,DCM SHRIRAM INTERNATNL L,69.05,70.74,68.60,69.60,68.61,70.26,,69.60,,,84258,5856567.84,599,F1,1,,,,,
2026-09-21,2026-09-21,CM,NSE,STK,811,INE499A01024,DCMSHRIRAM,EQ,,,,,DCM SHRIRAM LIMITED,993.30,1008.90,981.00,984.20,983.90,995.00,,984.20,,,29489,29171911.30,2844,F1,1,,,,,
2026-09-21,2026-09-21,CM,NSE,STK,817,INE500A01029,DCW,EQ,,,,,DCW LTD,45.15,45.65,44.70,45.47,45.25,45.18,,45.47,,,879647,39803892.27,3371,F1,1,,,,,
2026-09-21,2026-09-21,CM,NSE,STK,11895,INE0KL801015,DCXINDIA,EQ,,,,,DCX SYSTEMS LIMITED,163.10,164.99,159.02,162.02,161.80,163.10,,162.03,,,408177,65912419.97,6762,F1,1,,,,,
2026-09-21,2026-09-21,CM,NSE,STK,29098,INE0HR601026,DDEVPLSTIK,EQ,,,,,DDEV PLASTIKS IND LTD,256.60,262.00,254.05,259.90,260.00,254.95,,259.89,,,70963,18412767.85,2605,F1,1,,,,,
2026-09-21,2026-09-21,CM,NSE,STK,15449,INE0JWV01011,DENEERS,SM,,,,,DE NEERS TOOLS LIMITED,170.25,176.00,165.00,167.20,168.00,172.25,,167.20,,,33600,5716080.00,53,F1,600,,,,,
2026-09-21,2026-09-21,CM,NSE,STK,4279,INE244A01016,DENORA,EQ,,,,,DE NORA INDIA LIMITED,799.65,820.95,774.00,813.40,807.00,782.25,,813.41,,,4096,3297913.05,367,F1,1,,,,,
2026-09-21,2026-09-21,CM,NSE,STK,14838,INE583C01021,DECCANCE,EQ,,,,,DECCAN CEMENTS LIMITED,576.40,576.40,555.25,567.20,567.00,567.45,,567.21,,,73820,41640905.05,2912,F1,1,,,,,
2026-09-21,2026-09-21,CM,NSE,STK,762638,INE945F01025,DECNGOLD,EQ,,,,,DECCAN GOLD MINES LTD.,218.25,221.63,215.05,217.04,216.85,217.21,,217.05,,,650192,141387146.62,9293,F1,1,,,,,
2026-09-21,2026-09-21,CM,NSE,STK,25421,INE0S7C01019,DECCANTRAN,SM,,,,,DECCAN TRANSCON LEASING L,19.40,23.95,19.40,23.00,23.00,20.00,,23.00,,,34800,771120.00,24,F1,1200,,,,,
2026-09-21,2026-09-21,CM,NSE,STK,24154,INE841L01016,DEEDEV,EQ,,,,,DEE DEVELOPMENT ENG LTD,679.00,702.15,672.55,681.10,677.10,668.75,,681.10,,,284817,196938870.70,9834,F1,1,,,,,
2026-09-21,2026-09-21,CM,NSE,STK,22802,INE586O01011,DEEM,ST,,,,,DEEM ROLL TECH LIMITED,42.85,42.95,42.85,42.95,42.95,40.95,,42.95,,,5000,214600.00,5,F1,1000,,,,,
2026-09-21,2026-09-21,CM,NSE,STK,3292,INE0FHS01024,DEEPINDS,EQ,,,,,DEEP INDUSTRIES LIMITED,747.00,763.35,720.55,726.30,725.00,743.35,,726.28,,,326239,241307575.50,14865,F1,1,,,,,
2026-09-21,2026-09-21,CM,NSE,STK,765058,INE00IY01012,DEEP,BE,,,,,DEEP POLYMERS LTD.,46.70,47.90,44.39,46.28,47.57,46.72,,46.98,,,6635,300412.93,65,F1,1,,,,,
2026-09-21,2026-09-21,CM,NSE,STK,765931,INE1M2N01020,DEEPA,EQ,,,,,DEEPA JEWELLERS LIMITED,189.00,189.70,182.15,183.06,183.00,188.31,,183.06,,,1313474,244176925.09,15243,F1,1,,,,,
2026-09-21,2026-09-21,CM,NSE,STK,25892,INE0OPA01027,DBEIL,EQ,,,,,DEEPAK BUILDERS & ENG I L,7.30,7.30,6.94,6.99,7.00,7.12,,6.99,,,139104,978912.76,432,F1,1,,,,,
2026-09-21,2026-09-21,CM,NSE,STK,827,INE501A01019,DEEPAKFERT,EQ,,,,,DEEPAK FERTILIZERS & PETR,1347.10,1383.10,1338.60,1365.90,1368.50,1343.20,,1365.90,,,202462,276687846.90,15204,F1,1,,,,,
2026-09-21,2026-09-21,CM,NSE,STK,19943,INE288B01029,DEEPAKNTR,EQ,,,,,DEEPAK NITRITE LTD,1586.30,1602.00,1570.10,1586.30,1587.00,1586.30,,1586.06,,,177305,280584686.90,15971,F1,1,,,,,
2026-09-21,2026-09-21,CM,NSE,STK,22527,INE0SK801018,DELAPLEX,SM,,,,,DELAPLEX LIMITED,92.85,92.85,91.30,91.35,91.40,90.60,,91.35,,,3000,275040.00,5,F1,600,,,,,
2026-09-21,2026-09-21,CM,NSE,STK,9599,INE148O01028,DELHIVERY,EQ,,,,,DELHIVERY LIMITED,426.75,437.60,425.85,435.00,435.00,428.00,,435.00,,,3248908,1402058915.25,36790,F1,1,,,,,
2026-09-21,2026-09-21,CM,NSE,STK,24395,INE726L01027,DELPHIFX,BE,,,,,DELPHI WORLD MONEY LTD,4.72,5.17,4.72,5.12,5.17,4.96,,5.11,,,966025,4747178.57,378,F1,1,,,,,
2026-09-21,2026-09-21,CM,NSE,STK,29092,INE0XRN01019,DELTIC,SM,,,,,DELTA AUTOCORP LIMITED,34.00,34.00,32.30,32.40,32.40,33.20,,32.40,,,10000,328650.00,10,F1,1000,,,,,
2026-09-21,2026-09-21,CM,NSE,STK,15044,INE124G01033,DELTACORP,EQ,,,,,DELTA CORP LIMITED,58.50,64.00,58.36,61.59,61.90,58.34,,61.59,,,6078214,375655788.98,31633,F1,1,,,,,
2026-09-21,2026-09-21,CM,NSE,STK,1214,INE393A01011,DELTAMAGNT,EQ,,,,,DELTA MANUFACTURING LTD,54.95,55.90,53.50,54.90,55.90,54.95,,54.90,,,2200,119426.12,51,F1,1,,,,,
2026-09-21,2026-09-21,CM,NSE,STK,17722,INE947J01015,DEN,EQ,,,,,DEN NETWORKS LTD,26.51,26.94,26.12,26.42,26.37,26.62,,26.42,,,335491,8878332.18,1729,F1,1,,,,,
2026-09-21,2026-09-21,CM,NSE,STK,29256,INE0R4L01018,DENTA,EQ,,,,,DENTA WATER N INFRA SOL L,280.70,283.95,275.10,276.05,275.50,279.35,,276.06,,,71325,19799140.45,2062,F1,1,,,,,
2026-09-21,2026-09-21,CM,NSE,STK,759079,INE0VOV01021,DEVX,EQ,,,,,DEV ACCELERATOR LIMITED,31.51,36.30,31.51,35.13,35.00,32.21,,35.12,,,509090,17419141.64,1181,F1,1,,,,,
2026-09-21,2026-09-21,CM,NSE,STK,8146,INE060X01034,DEVIT,EQ,,,,,DEV INFO TECHNOLOGY LTD,23.05,23.49,23.00,23.15,23.16,23.13,,23.15,,,13344,308531.90,189,F1,1,,,,,
2026-09-21,2026-09-21,CM,NSE,STK,5373,INE872J01023,DEVYANI,EQ,,,,,DEVYANI INTERNATIONAL LTD,139.68,144.00,139.06,143.22,142.90,140.62,,143.22,,,2842118,404043242.84,34313,F1,1,,,,,
2026-09-21,2026-09-21,CM,NSE,STK,764661,INE260R01016,DHABRIYA,BE,,,,,DHABRIYA POLYWOOD LTD.,488.00,513.15,488.00,500.90,503.00,488.75,,500.11,,,5452,2710819.40,133,F1,1,,,,,
2026-09-21,2026-09-21,CM,NSE,STK,10893,INE0I3401014,DBOL,EQ,,,,,DHAMPUR BIO ORGANICS LTD,117.23,117.23,112.35,113.31,112.40,116.27,,113.31,,,65811,7496693.06,2523,F1,1,,,,,
2026-09-21,2026-09-21,CM,NSE,STK,857,INE041A01016,DHAMPURSUG,EQ,,,,,DHAMPUR SUGAR MILLS LTD.,157.19,163.80,154.50,162.29,163.00,156.22,,162.25,,,666472,106577457.42,14426,F1,1,,,,,
2026-09-21,2026-09-21,CM,NSE,STK,11359,INE680A01011,DHANBANK,EQ,,,,,DHANLAXMI BANK LIMITED,29.67,29.74,29.25,29.44,29.45,29.47,,29.44,,,255637,7540439.89,1390,F1,1,,,,,
2026-09-21,2026-09-21,CM,NSE,STK,27723,INE0V9V01010,DHANLAXMI,SM,,,,,DHANLAXMI CROP SCIENCE L,23.90,24.00,23.90,24.00,24.00,24.00,,24.00,,,4000,95800.00,2,F1,2000,,,,,
2026-09-21,2026-09-21,CM,NSE,STK,24418,INE0M3I01029,DHANSA,ST,,,,,DHANSA LABS LIMITED,28.75,30.40,28.70,29.60,28.75,30.20,,29.60,,,18000,524100.00,9,F1,2000,,,,,
2026-09-21,2026-09-21,CM,NSE,STK,24409,INE435G01025,DHANUKA,EQ,,,,,DHANUKA AGRITECH LTD,970.05,986.60,962.25,975.60,978.90,973.30,,975.60,,,16809,16377762.20,1808,F1,1,,,,,
2026-09-21,2026-09-21,CM,NSE,STK,760492,INE2HJL01019,DHARARAIL,ST,,,,,DHARA RAIL PROJECTS LTD,138.45,140.05,138.45,139.00,139.00,142.00,,139.00,,,7000,977500.00,6,F1,1000,,,,,
2026-09-21,2026-09-21,CM,NSE,STK,759203,INE278R01034,DHARAN,BZ,,,,,DHARAN INFRA-EPC LIMITED,0.15,0.15,0.14,0.14,0.14,0.14,,0.14,,,9233902,1329819.30,1202,F1,1,,,,,
2026-09-21,2026-09-21,CM,NSE,STK,24747,INE0YRN01025,DHARIWAL,SM,,,,,DHARIWALCORP LIMITED,25.00,25.55,24.50,25.50,25.55,24.35,,25.50,,,93000,2352900.00,24,F1,3000,,,,,
2026-09-21,2026-09-21,CM,NSE,STK,13001,INE00OQ01016,DHARMAJ,EQ,,,,,DHARMAJ CROP GUARD LTD,273.40,284.00,270.35,281.25,282.00,276.15,,281.24,,,59080,16357819.45,1444,F1,1,,,,,
2026-09-21,2026-09-21,CM,NSE,STK,765060,INE715T01031,DHATRE,EQ,,,,,DHATRE UDYOG LTD.,4.40,4.55,4.00,4.22,4.27,4.18,,4.15,,,40600,169167.12,181,F1,1,,,,,
2026-09-21,2026-09-21,CM,NSE,STK,764553,INE01NH01023,DHOOTTRANS,EQ,,,,,DHOOT TRANSMISSION LTD,1595.10,1666.60,1560.10,1582.30,1570.00,1590.70,,1582.31,,,1741468,2798395015.20,88425,F1,1,,,,,
2026-09-21,2026-09-21,CM,NSE,STK,6858,INE506Z01015,DHRUV,EQ,,,,,DHRUV CONSULTANCY SER LTD,21.00,21.90,20.75,20.95,20.75,21.40,,20.95,,,4718,99269.87,68,F1,1,,,,,
2026-09-21,2026-09-21,CM,NSE,STK,22233,INE320L01011,DHUNINV,EQ,,,,,DHUNSERI INVESTMENTS LTD,1013.20,1013.20,975.30,981.65,982.00,1001.95,,981.62,,,483,476929.50,63,F1,1,,,,,
2026-09-21,2026-09-21,CM,NSE,STK,6239,INE341R01014,DTIL,BE,,,,,DHUNSERI TEA & IND. LTD.,136.00,145.34,136.00,145.33,145.34,138.42,,145.15,,,12057,1722154.24,87,F1,1,,,,,
2026-09-21,2026-09-21,CM,NSE,STK,15214,INE477B01010,DVL,EQ,,,,,DHUNSERI VENTURES LIMITED,291.80,291.80,282.55,283.45,282.90,290.00,,283.45,,,6158,1748588.05,271,F1,1,,,,,
2026-09-21,2026-09-21,CM,NSE,STK,18644,INE591D01014,DIAMINESQ,EQ,,,,,DIAMINES & CHEMICALS LTD,256.77,256.77,251.50,255.56,256.44,256.77,,255.42,,,1120,285202.68,73,F1,1,,,,,
2026-09-21,2026-09-21,CM,NSE,STK,18545,INE989C01038,DIACABS,BE,,,,,DIAMOND POWER INFRA LTD,367.70,379.00,361.00,376.05,373.75,366.80,,376.05,,,681368,252948400.10,8391,F1,1,,,,,
2026-09-21,2026-09-21,CM,NSE,STK,703,INE303A01010,DICIND,EQ,,,,,DIC INDIA LIMITED,636.00,640.00,621.00,627.90,631.90,632.50,,627.73,,,2572,1608848.40,215,F1,1,,,,,
2026-09-21,2026-09-21,CM,NSE,STK,24313,INE0JRD01019,DTL,SM,,,,,DIENSTEN TECH LIMITED,118.00,125.00,118.00,124.15,124.15,143.00,,124.15,,,6000,739560.00,4,F1,1200,,,,,
2026-09-21,2026-09-21,CM,NSE,STK,25672,INE184O01015,DIFFNKG,EQ,,,,,DIFFUSION ENGINEERS LTD,448.80,455.00,441.10,444.05,442.05,445.80,,444.06,,,107625,48255007.55,4966,F1,1,,,,,
2026-09-21,2026-09-21,CM,NSE,STK,10346,INE03JI01017,DGCONTENT,EQ,,,,,DIGICONTENT LIMITED,24.70,24.90,24.01,24.06,24.04,24.49,,24.06,,,2164,52204.76,35,F1,1,,,,,
2026-09-21,2026-09-21,CM,NSE,STK,21247,INE0PSC01024,DIGIDRIVE,EQ,,,,,DIGIDRIVE DISTRIBUTORS L,17.98,17.98,17.31,17.56,17.90,17.43,,17.52,,,16106,285207.27,119,F1,1,,,,,
2026-09-21,2026-09-21,CM,NSE,STK,19138,INE0QJ901011,DIGIKORE,SM,,,,,DIGIKORE STUDIOS LIMITED,37.40,37.70,34.00,36.05,36.40,37.35,,36.05,,,47200,1682340.00,94,F1,400,,,,,
2026-09-21,2026-09-21,CM,NSE,STK,16683,INE927C01020,DIGISPICE,EQ,,,,,DIGISPICE TECHNOLOGIES LT,16.90,17.25,16.15,16.31,16.26,16.99,,16.31,,,291927,4817744.69,664,F1,1,,,,,
2026-09-21,2026-09-21,CM,NSE,STK,757515,INE0U4701011,DIGITIDE,EQ,,,,,DIGITIDE SOLUTIONS LTD,84.05,84.87,82.62,83.56,83.20,83.45,,83.56,,,103678,8663130.51,1564,F1,1,,,,,
2026-09-21,2026-09-21,CM,NSE,STK,6136,INE731U01028,DIGJAMLMTD,BE,,,,,DIGJAM LTD,60.50,62.75,58.55,59.43,58.61,61.60,,59.43,,,30937,1870138.99,128,F1,1,,,,,
2026-09-21,2026-09-21,CM,NSE,STK,641,INE016M01021,DNAMEDIA,EQ,,,,,DILIGENT MEDIA CORP LTD.,2.36,2.63,2.36,2.45,2.43,2.47,,2.45,,,31826,78483.08,132,F1,1,,,,,
2026-09-21,2026-09-21,CM,NSE,STK,18086,INE917M01012,DBL,EQ,,,,,DILIP BUILDCON LIMITED,427.10,433.65,418.55,421.30,421.25,425.50,,421.29,,,1171769,500331018.90,29673,F1,1,,,,,
2026-09-21,2026-09-21,CM,NSE,STK,762643,INE131C01011,DISAQ,EQ,,,,,DISA INDIA LTD.,12061.00,12160.00,12000.00,12134.00,12159.00,12062.00,,12109.38,,,106,1279308.00,71,F1,1,,,,,
2026-09-21,2026-09-21,CM,NSE,STK,14537,INE836F01026,DISHTV,EQ,,,,,DISH TV INDIA LTD.,2.56,2.58,2.44,2.45,2.48,2.56,,2.45,,,3772636,9350864.18,2923,F1,1,,,,,
2026-09-21,2026-09-21,CM,NSE,STK,21704,INE385W01011,DCAL,EQ,,,,,DISHMAN CARBO AMCIS LTD,171.50,171.90,168.50,170.50,171.00,170.52,,170.49,,,131392,22412380.58,2485,F1,1,,,,,
2026-09-21,2026-09-21,CM,NSE,STK,14479,INE753U01022,DIVGIITTS,EQ,,,,,DIVGI TORQTRANSFER SYST L,1139.00,1159.70,1105.00,1124.40,1120.60,1130.20,,1124.42,,,54047,60773808.90,6369,F1,1,,,,,
2026-09-21,2026-09-21,CM,NSE,STK,10940,INE361B01024,DIVISLAB,EQ,,,,,DIVI S LABORATORIES LTD,9418.00,9461.50,9375.50,9410.50,9410.50,9375.00,,9410.55,,,380343,3578347152.00,51101,F1,1,,,,,
2026-09-21,2026-09-21,CM,NSE,STK,30262,INE0NA501011,DIVINEHIRA,ST,,,,,DIVINE HIRA JEWELLERS LTD,104.00,104.00,102.60,103.50,103.95,102.50,,103.50,,,9600,994800.00,8,F1,1200,,,,,
2026-09-21,2026-09-21,CM,NSE,STK,24286,INE0SCO01019,DPEL,SM,,,,,DIVINE POWER ENERGY LTD,648.50,653.50,630.00,634.15,630.00,648.50,,634.15,,,40000,25626275.00,80,F1,500,,,,,
2026-09-21,2026-09-21,CM,NSE,STK,25680,INE0QYI01019,DIVYADHAN,ST,,,,,DIVYADHAN RECYCLING IND L,42.30,42.30,42.25,42.25,42.25,44.45,,42.25,,,4000,169100.00,2,F1,2000,,,,,
2026-09-21,2026-09-21,CM,NSE,STK,21690,INE935N01020,DIXON,EQ,,,,,DIXON TECHNO (INDIA) LTD,13128.00,13415.00,13125.00,13350.00,13350.00,13005.00,,13350.07,,,219611,2920169120.00,37952,F1,1,,,,,
2026-09-21,2026-09-21,CM,NSE,STK,12749,INE0B1K01014,DJML,EQ,,,,,DJ MEDIAPRINT & LOG LTD,76.50,79.00,74.85,76.15,75.20,77.65,,76.40,,,31884,2422119.94,675,F1,1,,,,,
2026-09-21,2026-09-21,CM,NSE,STK,14732,INE271C01023,DLF,EQ,,,,,DLF LIMITED,645.10,660.95,644.00,660.25,660.25,644.35,,660.24,,,3148346,2069069740.25,43918,F1,1,,,,,
2026-09-21,2026-09-21,CM,NSE,STK,6973,INE505A01010,DMCC,EQ,,,,,DMCC SPECIALITY CHEMICALS,282.00,287.00,276.30,285.40,283.50,280.65,,285.46,,,37984,10726233.55,1721,F1,1,,,,,
2026-09-21,2026-09-21,CM,NSE,STK,22533,INE0OGG01015,DHTL,SM,,,,,DOCMODE HEALTH TECH LTD,26.75,29.30,26.60,28.90,29.30,27.95,,28.90,,,180000,4821840.00,31,F1,800,,,,,
2026-09-21,2026-09-21,CM,NSE,STK,4822,INE021O01019,DODLA,EQ,,,,,DODLA DAIRY LIMITED,1090.70,1090.70,1061.10,1065.10,1061.50,1083.60,,1064.94,,,10027,10736884.90,1657,F1,1,,,,,
2026-09-21,2026-09-21,CM,NSE,STK,12124,INE966A01022,DOLATALGO,EQ,,,,,DOLAT ALGOTECH LIMITED,67.32,68.40,66.51,66.79,66.94,67.32,,66.79,,,86318,5814604.27,1070,F1,1,,,,,
2026-09-21,2026-09-21,CM,NSE,STK,20560,INE325C01035,DOLLAR,EQ,,,,,DOLLAR INDUSTRIES LIMITED,272.25,279.00,271.00,275.25,276.75,273.25,,275.25,,,81750,22545253.45,3458,F1,1,,,,,
2026-09-21,2026-09-21,CM,NSE,STK,765977,INE0JHH01011,DOLLEX,EQ,,,,,DOLLEX AGROTECH LIMITED,39.20,39.20,37.00,37.60,37.95,37.20,,37.60,,,47083,1795405.55,180,F1,1,,,,,
2026-09-21,2026-09-21,CM,NSE,STK,18139,INE920A01037,DOLPHIN,EQ,,,,,DOLPHIN OFF ENT (IND) L,678.35,714.70,664.00,684.00,677.50,665.50,,684.09,,,72539,50338468.75,4104,F1,1,,,,,
2026-09-21,2026-09-21,CM,NSE,STK,20551,INE321T01012,DOMS,EQ,,,,,DOMS INDUSTRIES LIMITED,2105.30,2115.30,2072.00,2083.10,2087.00,2105.30,,2083.27,,,13031,27269409.00,2362,F1,1,,,,,
2026-09-21,2026-09-21,CM,NSE,STK,13839,INE668D01028,DONEAR,EQ,,,,,DONEAR IND. LIMITED,84.41,84.41,82.10,82.61,82.57,83.79,,82.61,,,19132,1583094.65,177,F1,1,,,,,
2026-09-21,2026-09-21,CM,NSE,STK,15423,INE360C01024,DPSCLTD,BE,,,,,DPSC LIMITED,7.24,7.24,6.91,7.02,7.05,7.16,,7.02,,,79892,563146.07,462,F1,1,,,,,
2026-09-21,2026-09-21,CM,NSE,STK,29452,INE943P01029,AGARWALEYE,EQ,,,,,DR AGARWALS HEALTH CARE L,502.00,504.70,487.20,490.30,489.20,500.45,,490.30,,,235519,116189839.55,8007,F1,1,,,,,
2026-09-21,2026-09-21,CM,NSE,STK,762648,INE934C01018,DRAGARWQ,EQ,,,,,DR. AGARWAL'S EYE HOSP L,5400.00,5400.00,5221.00,5280.50,5266.00,5371.50,,5275.72,,,9326,49333010.00,571,F1,1,,,,,
2026-09-21,2026-09-21,CM,NSE,STK,11654,INE600L01024,LALPATHLAB,EQ,,,,,DR. LAL PATH LABS LTD.,1896.90,1935.00,1896.90,1920.40,1902.30,1896.90,,1920.29,,,214308,410799440.30,35675,F1,1,,,,,
2026-09-21,2026-09-21,CM,NSE,STK,881,INE089A01031,DRREDDY,EQ,,,,,DR. REDDY S LABORATORIES,1185.00,1211.90,1185.00,1198.30,1198.30,1185.00,,1198.31,,,1718834,2067057819.90,64405,F1,1,,,,,
2026-09-21,2026-09-21,CM,NSE,STK,2645,INE03RS01027,DRCSYSTEMS,EQ,,,,,DRC SYSTEMS INDIA LIMITED,12.87,12.87,12.26,12.72,12.78,12.63,,12.72,,,63841,797856.78,326,F1,1,,,,,
2026-09-21,2026-09-21,CM,NSE,STK,10859,INE0JS101016,DREAMFOLKS,EQ,,,,,DREAMFOLKS SERVICES LTD,64.76,65.00,62.12,63.48,63.99,64.76,,63.47,,,64545,4116285.96,1348,F1,1,,,,,
2026-09-21,2026-09-21,CM,NSE,STK,11271,INE506A01018,DREDGECORP,EQ,,,,,DREDGING CORP OF INDIA,998.90,1009.90,988.30,994.70,996.00,992.30,,994.63,,,36397,36282417.40,2905,F1,1,,,,,
2026-09-21,2026-09-21,CM,NSE,STK,17372,INE0P7201019,DRONE,SM,,,,,DRONE DESTINATION LIMITED,33.00,33.85,33.00,33.80,33.80,32.95,,33.80,,,14500,487125.00,22,F1,500,,,,,
2026-09-21,2026-09-21,CM,NSE,STK,8772,INE891A01022,DSKULKARNI,BE,,,,,DS KULKARNI DEVELOPERS L,23.16,23.16,23.16,23.16,23.16,22.71,,23.16,,,37,856.92,2,F1,1,,,,,
2026-09-21,2026-09-21,CM,NSE,STK,778,INE055C01020,KEEPLEARN,EQ,,,,,DSJ KEEP LEARNING LTD,1.96,1.96,1.84,1.88,1.90,1.86,,1.88,,,17927,34127.77,101,F1,1,,,,,
2026-09-21,2026-09-21,CM,NSE,STK,1927,INF740KA1EU7,LIQUIDETF,EQ,,,,,DSP LIQUID ETF,1000.00,1000.01,999.99,1000.00,1000.00,1000.00,,1000.00,,,51555,51554984.48,147,F1,1,,,,,
2026-09-21,2026-09-21,CM,NSE,STK,761364,INF740KA1YH2,BANK10ADD,EQ,,,,,DSPAMC - BANK10ADD,16.71,16.78,16.60,16.75,16.78,16.62,,16.75,,,2665845,44678546.39,107,F1,1,,,,,
2026-09-21,2026-09-21,CM,NSE,STK,13644,INF740KA1RX3,BANKADD,EQ,,,,,DSPAMC - DSPBANK,57.80,58.07,57.72,57.80,57.78,57.63,,57.80,,,12873,743420.16,71,F1,1,,,,,
2026-09-21,2026-09-21,CM,NSE,STK,15356,INF740KA1ZP2,GOLDADD,EQ,,,,,DSPAMC - DSPGOLD,14.94,14.94,14.73,14.75,14.76,14.86,,14.75,,,2125583,31411023.76,11890,F1,1,,,,,
2026-09-21,2026-09-21,CM,NSE,STK,17207,INF740KA1SX1,ITADD,EQ,,,,,DSPAMC - DSPIT,30.01,30.78,30.01,30.63,30.78,30.50,,30.63,,,1516443,46459299.26,833,F1,1,,,,,
2026-09-21,2026-09-21,CM,NSE,STK,6606,INF740KA1QK2,EQUAL50ADD,EQ,,,,,DSPAMC - DSPNEWETF,334.35,336.48,333.60,335.27,336.48,334.35,,335.27,,,12609,4225908.23,340,F1,1,,,,,
2026-09-21,2026-09-21,CM,NSE,STK,7451,INF740KA1CL0,NIFTYADD,EQ,,,,,DSPAMC - DSPNIFTY,244.13,247.75,244.13,247.27,246.66,246.79,,247.27,,,20913,5169945.04,159,F1,1,,,,,
2026-09-21,2026-09-21,CM,NSE,STK,17616,INF740KA1SY9,PSUBANKADD,EQ,,,,,DSPAMC - DSPPSBKETF,84.01,84.51,83.71,83.97,84.51,84.28,,84.72,,,11188,939080.93,194,F1,1,,,,,
2026-09-21,2026-09-21,CM,NSE,STK,17576,INF740KA1TA7,PVTBANKADD,EQ,,,,,DSPAMC - DSPPVBKETF,27.94,28.01,27.72,27.90,28.01,27.86,,27.90,,,28385,791508.19,637,F1,1,,,,,
2026-09-21,2026-09-21,CM,NSE,STK,7456,INF740KA1ZF3,MIDQ50ADD,EQ,,,,,DSPAMC - DSPQ50ETF,23.84,24.50,23.84,24.39,24.40,24.46,,24.39,,,39203,957041.25,132,F1,1,,,,,
2026-09-21,2026-09-21,CM,NSE,STK,17613,INF740KA1SZ6,SENSEXADD,EQ,,,,,DSPAMC - DSPSENXETF,77.51,77.51,77.00,77.08,77.00,77.29,,77.08,,,256,19787.10,25,F1,1,,,,,
2026-09-21,2026-09-21,CM,NSE,STK,10761,INF740KA1ZQ0,SILVERADD,EQ,,,,,DSPAMC - DSPSILVETF,22.68,22.68,22.32,22.39,22.36,22.60,,22.39,,,2309558,51765109.83,5772,F1,1,,,,,
2026-09-21,2026-09-21,CM,NSE,STK,759368,INF740KA1WU9,FLEXIADD,EQ,,,,,DSPAMC - FLEXIADD,9.79,9.79,9.59,9.67,9.65,9.79,,9.66,,,301133,2918810.76,545,F1,1,,,,,
2026-09-21,2026-09-21,CM,NSE,STK,763530,INF740KA1ZA4,FMCGADD,EQ,,,,,DSPAMC - FMCGADD,45.94,46.33,45.94,46.21,46.21,46.02,,46.21,,,7063,326005.70,58,F1,1,,,,,
2026-09-21,2026-09-21,CM,NSE,STK,765310,INF740KA1ZI7,GSEC10ADD,EQ,,,,,DSPAMC - GSEC10ADD,26.35,26.35,26.35,26.35,26.35,26.30,,26.35,,,371,9775.85,1,F1,1,,,,,
2026-09-21,2026-09-21,CM,NSE,STK,22592,INF740KA1ZG1,HEALTHADD,EQ,,,,,DSPAMC - HEALTHADD,16.80,17.01,16.80,16.99,16.99,16.80,,16.99,,,36459,618135.35,105,F1,1,,,,,
2026-09-21,2026-09-21,CM,NSE,STK,23407,INF740KA1UM0,LIQUIDADD,EQ,,,,,DSPAMC - LIQUIDADD,1145.61,1145.64,1145.61,1145.63,1145.63,1145.47,,1145.63,,,463275,530743180.65,296,F1,1,,,,,
2026-09-21,2026-09-21,CM,NSE,STK,764428,INF740KA1ZH9,MIDBANKADD,EQ,,,,,DSPAMC - MIDBANKADD,17.25,17.25,17.06,17.12,17.12,17.24,,17.12,,,1877,32164.68,46,F1,1,,,,,
2026-09-21,2026-09-21,CM,NSE,STK,760356,INF740KA1WW5,MIDCAPADD,EQ,,,,,DSPAMC - MIDCAPADD,23.70,23.70,22.86,22.96,23.01,23.75,,23.04,,,26602,610499.08,152,F1,1,,,,,
2026-09-21,2026-09-21,CM,NSE,STK,759978,INF740KA1WV7,MSCIADD,EQ,,,,,DSPAMC - MSCIADD,28.88,29.03,28.88,28.96,29.03,28.80,,28.96,,,936,27113.08,3,F1,1,,,,,
2026-09-21,2026-09-21,CM,NSE,STK,29464,INF740KA1VE5,NEXT30ADD,EQ,,,,,DSPAMC - NEXT30ADD,42.36,42.40,42.21,42.21,42.21,42.36,,42.21,,,6028,255071.45,58,F1,1,,,,,
2026-09-21,2026-09-21,CM,NSE,STK,760599,INF740KA1XU7,NEXT50ADD,EQ,,,,,DSPAMC - NEXT50ADD,72.80,72.80,72.40,72.68,72.68,72.45,,72.68,,,3586,259949.17,27,F1,1,,,,,
2026-09-21,2026-09-21,CM,NSE,STK,760359,INF740KA1WX3,SMALLADD,EQ,,,,,DSPAMC - SMALLADD,18.69,18.69,18.31,18.35,18.31,18.32,,18.35,,,22501,414556.40,117,F1,1,,,,,
2026-09-21,2026-09-21,CM,NSE,STK,25171,INF740KA1UR9,TOP10ADD,EQ,,,,,DSPAMC - TOP10ADD,84.80,85.55,84.40,85.39,85.51,84.80,,85.39,,,648918,55291454.68,732,F1,1,,,,,
2026-09-21,2026-09-21,CM,NSE,STK,13766,INE0LZO01015,DUCOL,SM,,,,,DUCOL ORGS AND COLOURS LT,127.50,127.75,127.05,127.75,127.75,130.20,,127.75,,,4000,509560.00,5,F1,800,,,,,
2026-09-21,2026-09-21,CM,NSE,STK,28952,INE741L01018,DUCON,EQ,,,,,DUCON INFRATECHNOLOGIES L,1.24,1.35,1.20,1.33,1.35,1.23,,1.33,,,10514128,13774501.75,1614,F1,1,,,,,
2026-09-21,2026-09-21,CM,NSE,STK,5457,INE0HPK01020,DUGLOBAL,SM,,,,,DUDIGITAL GLOBAL LIMITED,21.70,21.70,21.05,21.40,21.45,21.95,,21.40,,,122500,2625750.00,20,F1,2500,,,,,
2026-09-21,2026-09-21,CM,NSE,STK,24164,INE0OUW01013,DURLAX,SM,,,,,DURLAX TOP SURFACE LTD,62.80,64.35,59.90,63.00,63.00,63.30,,63.00,,,266000,16506400.00,99,F1,2000,,,,,
2026-09-21,2026-09-21,CM,NSE,STK,11667,INE366A01041,DWARKESH,EQ,,,,,DWARIKESH SUGAR IND LTD,41.40,41.40,40.35,40.93,40.92,41.15,,40.93,,,1227282,50181185.76,7121,F1,1,,,,,
2026-09-21,2026-09-21,CM,NSE,STK,25690,INE417B01040,DSSL,EQ,,,,,DYNACONS SYS & SOLN LTD,1015.00,1041.90,1001.30,1032.90,1030.00,1013.40,,1032.87,,,27894,28679613.00,2704,F1,1,,,,,
2026-09-21,2026-09-21,CM,NSE,STK,4525,INE221B01012,DYNAMATECH,EQ,,,,,DYNAMATIC TECHNOLOGIES,12180.00,12205.00,11933.00,12169.00,12205.00,12061.00,,12169.03,,,10449,126139987.00,3814,F1,1,,,,,
2026-09-21,2026-09-21,CM,NSE,STK,10417,INE600Y01019,DYCL,EQ,,,,,DYNAMIC CABLES LIMITED,458.00,467.10,456.10,457.70,458.85,457.40,,457.70,,,260984,120143054.85,9075,F1,1,,,,,
2026-09-21,2026-09-21,CM,NSE,STK,6079,INE0DZ701010,DYNAMIC,SM,,,,,DYNAMIC SRVCS & SEC LTD,144.90,145.00,114.10,139.80,141.50,142.60,,139.80,,,145000,18058800.00,151,F1,500,,,,,
2026-09-21,2026-09-21,CM,NSE,STK,21314,INE256H01015,DYNPRO,EQ,,,,,DYNEMIC PRODUCTS LIMITED,226.71,232.18,226.71,229.98,230.00,229.89,,229.98,,,14246,3279229.05,261,F1,1,,,,,
2026-09-21,2026-09-21,CM,NSE,STK,760531,INE1CEJ01017,E2ERAIL,SM,,,,,E TO E TRANS INFRA LTD,345.00,345.00,326.40,329.65,330.90,344.65,,329.65,,,126400,42148560.00,125,F1,800,,,,,
2026-09-21,2026-09-21,CM,NSE,STK,8940,INE255Z01027,E2E,BE,,,,,E2E NETWORKS LIMITED,606.00,614.00,587.00,592.85,595.00,607.65,,592.75,,,336266,200816025.50,9877,F1,1,,,,,
2026-09-21,2026-09-21,CM,NSE,STK,765065,INE595R01023,EASTWEST,EQ,,,,,EAST WEST FREIGHT CARRI L,2.30,2.47,2.05,2.38,2.35,2.25,,2.38,,,284514,636998.72,397,F1,1,,,,,
2026-09-21,2026-09-21,CM,NSE,STK,9769,INE962C01035,EASTSILK,BE,,,,,EASTERN SILK INDUSTRIES L,65.35,67.20,62.00,62.15,62.15,64.07,,61.89,,,398,26098.47,19,F1,1,,,,,
2026-09-21,2026-09-21,CM,NSE,STK,2792,INE07O001026,EASEMYTRIP,EQ,,,,,EASY TRIP PLANNERS LTD,5.78,5.83,5.77,5.79,5.81,5.76,,5.79,,,4895490,28394704.03,4960,F1,1,,,,,
2026-09-21,2026-09-21,CM,NSE,STK,765073,INE432F01032,EBIX,BE,,,,,EBIX LIMITED,18.94,19.89,18.90,19.39,19.38,19.03,,19.43,,,7274,138999.89,51,F1,1,,,,,
2026-09-21,2026-09-21,CM,NSE,STK,759974,INE528S07110,888ECL28,N1,,,,,ECL 8.88% 2028 SR V,988.00,990.99,987.00,990.99,990.99,986.17,,985.50,,,180,178033.10,3,F1,1,,,,,
2026-09-21,2026-09-21,CM,NSE,STK,759975,INE528S07128,925ECL28,N2,,,,,ECL 9.25% 2028 SR VI,1020.00,1020.00,1020.00,1020.00,1020.00,1025.37,,1020.00,,,100,102000.00,1,F1,1,,,,,
2026-09-21,2026-09-21,CM,NSE,STK,15179,INE738I01010,ECLERX,EQ,,,,,ECLERX SERVICES LTD,1915.00,1962.80,1902.50,1951.20,1962.00,1915.60,,1951.03,,,118274,228863501.40,13603,F1,1,,,,,
2026-09-21,2026-09-21,CM,NSE,STK,764663,INE316A01038,ECORECO,EQ,,,,,ECO RECYCLING LTD.,432.10,447.95,420.10,422.75,426.60,432.10,,422.49,,,11131,4776748.90,881,F1,1,,,,,
2026-09-21,2026-09-21,CM,NSE,STK,759961,INE0VBS01016,ECOLINE,SM,,,,,ECOLINE EXIM LIMITED,173.00,190.00,173.00,181.85,181.00,173.30,,181.85,,,172000,31555500.00,102,F1,1000,,,,,
2026-09-21,2026-09-21,CM,NSE,STK,25060,INE06HJ01020,ECOSMOBLTY,EQ,,,,,ECOS (INDIA) MOB & HOSP L,109.00,110.00,107.62,109.60,109.04,108.12,,109.61,,,42617,4638164.50,1318,F1,1,,,,,
2026-09-21,2026-09-21,CM,NSE,STK,7196,INF754K01OB1,BBETF0432,EQ,,,,,EDELAMC - BBETF0432,1340.56,1344.50,1340.55,1342.07,1341.99,1337.80,,1342.07,,,1005,1348421.15,38,F1,1,,,,,
2026-09-21,2026-09-21,CM,NSE,STK,764378,INF754K01XH9,EBANK10,EQ,,,,,EDELAMC - EBANK10,16.55,16.64,16.45,16.64,16.64,16.57,,16.64,,,51,848.26,5,F1,1,,,,,
2026-09-21,2026-09-21,CM,NSE,STK,25258,INF754K01TE4,EBANKNIFTY,EQ,,,,,EDELAMC - EBANKNIFTY,58.38,58.38,56.73,57.13,57.13,56.96,,57.13,,,311,17725.21,26,F1,1,,,,,
2026-09-21,2026-09-21,CM,NSE,STK,16253,INF754K01KO2,EBBETF0430,EQ,,,,,EDELAMC - EBBETF0430,1603.00,1614.87,1603.00,1609.40,1608.23,1610.90,,1609.24,,,13749,22127485.22,389,F1,1,,,,,
2026-09-21,2026-09-21,CM,NSE,STK,22239,INF754K01LE1,EBBETF0431,EQ,,,,,EDELAMC - EBBETF0431,1431.00,1439.90,1425.00,1432.00,1432.00,1431.44,,1432.00,,,23740,33970836.58,151,F1,1,,,,,
2026-09-21,2026-09-21,CM,NSE,STK,13139,INF754K01QX0,EBBETF0433,EQ,,,,,EDELAMC - EBBETF0433,1307.10,1307.10,1302.00,1302.06,1302.00,1303.19,,1302.06,,,1353,1763651.83,80,F1,1,,,,,
2026-09-21,2026-09-21,CM,NSE,STK,29019,INF754K01TX4,ECAPINSURE,EQ,,,,,EDELAMC - ECAPINSURE,23.68,23.69,23.44,23.60,23.64,23.61,,23.61,,,24770,583397.05,243,F1,1,,,,,
2026-09-21,2026-09-21,CM,NSE,STK,19933,INF754K01SE6,EGOLD,EQ,,,,,EDELAMC - EGOLD,153.15,153.15,151.10,151.80,151.10,152.80,,151.80,,,343079,52078375.30,348,F1,1,,,,,
2026-09-21,2026-09-21,CM,NSE,STK,759466,INF754K01VW2,ELIQUID,EQ,,,,,EDELAMC - ELIQUID,1048.56,1048.56,1048.54,1048.54,1048.54,1048.40,,1048.54,,,1883,1974411.90,10,F1,1,,,,,
2026-09-21,2026-09-21,CM,NSE,STK,758952,INF754K01VV4,ELM250,EQ,,,,,EDELAMC - ELM250,16.15,16.44,16.11,16.37,16.44,16.15,,16.37,,,641186,10495325.91,342,F1,1,,,,,
2026-09-21,2026-09-21,CM,NSE,STK,764367,INF754K01XI7,ELMDIV,EQ,,,,,EDELAMC - ELMDIV,35.71,35.77,35.49,35.75,35.75,35.50,,35.75,,,116,4144.86,8,F1,1,,,,,
2026-09-21,2026-09-21,CM,NSE,STK,764288,INF754K01XG1,EMETAL,EQ,,,,,EDELAMC - EMETAL,13.31,13.31,12.98,13.03,13.05,13.05,,13.03,,,5581,72731.19,44,F1,1,,,,,
2026-09-21,2026-09-21,CM,NSE,STK,25996,INF754K01TF1,EMULTIMQ,EQ,,,,,EDELAMC - EMULTIMQ,41.47,41.67,40.79,41.38,41.25,41.35,,41.38,,,10085,416791.21,134,F1,1,,,,,
2026-09-21,2026-09-21,CM,NSE,STK,763540,INF754K01XF3,ENEXT50,EQ,,,,,EDELAMC - ENEXT50,72.30,72.32,71.67,72.32,72.32,71.60,,72.26,,,204,14687.17,10,F1,1,,,,,
2026-09-21,2026-09-21,CM,NSE,STK,759998,INF754K01VX0,ENIFTY,EQ,,,,,EDELAMC - ENIFTY,24.19,24.19,23.01,23.62,23.68,23.60,,23.62,,,764,18053.79,82,F1,1,,,,,
2026-09-21,2026-09-21,CM,NSE,STK,759995,INF754K01VY8,ESENSEX,EQ,,,,,EDELAMC - ESENSEX,75.69,75.69,75.20,75.69,75.69,75.51,,75.69,,,3036,229081.33,16,F1,1,,,,,
2026-09-21,2026-09-21,CM,NSE,STK,20257,INF754K01SF3,ESILVER,EQ,,,,,EDELAMC - ESILVER,234.95,234.95,231.30,231.52,231.50,234.30,,231.52,,,104277,24149161.79,678,F1,1,,,,,
2026-09-21,2026-09-21,CM,NSE,STK,15119,INE532F01054,EDELWEISS,EQ,,,,,EDELWEISS FIN SERV LTD,137.01,142.95,135.79,139.52,139.40,136.25,,139.52,,,12504087,1756808932.67,69986,F1,1,,,,,
2026-09-21,2026-09-21,CM,NSE,STK,21747,INE216H01027,EDUCOMP,BZ,,,,,EDUCOMP SOLUTIONS LTD,0.90,0.92,0.86,0.86,0.86,0.90,,0.86,,,36496,31704.79,80,F1,1,,,,,
2026-09-21,2026-09-21,CM,NSE,STK,758675,INE886D01026,EFCIL,EQ,,,,,EFC (I) LIMITED,178.65,181.02,178.00,178.43,178.10,178.67,,178.43,,,82310,14756780.52,1767,F1,1,,,,,
2026-09-21,2026-09-21,CM,NSE,STK,24435,INE0U9101019,EFFWA,SM,,,,,EFFWA INFRA & RESEARCH L,361.85,361.85,354.00,356.65,358.00,362.10,,356.65,,,4000,1439660.00,9,F1,400,,,,,
2026-09-21,2026-09-21,CM,NSE,STK,910,INE066A01021,EICHERMOT,EQ,,,,,EICHER MOTORS LTD,7550.00,7569.50,7490.00,7512.50,7512.50,7516.00,,7512.66,,,251852,1893477121.00,25457,F1,1,,,,,
2026-09-21,2026-09-21,CM,NSE,STK,916,INE126A01031,EIDPARRY,EQ,,,,,EID PARRY INDIA LTD,700.00,705.00,692.15,700.90,703.00,700.70,,700.91,,,222482,155662712.65,12735,F1,1,,,,,
2026-09-21,2026-09-21,CM,NSE,STK,15399,INE276C01014,EIHAHOTELS,EQ,,,,,EIH ASSOCIATED HOTELS LTD,305.00,307.00,293.05,298.85,297.15,303.50,,298.85,,,44457,13324302.00,1932,F1,1,,,,,
2026-09-21,2026-09-21,CM,NSE,STK,919,INE230A01023,EIHOTEL,EQ,,,,,EIH LIMITED,315.30,317.45,306.10,309.00,306.70,317.90,,309.05,,,307454,95278292.45,12432,F1,1,,,,,
2026-09-21,2026-09-21,CM,NSE,STK,4040,INE158B01016,EIMCOELECO,EQ,,,,,EIMCO ELECON (INDIA) LTD,2249.90,2299.00,2240.00,2288.00,2281.10,2248.40,,2288.17,,,11832,26968038.50,1893,F1,1,,,,,
2026-09-21,2026-09-21,CM,NSE,STK,764668,INE0CPR01018,EKI,EQ,,,,,EKI ENERGY SERVICES LTD,68.00,70.90,67.57,69.99,70.59,68.34,,69.82,,,11595,804895.62,372,F1,1,,,,,
2026-09-21,2026-09-21,CM,NSE,STK,762653,INE280B01018,ELANTAS,EQ,,,,,ELANTAS BECK INDIA LTD.,14230.00,14949.00,14123.00,14793.00,14825.00,14228.00,,14788.25,,,6739,98403993.00,2892,F1,1,,,,,
2026-09-21,2026-09-21,CM,NSE,STK,762658,INE927X01018,ELCIDIN,EQ,,,,,ELCID INVESTMENTS LTD.,105200.00,106610.00,105200.00,105870.00,105250.00,105130.00,,105870.00,,,7,740000.00,7,F1,1,,,,,
2026-09-21,2026-09-21,CM,NSE,STK,8953,INE668G01021,ELDEHSG,EQ,,,,,ELDECO HSG & IND LTD.,789.90,789.90,765.15,781.90,782.00,781.70,,781.95,,,62,48465.30,20,F1,1,,,,,
2026-09-21,2026-09-21,CM,NSE,STK,13643,INE205B01031,ELECON,EQ,,,,,ELECON ENG. CO. LTD,419.00,424.10,412.60,413.45,413.00,421.20,,413.45,,,170863,71216219.45,6691,F1,1,,,,,
2026-09-21,2026-09-21,CM,NSE,STK,20899,INE0Q1W01012,EFORCE,SM,,,,,ELECTRO FORCE (INDIA) LTD,18.80,18.80,18.50,18.60,18.60,18.30,,18.60,,,4800,89460.00,4,F1,1200,,,,,
2026-09-21,2026-09-21,CM,NSE,STK,11530,INE02YR01019,EMIL,EQ,,,,,ELECTRONICS MART IND LTD,197.28,197.78,188.81,191.28,190.10,196.28,,191.38,,,3557184,691283112.17,36418,F1,1,,,,,
2026-09-21,2026-09-21,CM,NSE,STK,928,INE086A01029,ELECTCAST,EQ,,,,,ELECTROSTEEL CASTINGS LTD,73.37,74.15,72.75,73.63,73.59,73.38,,73.63,,,1039883,76336021.83,8698,F1,1,,,,,
2026-09-21,2026-09-21,CM,NSE,STK,4469,INE822G01016,ELECTHERM,EQ,,,,,ELECTROTHERM (I) LTD.,930.00,930.00,896.90,902.25,907.70,925.50,,903.84,,,18744,16998522.85,706,F1,1,,,,,
2026-09-21,2026-09-21,CM,NSE,STK,29595,INE0R9101015,ELGNZ,SM,,,,,ELEGANZ INTERIORS LIMITED,86.00,86.00,85.90,85.90,85.90,85.85,,85.90,,,2000,171900.00,2,F1,1000,,,,,
2026-09-21,2026-09-21,CM,NSE,STK,937,INE285A01027,ELGIEQUIP,EQ,,,,,ELGI EQUIPMENTS LTD,609.55,614.80,601.50,612.20,612.00,609.55,,612.27,,,203148,123468196.15,13013,F1,1,,,,,
2026-09-21,2026-09-21,CM,NSE,STK,24924,INE819L01012,ELGIRUBCO,EQ,,,,,ELGI RUBBER CO. LTD,60.52,61.48,59.40,59.86,59.90,61.60,,59.86,,,27506,1651777.47,345,F1,1,,,,,
2026-09-21,2026-09-21,CM,NSE,STK,13423,INE050401020,ELIN,EQ,,,,,ELIN ELECTRONICS LIMITED,88.53,90.99,88.01,89.38,89.05,88.53,,89.38,,,63326,5635882.12,1418,F1,1,,,,,
2026-09-21,2026-09-21,CM,NSE,STK,762663,INE669R01026,ELITECON,EQ,,,,,ELITECON INTERNATIONAL L,8.27,8.38,7.65,8.35,8.38,7.99,,8.36,,,5457008,44568625.30,7586,F1,1,,,,,
2026-09-21,2026-09-21,CM,NSE,STK,758563,INE236E01022,ELLEN,EQ,,,,,ELLENBARRIE INDUS GASES L,375.00,382.00,368.30,373.45,372.70,373.10,,373.47,,,450746,169104754.75,11622,F1,1,,,,,
2026-09-21,2026-09-21,CM,NSE,STK,4471,INE579B01039,ELPROINTL,EQ,,,,,ELPRO INTERNATIONAL LTD,172.53,175.00,170.10,171.40,172.75,172.53,,171.40,,,12983,2248152.10,121,F1,1,,,,,
2026-09-21,2026-09-21,CM,NSE,STK,29229,INE0ZOL01023,EMAPARTNER,SM,,,,,EMA PARTNERS INDIA LTD,82.00,83.00,82.00,83.00,83.00,84.50,,83.00,,,6000,497000.00,4,F1,1000,,,,,
2026-09-21,2026-09-21,CM,NSE,STK,13517,INE548C01032,EMAMILTD,EQ,,,,,EMAMI LIMITED,373.00,382.40,370.50,380.60,382.00,368.45,,380.69,,,1621062,613249019.75,33155,F1,1,,,,,
2026-09-21,2026-09-21,CM,NSE,STK,10084,INE830C01026,EMAMIPAP,BE,,,,,EMAMI PAPER MILLS LIMITED,113.79,115.97,111.60,114.60,115.97,116.70,,114.37,,,26368,2985961.57,226,F1,1,,,,,
2026-09-21,2026-09-21,CM,NSE,STK,19277,INE778K01012,EMAMIREAL,EQ,,,,,EMAMI REALTY LIMITED,67.10,68.80,66.10,66.99,67.00,67.18,,66.99,,,6794,454808.78,57,F1,1,,,,,
2026-09-21,2026-09-21,CM,NSE,STK,14450,INE069I01010,EMBDL,EQ,,,,,EMBASSY DEVELOPMENTS LTD,53.88,59.26,53.88,58.89,59.26,53.88,,58.89,,,5985106,345762681.59,19822,F1,1,,,,,
2026-09-21,2026-09-21,CM,NSE,STK,9383,INE041025011,EMBASSY,RR,,,,,EMBASSY OFFICE PARKS REIT,440.55,440.55,438.10,438.97,438.20,441.07,,438.97,,,499292,219165436.13,12455,F1,1,,,,,
2026-09-21,2026-09-21,CM,NSE,STK,24398,INE168P01015,EMCURE,EQ,,,,,EMCURE PHARMACEUTICALS L,2045.00,2045.00,1997.00,2009.30,2001.10,2003.80,,2008.84,,,169313,341267058.10,15209,F1,1,,,,,
2026-09-21,2026-09-21,CM,NSE,STK,13421,INE296H01011,EMKAY,EQ,,,,,EMKAY GLOBAL FIN SERV LTD,245.05,257.00,245.05,255.00,255.00,248.90,,255.00,,,34634,8756805.75,685,F1,1,,,,,
2026-09-21,2026-09-21,CM,NSE,STK,10253,INE332S01011,EMKAYTOOLS,SM,,,,,EMKAY TAP & CUT. TOOL LTD,101.00,101.00,92.30,94.15,94.15,95.50,,94.15,,,1800,174262.50,10,F1,150,,,,,
2026-09-21,2026-09-21,CM,NSE,STK,758591,INE0PXC01024,ETL,SM,,,,,EMKAY TOOLS LIMITED,1051.95,1069.60,1051.95,1069.60,1069.60,1057.25,,1069.60,,,750,797362.50,5,F1,150,,,,,
2026-09-21,2026-09-21,CM,NSE,STK,18146,INE753K01015,EMMBI,BE,,,,,EMMBI INDUSTRIES LIMITED,90.85,90.90,87.65,88.11,88.00,88.91,,88.11,,,1515,134789.45,54,F1,1,,,,,
2026-09-21,2026-09-21,CM,NSE,STK,759728,INE1C6T01020,EMMVEE,EQ,,,,,EMMVEE PHOTOVOLTAIC PWR L,330.10,354.80,330.10,340.60,340.00,328.00,,340.60,,,11448479,3957489850.75,173251,F1,1,,,,,
2026-09-21,2026-09-21,CM,NSE,STK,764673,INE515H01014,EMPIND,EQ,,,,,EMPIRE INDUSTRIES LTD.,1057.10,1068.00,1050.00,1054.20,1056.10,1057.10,,1054.20,,,1740,1835445.70,124,F1,1,,,,,
2026-09-21,2026-09-21,CM,NSE,STK,762670,INE507F01023,EMPOWER,EQ,,,,,EMPOWER INDIA LTD.,2.27,2.27,2.27,2.27,2.27,2.38,,2.27,,,632555,1435899.85,939,F1,1,,,,,
2026-09-21,2026-09-21,CM,NSE,STK,18593,INE0OV601013,EMSLIMITED,EQ,,,,,EMS LIMITED,367.00,372.00,363.10,364.30,364.00,366.65,,364.27,,,119216,43796935.20,3736,F1,1,,,,,
2026-09-21,2026-09-21,CM,NSE,STK,9756,INE01QM01018,EMUDHRA,EQ,,,,,EMUDHRA LIMITED,627.00,671.00,616.60,662.00,662.00,613.45,,662.02,,,1925129,1244844522.45,63135,F1,1,,,,,
2026-09-21,2026-09-21,CM,NSE,STK,760321,INE433T01015,ENCOMPAS,SM,,,,,ENCOMPASS DESIGN INDIA L,259.50,260.00,242.50,256.75,257.00,238.85,,256.75,,,26400,6652840.00,53,F1,400,,,,,
2026-09-21,2026-09-21,CM,NSE,STK,18822,INE913H01037,ENDURANCE,EQ,,,,,ENDURANCE TECHNO. LTD.,2745.00,2780.00,2702.70,2756.40,2740.00,2732.00,,2756.44,,,90302,248722407.80,24621,F1,1,,,,,
2026-09-21,2026-09-21,CM,NSE,STK,15049,INE306C01019,ENERGYDEV,EQ,,,,,ENERGY DEVE. CO.LTD,14.70,14.99,14.41,14.57,14.53,14.68,,14.55,,,8262,120766.03,262,F1,1,,,,,
2026-09-21,2026-09-21,CM,NSE,STK,23745,INE0S1L01013,EMMIL,SM,,,,,ENERGY MISSION MACH IND L,119.80,121.90,117.00,118.00,118.00,114.90,,118.00,,,77750,9312937.50,120,F1,250,,,,,
2026-09-21,2026-09-21,CM,NSE,STK,23224,INE0S3X01014,ENFUSE,SM,,,,,ENFUSE SOLUTIONS LIMITED,142.05,153.00,142.05,151.00,150.00,142.00,,151.00,,,3000,448230.00,5,F1,600,,,,,
2026-09-21,2026-09-21,CM,NSE,STK,4907,INE510A01028,ENGINERSIN,EQ,,,,,ENGINEERS INDIA LTD,268.25,286.90,268.25,285.25,285.75,266.35,,285.24,,,10639611,2997593407.00,107503,F1,1,,,,,
2026-09-21,2026-09-21,CM,NSE,STK,764678,INE130L01014,ENKEIWHEL,EQ,,,,,ENKEI WHEELS (INDIA) LTD.,372.00,393.05,372.00,388.20,388.45,395.10,,386.60,,,1376,533191.85,75,F1,1,,,,,
2026-09-21,2026-09-21,CM,NSE,STK,23230,INE0R9I01021,ENSER,SM,,,,,ENSER COMMUNICATIONS LTD,14.90,15.00,14.50,14.50,14.50,14.10,,14.50,,,50000,744750.00,9,F1,5000,,,,,
2026-09-21,2026-09-21,CM,NSE,STK,22717,INE010601016,ENTERO,EQ,,,,,ENTERO HEALTHCARE SOLU L,1748.00,1800.00,1740.90,1795.50,1798.50,1732.30,,1795.51,,,268431,475691659.90,24670,F1,1,,,,,
2026-09-21,2026-09-21,CM,NSE,STK,13192,INE265F01028,ENIL,EQ,,,,,ENTERTAIN NET. IND. LTD.,101.90,101.90,99.60,100.03,100.00,101.90,,100.03,,,9030,905579.18,361,F1,1,,,,,
2026-09-21,2026-09-21,CM,NSE,STK,27213,INE0LLY01014,EIEL,EQ,,,,,ENVIRO INFRA ENGINEERS L,200.99,204.80,199.43,203.89,204.55,200.01,,203.89,,,651755,132414336.01,12623,F1,1,,,,,
2026-09-21,2026-09-21,CM,NSE,STK,25412,INE0SUH01015,ENVIRO,SM,,,,,ENVIROTECH SYSTEMS LTD,67.05,69.00,65.05,66.10,65.25,66.00,,66.10,,,31000,2067100.00,25,F1,1000,,,,,
2026-09-21,2026-09-21,CM,NSE,STK,22463,INE0G5901015,EPACK,EQ,,,,,EPACK DURABLE LIMITED,178.24,182.54,178.24,179.67,178.60,178.84,,179.68,,,339166,61178909.14,5671,F1,1,,,,,
2026-09-21,2026-09-21,CM,NSE,STK,759251,INE0MLS01022,EPACKPEB,EQ,,,,,EPACK PREFAB TECHN LTD,228.53,247.90,225.87,241.57,241.90,226.26,,241.58,,,1887825,457475802.98,36216,F1,1,,,,,
2026-09-21,2026-09-21,CM,NSE,STK,5382,INE071N01016,EPIGRAL,EQ,,,,,EPIGRAL LIMITED,1109.80,1124.90,1095.10,1111.00,1110.00,1105.30,,1110.94,,,23879,26480225.30,2624,F1,1,,,,,
2026-09-21,2026-09-21,CM,NSE,STK,981,INE255A01020,EPL,EQ,,,,,EPL LIMITED,240.10,242.70,236.00,239.65,240.00,239.35,,239.64,,,3816913,913709027.50,35386,F1,1,,,,,
2026-09-21,2026-09-21,CM,NSE,STK,758349,INE11HF01010,EEPL,ST,,,,,EPPELTONE ENGINEERS LTD,131.00,132.00,128.00,131.50,131.50,133.00,,131.50,,,12000,1551200.00,11,F1,1000,,,,,
2026-09-21,2026-09-21,CM,NSE,STK,3553,INE217G01035,EQUIPPP,BE,,,,,EQUIPPP SOC IMP TECH LTD,24.02,24.51,23.50,23.51,23.50,24.51,,23.52,,,13163,310785.08,38,F1,1,,,,,
2026-09-21,2026-09-21,CM,NSE,STK,913,INE063P01018,EQUITASBNK,EQ,,,,,EQUITAS SMALL FIN BNK LTD,74.45,74.46,72.20,72.43,72.47,74.09,,72.43,,,1503921,109414086.56,14518,F1,1,,,,,
2026-09-21,2026-09-21,CM,NSE,STK,21154,INE406M01024,ERIS,EQ,,,,,ERIS LIFESCIENCES LIMITED,1321.30,1330.90,1291.00,1295.30,1298.00,1321.30,,1295.30,,,60013,78051234.10,9322,F1,1,,,,,
2026-09-21,2026-09-21,CM,NSE,STK,955,INE284A01012,ESABINDIA,EQ,,,,,ESAB INDIA LTD,5650.00,5650.00,5491.00,5561.00,5551.00,5627.50,,5561.15,,,6922,38334562.50,1937,F1,1,,,,,
2026-09-21,2026-09-21,CM,NSE,STK,19884,INE818W01011,ESAFSFB,BE,,,,,ESAF SMALL FINANCE BANK L,38.65,40.20,38.52,39.36,39.35,39.19,,39.36,,,283970,11206032.95,1337,F1,1,,,,,
2026-09-21,2026-09-21,CM,NSE,STK,22767,INE0RQZ01017,ESCONET,ST,,,,,ESCONET TECHNOLOGIES LTD,214.00,219.00,203.80,210.75,212.00,214.50,,210.75,,,37200,7811240.00,75,F1,400,,,,,
2026-09-21,2026-09-21,CM,NSE,STK,958,INE042A01014,ESCORTS,EQ,,,,,ESCORTS KUBOTA LIMITED,2798.00,2859.30,2797.20,2819.80,2822.30,2798.20,,2819.85,,,59112,167750699.90,8311,F1,1,,,,,
2026-09-21,2026-09-21,CM,NSE,STK,765553,INE0DRI01029,ESDS,EQ,,,,,ESDS SOFTWARE SOLUTION L,1564.55,1642.75,1564.55,1642.75,1642.75,1564.55,,1642.72,,,801393,1284488171.25,22000,F1,1,,,,,
2026-09-21,2026-09-21,CM,NSE,STK,759296,INE818W08149,113ESFB31,N0,,,,,ESFB 11.3% 2031 SR 2,99000.00,99000.00,99000.00,99000.00,99000.00,100050.00,,99000.00,,,1,99000.00,1,F1,1,,,,,
2026-09-21,2026-09-21,CM,NSE,STK,24678,INE0SBP01018,ESPRIT,SM,,,,,ESPRIT STONES LIMITED,63.00,67.00,63.00,66.25,66.25,64.10,,66.25,,,12800,836080.00,7,F1,1600,,,,,
2026-09-21,2026-09-21,CM,NSE,STK,25634,INE122M01019,ESSARSHPNG,EQ,,,,,ESSAR SHIPPING LTD,16.43,16.80,16.05,16.15,16.27,16.19,,16.15,,,72288,1173279.60,606,F1,1,,,,,
2026-09-21,2026-09-21,CM,NSE,STK,17084,INE0ITO01014,ESFL,SM,,,,,ESSEN SPECIALITY FILMS L,125.50,127.50,124.50,127.10,127.50,124.85,,127.10,,,11160,1409220.00,24,F1,360,,,,,
2026-09-21,2026-09-21,CM,NSE,STK,24265,INE778B01029,ESTER,EQ,,,,,ESTER INDUSTRIES LTD,89.35,89.35,86.90,87.17,86.95,87.67,,87.17,,,24442,2142049.76,1030,F1,1,,,,,
2026-09-21,2026-09-21,CM,NSE,STK,5097,INE758T01015,ETERNAL,EQ,,,,,ETERNAL LIMITED,326.85,336.50,326.85,335.90,335.90,326.85,,335.89,,,20274532,6751629892.40,146020,F1,1,,,,,
2026-09-21,2026-09-21,CM,NSE,STK,9750,INE04TZ01018,ETHOSLTD,EQ,,,,,ETHOS LIMITED,2660.00,2686.90,2575.00,2593.80,2597.90,2661.50,,2593.91,,,34401,90177998.30,5678,F1,1,,,,,
2026-09-21,2026-09-21,CM,NSE,STK,25162,INE0KCE01017,EUREKAFORB,EQ,,,,,EUREKA FORBES LIMITED,387.40,388.30,377.45,378.45,379.45,385.30,,378.45,,,122274,46530395.50,7715,F1,1,,,,,
2026-09-21,2026-09-21,CM,NSE,STK,6042,INE546V01010,EIFFL,BE,,,,,EURO (I) FRESH FOODS LTD,262.10,262.10,257.15,261.00,261.00,262.10,,261.00,,,1466,382074.40,14,F1,1,,,,,
2026-09-21,2026-09-21,CM,NSE,STK,757953,INE505V01016,EUROBOND,EQ,,,,,EURO PANEL PRODUCTS LTD,156.50,156.50,150.00,153.34,154.00,148.05,,153.34,,,1620,247049.29,48,F1,1,,,,,
2026-09-21,2026-09-21,CM,NSE,STK,759797,INE198501012,EUROPRATIK,EQ,,,,,EURO PRATIK SALES LIMITED,231.70,237.40,222.15,224.00,223.95,231.75,,224.00,,,312956,71255075.55,5915,F1,1,,,,,
2026-09-21,2026-09-21,CM,NSE,STK,8886,INE022C01012,EUROTEXIND,BE,,,,,EUROTEX IND & EXPORTS LTD,11.74,12.32,11.16,11.70,11.16,11.74,,11.70,,,3381,37902.66,19,F1,1,,,,,
2026-09-21,2026-09-21,CM,NSE,STK,11782,INE128A01029,EVEREADY,EQ,,,,,EVEREADY INDS. IND.  LTD.,331.00,338.85,320.00,321.85,322.00,331.00,,321.85,,,218147,70682913.50,5611,F1,1,,,,,
2026-09-21,2026-09-21,CM,NSE,STK,6017,INE295A01018,EVERESTIND,BE,,,,,EVEREST INDUSTRIES LTD,412.00,424.80,412.00,420.80,423.50,412.50,,417.65,,,7536,3164728.55,133,F1,1,,,,,
2026-09-21,2026-09-21,CM,NSE,STK,13091,INE184H01027,EKC,EQ,,,,,EVEREST KANTO CYLINDERLTD,101.70,101.70,99.55,100.06,99.70,101.07,,100.05,,,82556,8282944.28,1814,F1,1,,,,,
2026-09-21,2026-09-21,CM,NSE,STK,11471,INE369A01029,EXCELINDUS,EQ,,,,,EXCEL INDUSTRIES LTD,965.00,969.60,948.10,953.50,959.00,958.20,,953.52,,,5505,5250428.70,492,F1,1,,,,,
2026-09-21,2026-09-21,CM,NSE,STK,760007,INE606N01019,EXCELSOFT,EQ,,,,,EXCELSOFT TECHNOLOGIES L,78.50,82.50,78.05,81.83,81.50,78.08,,81.83,,,941399,76393955.61,8503,F1,1,,,,,
2026-09-21,2026-09-21,CM,NSE,STK,22947,INE777F01014,EXICOM,EQ,,,,,EXICOM TELE SYSTEMS LTD,164.00,168.00,159.78,161.61,161.90,163.68,,161.65,,,1175635,191936644.42,13244,F1,1,,,,,
2026-09-21,2026-09-21,CM,NSE,STK,676,INE302A01020,EXIDEIND,EQ,,,,,EXIDE INDUSTRIES LTD,434.75,437.30,430.70,434.50,432.85,435.85,,434.50,,,1810338,785899716.25,31806,F1,1,,,,,
2026-09-21,2026-09-21,CM,NSE,STK,760422,INE19I001020,EXIMROUTES,SM,,,,,EXIM ROUTES LIMITED,90.00,91.50,88.05,89.15,88.70,94.75,,89.15,,,32000,2863120.00,36,F1,800,,,,,
2026-09-21,2026-09-21,CM,NSE,STK,17486,INE201K01015,EXPLEOSOL,EQ,,,,,EXPLEO SOLUTIONS LIMITED,886.85,889.90,876.40,883.15,885.00,881.95,,883.03,,,10828,9558088.25,1243,F1,1,,,,,
2026-09-21,2026-09-21,CM,NSE,STK,5352,INE0GFE01026,EXXARO,EQ,,,,,EXXARO TILES LIMITED,6.25,6.35,6.17,6.21,6.20,6.25,,6.21,,,199375,1240511.50,390,F1,1,,,,,
2026-09-21,2026-09-21,CM,NSE,STK,760125,INE0HF201011,FABTECH,EQ,,,,,FABTECH TECHNOLOGIES LTD,145.25,148.48,145.25,147.23,147.00,147.93,,147.24,,,50235,7390217.51,490,F1,1,,,,,
2026-09-21,2026-09-21,CM,NSE,STK,1008,INE188A01015,FACT,EQ,,,,,FACT LTD,764.50,822.35,764.50,801.75,796.65,764.20,,801.77,,,1321888,1061540088.35,59508,F1,1,,,,,
2026-09-21,2026-09-21,CM,NSE,STK,1619,INE0DNW01011,FAIRCHEMOR,BE,,,,,FAIRCHEM ORGANICS LIMITED,637.40,644.00,635.00,639.75,642.70,634.00,,638.65,,,2822,1796993.90,439,F1,1,,,,,
2026-09-21,2026-09-21,CM,NSE,STK,765368,INE1Q2D01019,FASCINATE,SM,,,,,FASCINATE TEXTILES LTD,47.85,50.20,47.85,50.20,50.20,47.85,,50.20,,,27200,1354760.00,23,F1,800,,,,,
2026-09-21,2026-09-21,CM,NSE,STK,12000,INE963C01033,FAZE3Q,EQ,,,,,FAZE THREE LIMITED,440.25,444.00,420.00,427.90,423.65,442.95,,427.91,,,37779,16225932.45,1720,F1,1,,,,,
2026-09-21,2026-09-21,CM,NSE,STK,11999,INE512B01022,FCSSOFT,EQ,,,,,FCS SOFTWARE SOLN. LTD.,1.41,1.41,1.39,1.40,1.40,1.41,,1.40,,,1254958,1758090.80,1153,F1,1,,,,,
2026-09-21,2026-09-21,CM,NSE,STK,4898,INE258B01022,FDC,EQ,,,,,FDC LIMITED,350.15,365.60,350.15,362.40,363.40,352.50,,362.42,,,203702,73514884.60,8469,F1,1,,,,,
2026-09-21,2026-09-21,CM,NSE,STK,20322,INE007N01010,FEDFINA,EQ,,,,,FEDBANK FINANCIAL SER L,155.25,156.90,150.71,151.74,151.30,155.25,,151.71,,,710264,109054201.31,10389,F1,1,,,,,
2026-09-21,2026-09-21,CM,NSE,STK,762675,INE417D01020,FEDDERSHOL,EQ,,,,,FEDDERS HOLDING LTD.,54.00,63.48,54.00,61.49,60.10,52.90,,61.51,,,35766255,2162330740.33,113181,F1,1,,,,,
2026-09-21,2026-09-21,CM,NSE,STK,1023,INE171A01029,FEDERALBNK,EQ,,,,,FEDERAL BANK LTD,333.10,335.35,328.80,332.00,332.00,332.75,,332.00,,,4137418,1370797432.15,41894,F1,1,,,,,
2026-09-21,2026-09-21,CM,NSE,STK,1190,INE529A01010,FMGOETZE,EQ,,,,,FEDERAL-MOGUL GOETZE (IND,446.15,446.15,437.30,439.10,439.85,446.15,,439.11,,,101671,44895259.85,3537,F1,1,,,,,
2026-09-21,2026-09-21,CM,NSE,STK,573,INE901X01013,FELIX,SM,,,,,FELIX INDUSTRIES LTD.,206.15,210.00,203.10,208.80,210.00,206.15,,208.80,,,53000,10988550.00,61,F1,500,,,,,
2026-09-21,2026-09-21,CM,NSE,STK,762680,INE225B01021,FERMENTA,EQ,,,,,FERMENTA BIOTECH LTD.,474.35,478.90,461.35,474.25,471.00,474.15,,474.26,,,50477,23767563.10,3481,F1,1,,,,,
2026-09-21,2026-09-21,CM,NSE,STK,8159,INE296C01020,FIBERWEB,EQ,,,,,FIBERWEB INDIA LIMITED,26.10,26.91,25.57,26.27,26.00,26.10,,26.39,,,8360,217525.14,141,F1,1,,,,,
2026-09-21,2026-09-21,CM,NSE,STK,9858,INE0LQQ01019,FIDEL,SM,,,,,FIDEL SOFTECH LIMITED,161.55,169.00,161.55,164.00,164.00,161.55,,164.00,,,16000,2640450.00,15,F1,1000,,,,,
2026-09-21,2026-09-21,CM,NSE,STK,13710,INE737H01014,FIEMIND,EQ,,,,,FIEM INDUSTRIES LIMITED,1949.00,1949.00,1890.10,1901.10,1899.10,1937.30,,1901.09,,,53900,102704874.00,7609,F1,1,,,,,
2026-09-21,2026-09-21,CM,NSE,STK,23647,INE185E01021,FILATFASH,EQ,,,,,FILATEX FASHIONS LIMITED,0.18,0.18,0.17,0.17,0.17,0.17,,0.17,,,23267733,4144539.23,2242,F1,1,,,,,
2026-09-21,2026-09-21,CM,NSE,STK,24532,INE816B01035,FILATEX,EQ,,,,,FILATEX INDIA LTD,94.70,103.00,92.91,102.20,102.85,93.83,,102.15,,,13909256,1397928560.42,81994,F1,1,,,,,
2026-09-21,2026-09-21,CM,NSE,STK,759776,INE0EDU01014,FINBUD,SM,,,,,FINBUD FINANCIAL SERV LTD,120.00,122.90,108.00,110.85,113.00,122.30,,110.85,,,58000,6626400.00,57,F1,1000,,,,,
2026-09-21,2026-09-21,CM,NSE,STK,3744,INE686Y01026,FINEORG,EQ,,,,,FINE ORGANIC IND. LTD.,5144.00,5199.00,5125.00,5149.50,5134.00,5199.00,,5149.46,,,15057,77519749.00,4799,F1,1,,,,,
2026-09-21,2026-09-21,CM,NSE,STK,6198,INE045J01034,FCL,EQ,,,,,FINEOTEX CHEMICAL LIMITED,57.30,58.34,55.43,55.75,55.90,57.02,,55.75,,,14444022,814879033.51,45425,F1,1,,,,,
2026-09-21,2026-09-21,CM,NSE,STK,759239,INE734I01027,FINKURVE,EQ,,,,,FINKURVE FINANCIAL SERV L,73.70,73.70,70.20,71.05,70.20,73.10,,71.05,,,17519,1256492.84,392,F1,1,,,,,
2026-09-21,2026-09-21,CM,NSE,STK,6579,INE02NC01014,FINOPB,EQ,,,,,FINO PAYMENTS BANK LTD,135.49,136.49,134.30,134.82,134.30,135.48,,134.84,,,108299,14635187.27,1687,F1,1,,,,,
2026-09-21,2026-09-21,CM,NSE,STK,1038,INE235A01022,FINCABLES,EQ,,,,,FINOLEX CABLES LTD,1411.20,1424.90,1395.00,1399.70,1400.00,1411.20,,1399.69,,,398902,561335682.90,26433,F1,1,,,,,
2026-09-21,2026-09-21,CM,NSE,STK,1041,INE183A01024,FINPIPE,EQ,,,,,FINOLEX INDUSTRIES LTD,154.75,155.24,151.97,152.16,152.00,154.63,,152.17,,,224529,34294276.59,8669,F1,1,,,,,
2026-09-21,2026-09-21,CM,NSE,STK,14304,INE684F01012,FSL,EQ,,,,,FIRSTSOURCE SOLU. LTD.,272.05,272.75,268.15,269.45,269.00,273.45,,269.45,,,331530,89836055.10,9491,F1,1,,,,,
2026-09-21,2026-09-21,CM,NSE,STK,757658,INE771F01041,FISCHER,EQ,,,,,FISCHER MEDICAL VENTURE L,34.14,35.94,32.50,32.87,32.80,33.15,,32.87,,,1545886,51595093.19,7048,F1,1,,,,,
2026-09-21,2026-09-21,CM,NSE,STK,12032,INE128S01021,FIVESTAR,EQ,,,,,FIVE-STAR BUS FIN LTD,532.75,536.95,518.70,524.95,524.50,538.45,,524.95,,,764807,400766311.35,36819,F1,1,,,,,
2026-09-21,2026-09-21,CM,NSE,STK,20372,INE00Y201027,FLAIR,EQ,,,,,FLAIR WRITING INDUST LTD,235.23,240.00,233.10,238.80,237.49,235.23,,238.81,,,45167,10700601.91,1658,F1,1,,,,,
2026-09-21,2026-09-21,CM,NSE,STK,25516,INE060J01017,FLEXITUFF,BE,,,,,FLEXITUFF VENTURES INT L,2.63,2.63,2.63,2.63,2.63,2.58,,2.64,,,30955,81411.65,13,F1,1,,,,,
2026-09-21,2026-09-21,CM,NSE,STK,758208,INE0VCK01011,FLYSBS,SM,,,,,FLYSBS AVIATION LIMITED,671.00,695.00,640.00,690.20,684.00,670.40,,690.20,,,96400,64713670.00,327,F1,200,,,,,
2026-09-21,2026-09-21,CM,NSE,STK,760331,INE0SQZ01015,FWSTC,SM,,,,,FLYWINGS SIMULAT T C LTD,165.45,170.00,160.00,169.95,170.00,161.45,,169.95,,,51000,8619510.00,18,F1,600,,,,,
2026-09-21,2026-09-21,CM,NSE,STK,7385,INE0I7D01019,FOCE,SM,,,,,FOCE INDIA LIMITED,520.00,540.00,515.00,523.20,520.00,515.00,,523.20,,,20880,10859040.00,22,F1,240,,,,,
2026-09-21,2026-09-21,CM,NSE,STK,6839,INE593W01028,FOCUS,BE,,,,,FOCUS LIGHTG & FIXTRS LTD,60.02,61.44,59.76,59.83,59.76,60.64,,59.83,,,25947,1560790.73,164,F1,1,,,,,
2026-09-21,2026-09-21,CM,NSE,STK,22520,INE0Q4701019,FONEBOX,ST,,,,,FONEBOX RETAIL LIMITED,138.80,138.80,138.00,138.00,138.00,132.20,,138.00,,,26000,3605550.00,9,F1,1000,,,,,
2026-09-21,2026-09-21,CM,NSE,STK,6673,INE976E01023,FOODSIN,EQ,,,,,FOODS & INNS LIMITED,55.90,55.90,53.00,53.15,53.10,54.57,,53.17,,,52098,2817477.44,539,F1,1,,,,,
2026-09-21,2026-09-21,CM,NSE,STK,24917,INE0U2501017,FORCAS,ST,,,,,FORCAS STUDIO LIMITED,219.95,219.95,218.50,218.50,218.50,213.95,,218.50,,,4800,1053440.00,3,F1,1600,,,,,
2026-09-21,2026-09-21,CM,NSE,STK,11573,INE451A01017,FORCEMOT,EQ,,,,,FORCE MOTORS LIMITED,17490.00,17699.00,17452.00,17485.00,17485.00,17488.00,,17485.72,,,37594,660577177.00,12833,F1,1,,,,,
2026-09-21,2026-09-21,CM,NSE,STK,25664,INE0YKW01013,FORGEAUTO,SM,,,,,FORGE AUTO INTERNATION L,102.00,104.90,102.00,104.15,104.90,99.95,,104.15,,,19200,1982880.00,14,F1,1200,,,,,
2026-09-21,2026-09-21,CM,NSE,STK,14592,INE061F01013,FORTIS,EQ,,,,,FORTIS HEALTHCARE LTD,887.20,906.50,887.20,893.50,893.50,886.00,,893.52,,,916405,825387613.20,21987,F1,1,,,,,
2026-09-21,2026-09-21,CM,NSE,STK,1073,INE519A01011,FOSECOIND,EQ,,,,,FOSECO INDIA LTD,6748.00,6799.50,6544.50,6643.00,6629.00,6677.50,,6642.85,,,18684,124074107.00,7143,F1,1,,,,,
2026-09-21,2026-09-21,CM,NSE,STK,760961,INE212S01015,FRACTAL,EQ,,,,,FRACTAL ANALYTICS LIMITED,762.05,764.35,745.00,760.90,764.00,764.35,,760.78,,,355031,268329880.80,22697,F1,1,,,,,
2026-09-21,2026-09-21,CM,NSE,STK,764683,INE194R01017,FREDUN,EQ,,,,,FREDUN PHARMACEUTICALS L,1316.40,1360.00,1302.00,1348.20,1359.00,1303.50,,1348.11,,,94914,126923849.50,6366,F1,1,,,,,
2026-09-21,2026-09-21,CM,NSE,STK,25871,INE0SFW01015,FRESHARA,ST,,,,,FRESHARA AGRO EXPORTS LTD,442.05,442.05,428.45,428.45,428.45,450.95,,428.45,,,21600,9308310.00,33,F1,600,,,,,
2026-09-21,2026-09-21,CM,NSE,STK,11501,INE385O01018,FROG,SM,,,,,FROG INNOVATIONS LIMITED,273.05,279.95,255.25,275.50,275.10,281.70,,275.50,,,57200,15220540.00,124,F1,400,,,,,
2026-09-21,2026-09-21,CM,NSE,STK,762685,INE572D01014,FRONTSP,EQ,,,,,FRONTIER SPRINGS LTD.,1204.30,1208.00,1170.00,1173.50,1175.00,1198.40,,1173.53,,,16517,19465658.60,1999,F1,1,,,,,
2026-09-21,2026-09-21,CM,NSE,STK,6545,INE388Y01029,NYKAA,EQ,,,,,FSN E COMMERCE VENTURES,327.00,337.55,323.95,336.00,336.00,332.15,,335.99,,,4082160,1344439245.30,142291,F1,1,,,,,
2026-09-21,2026-09-21,CM,NSE,STK,759876,INE12UR01024,UTLSOLAR,EQ,,,,,FUJIYAMA POWER SYSTEMS L,426.00,426.00,413.50,422.05,422.20,418.65,,422.03,,,168108,70209550.25,11295,F1,1,,,,,
2026-09-21,2026-09-21,CM,NSE,STK,11932,INE139R01012,FUSION,EQ,,,,,FUSION FINANCE LIMITED,185.05,187.90,182.73,184.67,184.43,185.12,,184.66,,,213462,39570408.74,5019,F1,1,,,,,
2026-09-21,2026-09-21,CM,NSE,STK,14868,INE452O01016,FLFL,BZ,,,,,FUT LIFESTYLE FASH LTD,1.12,1.20,1.10,1.18,1.18,1.15,,1.18,,,42396,48903.61,97,F1,1,,,,,
2026-09-21,2026-09-21,CM,NSE,STK,13812,INE623B01027,FEL,BZ,,,,,FUTURE ENTERPRISES LTD,0.36,0.37,0.36,0.36,0.37,0.36,,0.36,,,123240,44986.70,79,F1,1,,,,,
2026-09-21,2026-09-21,CM,NSE,STK,30491,IN9623B01058,FELDVR,BZ,,,,,FUTURE ENTERPRISES LTD,2.15,2.15,1.95,2.00,2.04,2.05,,1.98,,,15751,30892.11,44,F1,1,,,,,
2026-09-21,2026-09-21,CM,NSE,STK,21017,INE360L01017,FMNL,EQ,,,,,FUTURE MKT NETWORKS LTD,9.20,9.27,8.78,8.85,8.79,9.24,,8.85,,,61329,543960.37,148,F1,1,,,,,
2026-09-21,2026-09-21,CM,NSE,STK,1168,INE075D01018,GMBREW,EQ,,,,,G M BREWERIES LTD,953.95,961.00,941.00,947.00,949.65,953.95,,947.00,,,23836,22612489.90,2087,F1,1,,,,,
2026-09-21,2026-09-21,CM,NSE,STK,5054,INE201P01022,GRINFRA,EQ,,,,,G R INFRAPROJECTS LIMITED,839.90,874.95,819.00,824.85,819.00,825.90,,824.88,,,156865,131849073.95,12451,F1,1,,,,,
2026-09-21,2026-09-21,CM,NSE,STK,1129,INE586X01012,GTECJAINX,EQ,,,,,G-TEC JAINX EDUCATION LTD,26.83,27.80,26.13,26.39,26.50,26.86,,26.39,,,3167,84616.62,26,F1,1,,,,,
2026-09-21,2026-09-21,CM,NSE,STK,1085,INE524A01029,GABRIEL,EQ,,,,,GABRIEL INDIA LTD,1326.00,1330.00,1281.60,1290.30,1283.00,1321.80,,1290.27,,,216108,280047560.00,23939,F1,1,,,,,
2026-09-21,2026-09-21,CM,NSE,STK,18018,INE224E01028,GATECH,BE,,,,,GACM TECHNOLOGIES LIMITED,0.76,0.76,0.76,0.76,0.76,0.73,,0.77,,,4762960,3619849.60,1260,F1,1,,,,,
2026-09-21,2026-09-21,CM,NSE,STK,27,INE224E01036,GATECHDVR,BE,,,,,GACM TECHNOLOGIES LIMITED,0.50,0.50,0.48,0.48,0.49,0.48,,0.48,,,264429,129696.72,223,F1,1,,,,,
2026-09-21,2026-09-21,CM,NSE,STK,4717,INE129A01019,GAIL,EQ,,,,,GAIL (INDIA) LTD,173.60,174.38,172.61,172.61,172.61,173.90,,172.61,,,3734893,646695976.12,36493,F1,1,,,,,
2026-09-21,2026-09-21,CM,NSE,STK,765396,INE18UN01038,GAJA,EQ,,,,,GAJA ALT ASSET MGT LTD,143.00,168.33,141.50,162.71,162.00,142.50,,162.70,,,18146677,2929799523.66,138015,F1,1,,,,,
2026-09-21,2026-09-21,CM,NSE,STK,25134,INE0RE001014,GALAPREC,EQ,,,,,GALA PRECISION ENG LTD,1015.00,1052.00,1003.30,1042.40,1039.50,1011.20,,1042.73,,,29299,30209655.00,3492,F1,1,,,,,
2026-09-21,2026-09-21,CM,NSE,STK,759089,INE09A801015,GML,SM,,,,,GALAXY MEDICARE LIMITED,18.10,18.15,18.10,18.15,18.15,17.45,,18.15,,,12000,217500.00,4,F1,2000,,,,,
2026-09-21,2026-09-21,CM,NSE,STK,1315,INE600K01018,GALAXYSURF,EQ,,,,,GALAXY SURFACTANTS LTD,2234.90,2254.30,2175.10,2188.50,2176.00,2215.20,,2188.37,,,35803,78710414.00,4297,F1,1,,,,,
2026-09-21,2026-09-21,CM,NSE,STK,13337,INE297H01019,GALLANTT,EQ,,,,,GALLANTT ISPAT LIMITED,554.05,554.10,541.00,546.85,548.30,547.15,,546.90,,,41459,22600285.75,3036,F1,1,,,,,
2026-09-21,2026-09-21,CM,NSE,STK,20303,INE717W01049,GANDHAR,EQ,,,,,GANDHAR OIL REFINE IND L,276.20,277.95,265.20,267.65,269.00,276.20,,267.55,,,534706,145367183.00,9214,F1,1,,,,,
2026-09-21,2026-09-21,CM,NSE,STK,14116,INE524B01027,GANDHITUBE,EQ,,,,,GANDHI SPL. TUBES LTD,897.95,912.00,888.85,909.30,910.00,899.20,,909.23,,,4655,4196591.25,363,F1,1,,,,,
2026-09-21,2026-09-21,CM,NSE,STK,5617,INE388A01029,GANESHBE,BE,,,,,GANESH BENZOPLAST LIMITED,125.17,130.00,124.13,125.90,125.00,126.86,,125.90,,,82286,10425745.37,481,F1,1,,,,,
2026-09-21,2026-09-21,CM,NSE,STK,759012,INE652V01016,GANESHCP,EQ,,,,,GANESH CONSUMER PRODUCT L,171.40,176.99,169.08,171.40,172.98,169.20,,171.39,,,122957,21317062.55,3050,F1,1,,,,,
2026-09-21,2026-09-21,CM,NSE,STK,24439,INE0R8C01018,GGBL,SM,,,,,GANESH GREEN BHARAT LTD,205.00,210.00,204.00,206.80,206.30,205.40,,206.80,,,20700,4283460.00,69,F1,300,,,,,
2026-09-21,2026-09-21,CM,NSE,STK,14339,INE460C01014,GANESHHOU,EQ,,,,,GANESH HOUSING LIMITED,741.45,748.55,733.05,742.45,747.90,741.45,,742.46,,,13488,9992215.70,1314,F1,1,,,,,
2026-09-21,2026-09-21,CM,NSE,STK,27339,INE0TVT01024,GANESHIN,SM,,,,,GANESH INFRAWORLD LIMITED,89.00,94.50,89.00,94.25,94.50,93.10,,94.25,,,26400,2446320.00,30,F1,800,,,,,
2026-09-21,2026-09-21,CM,NSE,STK,6944,INE845D01014,GANECOS,EQ,,,,,GANESHA ECOSPHERE LIMITED,1002.00,1018.60,991.70,1008.20,1009.90,1002.00,,1008.19,,,63820,64120348.70,5685,F1,1,,,,,
2026-09-21,2026-09-21,CM,NSE,STK,757525,INE0ZI101018,GANGABATH,SM,,,,,GANGA BATH FITTINGS LTD,20.00,22.95,20.00,22.80,22.55,20.55,,22.80,,,30000,648900.00,8,F1,3000,,,,,
2026-09-21,2026-09-21,CM,NSE,STK,4957,INE691Z01023,GANGAFORGE,EQ,,,,,GANGA FORGING LIMITED,1.57,1.61,1.56,1.58,1.58,1.55,,1.58,,,2230854,3548613.01,938,F1,1,,,,,
2026-09-21,2026-09-21,CM,NSE,STK,21399,INE335W01016,GANGESSECU,EQ,,,,,GANGES SECURITIES LIMITED,114.53,116.87,114.20,114.20,114.20,114.15,,114.03,,,128,14633.26,11,F1,1,,,,,
2026-09-21,2026-09-21,CM,NSE,STK,5475,INE382Z01011,GRSE,EQ,,,,,GARDEN REACH SHIP&ENG LTD,2408.00,2418.80,2366.10,2372.20,2373.00,2411.80,,2372.28,,,180334,430386128.80,14672,F1,1,,,,,
2026-09-21,2026-09-21,CM,NSE,STK,25800,INE0JVO01026,GARUDA,EQ,,,,,GARUDA CONSTRUCT N ENG L,175.50,178.88,174.65,176.77,176.25,175.53,,176.76,,,325038,57465420.92,4897,F1,1,,,,,
2026-09-21,2026-09-21,CM,NSE,STK,7982,INE291A01017,GRWRHITECH,EQ,,,,,GARWARE HI-TECH FILMS LTD,6720.00,6770.00,6431.50,6454.50,6445.00,6724.50,,6454.51,,,33465,219884476.00,8910,F1,1,,,,,
2026-09-21,2026-09-21,CM,NSE,STK,1100,INE276A01018,GARFIBRES,EQ,,,,,GARWARE TECH FIBRES LTD,822.45,822.45,798.45,800.45,801.00,819.00,,800.47,,,44283,35604443.45,6859,F1,1,,,,,
2026-09-21,2026-09-21,CM,NSE,STK,8510,INE079J01017,GATEWAY,EQ,,,,,GATEWAY DISTRIPARKS LTD,53.20,53.88,52.11,52.51,52.64,52.87,,52.51,,,406583,21439803.48,3104,F1,1,,,,,
2026-09-21,2026-09-21,CM,NSE,STK,760178,INE0P8B01020,GAUDIUMIVF,EQ,,,,,GAUDIUM IVF N WOMEN H L,117.38,117.90,110.60,112.25,111.67,116.22,,112.25,,,368076,41613730.00,3623,F1,1,,,,,
2026-09-21,2026-09-21,CM,NSE,STK,3693,INE287Z01012,GAYAHWS,EQ,,,,,GAYATRI HIGHWAYS LIMITED,1.94,1.95,1.82,1.90,1.89,1.90,,1.92,,,213431,408918.78,298,F1,1,,,,,
2026-09-21,2026-09-21,CM,NSE,STK,25023,INE336H01023,GAYAPROJ,EQ,,,,,GAYATRI PROJECTS LTD,25.20,25.90,24.33,24.59,24.41,24.72,,24.60,,,1304113,32849583.61,3902,F1,1,,,,,
2026-09-21,2026-09-21,CM,NSE,STK,14052,INE0LVM01018,GRCL,SM,,,,,GAYATRI RUBB AND CHEM LTD,573.00,585.00,569.95,585.00,585.00,572.50,,585.00,,,1500,860112.50,6,F1,250,,,,,
2026-09-21,2026-09-21,CM,NSE,STK,7862,INE878A01011,GVPIL,EQ,,,,,GE POWER INDIA LIMITED,659.70,688.90,658.00,688.90,688.90,656.10,,689.37,,,340873,231513358.65,12519,F1,1,,,,,
2026-09-21,2026-09-21,CM,NSE,STK,16783,INE200A01026,GVT&D,EQ,,,,,GE VERNOVA T&D INDIA LTD,4399.00,4458.30,4366.10,4366.10,4366.10,4385.00,,4366.24,,,207424,910923436.90,24202,F1,1,,,,,
2026-09-21,2026-09-21,CM,NSE,STK,13662,INE916G01016,GEECEE,BE,,,,,GEECEE VENTURES LIMITED,380.00,380.00,360.30,376.15,376.15,371.85,,376.18,,,1834,685361.10,47,F1,1,,,,,
2026-09-21,2026-09-21,CM,NSE,STK,17922,INE669X01032,GEEKAYWIRE,EQ,,,,,GEEKAY WIRES LIMITED,33.69,33.72,27.80,30.90,30.93,33.25,,30.90,,,1028113,30853760.82,5413,F1,1,,,,,
2026-09-21,2026-09-21,CM,NSE,STK,759461,INE06XZ01023,GEMAROMA,EQ,,,,,GEM AROMATICS LIMITED,150.57,153.85,148.45,150.58,149.00,149.10,,150.58,,,200645,30014171.86,2910,F1,1,,,,,
2026-09-21,2026-09-21,CM,NSE,STK,277,INE481Y01014,GICRE,EQ,,,,,GENERAL INS CORP OF INDIA,349.10,349.10,345.10,346.20,345.80,351.00,,346.20,,,205977,71522001.85,5205,F1,1,,,,,
2026-09-21,2026-09-21,CM,NSE,STK,2188,INE854S01022,GENCON,EQ,,,,,GENERIC ENG CONS PROJ LTD,41.50,41.50,39.11,40.54,40.98,40.01,,40.54,,,285795,11440024.53,744,F1,1,,,,,
2026-09-21,2026-09-21,CM,NSE,STK,10905,INE727B01026,GENESYS,EQ,,,,,GENESYS INTL CORPN LTD,289.05,295.50,272.40,279.09,282.00,285.19,,279.07,,,639081,181937331.64,12871,F1,1,,,,,
2026-09-21,2026-09-21,CM,NSE,STK,758842,INE06H201014,GENSOL,BZ,,,,,GENSOL ENGINEERING LTD,17.09,17.30,16.50,16.94,17.00,17.10,,16.68,,,56611,962072.64,434,F1,1,,,,,
2026-09-21,2026-09-21,CM,NSE,STK,6600,INE949P01018,GENUSPAPER,EQ,,,,,GENUS P&B LIMITED,11.40,11.70,11.20,11.49,11.50,11.41,,11.49,,,52641,603130.71,195,F1,1,,,,,
2026-09-21,2026-09-21,CM,NSE,STK,11905,INE955D01029,GENUSPOWER,EQ,,,,,GENUS POWER INFRASTRU LTD,310.75,312.90,305.20,310.90,311.25,310.75,,310.91,,,1093688,338486281.45,19197,F1,1,,,,,
2026-09-21,2026-09-21,CM,NSE,STK,31942,INE1W0N01014,GENXAI,SM,,,,,GENXAI ANALYTICS LIMITED,76.55,77.55,68.85,71.60,71.00,76.50,,71.60,,,54000,3893580.00,44,F1,1200,,,,,
2026-09-21,2026-09-21,CM,NSE,STK,11896,INE007B01023,GEOJITFSL,EQ,,,,,GEOJIT FINANCIAL SER L,81.89,82.74,80.61,81.94,81.60,81.99,,81.95,,,191462,15652814.29,2248,F1,1,,,,,
2026-09-21,2026-09-21,CM,NSE,STK,1289,INE538A01037,GFLLIMITED,EQ,,,,,GFL LIMITED,56.60,58.60,56.40,57.00,56.70,56.43,,57.00,,,123439,7122464.15,806,F1,1,,,,,
2026-09-21,2026-09-21,CM,NSE,STK,1127,INE539A01019,GHCL,EQ,,,,,GHCL LIMITED,425.90,427.90,420.00,421.55,420.50,421.70,,421.57,,,45084,18990071.85,2662,F1,1,,,,,
2026-09-21,2026-09-21,CM,NSE,STK,16696,INE0PA801013,GHCLTEXTIL,EQ,,,,,GHCL TEXTILES LIMITED,125.49,131.51,121.20,129.52,131.30,124.51,,129.52,,,741104,94697904.09,9689,F1,1,,,,,
2026-09-21,2026-09-21,CM,NSE,STK,1139,INE289B01019,GICHSGFIN,EQ,,,,,GIC HOUSING FINANCE LTD,138.17,140.00,138.00,139.28,138.90,139.35,,139.28,,,41626,5788921.15,613,F1,1,,,,,
2026-09-21,2026-09-21,CM,NSE,STK,17839,INE047B01011,GILLANDERS,EQ,,,,,GILLANDERS ARBUTHNOT LTD,104.00,108.00,101.20,107.03,108.00,104.52,,107.03,,,5873,621499.90,67,F1,1,,,,,
2026-09-21,2026-09-21,CM,NSE,STK,1576,INE322A01010,GILLETTE,EQ,,,,,GILLETTE INDIA LTD,7073.00,7119.50,6922.00,7048.00,7050.00,7073.00,,7048.06,,,67264,472806551.50,11259,F1,1,,,,,
2026-09-21,2026-09-21,CM,NSE,STK,9294,INE424C01010,GINNIFILA,BE,,,,,GINNIFILAMENTS LTD.,42.94,42.94,41.25,41.61,42.00,42.35,,41.51,,,21842,908636.77,68,F1,1,,,,,
2026-09-21,2026-09-21,CM,NSE,STK,2365,INE614Z01017,GIRIRAJ,SM,,,,,GIRIRAJ CIVIL DEVP LTD,81.15,81.15,77.30,79.45,77.30,77.30,,79.45,,,4750,378750.00,10,F1,250,,,,,
2026-09-21,2026-09-21,CM,NSE,STK,759048,INE1AG301022,GKENERGY,EQ,,,,,GK ENERGY LIMITED,120.34,128.30,119.26,126.59,126.25,119.77,,126.58,,,1430370,179703509.16,15067,F1,1,,,,,
2026-09-21,2026-09-21,CM,NSE,STK,764688,INE265D01015,GKB,EQ,,,,,GKB OPHTHALMICS LTD.,67.44,69.70,64.05,69.11,69.70,67.44,,68.77,,,3766,247885.50,42,F1,1,,,,,
2026-09-21,2026-09-21,CM,NSE,STK,17357,INE528A01020,GKWLIMITED,EQ,,,,,GKW LIMITED,1569.10,1587.10,1556.10,1571.40,1571.40,1587.10,,1571.40,,,63,99320.10,14,F1,1,,,,,
2026-09-21,2026-09-21,CM,NSE,STK,1186,INE068V01023,GLAND,EQ,,,,,GLAND PHARMA LIMITED,2965.00,3008.00,2916.20,2940.20,2935.20,2961.90,,2940.28,,,279128,827701073.50,32174,F1,1,,,,,
2026-09-21,2026-09-21,CM,NSE,STK,766005,INE644Q01039,GLASSWALL,EQ,,,,,GLASS WALL SYSTEM (I) LTD,274.38,305.39,261.66,295.21,300.70,269.51,,295.28,,,77218755,21746422830.17,590799,F1,1,,,,,
2026-09-21,2026-09-21,CM,NSE,STK,1153,INE159A01016,GLAXO,EQ,,,,,GLAXOSMITHKLINE PHARMA LT,2837.00,2875.10,2835.70,2862.90,2870.00,2838.80,,2862.95,,,21828,62404370.20,4535,F1,1,,,,,
2026-09-21,2026-09-21,CM,NSE,STK,7406,INE935A01035,GLENMARK,EQ,,,,,GLENMARK PHARMACEUTICALS,2425.00,2473.60,2424.00,2450.00,2450.00,2447.40,,2450.00,,,405696,996653297.40,28378,F1,1,,,,,
2026-09-21,2026-09-21,CM,NSE,STK,1415,INE291W01037,GLOBAL,EQ,,,,,GLOBAL EDUCATION LIMITED,130.26,136.97,129.01,130.60,129.20,130.16,,130.60,,,545418,73203191.33,4409,F1,1,,,,,
2026-09-21,2026-09-21,CM,NSE,STK,11956,INE474Q01031,MEDANTA,EQ,,,,,GLOBAL HEALTH LIMITED,1499.40,1527.00,1467.60,1508.10,1504.90,1499.40,,1508.06,,,321886,483703762.60,30659,F1,1,,,,,
2026-09-21,2026-09-21,CM,NSE,STK,17167,INE0PS501019,GLOBALPET,SM,,,,,GLOBAL PET INDUSTRIES LTD,165.00,165.00,165.00,165.00,165.00,163.00,,165.00,,,750,123750.00,1,F1,750,,,,,
2026-09-21,2026-09-21,CM,NSE,STK,14599,INE0JSX01015,GSLSU,EQ,,,,,GLOBAL SURFACES LIMITED,28.05,29.44,27.61,29.44,29.44,28.04,,29.44,,,82466,2387697.36,592,F1,1,,,,,
2026-09-21,2026-09-21,CM,NSE,STK,13735,INE792H01019,GLOBALVECT,EQ,,,,,GLOBAL VEC HELICORP LTD,133.55,135.80,130.61,133.56,134.00,131.58,,133.52,,,3880,516524.32,182,F1,1,,,,,
2026-09-21,2026-09-21,CM,NSE,STK,24932,INE0URU01010,GLOBALE,EQ,,,,,GLOBALE TESSILE LIMITED,11.50,11.50,10.80,11.16,10.86,11.00,,11.16,,,3542,39509.55,27,F1,1,,,,,
2026-09-21,2026-09-21,CM,NSE,STK,758572,INE0V3U01015,GLOBECIVIL,EQ,,,,,GLOBE CIVIL PROJECTS LTD,43.00,43.00,41.60,42.14,42.50,42.26,,42.17,,,17533,740245.15,254,F1,1,,,,,
2026-09-21,2026-09-21,CM,NSE,STK,393,INE581X01021,GLOBE,EQ,,,,,GLOBE ENTERPRISE (I) LTD,2.15,2.48,2.03,2.25,2.25,2.07,,2.25,,,7221088,16557653.15,1744,F1,1,,,,,
2026-09-21,2026-09-21,CM,NSE,STK,761021,INE947T01022,GICL,BE,,,,,GLOBE INTL CARRIERS LTD,24.10,24.97,23.50,23.64,23.88,24.58,,23.64,,,23841,569750.06,119,F1,1,,,,,
2026-09-21,2026-09-21,CM,NSE,STK,9764,INE00WS01056,GSTL,SM,,,,,GLOBESECURE TECHNO LTD,11.35,12.25,11.35,11.90,12.05,11.90,,11.90,,,11000,127100.00,10,F1,1000,,,,,
2026-09-21,2026-09-21,CM,NSE,STK,17424,INE615I01010,GLOBUSSPR,EQ,,,,,GLOBUS SPIRITS LTD,819.75,836.90,819.75,830.80,829.30,819.75,,830.79,,,51319,42678859.70,5106,F1,1,,,,,
2026-09-21,2026-09-21,CM,NSE,STK,23590,INE350Z01018,GLOSTERLTD,EQ,,,,,GLOSTER LIMITED,585.00,587.20,545.00,578.50,579.00,586.20,,578.62,,,7626,4308080.10,266,F1,1,,,,,
2026-09-21,2026-09-21,CM,NSE,STK,760116,INE0TQE01026,GLOTTIS,EQ,,,,,GLOTTIS LIMITED,58.62,58.88,57.60,57.76,57.75,59.48,,57.78,,,23320,1355707.93,531,F1,1,,,,,
2026-09-21,2026-09-21,CM,NSE,STK,1570,INE541A01023,GMMPFAUDLR,EQ,,,,,GMM PFAUDLER LIMITED,1462.80,1533.60,1441.60,1507.20,1509.80,1467.00,,1507.18,,,894431,1343041945.10,58945,F1,1,,,,,
2026-09-21,2026-09-21,CM,NSE,STK,13528,INE776C01039,GMRAIRPORT,EQ,,,,,GMR AIRPORTS LIMITED,101.20,101.28,98.15,98.70,98.70,99.30,,98.70,,,27536721,2736641083.22,59603,F1,1,,,,,
2026-09-21,2026-09-21,CM,NSE,STK,8529,INE0CU601026,GMRP&UI,EQ,,,,,GMR POW AND URBAN INFRA L,92.00,93.89,92.00,92.43,92.10,92.31,,92.43,,,645124,59884323.30,6905,F1,1,,,,,
2026-09-21,2026-09-21,CM,NSE,STK,18571,INE934S01014,GNA,EQ,,,,,GNA AXLES LIMITED,569.00,572.85,560.70,564.85,561.50,558.55,,564.83,,,309236,175196146.95,10276,F1,1,,,,,
2026-09-21,2026-09-21,CM,NSE,STK,757862,INE18JU01028,EBGNG,EQ,,,,,GNG ELECTRONICS LIMITED,702.60,706.90,671.90,690.45,689.00,703.05,,690.36,,,727792,498046766.80,35287,F1,1,,,,,
2026-09-21,2026-09-21,CM,NSE,STK,23799,INE03JT01014,GODIGIT,EQ,,,,,GO DIGIT GENERAL INS LTD,236.70,243.65,231.65,241.45,241.90,239.00,,241.43,,,992938,238410649.30,40186,F1,1,,,,,
2026-09-21,2026-09-21,CM,NSE,STK,6964,INE0BJS01011,GOCOLORS,EQ,,,,,GO FASHION INDIA LTD,306.60,315.00,304.00,306.70,305.20,306.00,,306.71,,,70857,21847546.90,2508,F1,1,,,,,
2026-09-21,2026-09-21,CM,NSE,STK,14687,INE426D01013,GOACARBON,EQ,,,,,GOA CARBON LIMITED,381.00,394.00,376.30,389.10,387.00,377.60,,389.08,,,33473,12914912.80,2136,F1,1,,,,,
2026-09-21,2026-09-21,CM,NSE,STK,3963,INE077F01035,GOCLCORP,EQ,,,,,GOCL CORPORATION LIMITED,450.00,454.80,442.05,453.45,454.20,446.10,,453.47,,,695358,312470027.30,20122,F1,1,,,,,
2026-09-21,2026-09-21,CM,NSE,STK,25941,INE497S01012,GODAVARIB,EQ,,,,,GODAVARI BIOREFINERIES L,242.00,246.50,241.01,242.47,243.75,241.01,,242.47,,,58564,14249347.79,1597,F1,1,,,,,
2026-09-21,2026-09-21,CM,NSE,STK,13409,INE177H01039,GPIL,EQ,,,,,GODAWARI POW & ISP LTD,234.00,239.60,232.60,236.80,236.39,233.47,,236.78,,,1413064,334594996.34,15166,F1,1,,,,,
2026-09-21,2026-09-21,CM,NSE,STK,1181,INE260B01028,GODFRYPHLP,EQ,,,,,GODFREY PHILLIPS INDIA LT,1997.00,2004.00,1972.00,1980.00,1980.00,2018.00,,1979.57,,,121765,241525899.70,10183,F1,1,,,,,
2026-09-21,2026-09-21,CM,NSE,STK,144,INE850D01014,GODREJAGRO,EQ,,,,,GODREJ AGROVET LIMITED,666.70,679.90,657.25,660.65,663.35,661.60,,660.69,,,190635,127789798.00,9652,F1,1,,,,,
2026-09-21,2026-09-21,CM,NSE,STK,10099,INE102D01028,GODREJCP,EQ,,,,,GODREJ CONSUMER PRODUCTS,879.00,891.00,866.10,867.50,867.50,880.00,,867.52,,,975825,857890985.20,27209,F1,1,,,,,
2026-09-21,2026-09-21,CM,NSE,STK,10925,INE233A01035,GODREJIND,EQ,,,,,GODREJ INDUSTRIES LTD,1098.90,1115.90,1098.90,1101.70,1099.00,1107.40,,1101.74,,,32225,35626881.90,3956,F1,1,,,,,
2026-09-21,2026-09-21,CM,NSE,STK,17875,INE484J01027,GODREJPROP,EQ,,,,,GODREJ PROPERTIES LTD,1704.00,1720.90,1696.00,1696.90,1696.90,1691.10,,1696.94,,,398829,679841219.50,19451,F1,1,,,,,
2026-09-21,2026-09-21,CM,NSE,STK,765280,IN0020260058,620GS2029,GS,,,,,GOI LOAN   6.20% 2029,99.00,99.85,99.00,99.85,99.85,99.85,,99.85,,,149,14835.15,4,F1,1,,,,,
2026-09-21,2026-09-21,CM,NSE,STK,765281,IN0020260066,657GS2033A,GS,,,,,GOI LOAN   6.57% 2033,97.21,97.50,97.21,97.50,97.50,100.00,,97.50,,,20,1947.10,2,F1,1,,,,,
2026-09-21,2026-09-21,CM,NSE,STK,27405,IN0020240167,664GS2027,GS,,,,,GOI LOAN   6.64% 2027,101.55,101.55,101.55,101.55,101.55,101.80,,101.55,,,490,49759.50,1,F1,1,,,,,
2026-09-21,2026-09-21,CM,NSE,STK,28530,IN0020240183,675GS2029,GS,,,,,GOI LOAN   6.75% 2029,101.40,101.40,101.00,101.22,101.20,101.75,,101.22,,,12500,1265280.00,6,F1,1,,,,,
2026-09-21,2026-09-21,CM,NSE,STK,24705,IN0020240100,697GR2034,GS,,,,,GOI LOAN   6.97% 2034,96.50,97.00,96.50,97.00,97.00,98.00,,97.00,,,105,10183.75,6,F1,1,,,,,
2026-09-21,2026-09-21,CM,NSE,STK,27170,IN0020240142,709GS2074,GS,,,,,GOI LOAN   7.09% 2074,95.42,95.42,94.65,95.08,95.29,95.40,,95.08,,,14327,1365437.41,21,F1,1,,,,,
2026-09-21,2026-09-21,CM,NSE,STK,6695,IN0020210186,574GS2026,GS,,,,,GOI LOAN  5.74% 2026,100.94,102.05,100.94,102.05,102.05,101.95,,102.05,,,129,13113.62,5,F1,1,,,,,
2026-09-21,2026-09-21,CM,NSE,STK,757753,IN0020250034,591GS2028,GS,,,,,GOI LOAN  5.91% 2028,99.51,99.51,99.51,99.51,99.51,100.50,,99.51,,,10,995.10,1,F1,1,,,,,
2026-09-21,2026-09-21,CM,NSE,STK,757983,IN0020250067,601GS2030,GS,,,,,GOI LOAN  6.01% 2030,97.53,97.75,97.34,97.75,97.75,98.40,,97.75,,,1020,99497.80,4,F1,1,,,,,
2026-09-21,2026-09-21,CM,NSE,STK,760622,IN0020250125,603GS2029,GS,,,,,GOI LOAN  6.03% 2029,99.02,99.20,99.02,99.20,99.20,99.54,,99.20,,,11,1089.40,2,F1,1,,,,,
2026-09-21,2026-09-21,CM,NSE,STK,5012,IN0020210095,610GS2031,GS,,,,,GOI LOAN  6.10% 2031,99.99,99.99,99.99,99.99,99.99,99.99,,99.99,,,1,99.99,1,F1,1,,,,,
2026-09-21,2026-09-21,CM,NSE,STK,756890,IN0020250026,633GS2035,GS,,,,,GOI LOAN  6.33% 2035,96.57,96.57,96.57,96.57,96.57,101.00,,96.57,,,500,48285.00,1,F1,1,,,,,
2026-09-21,2026-09-21,CM,NSE,STK,761020,IN0020250141,636GS2031,GS,,,,,GOI LOAN  6.36% 2031,99.00,99.30,98.50,99.30,99.30,99.30,,99.30,,,6301,625640.30,11,F1,1,,,,,
2026-09-21,2026-09-21,CM,NSE,STK,759396,IN0020250091,648GS2035,GS,,,,,GOI LOAN  6.48% 2035,97.90,98.00,97.90,97.91,97.91,99.00,,97.91,,,920,90087.33,6,F1,1,,,,,
2026-09-21,2026-09-21,CM,NSE,STK,765941,IN0020260074,653GS2031,GS,,,,,GOI LOAN  6.53% 2031,97.83,99.00,97.83,97.83,97.83,99.00,,97.83,,,3000,295830.00,5,F1,1,,,,,
2026-09-21,2026-09-21,CM,NSE,STK,7843,IN0020210244,654GS2032,GS,,,,,GOI LOAN  6.54% 2032,99.05,99.25,99.05,99.25,99.25,99.25,,99.25,,,50028,4965273.40,2,F1,1,,,,,
2026-09-21,2026-09-21,CM,NSE,STK,956,IN0020200252,667GS2050,GS,,,,,GOI LOAN  6.67% 2050,92.70,92.70,92.70,92.70,92.70,92.50,,92.70,,,1,92.70,1,F1,1,,,,,
2026-09-21,2026-09-21,CM,NSE,STK,760623,IN0020250133,668GS2033,GS,,,,,GOI LOAN  6.68% 2033,100.00,100.00,98.50,100.00,100.00,100.00,,100.00,,,611,61081.60,4,F1,1,,,,,
2026-09-21,2026-09-21,CM,NSE,STK,757847,IN0020250042,668GS2040,GS,,,,,GOI LOAN  6.68% 2040,98.00,98.00,97.50,97.89,97.89,97.90,,97.89,,,10,978.18,5,F1,1,,,,,
2026-09-21,2026-09-21,CM,NSE,STK,2317,IN0020200401,676GS2061,GS,,,,,GOI LOAN  6.76% 2061,89.25,89.70,89.16,89.52,89.55,89.15,,89.52,,,34321,3071010.69,28,F1,1,,,,,
2026-09-21,2026-09-21,CM,NSE,STK,22438,IN0020200187,68GS2060,GS,,,,,GOI LOAN  6.8% 2060,92.00,92.00,92.00,92.00,92.00,90.50,,92.00,,,481,44252.00,3,F1,1,,,,,
2026-09-21,2026-09-21,CM,NSE,STK,756014,IN0020250018,690GS2065,GS,,,,,GOI LOAN  6.90% 2065,93.30,93.30,92.70,93.20,93.20,93.59,,93.20,,,16446,1530123.15,18,F1,1,,,,,
2026-09-21,2026-09-21,CM,NSE,STK,763340,IN0020260025,694GS2036,GS,,,,,GOI LOAN  6.94% 2036,100.60,101.79,100.60,101.40,101.40,101.99,,101.40,,,620,63053.90,4,F1,1,,,,,
2026-09-21,2026-09-21,CM,NSE,STK,6817,IN0020210202,695GS2061,GS,,,,,GOI LOAN  6.95% 2061,93.19,93.20,92.00,92.00,92.00,92.00,,92.00,,,5300,487801.98,8,F1,1,,,,,
2026-09-21,2026-09-21,CM,NSE,STK,6696,IN0020210194,699GS2051,GS,,,,,GOI LOAN  6.99% 2051,95.30,95.70,93.93,95.60,95.50,95.85,,95.60,,,7602,719104.84,9,F1,1,,,,,
2026-09-21,2026-09-21,CM,NSE,STK,23854,IN0020240043,702GS2027,GS,,,,,GOI LOAN  7.02% 2027,102.36,102.36,102.36,102.36,102.36,102.50,,102.36,,,2520,257947.20,3,F1,1,,,,,
2026-09-21,2026-09-21,CM,NSE,STK,24072,IN0020240076,702GS2031,GS,,,,,GOI LOAN  7.02% 2031,103.65,103.65,103.65,103.65,103.65,103.65,,103.65,,,10,1036.50,1,F1,1,,,,,
2026-09-21,2026-09-21,CM,NSE,STK,14970,IN0020230010,706GS2028,GS,,,,,GOI LOAN  7.06% 2028,103.55,104.45,103.55,104.45,104.45,103.41,,104.45,,,3214,333138.20,6,F1,1,,,,,
2026-09-21,2026-09-21,CM,NSE,STK,764295,IN0020260041,706GS2041,GS,,,,,GOI LOAN  7.06% 2041,99.71,99.71,99.00,99.00,99.00,100.85,,99.00,,,701,69612.01,4,F1,1,,,,,
2026-09-21,2026-09-21,CM,NSE,STK,24949,IN0020240118,709GS2054,GS,,,,,GOI LOAN  7.09% 2054,96.49,96.49,94.80,95.19,95.19,95.38,,95.19,,,6497,618505.38,10,F1,1,,,,,
2026-09-21,2026-09-21,CM,NSE,STK,23463,IN0020240019,71GS2034,GS,,,,,GOI LOAN  7.1% 2034,102.36,104.43,102.36,104.43,104.43,104.47,,104.43,,,101,10340.43,2,F1,1,,,,,
2026-09-21,2026-09-21,CM,NSE,STK,15050,IN0020230036,717GS2030,GS,,,,,GOI LOAN  7.17% 2030,103.75,104.51,103.75,104.51,104.51,104.80,,104.51,,,3,312.01,3,F1,1,,,,,
2026-09-21,2026-09-21,CM,NSE,STK,18025,IN0020230085,718GS2033,GS,,,,,GOI LOAN  7.18% 2033,100.00,102.00,100.00,102.00,102.00,102.95,,102.00,,,300,30300.00,3,F1,1,,,,,
2026-09-21,2026-09-21,CM,NSE,STK,17398,IN0020230077,718GS2037,GS,,,,,GOI LOAN  7.18% 2037,105.22,105.22,101.82,102.47,102.47,102.39,,102.36,,,1116,113671.04,7,F1,1,,,,,
2026-09-21,2026-09-21,CM,NSE,STK,758674,IN0020250075,724GS2055,GS,,,,,GOI LOAN  7.24% 2055,96.30,96.99,96.15,96.97,96.97,96.60,,96.98,,,116316,11229641.80,38,F1,1,,,,,
2026-09-21,2026-09-21,CM,NSE,STK,16733,IN0020230044,725GS2063,GS,,,,,GOI LOAN  7.25% 2063,97.00,97.00,96.40,96.65,96.61,96.50,,96.65,,,131175,12666522.10,58,F1,1,,,,,
2026-09-21,2026-09-21,CM,NSE,STK,10722,IN0020220060,726GS2032,GS,,,,,GOI LOAN  7.26% 2032,103.40,103.40,102.50,102.50,102.50,103.40,,102.50,,,6175,634445.00,4,F1,1,,,,,
2026-09-21,2026-09-21,CM,NSE,STK,14051,IN0020220151,726GS2033,GS,,,,,GOI LOAN  7.26% 2033,101.50,102.40,100.99,102.40,102.40,102.00,,102.40,,,4785,489319.20,7,F1,1,,,,,
2026-09-21,2026-09-21,CM,NSE,STK,16865,IN0020230051,73GS2053,GS,,,,,GOI LOAN  7.3% 2053,98.40,98.90,98.40,98.87,98.40,98.55,,98.87,,,7851,774864.91,12,F1,1,,,,,
2026-09-21,2026-09-21,CM,NSE,STK,20136,IN0020230135,732GS2030,GS,,,,,GOI LOAN  7.32% 2030,103.55,103.55,103.55,103.55,103.55,104.00,,103.55,,,150,15532.50,2,F1,1,,,,,
2026-09-21,2026-09-21,CM,NSE,STK,19685,IN0020230119,733GS2026,GS,,,,,GOI LOAN  7.33% 2026,103.50,103.50,102.50,102.50,102.50,102.35,,102.50,,,7600,786500.00,11,F1,1,,,,,
2026-09-21,2026-09-21,CM,NSE,STK,23558,IN0020240035,734GS2064,GS,,,,,GOI LOAN  7.34% 2064,99.20,99.20,98.50,98.88,98.96,98.84,,98.88,,,88592,8762588.40,46,F1,1,,,,,
2026-09-21,2026-09-21,CM,NSE,STK,10931,IN0020220086,736GS2052,GS,,,,,GOI LOAN  7.36% 2052,98.95,98.95,97.00,98.74,98.74,98.69,,98.74,,,12766,1248700.95,35,F1,1,,,,,
2026-09-21,2026-09-21,CM,NSE,STK,19566,IN0020230101,737GS2028,GS,,,,,GOI LOAN  7.37% 2028,104.50,105.45,104.50,104.50,104.50,104.30,,104.50,,,4201,441284.50,5,F1,1,,,,,
2026-09-21,2026-09-21,CM,NSE,STK,10981,IN0020220094,74GS2062,GS,,,,,GOI LOAN  7.4% 2062,98.02,101.49,96.80,98.45,98.45,98.21,,98.28,,,14639,1436568.37,40,F1,1,,,,,
2026-09-21,2026-09-21,CM,NSE,STK,13194,IN0020220102,741GS2036,GS,,,,,GOI LOAN  7.41% 2036,104.50,104.70,104.50,104.70,104.70,104.49,,104.70,,,1102,115379.20,4,F1,1,,,,,
2026-09-21,2026-09-21,CM,NSE,STK,760649,IN0020250117,743GS2076,GS,,,,,GOI LOAN  7.43% 2076,99.25,99.34,98.20,99.18,99.18,99.20,,99.00,,,7078,697241.80,11,F1,1,,,,,
2026-09-21,2026-09-21,CM,NSE,STK,19808,IN0020230127,746GS2073,GS,,,,,GOI LOAN  7.46% 2073,102.49,102.99,100.20,102.99,102.99,101.34,,102.99,,,1299,130484.88,5,F1,1,,,,,
2026-09-21,2026-09-21,CM,NSE,STK,763146,IN0020260017,750GS2056,GS,,,,,GOI LOAN  7.50% 2056,102.05,103.00,100.00,101.14,101.05,102.95,,101.14,,,2221,224591.20,12,F1,1,,,,,
2026-09-21,2026-09-21,CM,NSE,STK,9585,IN0020220029,754GS2036,GS,,,,,GOI LOAN  7.54% 2036,105.40,105.40,105.25,105.38,105.40,105.53,,105.38,,,786666,82851309.50,218,F1,1,,,,,
2026-09-21,2026-09-21,CM,NSE,STK,766043,IN0020260082,763GS2056,GS,,,,,GOI LOAN  7.63% 2056,99.50,100.50,99.50,100.35,100.35,100.40,,100.35,,,11841,1185977.30,13,F1,1,,,,,
2026-09-21,2026-09-21,CM,NSE,STK,763489,IN0020260033,771GS2066,GS,,,,,GOI LOAN  7.71% 2066,103.40,103.65,103.00,103.62,103.60,103.49,,103.65,,,15001,1550172.75,20,F1,1,,,,,
2026-09-21,2026-09-21,CM,NSE,STK,9047,IN0020220011,710GS2029,GS,,,,,GOI LOAN 7.10% 2029,103.53,103.53,103.53,103.53,103.53,104.00,,103.53,,,241,24950.73,1,F1,1,,,,,
2026-09-21,2026-09-21,CM,NSE,STK,18474,IN0020200039,719GS2060,GS,,,,,GOI LOAN 7.19% 2060,95.20,95.20,95.20,95.20,95.20,96.00,,95.20,,,600,57120.00,1,F1,1,,,,,
2026-09-21,2026-09-21,CM,NSE,STK,8027,IN0020180454,726GS2029,GS,,,,,GOI LOAN 7.26% 2029,102.10,102.10,102.10,102.10,102.10,102.00,,102.10,,,1,102.10,1,F1,1,,,,,
2026-09-21,2026-09-21,CM,NSE,STK,9913,IN0020220037,738GS2027,GS,,,,,GOI LOAN 7.38% 2027,102.80,102.80,102.40,102.58,102.57,102.53,,102.58,,,15431,1582935.07,14,F1,1,,,,,
2026-09-21,2026-09-21,CM,NSE,STK,6873,IN0020040039,75GS2034,GS,,,,,GOI LOAN 7.50% 2034,103.96,103.96,103.96,103.96,103.96,103.96,,103.96,,,355,36905.80,2,F1,1,,,,,
2026-09-21,2026-09-21,CM,NSE,STK,10046,IN0020190065,757GS2033,GS,,,,,GOI LOAN 7.57% 2033,105.45,105.45,105.45,105.45,105.45,105.20,,105.45,,,1999,210794.55,1,F1,1,,,,,
2026-09-21,2026-09-21,CM,NSE,STK,6835,IN0020020106,795GS2032,GS,,,,,GOI LOAN 7.95% 2032,104.40,106.80,104.11,104.14,106.80,107.80,,104.14,,,2001,208384.80,3,F1,1,,,,,
2026-09-21,2026-09-21,CM,NSE,STK,6884,IN0020060078,824GS2027,GS,,,,,GOI LOAN 8.24%2027,102.00,102.00,101.75,101.80,101.80,101.70,,101.80,,,10161,1034236.15,9,F1,1,,,,,
2026-09-21,2026-09-21,CM,NSE,STK,6898,IN0020070036,826GS2027,GS,,,,,GOI LOAN 8.26% 2027,102.13,102.13,102.11,102.11,102.11,101.94,,102.11,,,17,1735.89,2,F1,1,,,,,
2026-09-21,2026-09-21,CM,NSE,STK,7013,IN0020110063,883GS2041,GS,,,,,GOI LOAN 8.83% 2041,115.00,116.50,111.35,116.50,116.50,111.20,,116.50,,,1380,158615.00,8,F1,1,,,,,
2026-09-21,2026-09-21,CM,NSE,STK,7039,IN0020130053,92GS2030,GS,,,,,GOI LOAN 9.20% 2030,114.25,114.75,113.80,114.75,114.75,114.25,,114.28,,,44276,5064297.66,43,F1,1,,,,,
2026-09-21,2026-09-21,CM,NSE,STK,765551,IN002026Y220,182D040327,TB,,,,,GOI TBILL 182D-04/03/27,96.67,96.67,96.67,96.67,96.67,97.27,,96.67,,,400,38668.00,1,F1,100,,,,,
2026-09-21,2026-09-21,CM,NSE,STK,764048,IN002026Y147,182D070127,TB,,,,,GOI TBILL 182D-07/01/27,97.62,97.80,97.62,97.71,97.80,98.50,,97.71,,,200,19542.00,2,F1,100,,,,,
2026-09-21,2026-09-21,CM,NSE,STK,766095,IN002026Y246,182D180327,TB,,,,,GOI TBILL 182D-18/03/27,96.53,97.00,96.53,97.00,97.00,97.23,,97.00,,,200,19353.00,2,F1,100,,,,,
2026-09-21,2026-09-21,CM,NSE,STK,764329,IN002026Y170,182D280127,TB,,,,,GOI TBILL 182D-28/01/27,97.00,97.50,97.00,97.50,97.50,97.00,,97.50,,,200,19450.00,2,F1,100,,,,,
2026-09-21,2026-09-21,CM,NSE,STK,759476,IN002025Z294,364D151026,TB,,,,,GOI TBILL 364D-15/10/26,99.30,99.30,99.30,99.30,99.30,98.36,,99.25,,,200,19860.00,2,F1,100,,,,,
2026-09-21,2026-09-21,CM,NSE,STK,763079,IN002026Z037,364D220427,TB,,,,,GOI TBILL 364D-22/04/27,96.00,96.00,96.00,96.00,96.00,96.16,,95.77,,,300,28800.00,1,F1,100,,,,,
2026-09-21,2026-09-21,CM,NSE,STK,758835,IN002025Z302,364D231026,TB,,,,,GOI TBILL 364D-23/10/26,99.35,99.35,99.35,99.35,99.35,99.40,,99.35,,,1000,99350.00,1,F1,100,,,,,
2026-09-21,2026-09-21,CM,NSE,STK,759047,IN002025Z260,364D240926,TB,,,,,GOI TBILL 364D-24/09/26,99.85,99.85,99.85,99.85,99.85,99.46,,99.85,,,115000,11482750.00,6,F1,100,,,,,
2026-09-21,2026-09-21,CM,NSE,STK,763626,IN002026Z086,364D280527,TB,,,,,GOI TBILL 364D-28/05/27,95.93,95.93,95.93,95.93,95.93,95.40,,95.93,,,100,9593.00,1,F1,100,,,,,
2026-09-21,2026-09-21,CM,NSE,STK,759504,IN002025Z310,364D291026,TB,,,,,GOI TBILL 364D-29/10/26,99.47,99.47,99.47,99.47,99.47,98.85,,99.47,,,1000,99470.00,1,F1,100,,,,,
2026-09-21,2026-09-21,CM,NSE,STK,763781,IN002026X131,91D011026,TB,,,,,GOI TBILL 91D-01/10/26,99.83,99.83,99.83,99.83,99.83,99.84,,99.83,,,100,9983.00,1,F1,100,,,,,
2026-09-21,2026-09-21,CM,NSE,STK,765982,IN002026X230,91D101226,TB,,,,,GOI TBILL 91D-10/12/26,98.50,98.50,98.50,98.50,98.50,98.20,,98.33,,,100,9850.00,1,F1,100,,,,,
2026-09-21,2026-09-21,CM,NSE,STK,764152,IN002026X156,91D151026,TB,,,,,GOI TBILL 91D-15/10/26,99.56,99.60,99.07,99.60,99.60,99.50,,99.60,,,3900,387473.00,10,F1,100,,,,,
2026-09-21,2026-09-21,CM,NSE,STK,764252,IN002026X164,91D221026,TB,,,,,GOI TBILL 91D-22/10/26,99.57,99.57,99.57,99.57,99.57,98.89,,99.57,,,5500,547635.00,1,F1,100,,,,,
2026-09-21,2026-09-21,CM,NSE,STK,11778,INE887G01027,GOKEX,EQ,,,,,GOKALDAS EXPORTS LTD.,727.80,731.65,687.40,694.70,689.70,727.75,,694.69,,,707582,495420661.75,31450,F1,1,,,,,
2026-09-21,2026-09-21,CM,NSE,STK,14480,INE314T01033,GOKULAGRO,EQ,,,,,GOKUL AGRO RESOURCES LTD,224.20,226.42,219.10,221.16,220.30,224.24,,221.16,,,255643,56655722.57,8839,F1,1,,,,,
2026-09-21,2026-09-21,CM,NSE,STK,16705,INE020J01029,GOKUL,EQ,,,,,GOKUL REFOILS & SOLV LTD,39.71,40.80,39.33,39.56,39.67,40.43,,39.58,,,140580,5654475.48,477,F1,1,,,,,
2026-09-21,2026-09-21,CM,NSE,STK,11619,INE973A01010,GOLDENTOBC,BZ,,,,,GOLDEN TOBACCO LIMITED,24.60,24.60,23.50,24.13,24.00,24.61,,23.91,,,1601,38382.81,34,F1,1,,,,,
2026-09-21,2026-09-21,CM,NSE,STK,11971,INE025B01025,GOLDIAM,EQ,,,,,GOLDIAM INTERNATIONAL LTD,327.95,335.20,322.40,323.35,323.00,326.75,,323.35,,,399675,130762681.10,8111,F1,1,,,,,
2026-09-21,2026-09-21,CM,NSE,STK,1,INE405Y01021,GOLDSTAR,SM,,,,,GOLDSTAR POWER LIMITED,9.15,9.60,8.85,9.00,9.00,9.15,,9.00,,,101250,922500.00,9,F1,11250,,,,,
2026-09-21,2026-09-21,CM,NSE,STK,6125,INE127I01024,GOODLUCK,EQ,,,,,GOODLUCK INDIA LIMITED,518.80,529.90,513.70,523.90,524.00,517.25,,523.91,,,603046,316957163.85,17518,F1,1,,,,,
2026-09-21,2026-09-21,CM,NSE,STK,1205,INE533A01012,GOODYEAR,EQ,,,,,GOODYEAR INDIA LIMITED,700.60,715.40,700.10,708.20,709.75,704.85,,708.51,,,4530,3208956.90,456,F1,1,,,,,
2026-09-21,2026-09-21,CM,NSE,STK,23066,INE0L9R01028,GOPAL,EQ,,,,,GOPAL SNACKS LIMITED,256.35,259.70,254.00,257.05,256.00,256.75,,257.05,,,47564,12171206.25,2457,F1,1,,,,,
2026-09-21,2026-09-21,CM,NSE,STK,11787,INE705X01026,GOYALALUM,EQ,,,,,GOYAL ALUMINIUMS LIMITED,5.70,6.19,5.41,6.09,6.18,5.77,,6.09,,,260850,1512190.24,1037,F1,1,,,,,
2026-09-21,2026-09-21,CM,NSE,STK,19356,INE0QFE01017,GOYALSALT,SM,,,,,GOYAL SALT LIMITED,102.00,107.10,102.00,106.35,107.10,100.05,,106.35,,,7200,759480.00,10,F1,600,,,,,
2026-09-21,2026-09-21,CM,NSE,STK,24108,INE0S7E01015,GPECO,SM,,,,,GP ECO SOLUTIONS INDIA L,393.05,404.85,393.05,401.30,399.00,396.65,,401.30,,,9000,3596960.00,28,F1,200,,,,,
2026-09-21,2026-09-21,CM,NSE,STK,11584,INE586G01017,GULFPETRO,BE,,,,,GP PETROLEUMS LIMITED,62.25,63.50,60.60,61.66,62.85,61.89,,61.63,,,45541,2826698.15,240,F1,1,,,,,
2026-09-21,2026-09-21,CM,NSE,STK,22846,INE486R01017,GPTHEALTH,EQ,,,,,GPT HEALTHCARE LIMITED,167.70,170.90,162.36,165.32,164.10,166.21,,165.30,,,209098,34630523.80,6039,F1,1,,,,,
2026-09-21,2026-09-21,CM,NSE,STK,17685,INE390G01014,GPTINFRA,EQ,,,,,GPT INFRAPROJECTS LTD,120.00,120.00,117.90,118.42,118.12,118.96,,118.42,,,107219,12700642.96,1831,F1,1,,,,,
2026-09-21,2026-09-21,CM,NSE,STK,763301,INE361K01017,GRADIENTE,BE,,,,,GRADIENTE INFOTAINMENT L,2.42,2.49,2.31,2.37,2.36,2.38,,2.37,,,526428,1265277.69,180,F1,1,,,,,
2026-09-21,2026-09-21,CM,NSE,STK,30289,INE12E301017,GCHOTELS,ST,,,,,GRAND CONTINENT HOTELS L,119.00,120.80,113.00,120.80,120.80,115.05,,120.80,,,44400,5274630.00,54,F1,600,,,,,
2026-09-21,2026-09-21,CM,NSE,STK,11079,INE534A01028,GFSTEELS,BE,,,,,GRAND FOUNDRY LTD,26.71,26.71,26.71,26.71,26.71,25.44,,25.21,,,2357,62955.47,11,F1,1,,,,,
2026-09-21,2026-09-21,CM,NSE,STK,762695,INE926B01016,GRANDOAK,EQ,,,,,GRAND OAK CANYONS DIST L,34.01,35.73,32.57,33.07,33.52,34.23,,33.01,,,3205,107085.32,230,F1,1,,,,,
2026-09-21,2026-09-21,CM,NSE,STK,11872,INE101D01020,GRANULES,EQ,,,,,GRANULES INDIA LIMITED,879.25,890.30,871.00,875.15,873.70,875.50,,875.16,,,597035,524577200.80,25570,F1,1,,,,,
2026-09-21,2026-09-21,CM,NSE,STK,20454,INE0POU01017,GRAPHISAD,SM,,,,,GRAPHISADS LIMITED,23.75,25.00,23.75,25.00,25.00,25.00,,25.00,,,6000,146220.00,5,F1,1200,,,,,
2026-09-21,2026-09-21,CM,NSE,STK,592,INE371A01025,GRAPHITE,EQ,,,,,GRAPHITE INDIA LTD,834.70,837.95,811.00,812.80,812.00,830.85,,812.73,,,994540,816476685.65,38817,F1,1,,,,,
2026-09-21,2026-09-21,CM,NSE,STK,1232,INE047A01021,GRASIM,EQ,,,,,GRASIM INDUSTRIES LTD,3204.90,3217.30,3166.00,3166.00,3166.00,3209.20,,3166.12,,,187000,595979805.30,18089,F1,1,,,,,
2026-09-21,2026-09-21,CM,NSE,STK,5200,INE266D01021,GRAUWEIL,EQ,,,,,GRAUER & WEIL IND LTD,85.96,88.20,84.01,85.34,84.80,86.62,,85.32,,,1292053,111355500.81,12432,F1,1,,,,,
2026-09-21,2026-09-21,CM,NSE,STK,762703,INE214F01026,GRAVISSHO,BE,,,,,GRAVISS HOSPITALITY LTD.,36.35,36.35,36.34,36.34,36.34,38.25,,36.43,,,817,29691.85,23,F1,1,,,,,
2026-09-21,2026-09-21,CM,NSE,STK,20534,INE024L01027,GRAVITA,EQ,,,,,GRAVITA INDIA LIMITED,1604.00,1610.50,1552.10,1580.00,1578.00,1598.40,,1579.99,,,272538,430582648.90,24691,F1,1,,,,,
2026-09-21,2026-09-21,CM,NSE,STK,1235,INE224A01026,GREAVESCOT,EQ,,,,,GREAVES COTTON LTD.,196.85,200.50,195.50,198.58,198.00,197.35,,198.58,,,705324,139860438.03,12203,F1,1,,,,,
2026-09-21,2026-09-21,CM,NSE,STK,17092,INE0O7P01015,GREENCHEF,SM,,,,,GREENCHEF APPLIANCES LTD,75.00,75.95,73.00,75.95,75.95,73.50,,75.95,,,15200,1133960.00,17,F1,800,,,,,
2026-09-21,2026-09-21,CM,NSE,STK,6848,INE544R01021,GREENLAM,EQ,,,,,GREENLAM INDUSTRIES LTD.,232.70,233.10,227.49,228.76,227.55,231.51,,228.76,,,26178,6006636.07,964,F1,1,,,,,
2026-09-21,2026-09-21,CM,NSE,STK,759427,INE0PLX01017,GREENLEAF,ST,,,,,GREENLEAF ENVIROTECH LTD,111.05,111.05,111.05,111.05,111.05,111.05,,111.05,,,1000,111050.00,1,F1,1000,,,,,
2026-09-21,2026-09-21,CM,NSE,STK,13810,INE08ZM01014,GREENPANEL,EQ,,,,,GREENPANEL INDUSTRIES LTD,157.83,167.95,157.10,165.45,164.50,157.83,,165.44,,,456355,74444904.23,8431,F1,1,,,,,
2026-09-21,2026-09-21,CM,NSE,STK,3987,INE461C01038,GREENPLY,EQ,,,,,GREENPLY INDUSTRIES LTD,291.00,292.85,288.15,289.90,290.00,292.85,,289.90,,,76796,22303618.35,2070,F1,1,,,,,
2026-09-21,2026-09-21,CM,NSE,STK,758986,INE199P01028,GCSL,EQ,,,,,GRETEX CORPORATE SERVICES,618.60,639.00,618.55,635.10,635.00,618.55,,635.10,,,2124554,1350687348.55,9760,F1,1,,,,,
2026-09-21,2026-09-21,CM,NSE,STK,13560,INE536A01023,GRINDWELL,EQ,,,,,GRINDWELL NORTON LIMITED,1895.60,1993.80,1888.10,1966.80,1966.30,1895.60,,1966.78,,,78264,153617925.90,14007,F1,1,,,,,
2026-09-21,2026-09-21,CM,NSE,STK,10871,INE192H01020,GRMOVER,EQ,,,,,GRM OVERSEAS LIMITED,81.64,83.84,79.45,82.43,81.45,81.64,,82.42,,,1190032,97414630.54,9679,F1,1,,,,,
2026-09-21,2026-09-21,CM,NSE,STK,760971,INE1TY801010,GJL,ST,,,,,GROVER JEWELLS LIMITED,318.55,318.55,318.55,318.55,318.55,303.40,,318.55,,,5600,1783880.00,7,F1,800,,,,,
2026-09-21,2026-09-21,CM,NSE,STK,764285,INF666M01PH7,CEMNTGROWW,EQ,,,,,GROWWAMC - CEMNTGROWW,14.36,14.38,14.11,14.25,14.23,14.22,,14.25,,,41440,590907.29,297,F1,1,,,,,
2026-09-21,2026-09-21,CM,NSE,STK,760051,INF666M01MM4,GROWWCAPM,EQ,,,,,GROWWAMC - GROWWCAPM,11.29,11.29,11.01,11.14,11.19,11.24,,11.14,,,432426,4810601.94,1398,F1,1,,,,,
2026-09-21,2026-09-21,CM,NSE,STK,760673,INF666M01NP5,GROWWCHEM,EQ,,,,,GROWWAMC - GROWWCHEM,29.30,29.78,29.11,29.33,29.16,29.30,,29.33,,,70882,2082164.24,277,F1,1,,,,,
2026-09-21,2026-09-21,CM,NSE,STK,25758,INF666M01IO8,GROWWDEFNC,EQ,,,,,GROWWAMC - GROWWDEFNC,94.94,94.94,93.52,94.02,94.20,93.86,,94.02,,,285993,26867944.64,2904,F1,1,,,,,
2026-09-21,2026-09-21,CM,NSE,STK,24798,INF666M01IH2,GROWWEV,EQ,,,,,GROWWAMC - GROWWEV,31.14,31.94,31.14,31.79,31.85,31.94,,31.79,,,207906,6602699.96,2400,F1,1,,,,,
2026-09-21,2026-09-21,CM,NSE,STK,25872,INF666M01OE7,GROWWGOLD,EQ,,,,,GROWWAMC - GROWWGOLD,14.94,14.94,14.81,14.83,14.85,14.94,,14.83,,,1248087,18543736.60,4288,F1,1,,,,,
2026-09-21,2026-09-21,CM,NSE,STK,760874,INF666M01OD9,GROWWHOSPI,EQ,,,,,GROWWAMC - GROWWHOSPI,53.01,53.24,52.62,53.07,53.10,53.01,,53.07,,,160395,8505832.33,1001,F1,1,,,,,
2026-09-21,2026-09-21,CM,NSE,STK,25447,INF666M01IP5,GROWWLIQID,EQ,,,,,GROWWAMC - GROWWLIQID,110.84,110.84,110.83,110.83,110.83,110.81,,110.83,,,198488,21999672.33,200,F1,1,,,,,
2026-09-21,2026-09-21,CM,NSE,STK,758300,INF666M01LB9,GROWWLOVOL,EQ,,,,,GROWWAMC - GROWWLOVOL,10.12,10.26,9.92,10.14,10.15,10.12,,10.14,,,15923,161280.09,152,F1,1,,,,,
2026-09-21,2026-09-21,CM,NSE,STK,759719,INF666M01MV5,GROWWMC150,EQ,,,,,GROWWAMC - GROWWMC150,230.79,231.90,227.70,230.34,230.34,228.50,,230.34,,,311,71324.48,42,F1,1,,,,,
2026-09-21,2026-09-21,CM,NSE,STK,760438,INF666M01NI0,GROWWMETAL,EQ,,,,,GROWWAMC - GROWWMETAL,12.37,12.50,12.37,12.40,12.39,12.37,,12.40,,,202193,2509870.92,1673,F1,1,,,,,
2026-09-21,2026-09-21,CM,NSE,STK,756086,INF666M01KJ4,GROWWMOM50,EQ,,,,,GROWWAMC - GROWWMOM50,10.99,11.04,10.71,10.94,10.94,10.88,,10.94,,,82654,901915.57,611,F1,1,,,,,
2026-09-21,2026-09-21,CM,NSE,STK,29872,INF666M01JV1,GROWWN200,EQ,,,,,GROWWAMC - GROWWN200,11.23,11.23,10.98,11.15,11.19,11.12,,11.15,,,70815,787548.71,295,F1,1,,,,,
2026-09-21,2026-09-21,CM,NSE,STK,757814,INF666M01LI4,GROWWNET,EQ,,,,,GROWWAMC - GROWWNET,11.14,11.14,10.00,11.00,11.02,10.92,,11.00,,,674180,7320138.77,854,F1,1,,,,,
2026-09-21,2026-09-21,CM,NSE,STK,758697,INF666M01LL8,GROWWNIFTY,EQ,,,,,GROWWAMC - GROWWNIFTY,9.48,9.71,9.44,9.50,9.54,9.48,,9.50,,,583664,5534980.44,5490,F1,1,,,,,
2026-09-21,2026-09-21,CM,NSE,STK,759458,INF666M01LZ8,GROWWNXT50,EQ,,,,,GROWWAMC - GROWWNXT50,72.64,73.30,71.73,72.32,72.10,72.64,,72.32,,,5500,398453.79,141,F1,1,,,,,
2026-09-21,2026-09-21,CM,NSE,STK,758165,INF666M01LM6,GROWWPOWER,EQ,,,,,GROWWAMC - GROWWPOWER,11.30,11.30,11.20,11.22,11.23,11.21,,11.22,,,926836,10412522.44,2086,F1,1,,,,,
2026-09-21,2026-09-21,CM,NSE,STK,760976,INF666M01NQ3,GROWWPSE,EQ,,,,,GROWWAMC - GROWWPSE,99.98,100.97,96.37,97.31,97.89,98.36,,97.31,,,3638,354706.85,168,F1,1,,,,,
2026-09-21,2026-09-21,CM,NSE,STK,761514,INF666M01OG2,GROWWPSUBK,EQ,,,,,GROWWAMC - GROWWPSUBK,84.29,84.29,82.22,83.64,83.99,83.61,,83.64,,,3551,296231.61,167,F1,1,,,,,
2026-09-21,2026-09-21,CM,NSE,STK,29527,INF666M01JJ6,GROWWRAIL,EQ,,,,,GROWWAMC - GROWWRAIL,27.65,27.70,27.26,27.32,27.32,27.44,,27.32,,,612833,16820918.35,2725,F1,1,,,,,
2026-09-21,2026-09-21,CM,NSE,STK,759428,INF666M01MN2,GROWWRLTY,EQ,,,,,GROWWAMC - GROWWRLTY,9.75,9.75,9.49,9.55,9.51,9.54,,9.55,,,127032,1213468.05,495,F1,1,,,,,
2026-09-21,2026-09-21,CM,NSE,STK,759522,INF666M01MO0,GROWWSC250,EQ,,,,,GROWWAMC - GROWWSC250,10.65,10.65,10.45,10.56,10.54,10.54,,10.56,,,140528,1486175.61,769,F1,1,,,,,
2026-09-21,2026-09-21,CM,NSE,STK,756827,INF666M01OF4,GROWWSLVR,EQ,,,,,GROWWAMC - GROWWSLVR,22.96,22.96,22.69,22.76,22.79,22.92,,22.76,,,1133065,25805703.59,2407,F1,1,,,,,
2026-09-21,2026-09-21,CM,NSE,STK,763572,INF666M01OT5,PVTBKGROWW,EQ,,,,,GROWWAMC - PVTBKGROWW,27.70,27.70,27.16,27.60,27.64,27.70,,27.60,,,4612,127009.19,94,F1,1,,,,,
2026-09-21,2026-09-21,CM,NSE,STK,751745,INF666M01PG9,SMALLGROWW,EQ,,,,,GROWWAMC - SMALLGROWW,48.65,49.24,48.54,48.91,49.00,48.51,,48.91,,,12173,596329.92,122,F1,1,,,,,
2026-09-21,2026-09-21,CM,NSE,STK,6543,INE137I01015,GRPLTD,EQ,,,,,GRP LIMITED,2020.50,2020.50,1985.00,1992.70,2000.00,2008.20,,1992.65,,,1408,2814932.10,133,F1,1,,,,,
2026-09-21,2026-09-21,CM,NSE,STK,23888,INE0SQY01018,GSMFOILS,SM,,,,,GSM FOILS LIMITED,85.65,87.35,81.55,82.00,81.70,85.60,,82.00,,,238000,19749525.00,364,F1,500,,,,,
2026-09-21,2026-09-21,CM,NSE,STK,762239,INE713R01022,GSPCROP,EQ,,,,,GSP CROP SCIENCE LIMITED,485.30,496.65,480.05,490.90,493.95,482.10,,490.90,,,252005,123724746.25,3486,F1,1,,,,,
2026-09-21,2026-09-21,CM,NSE,STK,15347,INE871H01011,GSS,EQ,,,,,GSS INFOTECH LIMITED,10.64,10.84,9.87,10.82,10.84,10.37,,10.83,,,48215,509641.11,249,F1,1,,,,,
2026-09-21,2026-09-21,CM,NSE,STK,13745,INE221H01019,GTLINFRA,EQ,,,,,GTL INFRA.LTD,1.15,1.16,1.13,1.13,1.13,1.15,,1.13,,,26356401,30105152.21,10347,F1,1,,,,,
2026-09-21,2026-09-21,CM,NSE,STK,1162,INE043A01012,GTL,EQ,,,,,GTL LTD,7.12,7.13,7.02,7.04,7.04,7.09,,7.04,,,106754,753246.53,414,F1,1,,,,,
2026-09-21,2026-09-21,CM,NSE,STK,21195,INE869I01013,GTPL,EQ,,,,,GTPL HATHWAY LIMITED,54.91,55.69,54.15,55.06,54.94,56.96,,55.06,,,62970,3450372.61,1298,F1,1,,,,,
2026-09-21,2026-09-21,CM,NSE,STK,11606,INE742B01025,GUFICBIO,EQ,,,,,GUFIC BIOSCIENCES LTD.,433.30,446.70,433.30,435.65,438.25,436.00,,435.65,,,56909,25072518.20,3816,F1,1,,,,,
2026-09-21,2026-09-21,CM,NSE,STK,1145,INE162A01010,GIPCL,EQ,,,,,GUJ IND POW CO. LTD,189.80,192.89,186.00,189.36,189.70,188.35,,189.36,,,313414,59375646.04,5966,F1,1,,,,,
2026-09-21,2026-09-21,CM,NSE,STK,1174,INE113A01013,GNFC,EQ,,,,,GUJ NAR VAL FER & CHEM L,588.90,598.85,582.75,589.90,592.10,588.90,,589.87,,,600276,354330554.70,17062,F1,1,,,,,
2026-09-21,2026-09-21,CM,NSE,STK,1247,INE026A01025,GSFC,EQ,,,,,GUJ STATE FERT & CHEM LTD,152.49,152.80,150.57,150.75,150.65,151.92,,150.75,,,566471,85678457.49,7581,F1,1,,,,,
2026-09-21,2026-09-21,CM,NSE,STK,14677,INE826C01016,GUJAPOLLO,EQ,,,,,GUJ. APOLLO IND. LTD.,354.00,354.00,344.00,344.20,344.20,350.10,,344.20,,,3426,1184765.50,156,F1,1,,,,,
2026-09-21,2026-09-21,CM,NSE,STK,1267,INE186A01019,GUJALKALI,EQ,,,,,GUJARAT ALKALIES & CHEM,636.50,645.00,628.00,629.50,628.00,638.70,,629.51,,,74364,47136715.60,4232,F1,1,,,,,
2026-09-21,2026-09-21,CM,NSE,STK,8828,INE036B01030,GAEL,EQ,,,,,GUJARAT AMBUJA EXPORTS LT,157.50,162.84,156.51,161.25,160.50,156.95,,161.25,,,524434,83718570.20,13836,F1,1,,,,,
2026-09-21,2026-09-21,CM,NSE,STK,10599,INE844O01030,GUJENERGY,EQ,,,,,GUJARAT ENERGY LIMITED,244.50,245.04,238.01,238.52,238.60,244.64,,238.52,,,919345,221299728.94,26522,F1,1,,,,,
2026-09-21,2026-09-21,CM,NSE,STK,13750,INE09N301011,FLUOROCHEM,EQ,,,,,GUJARAT FLUOROCHEM LTD,4610.00,4610.00,4512.20,4560.00,4560.00,4586.70,,4560.01,,,147437,672225272.30,12284,F1,1,,,,,
2026-09-21,2026-09-21,CM,NSE,STK,761197,INE0V0W01025,GKSL,EQ,,,,,GUJARAT KIDNEY N SUP SP L,184.24,186.99,182.00,183.21,183.00,181.25,,183.21,,,127464,23395427.08,2815,F1,1,,,,,
2026-09-21,2026-09-21,CM,NSE,STK,1156,INE540A01017,GLFL,EQ,,,,,GUJARAT LEASE FINANCING L,5.25,5.25,4.96,5.19,5.23,5.06,,5.19,,,3048,15602.50,21,F1,1,,,,,
2026-09-21,2026-09-21,CM,NSE,STK,5204,INE131A01031,GMDCLTD,EQ,,,,,GUJARAT MINERAL DEV CORP,558.45,561.85,553.20,557.90,558.50,556.45,,557.90,,,632829,352765787.45,16487,F1,1,,,,,
2026-09-21,2026-09-21,CM,NSE,STK,762690,INE207H01018,GNRL,EQ,,,,,GUJARAT NATURAL RES L,98.90,100.99,97.00,97.17,97.10,98.43,,97.18,,,153726,15118541.82,2654,F1,1,,,,,
2026-09-21,2026-09-21,CM,NSE,STK,19731,INE517F01014,GPPL,EQ,,,,,GUJARAT PIPAVAV PORT LTD,160.35,165.20,160.25,164.99,165.00,160.35,,164.99,,,1724551,282203925.84,22698,F1,1,,,,,
2026-09-21,2026-09-21,CM,NSE,STK,4548,INE610B01024,GUJRAFFIA,EQ,,,,,GUJARAT RAFFIA INDUST LTD,40.30,41.40,39.14,40.33,39.90,40.25,,40.28,,,4036,163349.14,52,F1,1,,,,,
2026-09-21,2026-09-21,CM,NSE,STK,29731,INE942C01045,GUJTHEM,EQ,,,,,GUJARAT THEMIS BIOSYN LTD,431.50,431.50,405.00,413.70,412.05,427.40,,413.73,,,495483,205974256.35,15969,F1,1,,,,,
2026-09-21,2026-09-21,CM,NSE,STK,4391,INE635Q01029,GULFOILLUB,EQ,,,,,GULF OIL LUB. IND. LTD.,1072.00,1081.70,1054.40,1058.40,1060.00,1070.10,,1057.50,,,48310,51442516.00,4841,F1,1,,,,,
2026-09-21,2026-09-21,CM,NSE,STK,6286,INE255D01024,GULPOLY,EQ,,,,,GULSHAN POLYOLS LIMITED,169.99,173.91,167.20,169.52,170.00,169.99,,169.52,,,80260,13643935.37,2544,F1,1,,,,,
2026-09-21,2026-09-21,CM,NSE,STK,759261,INE1CCX01012,GURUNANAK,SM,,,,,GURUNANAK AGRICULTUR IN L,36.05,36.90,36.00,36.90,36.90,36.15,,36.90,,,4800,174320.00,3,F1,1600,,,,,
2026-09-21,2026-09-21,CM,NSE,STK,13229,INE251H01024,GVKPIL,BE,,,,,GVK POW. & INFRA LTD.,2.45,2.45,2.45,2.45,2.45,2.41,,2.45,,,475114,1164029.30,175,F1,1,,,,,
2026-09-21,2026-09-21,CM,NSE,STK,10866,INE382T01030,GVPTECH,BE,,,,,GVP INFOTECH LIMITED,7.49,7.49,7.25,7.26,7.45,7.34,,7.26,,,46236,338389.98,183,F1,1,,,,,
2026-09-21,2026-09-21,CM,NSE,STK,764050,INE724A01017,GYFTR,EQ,,,,,GYFTR LIMITED,168.05,176.38,167.79,169.95,168.79,171.05,,169.90,,,69219,11801231.00,1400,F1,1,,,,,
2026-09-21,2026-09-21,CM,NSE,STK,762712,INE640B01021,HBESD,EQ,,,,,H B ESTATE DEVELOPERS L,71.00,73.00,70.00,73.00,73.00,73.57,,73.00,,,425,30425.83,27,F1,1,,,,,
2026-09-21,2026-09-21,CM,NSE,STK,1672,INE926X01010,HGINFRA,EQ,,,,,H.G.INFRA ENGINEERING LTD,442.95,445.95,440.35,442.65,441.55,442.45,,442.66,,,50346,22308941.15,4134,F1,1,,,,,
2026-09-21,2026-09-21,CM,NSE,STK,760715,INE115S01010,HALDER,EQ,,,,,HALDER VENTURE LIMITED,279.20,290.00,279.00,283.50,279.60,280.95,,288.52,,,1229,352996.95,93,F1,1,,,,,
2026-09-21,2026-09-21,CM,NSE,STK,762708,INE506D01020,HALDYNGL,BE,,,,,HALDYN GLASS LTD.,143.80,143.80,140.00,142.78,142.94,142.58,,142.79,,,23450,3335232.48,183,F1,1,,,,,
2026-09-21,2026-09-21,CM,NSE,STK,21551,INE320X01016,HALEOSLABS,EQ,,,,,HALEOS LABS LIMITED,1519.40,1554.00,1481.50,1487.60,1485.00,1497.60,,1487.60,,,2181,3305324.40,175,F1,1,,,,,
2026-09-21,2026-09-21,CM,NSE,STK,765075,INE299D01022,HAMPTON,EQ,,,,,HAMPTON SKY REALTY LTD.,8.31,8.31,7.90,8.04,8.00,8.22,,8.04,,,35931,288181.70,130,F1,1,,,,,
2026-09-21,2026-09-21,CM,NSE,STK,13592,INE596H01014,HGM,EQ,,,,,HANDSON GBL MNGMNT LTD,48.70,49.59,45.60,46.46,46.40,48.51,,46.46,,,3323,156168.90,68,F1,1,,,,,
2026-09-21,2026-09-21,CM,NSE,STK,48,INE419U01012,HAPPSTMNDS,EQ,,,,,HAPPIEST MINDS TECHNO LTD,322.00,322.85,316.60,317.80,317.70,321.55,,317.80,,,569666,181749352.45,19500,F1,1,,,,,
2026-09-21,2026-09-21,CM,NSE,STK,20854,INE330T01021,HAPPYFORGE,EQ,,,,,HAPPY FORGINGS LIMITED,2148.00,2159.80,2100.00,2109.10,2106.10,2148.30,,2109.13,,,49217,104000238.50,10245,F1,1,,,,,
2026-09-21,2026-09-21,CM,NSE,STK,757665,INE0TLP01015,WHITEFORCE,SM,,,,,HAPPY SQUARE OUTSOURC S L,40.00,40.00,40.00,40.00,40.00,43.10,,40.00,,,1600,64000.00,1,F1,1600,,,,,
2026-09-21,2026-09-21,CM,NSE,STK,764131,INE1GFG01011,HAPPY,SM,,,,,HAPPY STEELS LIMITED,79.90,81.95,76.05,76.20,76.05,79.90,,76.20,,,58000,4522600.00,29,F1,2000,,,,,
2026-09-21,2026-09-21,CM,NSE,STK,8962,INE626Z01029,HARDWYN,EQ,,,,,HARDWYN INDIA LIMITED,9.19,9.19,9.05,9.15,9.17,9.16,,9.15,,,432254,3944375.53,645,F1,1,,,,,
2026-09-21,2026-09-21,CM,NSE,STK,8968,INE00EV01017,HARIOMPIPE,EQ,,,,,HARIOM PIPE INDUSTRIES L,362.90,365.00,357.15,358.85,362.00,362.90,,358.85,,,54304,19568028.55,2449,F1,1,,,,,
2026-09-21,2026-09-21,CM,NSE,STK,764703,INE400G01011,HRYNSHP,EQ,,,,,HARIYANA SHIP BREAKERS L,97.20,101.25,97.20,99.99,99.99,97.19,,99.70,,,714,70612.88,39,F1,1,,,,,
2026-09-21,2026-09-21,CM,NSE,STK,1313,INE544A01019,HARRMALAYA,EQ,,,,,HARRISON MALAYALAM LTD,182.00,182.00,176.10,178.18,177.00,178.49,,178.15,,,5760,1028108.39,288,F1,1,,,,,
2026-09-21,2026-09-21,CM,NSE,STK,11162,INE0JUS01029,HARSHA,EQ,,,,,HARSHA ENGINEERS INT LTD,446.30,476.80,446.00,467.90,471.75,440.45,,467.87,,,776655,363243295.65,25221,F1,1,,,,,
2026-09-21,2026-09-21,CM,NSE,STK,18154,INE982F01036,HATHWAY,EQ,,,,,HATHWAY CABLE & DATACOM,9.95,10.03,9.94,9.97,9.96,9.98,,9.97,,,885696,8844597.07,1905,F1,1,,,,,
2026-09-21,2026-09-21,CM,NSE,STK,3892,INE473B01035,HATSUN,EQ,,,,,HATSUN AGRO PRODUCT LTD.,1144.90,1157.40,1119.00,1130.70,1130.20,1139.10,,1130.74,,,39695,44831199.50,6117,F1,1,,,,,
2026-09-21,2026-09-21,CM,NSE,STK,9819,INE176B01034,HAVELLS,EQ,,,,,HAVELLS INDIA LIMITED,1108.60,1113.40,1100.50,1103.10,1103.10,1132.40,,1102.65,,,647751,717660401.30,30962,F1,1,,,,,
2026-09-21,2026-09-21,CM,NSE,STK,4444,INE979B01015,HAWKINCOOK,EQ,,,,,HAWKINS COOKERS LTD,8286.00,8370.00,8124.00,8166.00,8140.00,8286.00,,8167.28,,,2754,22557111.50,1118,F1,1,,,,,
2026-09-21,2026-09-21,CM,NSE,STK,764693,INE550F01049,HAZOOR,EQ,,,,,HAZOOR MULTI PROJECTS LTD,19.86,20.30,19.00,19.11,19.00,19.30,,19.11,,,531038,10426636.34,1123,F1,1,,,,,
2026-09-21,2026-09-21,CM,NSE,STK,765080,INE638B01025,HBPOR,EQ,,,,,HB PORTFOLIO LTD.,60.50,63.48,60.50,61.79,62.50,61.00,,61.82,,,139,8620.94,20,F1,1,,,,,
2026-09-21,2026-09-21,CM,NSE,STK,4116,INE550B01022,HBSL,EQ,,,,,HB STOCKHOLDINGS LIMITED,53.73,53.73,51.13,53.25,53.20,52.68,,53.16,,,447,23687.28,28,F1,1,,,,,
2026-09-21,2026-09-21,CM,NSE,STK,13966,INE292B01021,HBLENGINE,EQ,,,,,HBL ENGINEERING LTD,757.30,765.00,748.30,749.85,751.00,760.00,,749.91,,,898330,679006698.15,27472,F1,1,,,,,
2026-09-21,2026-09-21,CM,NSE,STK,1327,INE236A01020,HCL-INSYS,EQ,,,,,HCL INFOSYSTEMS LTD,10.93,11.20,10.57,10.70,10.70,10.47,,10.70,,,754421,8276269.64,2152,F1,1,,,,,
2026-09-21,2026-09-21,CM,NSE,STK,7229,INE860A01027,HCLTECH,EQ,,,,,HCL TECHNOLOGIES LTD,1242.30,1284.90,1237.30,1281.00,1281.00,1249.30,,1281.00,,,2751906,3506566025.40,70202,F1,1,,,,,
2026-09-21,2026-09-21,CM,NSE,STK,757772,INE756I01012,HDBFS,EQ,,,,,HDB FINANCIAL SERVICES L,692.65,699.00,677.75,680.95,680.95,698.40,,680.95,,,980082,671629279.25,32211,F1,1,,,,,
2026-09-21,2026-09-21,CM,NSE,STK,4244,INE127D01025,HDFCAMC,EQ,,,,,HDFC AMC LIMITED,2434.90,2456.20,2412.40,2440.00,2440.00,2425.00,,2440.01,,,503235,1227386189.70,38061,F1,1,,,,,
2026-09-21,2026-09-21,CM,NSE,STK,1333,INE040A01034,HDFCBANK,EQ,,,,,HDFC BANK LTD,731.00,742.65,729.05,739.50,739.50,731.00,,739.50,,,35482683,26224175905.65,335639,F1,1,,,,,
2026-09-21,2026-09-21,CM,NSE,STK,19543,INF179KC1981,HDFCGOLD,EQ,,,,,HDFC GOLD ETF,130.60,130.63,129.65,129.83,130.00,130.64,,129.83,,,3260630,423583215.03,10509,F1,1,,,,,
2026-09-21,2026-09-21,CM,NSE,STK,467,INE795G01014,HDFCLIFE,EQ,,,,,HDFC LIFE INS CO LTD,551.65,565.90,551.65,559.40,559.40,550.95,,559.28,,,2831490,1592773682.75,60904,F1,1,,,,,
2026-09-21,2026-09-21,CM,NSE,STK,14230,INF179KC1EZ4,HDFCBSE500,EQ,,,,,HDFCAMC - HDFCBSE500,37.65,37.65,36.56,36.93,36.97,36.91,,36.93,,,8114475,298994108.92,416,F1,1,,,,,
2026-09-21,2026-09-21,CM,NSE,STK,11241,INF179KC1DJ0,HDFCGROWTH,EQ,,,,,HDFCAMC - HDFCGROWTH,114.77,115.37,114.20,114.73,115.00,114.77,,114.73,,,6937,795184.25,121,F1,1,,,,,
2026-09-21,2026-09-21,CM,NSE,STK,18279,INF179KC1JG3,HDFCLIQUID,EQ,,,,,HDFCAMC - HDFCLIQUID,1078.63,1078.78,1078.60,1078.77,1078.78,1078.63,,1078.77,,,26611,28707362.52,43,F1,1,,,,,
2026-09-21,2026-09-21,CM,NSE,STK,11547,INF179KC1HU8,HDFCLOWVOL,EQ,,,,,HDFCAMC - HDFCLOWVOL,19.90,20.06,19.90,20.04,20.00,19.90,,20.04,,,4701,94156.56,97,F1,1,,,,,
2026-09-21,2026-09-21,CM,NSE,STK,14236,INF179KC1HT0,HDFCMID150,EQ,,,,,HDFCAMC - HDFCMID150,24.00,24.00,23.08,23.11,23.16,23.12,,23.11,,,281669,6518684.24,1513,F1,1,,,,,
2026-09-21,2026-09-21,CM,NSE,STK,11538,INF179KC1HV6,HDFCMOMENT,EQ,,,,,HDFCAMC - HDFCMOMENT,30.86,30.86,30.54,30.64,30.70,30.72,,30.66,,,190756,5845303.04,666,F1,1,,,,,
2026-09-21,2026-09-21,CM,NSE,STK,10619,INF179KC1HS2,HDFCNEXT50,EQ,,,,,HDFCAMC - HDFCNEXT50,73.88,74.03,73.68,73.84,73.79,73.88,,73.84,,,91037,6720428.69,700,F1,1,,,,,
2026-09-21,2026-09-21,CM,NSE,STK,10633,INF179KC1HR4,HDFCNIF100,EQ,,,,,HDFCAMC - HDFCNIF100,25.30,25.60,25.23,25.41,25.32,25.35,,25.41,,,18894,479483.26,396,F1,1,,,,,
2026-09-21,2026-09-21,CM,NSE,STK,22433,INF179KC1HY0,HDFCNIFBAN,EQ,,,,,HDFCAMC - HDFCNIFBAN,57.85,58.31,57.85,58.17,58.26,57.99,,58.17,,,34156,1987841.11,403,F1,1,,,,,
2026-09-21,2026-09-21,CM,NSE,STK,12101,INF179KC1IA8,HDFCNIFIT,EQ,,,,,HDFCAMC - HDFCNIFIT,30.76,31.02,30.50,30.93,31.02,30.69,,30.93,,,104650,3228322.62,303,F1,1,,,,,
2026-09-21,2026-09-21,CM,NSE,STK,11591,INF179KC1965,HDFCNIFTY,EQ,,,,,HDFCAMC - HDFCNIFTY,270.14,270.14,263.16,264.79,264.96,263.56,,264.79,,,185018,48942137.74,1373,F1,1,,,,,
2026-09-21,2026-09-21,CM,NSE,STK,764336,INF179KC1KT4,HDFCNIMEG,EQ,,,,,HDFCAMC - HDFCNIMEG,129.90,130.73,129.90,129.91,130.00,129.90,,129.91,,,4318,562041.67,61,F1,1,,,,,
2026-09-21,2026-09-21,CM,NSE,STK,12108,INF179KC1HZ7,HDFCPVTBAN,EQ,,,,,HDFCAMC - HDFCPVTBAN,28.52,28.52,27.83,27.87,28.00,27.83,,27.87,,,49216,1375974.09,366,F1,1,,,,,
2026-09-21,2026-09-21,CM,NSE,STK,11255,INF179KC1DL6,HDFCQUAL,EQ,,,,,HDFCAMC - HDFCQUAL,55.59,57.85,55.59,57.26,57.07,56.72,,57.21,,,4127,235842.36,88,F1,1,,,,,
2026-09-21,2026-09-21,CM,NSE,STK,11593,INF179KC1HX2,HDFCSENSEX,EQ,,,,,HDFCAMC - HDFCSENSEX,82.66,86.48,82.66,85.05,85.20,84.78,,85.04,,,57336,4862681.54,752,F1,1,,,,,
2026-09-21,2026-09-21,CM,NSE,STK,10876,INF179KC1DI2,HDFCSILVER,EQ,,,,,HDFCAMC - HDFCSILVER,223.95,223.95,221.19,222.04,222.10,223.95,,222.04,,,2869389,637493314.59,10290,F1,1,,,,,
2026-09-21,2026-09-21,CM,NSE,STK,14233,INF179KC1FB2,HDFCSML250,EQ,,,,,HDFCAMC - HDFCSML250,185.61,185.68,182.75,184.23,184.16,184.55,,184.23,,,1161673,214328883.34,18686,F1,1,,,,,
2026-09-21,2026-09-21,CM,NSE,STK,11260,INF179KC1DK8,HDFCVALUE,EQ,,,,,HDFCAMC - HDFCVALUE,121.77,122.54,121.72,122.33,122.02,121.96,,122.33,,,7089,866801.33,89,F1,1,,,,,
2026-09-21,2026-09-21,CM,NSE,STK,22595,INF179KC1HW4,HDFCPSUBK,EQ,,,,,HDFCAMC HDFCPSUBK,82.55,84.25,82.55,84.02,83.91,84.13,,84.50,,,17132,1439412.64,173,F1,1,,,,,
2026-09-21,2026-09-21,CM,NSE,STK,19205,INE759V01019,HEADSUP,EQ,,,,,HEADS UP VENTURES LIMITED,6.90,7.00,6.71,6.91,6.89,6.71,,6.93,,,17425,119199.72,105,F1,1,,,,,
2026-09-21,2026-09-21,CM,NSE,STK,20063,INE019J01013,HEALTHX,EQ,,,,,HEALTH X PLATFORM LIMITED,293.75,303.70,293.65,297.00,296.00,300.00,,297.00,,,1668,495998.80,48,F1,1,,,,,
2026-09-21,2026-09-21,CM,NSE,STK,15555,INE075I01017,HCG,EQ,,,,,HEALTHCARE GLOB. ENT. LTD,705.00,714.40,695.10,701.35,701.80,708.25,,701.30,,,67828,47700573.60,9395,F1,1,,,,,
2026-09-21,2026-09-21,CM,NSE,STK,7425,INE558R01013,HECPROJECT,EQ,,,,,HEC INFRA PROJECTS LTD,119.68,120.50,116.00,118.10,119.50,119.77,,118.10,,,21092,2496138.47,220,F1,1,,,,,
2026-09-21,2026-09-21,CM,NSE,STK,7368,INE545A01024,HEG,BE,,,,,HEG LIMITED,243.85,248.90,240.90,248.50,248.50,237.05,,248.48,,,1813114,447486090.80,18765,F1,1,,,,,
2026-09-21,2026-09-21,CM,NSE,STK,2316,INE578A01017,HEIDELBERG,EQ,,,,,HEIDELBERGCEMENT (I) LTD,146.92,147.01,141.41,141.67,141.53,145.92,,141.69,,,176823,25214404.62,4618,F1,1,,,,,
2026-09-21,2026-09-21,CM,NSE,STK,701,INE0AJG01018,HEMIPROP,EQ,,,,,HEMISPHERE PROP IND LTD,120.61,122.09,119.50,120.02,119.55,120.77,,120.03,,,166831,20144828.90,2706,F1,1,,,,,
2026-09-21,2026-09-21,CM,NSE,STK,2614,INE694N01015,HERANBA,EQ,,,,,HERANBA INDUSTRIES LTD,169.00,169.00,165.94,167.08,168.75,167.02,,167.07,,,22561,3768996.98,726,F1,1,,,,,
2026-09-21,2026-09-21,CM,NSE,STK,4598,INE978A01027,HERITGFOOD,EQ,,,,,HERITAGE FOODS LTD,416.10,429.90,416.05,421.50,422.00,418.10,,421.50,,,544761,230474627.75,17241,F1,1,,,,,
2026-09-21,2026-09-21,CM,NSE,STK,1348,INE158A01026,HEROMOTOCO,EQ,,,,,HERO MOTOCORP LIMITED,5308.00,5425.00,5308.00,5419.00,5419.00,5285.50,,5418.98,,,355000,1914987000.00,42000,F1,1,,,,,
2026-09-21,2026-09-21,CM,NSE,STK,7048,INE782E01017,HESTERBIO,EQ,,,,,HESTER BIOSCIENCES LTD,2200.00,2236.40,2158.50,2188.80,2206.00,2195.60,,2188.73,,,3227,7061123.00,578,F1,1,,,,,
2026-09-21,2026-09-21,CM,NSE,STK,27008,INE750M01017,HEXATRADEX,EQ,,,,,HEXA TRADEX LIMITED,161.90,161.90,158.00,159.84,160.00,158.29,,159.86,,,804,128682.42,55,F1,1,,,,,
2026-09-21,2026-09-21,CM,NSE,STK,750116,INE0JUI01012,HEXAGON,BE,,,,,HEXAGON NUTRITION LIMITED,66.89,67.50,65.30,66.36,66.50,66.26,,66.35,,,289033,19143734.52,663,F1,1,,,,,
2026-09-21,2026-09-21,CM,NSE,STK,29666,INE093A01041,HEXT,EQ,,,,,HEXAWARE TECHNOLOGIES LTD,520.85,524.50,512.10,515.25,515.00,524.55,,515.26,,,151434,78063242.70,9772,F1,1,,,,,
2026-09-21,2026-09-21,CM,NSE,STK,21954,INE548A01028,HFCL,BE,,,,,HFCL LIMITED,213.45,216.99,209.10,214.31,215.00,215.71,,214.28,,,3919366,838852579.39,24277,F1,1,,,,,
2026-09-21,2026-09-21,CM,NSE,STK,25622,INE957N08151,920HFL30,N0,,,,,HFL 9.20% 2030 SR 67,104624.00,104624.00,104624.00,104624.00,104624.00,104599.05,,104624.00,,,4,418496.00,2,F1,1,,,,,
2026-09-21,2026-09-21,CM,NSE,STK,18794,INE0PIC01017,HIGREEN,SM,,,,,HI GREEN CARBON LIMITED,117.00,117.00,106.00,107.35,108.90,116.90,,107.35,,,119200,12944680.00,144,F1,800,,,,,
2026-09-21,2026-09-21,CM,NSE,STK,2868,INE106T01025,HITECH,EQ,,,,,HI-TECH PIPES LIMITED,76.14,76.27,74.35,74.96,74.86,76.14,,74.96,,,474659,35608827.66,4507,F1,1,,,,,
2026-09-21,2026-09-21,CM,NSE,STK,759103,INE00RL01028,HILINFRA,EQ,,,,,HIGHWAY INFRASTRUCTURE L,45.00,45.00,43.25,43.37,43.49,43.92,,43.37,,,80219,3523803.71,1105,F1,1,,,,,
2026-09-21,2026-09-21,CM,NSE,STK,9668,INE475B01022,HIKAL,EQ,,,,,HIKAL LIMITED,226.04,235.00,226.04,229.15,228.20,226.04,,229.15,,,555365,128349864.55,10828,F1,1,,,,,
2026-09-21,2026-09-21,CM,NSE,STK,14627,INE788H01017,HILTON,EQ,,,,,HILTON METAL FORGING LTD,16.45,16.79,16.28,16.44,16.30,16.38,,16.43,,,101060,1670225.46,487,F1,1,,,,,
2026-09-21,2026-09-21,CM,NSE,STK,14334,INE019C01026,HSCL,EQ,,,,,HIMADRI SPECIALITY CHEM L,678.00,692.80,672.10,676.45,674.05,675.35,,676.45,,,2961942,2028762488.40,49812,F1,1,,,,,
2026-09-21,2026-09-21,CM,NSE,STK,1360,INE049A01027,HIMATSEIDE,EQ,,,,,HIMATSINGKA SEIDE LTD,64.99,65.17,62.10,62.76,62.88,64.66,,62.76,,,754907,47839520.13,4459,F1,1,,,,,
2026-09-21,2026-09-21,CM,NSE,STK,765085,INE227B01019,HINDALUMI,EQ,,,,,HIND ALUMINIUM INDS. LTD.,97.40,97.40,92.00,93.26,93.30,94.27,,93.41,,,3325,311032.63,286,F1,1,,,,,
2026-09-21,2026-09-21,CM,NSE,STK,1363,INE038A01020,HINDALCO,EQ,,,,,HINDALCO  INDUSTRIES  LTD,987.00,993.50,976.00,981.20,981.20,986.50,,981.21,,,3348127,3286727563.30,67312,F1,1,,,,,
2026-09-21,2026-09-21,CM,NSE,STK,4920,INE642Y01029,HINDCON,EQ,,,,,HINDCON CHEMICALS LIMITED,23.81,25.00,23.65,24.44,24.31,23.81,,24.44,,,60207,1475088.07,271,F1,1,,,,,
2026-09-21,2026-09-21,CM,NSE,STK,11796,INE05X901010,HPIL,EQ,,,,,HINDPRAKASH INDUSTRY LTD,119.01,119.10,115.00,119.10,119.10,118.99,,119.10,,,106,12514.75,50,F1,1,,,,,
2026-09-21,2026-09-21,CM,NSE,STK,14712,INE170I01016,HGS,EQ,,,,,HINDUJA GLOBAL SOLS. LTD.,380.00,384.95,376.00,377.80,378.80,379.40,,377.76,,,7901,2996905.15,634,F1,1,,,,,
2026-09-21,2026-09-21,CM,NSE,STK,764698,INE074C01013,HINDADH,EQ,,,,,HINDUSTAN ADHESIVES LTD.,378.00,387.90,378.00,383.90,387.00,374.90,,385.85,,,5897,2259806.25,202,F1,1,,,,,
2026-09-21,2026-09-21,CM,NSE,STK,2303,INE066F01020,HAL,EQ,,,,,HINDUSTAN AERONAUTICS LTD,4850.00,4888.90,4825.00,4826.00,4826.00,4800.30,,4826.17,,,784570,3808142835.10,61733,F1,1,,,,,
2026-09-21,2026-09-21,CM,NSE,STK,1372,INE310C01029,HINDCOMPOS,EQ,,,,,HINDUSTAN COMPOSITES LTD.,380.50,382.95,374.05,379.25,380.00,378.65,,378.62,,,4347,1647693.65,291,F1,1,,,,,
2026-09-21,2026-09-21,CM,NSE,STK,1375,INE549A01026,HCC,EQ,,,,,HINDUSTAN CONSTRUCTION CO,21.71,22.21,21.47,21.83,21.81,21.77,,21.83,,,17293181,376973757.12,24401,F1,1,,,,,
2026-09-21,2026-09-21,CM,NSE,STK,17939,INE531E01026,HINDCOPPER,EQ,,,,,HINDUSTAN COPPER LTD,504.50,507.00,497.20,503.95,504.50,497.40,,503.95,,,4883834,2451692291.60,64508,F1,1,,,,,
2026-09-21,2026-09-21,CM,NSE,STK,12173,INE254N01026,HNDFDS,EQ,,,,,HINDUSTAN FOODS LIMITED,625.00,625.00,611.60,617.75,612.00,625.70,,617.74,,,72898,45111448.60,3383,F1,1,,,,,
2026-09-21,2026-09-21,CM,NSE,STK,19215,INE871K01015,HMVL,BE,,,,,HINDUSTAN MEDIA VENT LTD,80.40,83.50,78.25,82.67,83.50,81.09,,82.61,,,21661,1760021.49,183,F1,1,,,,,
2026-09-21,2026-09-21,CM,NSE,STK,1403,INE345A01011,HINDOILEXP,EQ,,,,,HINDUSTAN OIL EXPLORATION,181.07,181.50,176.01,176.63,176.70,180.29,,176.63,,,319216,56678265.45,8593,F1,1,,,,,
2026-09-21,2026-09-21,CM,NSE,STK,1406,INE094A01015,HINDPETRO,EQ,,,,,HINDUSTAN PETROLEUM CORP,356.85,359.85,355.50,357.60,357.60,359.00,,357.60,,,1629936,582396454.80,20073,F1,1,,,,,
2026-09-21,2026-09-21,CM,NSE,STK,1394,INE030A01027,HINDUNILVR,EQ,,,,,HINDUSTAN UNILEVER LTD.,1940.00,1966.60,1939.00,1947.00,1947.00,1932.00,,1947.01,,,864547,1691185441.80,47679,F1,1,,,,,
2026-09-21,2026-09-21,CM,NSE,STK,1424,INE267A01025,HINDZINC,EQ,,,,,HINDUSTAN ZINC LIMITED,590.95,595.00,585.90,591.80,591.80,596.00,,591.73,,,4306457,2544238745.70,37042,F1,1,,,,,
2026-09-21,2026-09-21,CM,NSE,STK,15883,INE05AN01011,HINDWAREAP,EQ,,,,,HINDWARE HME INOVATON LTD,173.00,180.00,170.30,176.57,175.00,172.08,,176.50,,,133778,23268852.06,6135,F1,1,,,,,
2026-09-21,2026-09-21,CM,NSE,STK,13890,INE835D01023,HIRECT,EQ,,,,,HIRECT LIMITED,1240.00,1262.80,1230.10,1241.20,1247.10,1242.80,,1241.27,,,34369,42602441.00,2747,F1,1,,,,,
2026-09-21,2026-09-21,CM,NSE,STK,19322,INE598C01011,HISARMETAL,EQ,,,,,HISAR METAL IND. LIMITED,159.00,168.94,157.00,159.02,159.10,154.53,,159.66,,,1020,165939.17,79,F1,1,,,,,
2026-09-21,2026-09-21,CM,NSE,STK,18457,INE07Y701011,POWERINDIA,EQ,,,,,HITACHI ENERGY INDIA LTD,32480.00,32595.00,31805.00,31870.00,31870.00,32700.00,,31869.97,,,64069,2051902375.00,19922,F1,1,,,,,
2026-09-21,2026-09-21,CM,NSE,STK,15165,INE120D01012,HITECHCORP,BE,,,,,HITECH CORPORATION LTD,330.30,331.95,322.00,325.20,328.95,328.40,,325.20,,,2565,833144.15,28,F1,1,,,,,
2026-09-21,2026-09-21,CM,NSE,STK,2289,INE461D01028,HLEGLAS,EQ,,,,,HLE GLASCOAT LIMITED,452.00,469.20,449.20,469.20,469.20,446.90,,469.18,,,192390,89543269.30,2724,F1,1,,,,,
2026-09-21,2026-09-21,CM,NSE,STK,1448,INE102A01024,HLVLTD,EQ,,,,,HLV LIMITED,6.75,6.95,6.60,6.73,6.76,6.75,,6.73,,,155327,1047707.35,602,F1,1,,,,,
2026-09-21,2026-09-21,CM,NSE,STK,17053,INE0ECP01024,HMAAGRO,EQ,,,,,HMA AGRO INDUSTRIES LTD,24.24,25.50,23.64,23.95,24.15,23.77,,23.95,,,5464569,133871438.40,15879,F1,1,,,,,
2026-09-21,2026-09-21,CM,NSE,STK,19698,INE262A01018,HMT,BZ,,,,,HMT LTD -,61.20,64.38,60.00,64.10,64.35,61.32,,64.11,,,20990,1330789.19,165,F1,1,,,,,
2026-09-21,2026-09-21,CM,NSE,STK,23826,INE0S6S01017,HOACFOODS,ST,,,,,HOAC FOODS INDIA LIMITED,825.65,825.65,825.65,825.65,825.65,842.45,,825.65,,,2250,1857712.50,5,F1,375,,,,,
2026-09-21,2026-09-21,CM,NSE,STK,18649,INE0LXA01019,HOLMARC,SM,,,,,HOLMARC OPTO MECHATRO L,114.95,115.50,114.95,115.50,115.50,110.00,,115.50,,,6000,691837.50,8,F1,750,,,,,
2026-09-21,2026-09-21,CM,NSE,STK,2056,INE481N01025,HOMEFIRST,EQ,,,,,HOME FIRST FIN CO IND LTD,1250.00,1273.90,1226.10,1257.70,1255.50,1241.30,,1257.67,,,492496,616876959.50,30710,F1,1,,,,,
2026-09-21,2026-09-21,CM,NSE,STK,19813,INE0J5401028,HONASA,EQ,,,,,HONASA CONSUMER LIMITED,471.55,476.50,465.55,473.60,472.80,479.55,,473.60,,,510820,240860543.05,20264,F1,1,,,,,
2026-09-21,2026-09-21,CM,NSE,STK,3138,INE634A01018,HONDAPOWER,EQ,,,,,HONDA I POWER PRODUCT LTD,1910.00,1939.90,1910.00,1920.60,1920.00,1930.30,,1920.59,,,2380,4579402.90,527,F1,1,,,,,
2026-09-21,2026-09-21,CM,NSE,STK,3417,INE671A01010,HONAUT,EQ,,,,,HONEYWELL AUTOMATION IND,35350.00,35430.00,34455.00,34685.00,34600.00,35445.00,,34685.24,,,2807,97361310.00,1720,F1,1,,,,,
2026-09-21,2026-09-21,CM,NSE,STK,765356,INE685T01010,HORIZONIND,EQ,,,,,HORIZON INDUSTRIAL PRKS L,53.84,54.32,52.51,52.74,52.70,54.23,,52.74,,,2727392,145463551.13,18231,F1,1,,,,,
2026-09-21,2026-09-21,CM,NSE,STK,17920,INE191I01012,HDIL,BZ,,,,,HOUSING DEV & INFRA LTD,1.48,1.49,1.45,1.47,1.48,1.45,,1.47,,,82876,121562.12,171,F1,1,,,,,
2026-09-21,2026-09-21,CM,NSE,STK,7376,INE0GSL01024,HPAL,EQ,,,,,HP ADHESIVES LIMITED,34.65,36.32,34.65,35.93,36.25,34.76,,35.93,,,71507,2555859.65,539,F1,1,,,,,
2026-09-21,2026-09-21,CM,NSE,STK,29875,INE0VA601019,HPTL,SM,,,,,HP TELECOM INDIA LIMITED,434.05,449.00,413.50,424.85,430.50,428.05,,424.85,,,4200,1833330.00,5,F1,600,,,,,
2026-09-21,2026-09-21,CM,NSE,STK,18679,INE495S01016,HPL,EQ,,,,,HPL ELECTRIC & POWER LTD,286.00,287.95,282.10,283.15,283.90,284.30,,283.16,,,67643,19254329.50,3651,F1,1,,,,,
2026-09-21,2026-09-21,CM,NSE,STK,21107,INE0R3501012,HRHNEXT,SM,,,,,HRH NEXT SERVICES LIMITED,25.25,25.25,25.25,25.25,25.25,26.55,,25.25,,,4500,113625.00,3,F1,1500,,,,,
2026-09-21,2026-09-21,CM,NSE,STK,761506,INF336L01RX2,HSBCGOLD,EQ,,,,,HSBCAMC - HSBCGOLD,132.91,134.32,131.54,131.63,131.60,132.91,,131.63,,,38800,5178367.10,107,F1,1,,,,,
2026-09-21,2026-09-21,CM,NSE,STK,20825,INE031A01017,HUDCO,EQ,,,,,HSG & URBAN DEV CORPN LTD,175.45,177.00,173.00,173.23,173.40,174.92,,173.23,,,1093890,190658954.59,19617,F1,1,,,,,
2026-09-21,2026-09-21,CM,NSE,STK,11979,INE501G01024,HTMEDIA,EQ,,,,,HT MEDIA LIMITED,23.11,24.30,23.11,24.04,24.11,23.69,,24.03,,,70538,1697469.24,269,F1,1,,,,,
2026-09-21,2026-09-21,CM,NSE,STK,14203,INE703H01016,HUBTOWN,EQ,,,,,HUBTOWN LIMITED,178.00,179.09,174.50,175.73,175.75,177.69,,175.72,,,198714,34958503.10,2231,F1,1,,,,,
2026-09-21,2026-09-21,CM,NSE,STK,2562,INE275B01026,HUHTAMAKI,EQ,,,,,HUHTAMAKI INDIA LIMITED,245.70,247.95,242.75,243.75,244.65,245.00,,243.75,,,70715,17324226.05,3625,F1,1,,,,,
2026-09-21,2026-09-21,CM,NSE,STK,25708,INE0TO501019,HVAX,SM,,,,,HVAX TECHNOLOGIES LIMITED,677.00,711.95,655.00,659.25,658.00,680.85,,659.25,,,1950,1304115.00,11,F1,150,,,,,
2026-09-21,2026-09-21,CM,NSE,STK,765467,INE0LEG01024,HTEL,EQ,,,,,HY-TECH ENGINEERS LIMITED,72.00,75.56,70.00,72.52,72.80,76.77,,72.51,,,3432660,250008651.94,28879,F1,1,,,,,
2026-09-21,2026-09-21,CM,NSE,STK,12814,INE965B01022,HYBRIDFIN,BE,,,,,HYBRID FINANCIAL SERVICE,16.21,16.70,16.20,16.60,16.60,16.29,,16.62,,,4270,69373.99,24,F1,1,,,,,
2026-09-21,2026-09-21,CM,NSE,STK,25844,INE0V6F01027,HYUNDAI,EQ,,,,,HYUNDAI MOTOR INDIA LTD,2170.00,2178.00,2136.20,2144.00,2144.00,2208.80,,2143.11,,,379622,817771481.80,29998,F1,1,,,,,
2026-09-21,2026-09-21,CM,NSE,STK,14086,INE204A01010,IGPL,EQ,,,,,I G PETROCHEMICALS LTD,549.95,594.35,543.35,576.75,580.05,550.15,,576.74,,,250011,144594806.65,7235,F1,1,,,,,
2026-09-21,2026-09-21,CM,NSE,STK,764718,INE684B01029,ISTLTD,EQ,,,,,I S T LTD.,663.85,675.00,631.05,652.00,642.00,663.85,,652.00,,,943,618975.10,139,F1,1,,,,,
2026-09-21,2026-09-21,CM,NSE,STK,764064,INE0XE501015,ICELCO,SM,,,,,IC ELECTRICALS COMPANY L,126.20,128.00,122.00,124.95,124.95,124.20,,124.95,,,22800,2837280.00,17,F1,1200,,,,,
2026-09-21,2026-09-21,CM,NSE,STK,9610,INE613B01010,ICDSLTD,BE,,,,,ICDSLTD,55.40,58.96,53.50,58.96,58.96,56.16,,58.96,,,10024,562266.77,64,F1,1,,,,,
2026-09-21,2026-09-21,CM,NSE,STK,489,INE520Y01019,ICEMAKE,EQ,,,,,ICE MAKE REFRIGERAT LTD,682.45,695.60,682.45,693.70,695.60,685.60,,693.70,,,11131,7695217.60,3914,F1,1,,,,,
2026-09-21,2026-09-21,CM,NSE,STK,4963,INE090A01021,ICICIBANK,EQ,,,,,ICICI BANK LTD.,1347.80,1352.00,1340.40,1345.00,1345.00,1338.90,,1344.99,,,5705598,7671289249.60,127740,F1,1,,,,,
2026-09-21,2026-09-21,CM,NSE,STK,21770,INE765G01017,ICICIGI,EQ,,,,,ICICI LOMBARD GIC LIMITED,1459.90,1514.50,1459.90,1509.10,1509.10,1458.10,,1509.09,,,1427947,2147692582.80,35479,F1,1,,,,,
2026-09-21,2026-09-21,CM,NSE,STK,21254,INF109KC19U5,LOWVOLIETF,EQ,,,,,ICICI PR NIF LW VL 30 ETF,21.24,21.65,21.24,21.50,21.58,21.41,,21.50,,,2902659,62298279.71,15137,F1,1,,,,,
2026-09-21,2026-09-21,CM,NSE,STK,18652,INE726G01019,ICICIPRULI,EQ,,,,,ICICI PRU LIFE INS CO LTD,492.20,500.00,491.05,493.00,493.00,492.00,,493.01,,,997211,494864835.80,25731,F1,1,,,,,
2026-09-21,2026-09-21,CM,NSE,STK,17702,INF109KC10W0,MIDSELIETF,EQ,,,,,ICICI PRUD MIDCAP SEL ETF,20.12,20.12,19.53,19.70,19.70,19.63,,19.70,,,162353,3192395.03,692,F1,1,,,,,
2026-09-21,2026-09-21,CM,NSE,STK,30392,INF109KC16V9,NIF100IETF,EQ,,,,,ICICI PRUD NIFTY 100 ETF,27.26,27.60,27.26,27.50,27.32,27.40,,27.51,,,46412,1273087.50,2105,F1,1,,,,,
2026-09-21,2026-09-21,CM,NSE,STK,29553,INF109K012R6,NIFTYIETF,EQ,,,,,ICICI PRUD NIFTY ETF,269.00,269.00,264.81,266.09,266.32,265.13,,266.07,,,614840,163445947.14,17925,F1,1,,,,,
2026-09-21,2026-09-21,CM,NSE,STK,4378,INF346A01034,SENSEXIETF,EQ,,,,,ICICI PRUD SENSEX ETF,859.96,864.90,857.00,863.30,863.55,858.70,,863.28,,,7331,6312729.45,369,F1,1,,,,,
2026-09-21,2026-09-21,CM,NSE,STK,760407,INE346A01027,ICICIAMC,EQ,,,,,ICICI PRUDENTIAL AMC LTD,3233.00,3287.00,3179.10,3207.80,3217.00,3206.70,,3207.94,,,424027,1363809952.20,29450,F1,1,,,,,
2026-09-21,2026-09-21,CM,NSE,STK,19679,INF109KC1NT3,GOLDIETF,EQ,,,,,ICICI PRUDENTIAL GOLD ETF,131.16,131.20,129.91,130.01,130.18,131.16,,130.01,,,6363757,829168298.55,39525,F1,1,,,,,
2026-09-21,2026-09-21,CM,NSE,STK,17475,INF109KC11V0,NV20IETF,EQ,,,,,ICICI PRUDENTIAL NV20 ETF,13.33,13.33,13.11,13.27,13.31,13.20,,13.27,,,626876,8293216.48,2479,F1,1,,,,,
2026-09-21,2026-09-21,CM,NSE,STK,522,INF109KB15Y7,ICICIB22,EQ,,,,,ICICIPRAMC - BHARATIWIN,114.00,114.00,111.98,112.66,112.28,112.46,,112.66,,,314225,35371276.39,3261,F1,1,,,,,
2026-09-21,2026-09-21,CM,NSE,STK,30139,INF109K1A021,CASHIETF,EQ,,,,,ICICIPRAMC - CASHIETF,1080.39,1080.41,1080.39,1080.39,1080.41,1080.26,,1080.39,,,121101,130838036.87,275,F1,1,,,,,
2026-09-21,2026-09-21,CM,NSE,STK,755881,INF109K1A153,EVIETF,EQ,,,,,ICICIPRAMC - EVIETF,32.04,32.04,31.71,31.87,31.96,32.04,,31.87,,,109071,3476340.19,873,F1,1,,,,,
2026-09-21,2026-09-21,CM,NSE,STK,13143,INF109KC18O0,GSEC10IETF,EQ,,,,,ICICIPRAMC - ICICI10GS,263.97,264.86,262.04,264.57,262.04,263.97,,264.57,,,333,88020.32,13,F1,1,,,,,
2026-09-21,2026-09-21,CM,NSE,STK,3001,INF109KC1V59,BSE500IETF,EQ,,,,,ICICIPRAMC - ICICI500,38.76,39.39,38.63,38.78,38.81,38.76,,38.78,,,73756,2861624.41,1789,F1,1,,,,,
2026-09-21,2026-09-21,CM,NSE,STK,8342,INF109KC14A8,GSEC5IETF,EQ,,,,,ICICIPRAMC - ICICI5GSEC,66.07,66.24,65.70,65.77,65.77,66.40,,65.77,,,15621,1031467.60,55,F1,1,,,,,
2026-09-21,2026-09-21,CM,NSE,STK,22344,INF109KC17V7,ALPL30IETF,EQ,,,,,ICICIPRAMC - ICICIALPLV,27.19,27.34,27.04,27.25,27.34,27.04,,27.25,,,1861040,50641174.42,1084,F1,1,,,,,
2026-09-21,2026-09-21,CM,NSE,STK,7844,INF109KC10V2,AUTOIETF,EQ,,,,,ICICIPRAMC - ICICIAUTO,28.35,28.37,28.15,28.24,28.31,28.35,,28.24,,,245414,6935196.44,1850,F1,1,,,,,
2026-09-21,2026-09-21,CM,NSE,STK,11386,INF109KC18U7,PVTBANIETF,EQ,,,,,ICICIPRAMC - ICICIBANKP,27.00,27.81,27.00,27.68,27.74,27.70,,27.68,,,496635,13763141.18,1492,F1,1,,,,,
2026-09-21,2026-09-21,CM,NSE,STK,13198,INF109KC19O8,COMMOIETF,EQ,,,,,ICICIPRAMC - ICICICOMMO,97.00,98.32,97.00,97.49,97.41,97.50,,97.49,,,46028,4487685.16,4940,F1,1,,,,,
2026-09-21,2026-09-21,CM,NSE,STK,6446,INF109KC1V42,CONSUMIETF,EQ,,,,,ICICIPRAMC - ICICICONSU,119.09,120.97,118.99,119.56,118.99,119.09,,119.48,,,4929,588461.21,130,F1,1,,,,,
2026-09-21,2026-09-21,CM,NSE,STK,5306,INF109KC19V3,FMCGIETF,EQ,,,,,ICICIPRAMC - ICICIFMCG,49.99,49.99,49.00,49.60,49.65,49.28,,49.60,,,1172062,57986847.91,3097,F1,1,,,,,
2026-09-21,2026-09-21,CM,NSE,STK,10723,INF109KC16E5,INFRAIETF,EQ,,,,,ICICIPRAMC - ICICIINFRA,92.97,94.57,92.84,93.16,92.84,92.96,,93.16,,,304453,28367631.73,6813,F1,1,,,,,
2026-09-21,2026-09-21,CM,NSE,STK,4838,INF109KC1KT9,LIQUIDIETF,EQ,,,,,ICICIPRAMC - ICICILIQ,1000.01,1000.01,999.99,999.99,1000.00,999.99,,999.99,,,523089,523088918.02,166,F1,1,,,,,
2026-09-21,2026-09-21,CM,NSE,STK,17152,INF109KC11W8,MIDCAPIETF,EQ,,,,,ICICIPRAMC - ICICIM150,24.29,24.29,23.61,23.63,23.65,23.70,,23.63,,,3170629,74938512.81,2666,F1,1,,,,,
2026-09-21,2026-09-21,CM,NSE,STK,10585,INF109KC17C7,MOM30IETF,EQ,,,,,ICICIPRAMC - ICICIMOM30,31.18,31.18,30.85,30.91,31.03,31.08,,30.90,,,355487,11008738.10,2830,F1,1,,,,,
2026-09-21,2026-09-21,CM,NSE,STK,4529,INF109KC1NS5,NEXT50IETF,EQ,,,,,ICICIPRAMC - ICICINXT50,74.86,76.51,74.86,76.35,76.51,76.39,,76.36,,,408516,31162902.25,5127,F1,1,,,,,
2026-09-21,2026-09-21,CM,NSE,STK,3626,INF109KC1Q72,HEALTHIETF,EQ,,,,,ICICIPRAMC - ICICIPHARM,171.00,173.55,170.91,172.96,173.25,170.91,,172.96,,,162357,28016159.11,4919,F1,1,,,,,
2026-09-21,2026-09-21,CM,NSE,STK,17808,INF109KC18V5,QUAL30IETF,EQ,,,,,ICICIPRAMC - ICICIQTY30,20.44,20.55,20.32,20.51,20.42,20.35,,20.51,,,66447,1355056.27,245,F1,1,,,,,
2026-09-21,2026-09-21,CM,NSE,STK,7942,INF109KC1Y56,SILVERIETF,EQ,,,,,ICICIPRAMC - ICICISILVE,233.64,233.64,231.28,232.00,232.25,233.89,,232.00,,,2637498,612111027.63,14412,F1,1,,,,,
2026-09-21,2026-09-21,CM,NSE,STK,22365,INF109KC16I6,ITIETF,EQ,,,,,ICICIPRAMC - ICICITECH,32.80,32.80,31.75,32.13,31.94,32.00,,32.13,,,319188,10214907.46,1437,F1,1,,,,,
2026-09-21,2026-09-21,CM,NSE,STK,764364,INF109K1A567,INSUREIETF,EQ,,,,,ICICIPRAMC - INSUREIETF,15.05,15.26,14.98,15.22,15.20,15.11,,15.22,,,54726,830270.49,139,F1,1,,,,,
2026-09-21,2026-09-21,CM,NSE,STK,11037,INF109KC15I8,BANKIETF,EQ,,,,,ICICIPRAMC - IPRU5008,57.73,58.21,57.73,58.02,58.00,57.90,,58.02,,,144828,8404774.78,1605,F1,1,,,,,
2026-09-21,2026-09-21,CM,NSE,STK,24861,INF109KC19W1,METALIETF,EQ,,,,,ICICIPRAMC - METALIETF,12.75,13.22,12.75,13.05,13.07,13.08,,13.05,,,5144235,67335628.28,10646,F1,1,,,,,
2026-09-21,2026-09-21,CM,NSE,STK,24533,INF109KC18W3,OILIETF,EQ,,,,,ICICIPRAMC - OILIETF,11.14,11.22,11.02,11.19,11.20,11.14,,11.19,,,834684,9308344.77,2022,F1,1,,,,,
2026-09-21,2026-09-21,CM,NSE,STK,14584,INF109KC10S8,PSUBNKIETF,EQ,,,,,ICICIPRAMC - PSUBANKICI,86.44,86.44,84.00,84.20,84.29,84.34,,84.20,,,61409,5172010.98,722,F1,1,,,,,
2026-09-21,2026-09-21,CM,NSE,STK,754612,INF109K1A476,SMALLIETF,EQ,,,,,ICICIPRAMC - SMALLIETF,18.35,18.42,18.30,18.38,18.42,18.35,,18.38,,,33769,619841.44,136,F1,1,,,,,
2026-09-21,2026-09-21,CM,NSE,STK,757781,INF109K1A344,TOP15IETF,EQ,,,,,ICICIPRAMC - TOP15IETF,9.52,9.60,9.48,9.52,9.55,9.49,,9.52,,,210301,2000916.17,347,F1,1,,,,,
2026-09-21,2026-09-21,CM,NSE,STK,25851,INF109KC16X5,VAL30IETF,EQ,,,,,ICICIPRAMC - VAL30IETF,14.82,14.93,14.80,14.84,14.81,14.88,,14.84,,,83251,1237820.89,425,F1,1,,,,,
2026-09-21,2026-09-21,CM,NSE,STK,12578,INF109KC17L8,FINIETF,EQ,,,,,ICICIPRAMC-ICICIFIN,33.08,33.08,32.04,32.19,32.30,32.28,,32.19,,,130385,4195922.35,1090,F1,1,,,,,
2026-09-21,2026-09-21,CM,NSE,STK,14523,INE725G01011,ICRA,EQ,,,,,ICRA LIMITED,4575.40,4601.80,4518.80,4545.70,4531.00,4544.70,,4545.62,,,27497,125166106.30,4701,F1,1,,,,,
2026-09-21,2026-09-21,CM,NSE,STK,1476,INE008A01015,IDBI,EQ,,,,,IDBI BANK LIMITED,83.00,84.73,82.20,83.06,83.07,83.06,,83.06,,,9995146,834308426.88,29158,F1,1,,,,,
2026-09-21,2026-09-21,CM,NSE,STK,17140,INE349Y01013,IDEAFORGE,EQ,,,,,IDEAFORGE TECHNO LTD,735.00,766.05,731.60,766.05,766.05,729.60,,766.04,,,454606,345116746.70,13938,F1,1,,,,,
2026-09-21,2026-09-21,CM,NSE,STK,28574,INE0TD101011,IDENTICAL,SM,,,,,IDENTICAL BRAINS STUDIO L,16.80,17.30,16.80,17.30,17.30,18.00,,17.30,,,4000,68200.00,2,F1,2000,,,,,
2026-09-21,2026-09-21,CM,NSE,STK,11184,INE092T01019,IDFCFIRSTB,EQ,,,,,IDFC FIRST BANK LIMITED,85.92,86.55,85.20,85.80,85.80,85.92,,85.79,,,20239022,1736348416.07,77040,F1,1,,,,,
2026-09-21,2026-09-21,CM,NSE,STK,1482,INE076C01018,IFBAGRO,EQ,,,,,IFB AGRO INDUSTRIES LTD,888.00,891.60,868.00,870.00,873.70,888.00,,869.84,,,3810,3322946.20,417,F1,1,,,,,
2026-09-21,2026-09-21,CM,NSE,STK,1485,INE559A01017,IFBIND,EQ,,,,,IFB INDUSTRIES LTD,1231.90,1258.40,1215.00,1222.30,1217.00,1225.10,,1222.30,,,19644,24212126.40,3206,F1,1,,,,,
2026-09-21,2026-09-21,CM,NSE,STK,1491,INE039A01010,IFCI,EQ,,,,,IFCI LTD,75.35,75.50,73.71,74.25,74.08,76.51,,74.25,,,48066936,3577279966.80,108916,F1,1,,,,,
2026-09-21,2026-09-21,CM,NSE,STK,436,INE133Y01011,IFGLEXPOR,EQ,,,,,IFGL REFRACTORIES LIMITED,200.40,200.40,192.15,197.90,198.00,199.03,,197.90,,,24139,4746046.84,971,F1,1,,,,,
2026-09-21,2026-09-21,CM,NSE,STK,759897,INE01XO07017,1225IFL27,N0,,,,,IFL 12.25% 2027,6480.00,6480.00,6480.00,6480.00,6480.00,6240.00,,6480.00,,,2,12960.00,1,F1,1,,,,,
2026-09-21,2026-09-21,CM,NSE,STK,760656,INE01XO07025,1225IFL28,N0,,,,,IFL 12.25% 2028,7500.00,7500.00,7500.00,7500.00,7500.00,7500.00,,7500.00,,,3,22500.00,2,F1,1,,,,,
2026-09-21,2026-09-21,CM,NSE,STK,634,INE188B01013,IGARASHI,EQ,,,,,IGARASHI MOTORS INDIA LTD,427.95,433.30,421.60,424.25,423.60,432.35,,424.25,,,61316,26079556.10,2876,F1,1,,,,,
2026-09-21,2026-09-21,CM,NSE,STK,761118,INE530B07633,865IIFL31,Y6,,,,,IIFL 8.65% TR I SR III,972.45,988.88,970.01,988.88,988.88,979.99,,988.88,,,90,88266.36,3,F1,1,,,,,
2026-09-21,2026-09-21,CM,NSE,STK,761119,INE530B07617,870IIFL28,Y7,,,,,IIFL 8.70% TR I SR IV,1021.20,1021.20,1021.20,1021.20,1021.20,1041.03,,1021.35,,,190,194028.00,2,F1,1,,,,,
2026-09-21,2026-09-21,CM,NSE,STK,13072,INE489L01022,IIFLCAPS,EQ,,,,,IIFL CAPITAL SERVICES LTD,345.40,345.80,343.00,344.40,344.50,345.10,,344.40,,,329452,113410027.45,5419,F1,1,,,,,
2026-09-21,2026-09-21,CM,NSE,STK,11809,INE530B01024,IIFL,EQ,,,,,IIFL FINANCE LIMITED,600.00,611.90,596.00,608.10,608.15,600.20,,608.10,,,1001538,606473997.25,33468,F1,1,,,,,
2026-09-21,2026-09-21,CM,NSE,STK,16822,INE0LOJ01019,IKIO,EQ,,,,,IKIO TECHNOLOGIES LIMITED,210.97,215.78,210.01,211.68,212.00,210.25,,211.68,,,182568,38773786.17,4227,F1,1,,,,,
2026-09-21,2026-09-21,CM,NSE,STK,9380,INE369I01014,IL&FSENGG,BZ,,,,,IL&FS ENG AND CONS CO LTD,42.00,42.58,40.96,42.08,42.58,40.56,,42.10,,,58238,2457422.30,156,F1,1,,,,,
2026-09-21,2026-09-21,CM,NSE,STK,6711,INE050B01023,IVC,EQ,,,,,IL&FS INVESTMENT MANAGERS,7.97,7.98,7.74,7.83,7.81,7.90,,7.83,,,205327,1616025.79,1081,F1,1,,,,,
2026-09-21,2026-09-21,CM,NSE,STK,9381,INE975G01012,IL&FSTRANS,BZ,,,,,IL&FS TRANS NET LTD,1.91,1.97,1.86,1.95,1.97,1.91,,1.95,,,50071,95479.67,92,F1,1,,,,,
2026-09-21,2026-09-21,CM,NSE,STK,7672,INE172N01012,IMAGICAA,EQ,,,,,IMAGICAAWORLD ENT LTD,52.90,53.64,52.50,52.87,53.19,52.82,,52.87,,,507838,26892287.76,2437,F1,1,,,,,
2026-09-21,2026-09-21,CM,NSE,STK,25881,INE691G01015,IMPEXFERRO,BZ,,,,,IMPEX FERRO TECH LIMITED,5.69,5.69,5.69,5.69,5.69,5.58,,5.69,,,57253,325769.57,54,F1,1,,,,,
2026-09-21,2026-09-21,CM,NSE,STK,17507,INE452L01012,INCREDIBLE,EQ,,,,,INCREDIBLE INDUSTRIES LTD,32.37,33.18,32.32,33.11,32.40,32.37,,33.42,,,2085,68377.45,37,F1,1,,,,,
2026-09-21,2026-09-21,CM,NSE,STK,12009,INE547E01014,IMPAL,EQ,,,,,IND MOTOR PART & ACC LTD,1068.40,1086.00,1055.10,1077.20,1072.00,1065.60,,1077.20,,,861,921636.50,153,F1,1,,,,,
2026-09-21,2026-09-21,CM,NSE,STK,4870,INE915B01019,INDSWFTLAB,EQ,,,,,IND SWIFT LABORATORIES LT,372.90,386.00,371.00,379.40,382.00,373.25,,379.70,,,762788,288190457.80,15107,F1,1,,,,,
2026-09-21,2026-09-21,CM,NSE,STK,21957,INE611L01021,INDTERRAIN,EQ,,,,,IND TERRAIN FASHIONS LTD,29.50,29.70,28.16,29.02,29.11,28.91,,29.02,,,27878,803292.16,295,F1,1,,,,,
2026-09-21,2026-09-21,CM,NSE,STK,16933,INE841B01017,INDBANK,EQ,,,,,INDBANK MERCH BANK,25.95,26.19,25.05,25.47,25.70,25.56,,25.44,,,44312,1125434.50,534,F1,1,,,,,
2026-09-21,2026-09-21,CM,NSE,STK,29678,INE0O9T01021,BAJAJINDEF,EQ,,,,,INDEF MANUFACTURING LTD,214.94,218.61,214.30,214.81,214.70,214.94,,214.81,,,11941,2565966.33,231,F1,1,,,,,
2026-09-21,2026-09-21,CM,NSE,STK,23693,INE065X01017,INDGN,EQ,,,,,INDEGENE LIMITED,603.05,606.40,594.00,595.95,594.00,600.10,,595.95,,,193265,115710402.05,11985,F1,1,,,,,
2026-09-21,2026-09-21,CM,NSE,STK,1521,INE560A01023,INDIAGLYCO,EQ,,,,,INDIA GLYCOLS LTD,266.00,269.40,252.00,255.80,256.50,263.70,,255.84,,,512474,132225125.00,11140,F1,1,,,,,
2026-09-21,2026-09-21,CM,NSE,STK,4747,INE092B01025,INDNIPPON,EQ,,,,,INDIA NIPPON ELECT  LTD,1248.00,1276.50,1227.20,1238.60,1237.00,1260.00,,1238.60,,,45736,56675304.50,5009,F1,1,,,,,
2026-09-21,2026-09-21,CM,NSE,STK,4934,INE0D6701023,IPL,EQ,,,,,INDIA PESTICIDES LIMITED,134.90,136.90,134.02,134.43,134.89,134.67,,134.45,,,270227,36528981.07,3429,F1,1,,,,,
2026-09-21,2026-09-21,CM,NSE,STK,20556,INE922K01024,INDIASHLTR,EQ,,,,,INDIA SHELTER FIN CORP L,683.00,688.00,672.55,674.60,675.00,681.85,,674.60,,,33541,22677185.05,2323,F1,1,,,,,
2026-09-21,2026-09-21,CM,NSE,STK,19299,INE353K01014,ITDC,EQ,,,,,INDIA TOUR. DEV. CO. LTD.,656.00,660.75,647.00,651.95,650.70,658.30,,651.96,,,51090,33366984.80,4911,F1,1,,,,,
2026-09-21,2026-09-21,CM,NSE,STK,24999,INE126M01010,IBULLSLTD,EQ,,,,,INDIABULLS LIMITED,30.85,31.43,28.88,29.09,28.93,30.39,,29.09,,,13436977,404716748.25,22326,F1,1,,,,,
2026-09-21,2026-09-21,CM,NSE,STK,10726,INE933S01016,INDIAMART,EQ,,,,,INDIAMART INTERMESH LTD,1650.00,1656.00,1630.00,1631.40,1632.30,1646.30,,1631.38,,,49716,81330238.20,9371,F1,1,,,,,
2026-09-21,2026-09-21,CM,NSE,STK,14309,INE562A01011,INDIANB,EQ,,,,,INDIAN BANK,842.50,849.55,838.40,841.00,841.00,839.80,,841.00,,,363123,305962061.75,20524,F1,1,,,,,
2026-09-21,2026-09-21,CM,NSE,STK,4422,INE061A01014,INDIANCARD,EQ,,,,,INDIAN CARD CLOTHING CO.,210.01,210.90,205.00,206.05,206.00,210.00,,206.05,,,1297,267189.10,61,F1,1,,,,,
2026-09-21,2026-09-21,CM,NSE,STK,23792,INE0RRU01016,IEML,ST,,,,,INDIAN EMULSIFIERS LTD,42.30,43.00,41.25,42.05,42.00,42.95,,42.05,,,38500,1626275.00,47,F1,500,,,,,
2026-09-21,2026-09-21,CM,NSE,STK,220,INE022Q01020,IEX,EQ,,,,,INDIAN ENERGY EXC LTD,115.46,115.56,113.70,113.82,113.82,115.46,,113.82,,,1812910,207285817.09,24787,F1,1,,,,,
2026-09-21,2026-09-21,CM,NSE,STK,1530,INE323C01030,INDIANHUME,EQ,,,,,INDIAN HUME PIPE CO. LTD.,367.70,369.60,361.95,362.95,364.00,365.30,,362.95,,,11855,4326434.20,753,F1,1,,,,,
2026-09-21,2026-09-21,CM,NSE,STK,19235,INE919H01018,IMFA,EQ,,,,,INDIAN METALS & FERRO,1256.30,1261.00,1228.20,1238.00,1238.00,1252.20,,1237.72,,,117437,145488869.10,7445,F1,1,,,,,
2026-09-21,2026-09-21,CM,NSE,STK,1624,INE242A01010,IOC,EQ,,,,,INDIAN OIL CORP LTD,136.90,137.71,136.34,136.53,136.53,137.00,,136.53,,,8616145,1179417744.78,65134,F1,1,,,,,
2026-09-21,2026-09-21,CM,NSE,STK,9348,INE565A01014,IOB,EQ,,,,,INDIAN OVERSEAS BANK,32.29,32.29,32.00,32.06,32.02,32.17,,32.06,,,1390442,44617958.21,8049,F1,1,,,,,
2026-09-21,2026-09-21,CM,NSE,STK,25033,INE0DHF01018,IPHL,SM,,,,,INDIAN PHOSPHATE LIMITED,71.05,74.20,71.05,72.95,72.95,71.05,,72.95,,,10800,785040.00,7,F1,1200,,,,,
2026-09-21,2026-09-21,CM,NSE,STK,13611,INE335Y01020,IRCTC,EQ,,,,,INDIAN RAIL TOUR CORP LTD,475.00,479.85,470.00,470.70,471.00,476.75,,470.71,,,528264,249665001.80,20935,F1,1,,,,,
2026-09-21,2026-09-21,CM,NSE,STK,2029,INE053F01010,IRFC,EQ,,,,,INDIAN RAILWAY FIN CORP L,81.50,81.70,80.16,80.22,80.22,81.50,,80.22,,,5213459,420457016.83,37255,F1,1,,,,,
2026-09-21,2026-09-21,CM,NSE,STK,20261,INE202E01016,IREDA,EQ,,,,,INDIAN RENEWABLE ENERGY,112.70,113.13,110.55,111.00,111.00,114.32,,111.00,,,2970335,332012998.92,23740,F1,1,,,,,
2026-09-21,2026-09-21,CM,NSE,STK,762727,INE586E01020,IWP,EQ,,,,,INDIAN WOOD PRODUCTS CO L,33.21,34.93,33.21,33.84,34.00,34.73,,33.84,,,8119,276425.22,74,F1,1,,,,,
2026-09-21,2026-09-21,CM,NSE,STK,2048,INE09VQ01012,INDIGOPNTS,EQ,,,,,INDIGO PAINTS LIMITED,1105.00,1134.50,1088.30,1130.50,1131.10,1099.70,,1130.60,,,58521,65469388.70,6233,F1,1,,,,,
2026-09-21,2026-09-21,CM,NSE,STK,20988,INE219X23014,INDIGRID,IV,,,,,INDIGRID INFRASTRUCT TRST,173.90,174.35,173.18,173.49,173.50,173.49,,173.49,,,468849,81398075.05,8888,F1,1,,,,,
2026-09-21,2026-09-21,CM,NSE,STK,757845,INE06ST01018,INDIQUBE,EQ,,,,,INDIQUBE SPACES LIMITED,195.75,195.75,186.36,188.34,187.00,192.85,,188.33,,,33260,6333737.46,1005,F1,1,,,,,
2026-09-21,2026-09-21,CM,NSE,STK,9120,INE760F01028,INDOAMIN,BE,,,,,INDO AMINES LIMITED,125.30,132.87,124.68,132.87,132.87,126.55,,132.89,,,118165,15556777.00,1378,F1,1,,,,,
2026-09-21,2026-09-21,CM,NSE,STK,8614,INE803D01021,INDOBORAX,EQ,,,,,INDO BORAX & CHEMICAL LTD,470.20,475.50,458.35,463.85,463.60,472.60,,463.88,,,42128,19722590.40,2672,F1,1,,,,,
2026-09-21,2026-09-21,CM,NSE,STK,11987,INE483B01026,ICIL,EQ,,,,,INDO COUNT INDUSTRIES LTD,446.00,454.00,433.20,436.15,435.25,447.35,,436.15,,,270588,118934443.25,12206,F1,1,,,,,
2026-09-21,2026-09-21,CM,NSE,STK,29025,INE622H01018,INDOFARM,EQ,,,,,INDO FARM EQUIPMENT LTD,137.60,144.98,136.78,143.36,143.30,136.78,,143.36,,,313924,44766749.17,5009,F1,1,,,,,
2026-09-21,2026-09-21,CM,NSE,STK,10993,INE156A01020,INDORAMA,EQ,,,,,INDO RAMA SYNTHETICS LTD,91.50,109.26,91.09,106.55,106.18,91.05,,106.54,,,13822935,1434726516.77,86712,F1,1,,,,,
2026-09-21,2026-09-21,CM,NSE,STK,13275,INE332H01014,INDOTECH,EQ,,,,,INDO TECH TRANSFORM LTD.,3380.00,3416.80,3250.00,3313.50,3280.00,3394.70,,3313.55,,,13972,46433426.80,2586,F1,1,,,,,
2026-09-21,2026-09-21,CM,NSE,STK,25608,INE337M01021,INDOTHAI,EQ,,,,,INDO THAI SEC LTD,34.73,35.23,33.00,34.08,34.00,33.56,,34.09,,,2524843,87546312.71,6464,F1,1,,,,,
2026-09-21,2026-09-21,CM,NSE,STK,25503,INE250Z01010,INDOUS,EQ,,,,,INDO US BIOTECH LTD,79.92,79.92,77.07,78.50,78.50,78.00,,78.50,,,3873,305837.83,66,F1,1,,,,,
2026-09-21,2026-09-21,CM,NSE,STK,764301,INE084101034,INDOMIM,EQ,,,,,INDO-MIM LIMITED,1067.00,1161.45,1065.25,1161.45,1161.45,1055.90,,1162.92,,,4392066,4988758499.65,128158,F1,1,,,,,
2026-09-21,2026-09-21,CM,NSE,STK,6782,INE567A01028,NIPPOBATRY,EQ,,,,,INDO-NATIONAL LIMITED,320.00,325.00,315.00,318.15,319.00,319.80,,318.15,,,3425,1093108.20,167,F1,1,,,,,
2026-09-21,2026-09-21,CM,NSE,STK,11677,INE873D01024,INDOCO,EQ,,,,,INDOCO REMEDIES LTD.,250.20,259.00,247.10,257.59,257.00,249.01,,257.57,,,208896,52920884.89,5710,F1,1,,,,,
2026-09-21,2026-09-21,CM,NSE,STK,757801,INE05J901018,IGCL,EQ,,,,,INDOGULF CROPSCIENCES LTD,65.87,66.87,64.52,65.55,65.00,67.05,,65.55,,,157829,10368153.04,1733,F1,1,,,,,
2026-09-21,2026-09-21,CM,NSE,STK,764708,INE716F01012,INDOKEM,EQ,,,,,INDOKEM LTD.,641.20,641.20,612.10,614.60,613.00,620.00,,614.03,,,3491,2162320.90,180,F1,1,,,,,
2026-09-21,2026-09-21,CM,NSE,STK,19955,INE866K01023,WAAREEINDO,EQ,,,,,INDOSOLAR LIMITED,261.80,274.15,254.60,255.10,255.00,267.95,,255.22,,,273231,72850860.75,5146,F1,1,,,,,
2026-09-21,2026-09-21,CM,NSE,STK,3088,INE896L01010,INDOSTAR,EQ,,,,,INDOSTAR CAPITAL FIN LTD,241.05,241.08,234.00,235.45,236.70,241.05,,235.45,,,38098,9066618.55,1261,F1,1,,,,,
2026-09-21,2026-09-21,CM,NSE,STK,14952,INE227G01018,INDOWIND,EQ,,,,,INDOWIND ENERGY LTD,9.10,9.15,8.81,8.92,9.00,8.92,,8.92,,,64785,582290.18,303,F1,1,,,,,
2026-09-21,2026-09-21,CM,NSE,STK,11262,INE203G01027,IGL,EQ,,,,,INDRAPRASTHA GAS LTD,148.56,149.42,147.80,148.85,148.93,148.56,,148.85,,,740058,110129754.75,22157,F1,1,,,,,
2026-09-21,2026-09-21,CM,NSE,STK,4751,INE681B01017,INDRAMEDCO,EQ,,,,,INDRAPRASTHA MEDICAL CORP,362.75,371.70,359.80,365.95,365.40,362.90,,365.97,,,219559,80605384.75,7427,F1,1,,,,,
2026-09-21,2026-09-21,CM,NSE,STK,23036,INE0NHL23019,INDUSINVIT,IV,,,,,INDUS INFRA TRUST,133.79,134.00,132.77,133.79,133.90,132.05,,133.79,,,138602,18514183.01,6505,F1,1,,,,,
2026-09-21,2026-09-21,CM,NSE,STK,29135,INE121J01017,INDUSTOWER,EQ,,,,,INDUS TOWERS LIMITED,376.00,380.70,374.25,377.65,377.65,375.90,,377.65,,,1695335,640673657.45,28726,F1,1,,,,,
2026-09-21,2026-09-21,CM,NSE,STK,5258,INE095A01012,INDUSINDBK,EQ,,,,,INDUSIND BANK LIMITED,961.00,966.00,956.00,956.00,956.00,966.30,,956.00,,,588104,565186758.40,21043,F1,1,,,,,
2026-09-21,2026-09-21,CM,NSE,STK,762717,INE620D01011,INDPRUD,EQ,,,,,INDUSTRIAL & PRU INV CO L,6260.00,6300.00,6260.00,6295.50,6300.00,6227.50,,6295.50,,,31,194516.00,11,F1,1,,,,,
2026-09-21,2026-09-21,CM,NSE,STK,19525,INE886A01014,IITL,EQ,,,,,INDUSTRIAL INV TRUST LTD,143.00,146.39,141.94,143.02,142.00,143.37,,143.02,,,96953,13923411.11,984,F1,1,,,,,
2026-09-21,2026-09-21,CM,NSE,STK,15036,INE0MRE01011,INFINIUM,SM,,,,,INFINIUM PHARMACHEM LTD,265.00,274.50,265.00,274.50,274.50,265.00,,274.50,,,1500,402250.00,3,F1,500,,,,,
2026-09-21,2026-09-21,CM,NSE,STK,757602,INE0MYZ01012,INFLUX,SM,,,,,INFLUX HEALTHTECH LIMITED,268.00,279.00,267.00,276.05,275.00,273.70,,276.05,,,18000,4942320.00,26,F1,600,,,,,
2026-09-21,2026-09-21,CM,NSE,STK,13751,INE663F01032,NAUKRI,EQ,,,,,INFO EDGE (I) LTD,1265.00,1305.30,1251.40,1296.40,1296.40,1251.20,,1296.43,,,1697517,2183890253.70,55689,F1,1,,,,,
2026-09-21,2026-09-21,CM,NSE,STK,11027,INE344S01016,INFOBEAN,EQ,,,,,INFOBEANS TECHNO. LTD.,151.01,154.00,151.01,152.45,151.10,151.27,,152.44,,,116567,17767810.72,2208,F1,1,,,,,
2026-09-21,2026-09-21,CM,NSE,STK,16588,INE0NNZ01013,INFOLLION,SM,,,,,INFOLLION RESEARCH SER L,159.00,159.00,153.05,153.50,153.05,156.50,,153.50,,,6000,933240.00,15,F1,400,,,,,
2026-09-21,2026-09-21,CM,NSE,STK,13693,INE669A01022,INFOMEDIA,EQ,,,,,INFOMEDIA PRESS LIMITED,5.11,5.52,5.11,5.48,5.48,5.28,,5.48,,,17981,96914.30,87,F1,1,,,,,
2026-09-21,2026-09-21,CM,NSE,STK,1594,INE009A01021,INFY,EQ,,,,,INFOSYS LIMITED,1041.50,1044.50,1030.30,1038.50,1038.50,1051.40,,1038.50,,,6074358,6299313013.00,132434,F1,1,,,,,
2026-09-21,2026-09-21,CM,NSE,STK,1597,INE177A01018,INGERRAND,EQ,,,,,INGERSOLL-RAND INDIA LTD,4155.70,4237.30,4149.60,4206.40,4200.00,4155.70,,4206.37,,,22846,95724897.50,4549,F1,1,,,,,
2026-09-21,2026-09-21,CM,NSE,STK,25323,INE0S1D01010,INNOMET,ST,,,,,INNOMET ADVANCED MATERI L,286.65,286.65,286.65,286.65,286.65,281.05,,286.65,,,14400,4127760.00,20,F1,600,,,,,
2026-09-21,2026-09-21,CM,NSE,STK,21062,INE0DUT01020,INNOVACAP,EQ,,,,,INNOVA CAPTAB LIMITED,1179.80,1228.90,1179.80,1198.30,1197.00,1179.80,,1198.28,,,109529,132253891.60,13728,F1,1,,,,,
2026-09-21,2026-09-21,CM,NSE,STK,27754,INE403Y01018,INNOVANA,EQ,,,,,INNOVANA THINKLABS LTD,304.85,309.00,298.00,304.50,298.00,303.25,,302.43,,,19663,6006183.75,431,F1,1,,,,,
2026-09-21,2026-09-21,CM,NSE,STK,761528,INE0ADB01012,INNOVISION,EQ,,,,,INNOVISION LIMITED,252.45,255.50,252.45,253.30,252.80,253.10,,253.15,,,8382,2127265.45,529,F1,1,,,,,
2026-09-21,2026-09-21,CM,NSE,STK,12188,INE510W01014,INOXGREEN,EQ,,,,,INOX GREEN ENERGY SER LTD,172.06,173.20,170.00,172.34,173.00,171.32,,172.33,,,1375416,236142648.76,9287,F1,1,,,,,
2026-09-21,2026-09-21,CM,NSE,STK,20607,INE616N01034,INOXINDIA,EQ,,,,,INOX INDIA LIMITED,2098.80,2139.00,2075.00,2089.20,2105.00,2098.80,,2089.18,,,182791,383465828.80,16638,F1,1,,,,,
2026-09-21,2026-09-21,CM,NSE,STK,7852,INE066P01011,INOXWIND,EQ,,,,,INOX WIND LIMITED,75.60,78.00,75.52,77.50,77.50,76.80,,77.46,,,11293611,869199489.66,26717,F1,1,,,,,
2026-09-21,2026-09-21,CM,NSE,STK,14657,INE070I01018,INSECTICID,EQ,,,,,INSECTICIDES (I) LTD,605.55,608.95,592.00,598.95,597.00,605.60,,598.82,,,31293,18759908.45,1634,F1,1,,,,,
2026-09-21,2026-09-21,CM,NSE,STK,761099,INE0LGX01024,INA,EQ,,,,,INSOLATION ENERGY LIMITED,93.00,93.40,90.31,90.72,90.71,91.70,,90.73,,,346998,31866984.74,3426,F1,1,,,,,
2026-09-21,2026-09-21,CM,NSE,STK,13730,INE020G01017,INSPIRISYS,EQ,,,,,INSPIRISYS SOLUTIONS LTD,85.75,87.31,85.40,87.15,87.31,83.16,,87.16,,,9461,822246.18,73,F1,1,,,,,
2026-09-21,2026-09-21,CM,NSE,STK,30323,INE418N01035,ESSENTIA,EQ,,,,,INTEGRA ESSENTIA LIMITED,1.04,1.04,1.02,1.02,1.03,1.03,,1.02,,,935528,965130.69,680,F1,1,,,,,
2026-09-21,2026-09-21,CM,NSE,STK,5926,INE306R01017,INTELLECT,EQ,,,,,INTELLECT DESIGN ARENA,651.00,668.00,642.70,659.10,660.00,647.45,,659.11,,,221574,145329761.55,12100,F1,1,,,,,
2026-09-21,2026-09-21,CM,NSE,STK,20071,INE781A01025,INTENTECH,EQ,,,,,INTENSE TECHNOLOGIES LTD,79.94,82.40,76.10,81.26,80.61,78.14,,81.27,,,29981,2398554.42,536,F1,1,,,,,
2026-09-21,2026-09-21,CM,NSE,STK,24909,INE00M901018,INTERARCH,EQ,,,,,INTERARCH BLDNG SOLTN LTD,1705.80,1718.00,1680.50,1709.40,1700.00,1705.80,,1709.38,,,32288,54897111.20,3488,F1,1,,,,,
2026-09-21,2026-09-21,CM,NSE,STK,11195,INE646L01027,INDIGO,EQ,,,,,INTERGLOBE AVIATION LTD,4925.00,5030.50,4925.00,4941.00,4941.00,4920.00,,4941.00,,,447018,2219686579.50,30774,F1,1,,,,,
2026-09-21,2026-09-21,CM,NSE,STK,22770,INE0OPC01015,INM,SM,,,,,INTERIORS & MORE LIMITED,151.15,151.15,151.00,151.05,151.00,162.90,,151.05,,,3000,453090.00,5,F1,600,,,,,
2026-09-21,2026-09-21,CM,NSE,STK,5606,INE575C01027,INTLCONV,EQ,,,,,INTL CONVEYORS LIMITED,76.40,77.18,74.55,75.35,74.60,76.60,,75.38,,,31548,2396158.70,1280,F1,1,,,,,
2026-09-21,2026-09-21,CM,NSE,STK,28378,INE0Q9301021,IGIL,EQ,,,,,INTL GEMOLOGICAL INST LTD,332.25,332.40,322.10,323.80,323.20,330.95,,323.78,,,390809,127713772.25,13573,F1,1,,,,,
2026-09-21,2026-09-21,CM,NSE,STK,18479,INE566K01011,ISFT,EQ,,,,,INTRASOFT TECH. LTD,94.10,94.10,90.50,92.09,93.00,95.16,,92.09,,,165042,15077807.49,1707,F1,1,,,,,
2026-09-21,2026-09-21,CM,NSE,STK,24870,INE878H01024,INVENTURE,EQ,,,,,INVENTURE GRO & SEC LTD,0.89,0.90,0.89,0.89,0.90,0.89,,0.89,,,490044,438604.47,376,F1,1,,,,,
2026-09-21,2026-09-21,CM,NSE,STK,28125,INE115Q01022,IKS,EQ,,,,,INVENTURUS KNOWLEDGE SO L,1780.00,1797.00,1769.70,1782.80,1781.00,1779.90,,1782.80,,,158305,282236001.60,13533,F1,1,,,,,
2026-09-21,2026-09-21,CM,NSE,STK,18292,INF205KA1BP1,IVZINGOLD,EQ,,,,,INVESCO INDIA GOLD ETF,134.25,135.65,131.95,132.05,132.10,133.75,,132.05,,,28217,3745743.80,268,F1,1,,,,,
2026-09-21,2026-09-21,CM,NSE,STK,24217,INF205KA1CC7,IVZINNIFTY,EQ,,,,,INVESCO INDIA NIFTY ETF,274.45,274.45,268.24,268.95,268.95,267.76,,268.95,,,164,44203.94,36,F1,1,,,,,
2026-09-21,2026-09-21,CM,NSE,STK,762725,INE155E01016,INVPRECQ,BE,,,,,INVESTMENT & PREC CAST L,1357.00,1370.00,1357.00,1368.00,1368.00,1357.00,,1370.10,,,1940,2653456.00,33,F1,1,,,,,
2026-09-21,2026-09-21,CM,NSE,STK,20413,INE485C01029,IOLCP,EQ,,,,,IOL CHEM AND PHARMA LTD,203.14,209.01,200.54,202.91,202.50,203.15,,202.92,,,2431309,496339372.62,24275,F1,1,,,,,
2026-09-21,2026-09-21,CM,NSE,STK,1630,INE570A01022,IONEXCHANG,EQ,,,,,ION EXCHANGE (INDIA) LTD,441.15,446.05,430.10,432.25,431.60,442.30,,432.23,,,202622,88815642.30,11653,F1,1,,,,,
2026-09-21,2026-09-21,CM,NSE,STK,764713,INE558A01019,IPRINGLTD,EQ,,,,,IP RINGS LTD.,140.00,144.14,136.00,140.42,141.00,139.95,,140.14,,,725,101418.82,101,F1,1,,,,,
2026-09-21,2026-09-21,CM,NSE,STK,1633,INE571A01038,IPCALAB,EQ,,,,,IPCA LABORATORIES LTD,2012.00,2033.90,2000.80,2008.20,2001.50,2009.60,,2008.19,,,173299,349157320.10,27134,F1,1,,,,,
2026-09-21,2026-09-21,CM,NSE,STK,15313,INE821I01022,IRB,EQ,,,,,IRB INFRA DEV LTD.,18.50,18.56,18.02,18.10,18.11,18.48,,18.10,,,17302777,315008745.91,30598,F1,1,,,,,
2026-09-21,2026-09-21,CM,NSE,STK,20817,INE183W23014,IRBINVIT,IV,,,,,IRB INVIT FUND,65.20,65.20,64.80,64.96,64.87,65.12,,64.96,,,244420,15869478.57,5527,F1,1,,,,,
2026-09-21,2026-09-21,CM,NSE,STK,4986,INE962Y01021,IRCON,EQ,,,,,IRCON INTERNATIONAL LTD,110.00,110.58,108.39,108.85,108.65,109.85,,108.85,,,1555449,169758128.07,20015,F1,1,,,,,
2026-09-21,2026-09-21,CM,NSE,STK,1391,INE202E07138,880IREDA29,N5,,,,,IREDA 8.80NCDTR I SR II B,1112.82,1112.82,1112.82,1112.82,1112.82,1117.65,,1116.91,,,1,1112.82,1,F1,1,,,,,
2026-09-21,2026-09-21,CM,NSE,STK,1393,INE202E07153,880IREDA34,N6,,,,,IREDA 8.80NCDTR I SR IIIB,1251.00,1251.00,1251.00,1251.00,1251.00,1245.00,,1246.23,,,1,1251.00,1,F1,1,,,,,
2026-09-21,2026-09-21,CM,NSE,STK,2275,INE01GN01025,IRISDOREME,EQ,,,,,IRIS CLOTHINGS LIMITED,65.39,66.72,63.15,64.81,63.15,64.58,,64.81,,,1328423,85986732.62,4810,F1,1,,,,,
2026-09-21,2026-09-21,CM,NSE,STK,6489,INE864K01010,IRIS,EQ,,,,,IRIS REGTECH SOLUTION LTD,242.45,248.65,235.91,245.37,245.80,238.09,,245.37,,,21086,5096226.99,767,F1,1,,,,,
2026-09-21,2026-09-21,CM,NSE,STK,19597,INE07U701015,IRMENERGY,EQ,,,,,IRM ENERGY LIMITED,270.15,275.20,269.10,271.75,272.00,270.20,,271.74,,,37451,10163312.50,2149,F1,1,,,,,
2026-09-21,2026-09-21,CM,NSE,STK,763789,INE413U07475,920ISF28,N0,,,,,ISF 9.20% 2028,9310.09,9700.00,9310.09,9700.00,9700.00,9500.09,,9700.00,,,50,477158.39,17,F1,1,,,,,
2026-09-21,2026-09-21,CM,NSE,STK,761208,INE413U07442,925ISF28,N0,,,,,ISF 9.25% 2028,9822.00,9822.00,9822.00,9822.00,9822.00,9812.00,,9822.00,,,6,58932.00,2,F1,1,,,,,
2026-09-21,2026-09-21,CM,NSE,STK,3329,INE858B01029,ISGEC,EQ,,,,,ISGEC HEAVY ENG LTD,785.00,858.80,772.85,852.85,853.00,786.25,,852.86,,,592841,497484264.05,35712,F1,1,,,,,
2026-09-21,2026-09-21,CM,NSE,STK,30249,INE561M01018,ISHANCH,EQ,,,,,ISHAN DYES N CHEMICALS L,51.04,52.00,48.21,49.70,50.99,51.04,,49.68,,,18167,914301.28,279,F1,1,,,,,
2026-09-21,2026-09-21,CM,NSE,STK,29251,INE379A01028,ITCHOTELS,EQ,,,,,ITC HOTELS LIMITED,157.99,160.25,155.24,155.86,156.45,158.80,,155.86,,,2084859,328361200.20,31155,F1,1,,,,,
2026-09-21,2026-09-21,CM,NSE,STK,1660,INE154A01025,ITC,EQ,,,,,ITC LTD,263.55,267.95,263.55,267.00,267.00,262.30,,267.01,,,8662786,2310792926.15,96913,F1,1,,,,,
2026-09-21,2026-09-21,CM,NSE,STK,1675,INE248A01017,ITI,EQ,,,,,ITI LTD,256.90,258.00,253.60,255.25,255.75,256.30,,255.25,,,88140,22477883.90,3128,F1,1,,,,,
2026-09-21,2026-09-21,CM,NSE,STK,764723,INE478D01014,ITL,EQ,,,,,ITL INDUSTRIES LTD.,357.00,367.00,357.00,363.90,363.90,356.85,,366.18,,,93,33750.20,11,F1,1,,,,,
2026-09-21,2026-09-21,CM,NSE,STK,759041,INE056801025,IVALUE,EQ,,,,,IVALUE INFOSOLUTIONS LTD,223.52,225.00,200.88,221.33,223.30,222.03,,221.34,,,653589,140077493.91,18669,F1,1,,,,,
2026-09-21,2026-09-21,CM,NSE,STK,8857,INE043C01018,IVP,BE,,,,,IVP LIMITED,216.90,224.15,215.50,223.66,224.15,215.04,,223.65,,,30263,6710514.57,378,F1,1,,,,,
2026-09-21,2026-09-21,CM,NSE,STK,757644,INE1AII01014,IWARE,ST,,,,,IWARE SUPPLYCHAIN SER LTD,380.00,396.45,380.00,389.00,387.00,390.60,,389.00,,,11400,4424400.00,19,F1,600,,,,,
2026-09-21,2026-09-21,CM,NSE,STK,14174,INE848A01014,IZMO,EQ,,,,,IZMO LIMITED,922.55,936.00,906.05,930.10,932.00,934.35,,930.07,,,95496,87767007.25,6944,F1,1,,,,,
2026-09-21,2026-09-21,CM,NSE,STK,5633,INE168A01041,J&KBANK,EQ,,,,,J & K BANK LTD.,146.25,146.85,143.43,145.95,145.80,146.58,,145.95,,,2978836,432557634.30,31279,F1,1,,,,,
2026-09-21,2026-09-21,CM,NSE,STK,23056,INE0MB501011,JGCHEM,EQ,,,,,J.G.CHEMICALS LIMITED,619.00,623.70,598.10,618.00,616.30,612.40,,618.14,,,273375,167556360.55,13717,F1,1,,,,,
2026-09-21,2026-09-21,CM,NSE,STK,13211,INE199G01027,JAGRAN,EQ,,,,,JAGRAN PRAKASHAN LIMITED,62.60,62.65,61.80,62.53,62.50,62.36,,62.53,,,143003,8906941.13,1674,F1,1,,,,,
2026-09-21,2026-09-21,CM,NSE,STK,4410,INE048B01035,JAGSNPHARM,EQ,,,,,JAGSONPAL PHARMACEUTICALS,230.00,231.88,226.00,226.81,227.85,228.42,,226.82,,,50279,11469924.49,1876,F1,1,,,,,
2026-09-21,2026-09-21,CM,NSE,STK,11256,INE091G01026,JAIBALAJI,EQ,,,,,JAI BALAJI INDUSTRIES LTD,62.50,64.44,62.20,63.56,63.87,64.48,,63.56,,,1218072,77107653.32,4987,F1,1,,,,,
2026-09-21,2026-09-21,CM,NSE,STK,5143,INE070D01027,JAICORPLTD,EQ,,,,,JAI CORP LIMITED,94.40,98.00,93.88,95.02,94.80,94.42,,95.02,,,438368,41946016.94,7212,F1,1,,,,,
2026-09-21,2026-09-21,CM,NSE,STK,25684,IN9175A01010,JISLDVREQS,EQ,,,,,JAIN DVR EQUITY SHARES,21.57,21.57,20.61,21.00,20.99,20.94,,21.00,,,20356,427759.17,185,F1,1,,,,,
2026-09-21,2026-09-21,CM,NSE,STK,10397,INE175A01038,JISLJALEQS,EQ,,,,,JAIN IRRIGATION SYSTEMS,30.58,31.56,29.81,30.96,30.85,30.42,,30.96,,,4549822,140583481.78,12306,F1,1,,,,,
2026-09-21,2026-09-21,CM,NSE,STK,759244,INE0YD401026,JAINREC,EQ,,,,,JAIN RESOURCE RECYCLING L,279.15,280.00,271.00,272.75,273.90,276.25,,272.75,,,816718,223445887.10,17469,F1,1,,,,,
2026-09-21,2026-09-21,CM,NSE,STK,6012,INE02KC01010,JAINAM,SM,,,,,JAINAM FER ALLOYS (I) LTD,226.80,226.80,205.25,205.25,205.25,216.00,,205.25,,,1500,329425.00,3,F1,500,,,,,
2026-09-21,2026-09-21,CM,NSE,STK,758306,INE0XIL01012,JAINIK,ST,,,,,JAINIK POWER CABLES LTD,191.15,198.00,189.05,189.05,189.05,199.00,,189.05,,,19200,3685440.00,16,F1,1200,,,,,
2026-09-21,2026-09-21,CM,NSE,STK,11763,INE351F01018,JPPOWER,EQ,,,,,JAIPRAKASH POWER VEN. LTD,16.05,17.49,16.05,16.48,16.51,15.37,,16.48,,,587859403,9902950961.17,1459379,F1,1,,,,,
2026-09-21,2026-09-21,CM,NSE,STK,20930,INE349X01015,JALAN,ST,,,,,JALAN TRANSOLU. INDIA LTD,1.65,1.70,1.65,1.65,1.65,1.70,,1.65,,,12000,19950.00,4,F1,3000,,,,,
2026-09-21,2026-09-21,CM,NSE,STK,20778,INE039C01032,JAMNAAUTO,EQ,,,,,JAMNA AUTO IND LTD,126.05,130.50,126.05,129.24,129.38,125.03,,129.24,,,1916078,246995999.16,26127,F1,1,,,,,
2026-09-21,2026-09-21,CM,NSE,STK,22663,INE953L01027,JSFB,EQ,,,,,JANA SMALL FIN BANK LTD,528.00,537.25,521.90,531.30,529.30,527.30,,531.29,,,835023,442505445.70,15358,F1,1,,,,,
2026-09-21,2026-09-21,CM,NSE,STK,759951,INE00YJ01010,JARO,EQ,,,,,JARO INS OF TEC MG N RE L,467.70,484.70,461.20,474.85,476.00,465.40,,474.84,,,123709,58142676.55,4056,F1,1,,,,,
2026-09-21,2026-09-21,CM,NSE,STK,13982,INE039O01029,JASH,EQ,,,,,JASH ENGINEERING LIMITED,551.00,596.90,541.00,575.90,580.90,521.15,,575.88,,,14684581,8529895479.70,287230,F1,1,,,,,
2026-09-21,2026-09-21,CM,NSE,STK,25037,INE0SMY01017,JAYBEE,SM,,,,,JAY BEE LAMINATIONS LTD,82.30,84.00,82.30,83.80,83.80,82.30,,83.80,,,17500,1450300.00,27,F1,500,,,,,
2026-09-21,2026-09-21,CM,NSE,STK,1708,INE571B01036,JAYBARMARU,EQ,,,,,JAY BHARAT MARUTI LTD,112.80,112.80,109.00,109.85,109.50,111.15,,109.87,,,237132,26184000.96,5394,F1,1,,,,,
2026-09-21,2026-09-21,CM,NSE,STK,10892,INE0J6801010,KORE,ST,,,,,JAY JALARAM TECHNO LTD,165.00,171.45,161.40,171.45,171.45,169.85,,171.45,,,3250,531837.50,10,F1,250,,,,,
2026-09-21,2026-09-21,CM,NSE,STK,4041,INE785A01026,JAYAGROGN,EQ,,,,,JAYANT AGRO ORGANICS LTD,228.80,235.70,224.12,235.12,235.35,227.39,,235.12,,,23470,5392059.05,801,F1,1,,,,,
2026-09-21,2026-09-21,CM,NSE,STK,2331,INE854B01010,JAYNECOIND,EQ,,,,,JAYASWAL NECO INDUSTR LTD,89.26,92.77,88.02,91.60,91.40,89.26,,91.60,,,4272968,389800414.15,19999,F1,1,,,,,
2026-09-21,2026-09-21,CM,NSE,STK,759159,INE1AE401014,JAYESH,SM,,,,,JAYESH LOGISTICS LIMITED,130.00,130.00,128.00,128.00,128.00,127.00,,128.00,,,4000,518000.00,4,F1,1000,,,,,
2026-09-21,2026-09-21,CM,NSE,STK,760073,INE903A01025,JAYKAY,EQ,,,,,JAYKAY ENTERPRISES LTD,169.69,190.76,169.68,187.56,188.98,167.18,,187.56,,,4432715,823414956.78,58709,F1,1,,,,,
2026-09-21,2026-09-21,CM,NSE,STK,1720,INE364A01020,JAYSREETEA,EQ,,,,,JAYSHREE TEA & INDUSTRIES,89.45,90.74,89.45,90.26,90.06,89.38,,90.26,,,24305,2190281.99,292,F1,1,,,,,
2026-09-21,2026-09-21,CM,NSE,STK,11655,INE927D01051,JBMA,EQ,,,,,JBM AUTO LIMITED,598.00,603.25,590.10,592.05,591.00,599.10,,592.06,,,171182,101845718.60,8984,F1,1,,,,,
2026-09-21,2026-09-21,CM,NSE,STK,758115,INE0J5801029,JSLL,EQ,,,,,JEENA SIKHO LIFECARE LTD,505.10,510.50,505.00,508.10,507.10,510.40,,508.12,,,223216,113390536.05,11525,F1,1,,,,,
2026-09-21,2026-09-21,CM,NSE,STK,764728,INE354A01013,JENBURPH,EQ,,,,,JENBURKT PHARMACEUTICAL L,983.00,999.70,959.00,979.60,984.90,979.90,,979.92,,,1336,1313680.80,135,F1,1,,,,,
2026-09-21,2026-09-21,CM,NSE,STK,7211,INE982V01025,JETFREIGHT,EQ,,,,,JET FREIGHT LOGISTICS LTD,22.44,22.65,20.55,21.47,21.84,22.14,,21.46,,,445321,9729477.15,1725,F1,1,,,,,
2026-09-21,2026-09-21,CM,NSE,STK,25147,INE0RXB01022,JEYYAM,SM,,,,,JEYYAM GLOBAL FOODS LTD,21.50,24.50,21.05,23.00,23.00,21.05,,23.00,,,130000,2975900.00,61,F1,2000,,,,,
2026-09-21,2026-09-21,CM,NSE,STK,13720,INE544H01014,JHS,EQ,,,,,JHS SVEND. LAB. LTD,8.54,8.84,8.50,8.54,8.50,8.54,,8.54,,,49785,428794.29,238,F1,1,,,,,
2026-09-21,2026-09-21,CM,NSE,STK,24145,INE03DD01011,RETAIL,EQ,,,,,JHS SVENDGAARD RETAIL V L,17.69,18.00,15.81,17.89,17.90,17.69,,17.89,,,9611,166582.32,133,F1,1,,,,,
2026-09-21,2026-09-21,CM,NSE,STK,31507,INE147P01019,JPOLYINVST,EQ,,,,,JIND POL INV & FIN CO LTD,985.90,994.40,972.30,974.75,979.00,980.75,,973.64,,,1529,1499244.30,375,F1,1,,,,,
2026-09-21,2026-09-21,CM,NSE,STK,13875,INE742C01031,JINDRILL,EQ,,,,,JINDAL DRILLING IND. LTD,597.00,597.90,572.95,576.50,578.95,594.85,,576.50,,,248501,144517091.15,9411,F1,1,,,,,
2026-09-21,2026-09-21,CM,NSE,STK,11743,INE796G01012,JINDALPHOT,EQ,,,,,JINDAL PHOTO LIMITED,1134.90,1134.90,1101.00,1111.80,1118.00,1125.60,,1111.09,,,1383,1535169.90,227,F1,1,,,,,
2026-09-21,2026-09-21,CM,NSE,STK,1756,INE197D01010,JINDALPOLY,EQ,,,,,JINDAL POLY FILMS LIMITED,730.00,767.00,726.70,741.50,744.90,718.45,,741.39,,,43706,32535370.15,2996,F1,1,,,,,
2026-09-21,2026-09-21,CM,NSE,STK,3024,INE324A01032,JINDALSAW,EQ,,,,,JINDAL SAW LIMITED,291.00,295.80,289.40,293.05,293.30,289.50,,293.04,,,1096972,321110244.25,26919,F1,1,,,,,
2026-09-21,2026-09-21,CM,NSE,STK,11236,INE220G01021,JSL,EQ,,,,,JINDAL STAINLESS LIMITED,745.00,754.35,739.50,751.45,753.50,750.95,,751.44,,,1036372,773902063.65,37003,F1,1,,,,,
2026-09-21,2026-09-21,CM,NSE,STK,6733,INE749A01030,JINDALSTEL,EQ,,,,,JINDAL STEEL LIMITED,1138.00,1143.50,1127.10,1130.60,1130.60,1119.50,,1130.61,,,708371,806364333.20,26839,F1,1,,,,,
2026-09-21,2026-09-21,CM,NSE,STK,20642,INE247D01039,JINDWORLD,EQ,,,,,JINDAL WORLDWIDE LTD,49.79,50.85,48.95,49.81,49.83,49.70,,49.81,,,4890463,244371590.95,11758,F1,1,,,,,
2026-09-21,2026-09-21,CM,NSE,STK,759205,INE1FF001016,JKIPL,EQ,,,,,JINKUSHAL INDUSTRIES LTD,97.59,103.53,97.59,101.90,100.70,98.60,,101.92,,,23622,2393912.86,379,F1,1,,,,,
2026-09-21,2026-09-21,CM,NSE,STK,18143,INE758E01017,JIOFIN,EQ,,,,,JIO FIN SERVICES LTD,230.80,231.75,229.55,229.97,229.97,229.89,,229.99,,,5862734,1353394160.83,56581,F1,1,,,,,
2026-09-21,2026-09-21,CM,NSE,STK,765307,INF22M001184,NIFTYJBLK,EQ,,,,,JIOBLACKROCKAMC-NIFTYJBLK,12.27,12.27,11.96,11.99,11.97,11.98,,11.99,,,128099,1537999.11,687,F1,1,,,,,
2026-09-21,2026-09-21,CM,NSE,STK,19691,INE863T01013,JITFINFRA,EQ,,,,,JITF INFRALOGISTICS LTD,284.00,287.45,276.35,282.25,284.70,284.75,,282.25,,,10338,2913676.35,778,F1,1,,,,,
2026-09-21,2026-09-21,CM,NSE,STK,18558,INE0N5H01017,JIWANRAM,SM,,,,,JIWANRAM SHEODUTTRA IND L,4.00,4.00,4.00,4.00,4.00,4.05,,4.00,,,6000,24000.00,1,F1,6000,,,,,
2026-09-21,2026-09-21,CM,NSE,STK,13270,INE823G01014,JKCEMENT,EQ,,,,,JK CEMENT LIMITED,5064.50,5108.00,5001.50,5087.00,5100.00,5064.50,,5086.97,,,22433,113697938.50,4740,F1,1,,,,,
2026-09-21,2026-09-21,CM,NSE,STK,13491,INE786A01032,JKLAKSHMI,EQ,,,,,JK LAKSHMI CEMENT LTD,530.85,532.85,514.15,515.75,514.15,530.20,,515.85,,,71926,37432073.10,5582,F1,1,,,,,
2026-09-21,2026-09-21,CM,NSE,STK,11860,INE789E01012,JKPAPER,EQ,,,,,JK PAPER LIMITED,432.00,432.85,422.10,422.90,423.60,430.60,,422.90,,,228863,97602425.30,8340,F1,1,,,,,
2026-09-21,2026-09-21,CM,NSE,STK,14435,INE573A01042,JKTYRE,EQ,,,,,JK TYRE & INDUSTRIES LTD,352.50,352.50,344.05,346.90,346.10,349.35,,346.92,,,404612,140399552.55,11471,F1,1,,,,,
2026-09-21,2026-09-21,CM,NSE,STK,15266,INE576I01022,JKIL,EQ,,,,,JKUMAR INFR.LTD.,480.50,488.00,477.25,479.50,478.05,486.55,,479.51,,,46135,22260841.05,2018,F1,1,,,,,
2026-09-21,2026-09-21,CM,NSE,STK,13637,INE780C01023,JMFINANCIL,EQ,,,,,JM FINANCIAL LIMITED,125.65,126.56,124.56,126.26,126.40,126.30,,126.26,,,1592218,200806606.05,17398,F1,1,,,,,
2026-09-21,2026-09-21,CM,NSE,STK,23621,INE0OAF01028,JNKINDIA,EQ,,,,,JNK INDIA LIMITED,413.90,419.15,406.05,409.00,407.40,413.90,,409.00,,,96858,39732054.50,3584,F1,1,,,,,
2026-09-21,2026-09-21,CM,NSE,STK,16927,INE839G01010,JOCIL,EQ,,,,,JOCIL LIMITED,143.00,145.95,142.72,143.28,142.72,145.95,,143.28,,,4573,654681.12,157,F1,1,,,,,
2026-09-21,2026-09-21,CM,NSE,STK,762623,INE515A01019,COCKERILL,EQ,,,,,JOHN COCKERILL INDIA LTD.,8164.00,8174.00,8023.00,8055.00,8110.00,8164.00,,8056.43,,,2331,18853287.00,628,F1,1,,,,,
2026-09-21,2026-09-21,CM,NSE,STK,758460,INE718I01012,JSWCEMENT,EQ,,,,,JSW CEMENT LIMITED,119.00,119.75,115.90,116.36,116.25,117.44,,116.36,,,3863414,454296209.43,61860,F1,1,,,,,
2026-09-21,2026-09-21,CM,NSE,STK,1467,INE133A01011,JSWDULUX,EQ,,,,,JSW DULUX LIMITED,3199.80,3205.00,3129.40,3159.50,3158.00,3188.80,,3159.39,,,10870,34220388.50,3920,F1,1,,,,,
2026-09-21,2026-09-21,CM,NSE,STK,17869,INE121E01018,JSWENERGY,EQ,,,,,JSW ENERGY LIMITED,519.00,522.15,514.55,517.00,517.00,526.00,,517.00,,,1672819,864600198.60,18952,F1,1,,,,,
2026-09-21,2026-09-21,CM,NSE,STK,11880,INE824G01012,JSWHL,EQ,,,,,JSW HOLDINGS LIMITED,11326.00,11326.00,11141.00,11205.00,11180.00,11282.00,,11205.29,,,1081,12115185.00,522,F1,1,,,,,
2026-09-21,2026-09-21,CM,NSE,STK,19020,INE880J01026,JSWINFRA,EQ,,,,,JSW INFRASTRUCTURE LTD,349.00,350.95,345.95,349.60,350.00,348.25,,349.60,,,4303920,1500989677.60,53848,F1,1,,,,,
2026-09-21,2026-09-21,CM,NSE,STK,11723,INE019A01038,JSWSTEEL,EQ,,,,,JSW STEEL LIMITED,1281.30,1287.00,1268.60,1268.60,1268.60,1275.60,,1268.62,,,942361,1200087213.70,26304,F1,1,,,,,
2026-09-21,2026-09-21,CM,NSE,STK,3237,INE643A01035,JTEKTINDIA,EQ,,,,,JTEKT INDIA LIMITED,117.98,118.00,115.00,115.37,115.20,117.77,,115.37,,,197576,22924312.32,2668,F1,1,,,,,
2026-09-21,2026-09-21,CM,NSE,STK,7287,INE391J01032,JTLIND,EQ,,,,,JTL INDUSTRIES LIMITED,87.30,91.00,87.30,88.92,88.80,87.67,,88.92,,,1807365,161175327.00,17630,F1,1,,,,,
2026-09-21,2026-09-21,CM,NSE,STK,29590,INE03CC01015,JUBLCPL,EQ,,,,,JUBILANT AGRI N CON PRO L,2036.00,2145.00,2001.00,2111.40,2120.00,2000.10,,2111.48,,,19744,41349071.20,2956,F1,1,,,,,
2026-09-21,2026-09-21,CM,NSE,STK,18096,INE797F01020,JUBLFOOD,EQ,,,,,JUBILANT FOODWORKS LTD,498.00,503.60,485.70,487.05,487.05,500.00,,487.05,,,2200207,1082043014.50,46057,F1,1,,,,,
2026-09-21,2026-09-21,CM,NSE,STK,2783,INE0BY001018,JUBLINGREA,EQ,,,,,JUBILANT INGREVIA LIMITED,624.90,631.75,614.05,627.25,630.00,624.90,,627.25,,,278328,173979603.10,16300,F1,1,,,,,
2026-09-21,2026-09-21,CM,NSE,STK,3637,INE700A01033,JUBLPHARMA,EQ,,,,,JUBILANT PHARMOVA LTD,1074.00,1091.85,1045.00,1049.25,1048.00,1065.40,,1049.26,,,304587,326688017.90,22253,F1,1,,,,,
2026-09-21,2026-09-21,CM,NSE,STK,7109,INE412C01023,JMA,EQ,,,,,JULLUNDUR MOT AGENCY LTD,91.58,91.58,85.35,88.30,88.00,90.21,,88.30,,,18388,1630865.26,402,F1,1,,,,,
2026-09-21,2026-09-21,CM,NSE,STK,764408,INE05C901015,JNPR,EQ,,,,,JUNIPER GREEN ENERGY LTD,265.15,276.45,263.00,270.90,270.90,265.15,,270.90,,,727077,197641470.15,35026,F1,1,,,,,
2026-09-21,2026-09-21,CM,NSE,STK,22824,INE696F01016,JUNIPER,EQ,,,,,JUNIPER HOTELS LIMITED,225.00,229.32,221.05,222.92,221.81,224.33,,222.94,,,164455,36891342.55,4774,F1,1,,,,,
2026-09-21,2026-09-21,CM,NSE,STK,18553,INE682M01020,JLHL,EQ,,,,,JUPITER LIFE LINE HOSP L,279.75,280.30,273.10,275.55,273.20,280.05,,275.56,,,83129,22993108.90,3958,F1,1,,,,,
2026-09-21,2026-09-21,CM,NSE,STK,20224,INE209L01016,JWL,EQ,,,,,JUPITER WAGONS LIMITED,230.00,232.90,227.50,228.06,228.50,230.13,,228.11,,,493430,113095415.02,12326,F1,1,,,,,
2026-09-21,2026-09-21,CM,NSE,STK,29962,INE599M01018,JUSTDIAL,EQ,,,,,JUSTDIAL LTD.,665.95,693.00,663.35,682.70,683.00,669.00,,682.71,,,143726,98004531.05,6984,F1,1,,,,,
2026-09-21,2026-09-21,CM,NSE,STK,15146,INE668F01031,JYOTHYLAB,EQ,,,,,JYOTHY LABS LIMITED,195.07,197.40,194.40,194.67,194.45,195.07,,194.67,,,307776,60389894.25,5738,F1,1,,,,,
2026-09-21,2026-09-21,CM,NSE,STK,21334,INE980O01024,JYOTICNC,EQ,,,,,JYOTI CNC AUTOMATION LTD,1058.20,1134.60,1057.80,1113.85,1113.00,1049.70,,1113.84,,,5723374,6339456938.65,191801,F1,1,,,,,
2026-09-21,2026-09-21,CM,NSE,STK,764733,INE577D01013,JYOTIRES,EQ,,,,,JYOTI RESINS & ADHESIVE L,844.50,845.00,835.20,842.45,840.30,841.00,,841.82,,,3142,2637797.20,469,F1,1,,,,,
2026-09-21,2026-09-21,CM,NSE,STK,1802,INE197A01024,JYOTISTRUC,EQ,,,,,JYOTI STRUCTURES LTD,9.22,9.30,9.02,9.08,9.10,9.29,,9.08,,,2712203,24841498.66,3411,F1,1,,,,,
2026-09-21,2026-09-21,CM,NSE,STK,764743,INE533C01018,KJMCFIN,EQ,,,,,K J M C FINANCIAL SERV L,63.20,65.00,60.58,64.97,64.98,63.20,,64.97,,,935,59867.59,22,F1,1,,,,,
2026-09-21,2026-09-21,CM,NSE,STK,764748,INE879K01018,KMCSHIL,EQ,,,,,K M C SPECIALITY HOSP I L,155.00,163.25,152.72,160.45,160.80,150.26,,160.45,,,1236500,197758480.89,20090,F1,1,,,,,
2026-09-21,2026-09-21,CM,NSE,STK,14667,INE157H01023,KMSUGAR,EQ,,,,,K M SUGAR MILLS LTD,28.86,29.38,26.84,28.69,28.94,28.62,,28.69,,,150001,4277695.60,1129,F1,1,,,,,
2026-09-21,2026-09-21,CM,NSE,STK,27079,INE127T01021,KPEL,EQ,,,,,K.P. ENERGY LIMITED,216.88,234.90,216.81,232.32,232.55,216.88,,232.32,,,1006990,231354727.40,21180,F1,1,,,,,
2026-09-21,2026-09-21,CM,NSE,STK,23459,INE0DEZ01013,K2INFRA,SM,,,,,K2 INFRAGEN LIMITED,44.50,44.50,43.70,43.85,43.70,43.30,,43.85,,,9000,397320.00,12,F1,600,,,,,
2026-09-21,2026-09-21,CM,NSE,STK,1805,INE900B01029,KABRAEXTRU,EQ,,,,,KABRA EXTRUSION TECHNIK L,674.25,691.80,655.20,676.10,674.00,681.60,,676.11,,,165822,111841808.95,6917,F1,1,,,,,
2026-09-21,2026-09-21,CM,NSE,STK,29192,INE0XOW01017,KKJEWELS,SM,,,,,KABRA JEWELS LIMITED,98.00,99.95,97.05,98.60,98.00,101.50,,98.60,,,64000,6300350.00,27,F1,1000,,,,,
2026-09-21,2026-09-21,CM,NSE,STK,1808,INE217B01036,KAJARIACER,EQ,,,,,KAJARIA CERAMICS LTD,1196.50,1205.90,1190.10,1200.50,1200.40,1202.70,,1200.38,,,96077,115226601.90,9140,F1,1,,,,,
2026-09-21,2026-09-21,CM,NSE,STK,1811,INE437B01014,KAKATCEM,EQ,,,,,KAKATIYA CEM SUGAR &IND L,106.60,109.00,104.21,108.85,108.90,107.33,,108.84,,,2724,291348.14,164,F1,1,,,,,
2026-09-21,2026-09-21,CM,NSE,STK,25443,INE0T0L01014,KALANA,SM,,,,,KALANA ISPAT LIMITED,19.35,19.35,19.10,19.10,19.10,18.50,,19.10,,,4000,76900.00,2,F1,2000,,,,,
2026-09-21,2026-09-21,CM,NSE,STK,758558,INE227J01012,KALPATARU,EQ,,,,,KALPATARU LIMITED,274.00,276.95,268.00,269.90,270.70,274.45,,269.90,,,42859,11678275.05,1132,F1,1,,,,,
2026-09-21,2026-09-21,CM,NSE,STK,1814,INE220B01022,KPIL,EQ,,,,,KALPATARU PROJECT INT LTD,1445.50,1460.60,1435.00,1439.10,1440.00,1445.50,,1439.11,,,270284,389906825.60,19228,F1,1,,,,,
2026-09-21,2026-09-21,CM,NSE,STK,2955,INE303R01014,KALYANKJIL,EQ,,,,,KALYAN JEWELLERS IND LTD,587.00,588.95,579.10,581.50,581.50,581.85,,581.57,,,4439649,2586945470.65,42380,F1,1,,,,,
2026-09-21,2026-09-21,CM,NSE,STK,15160,INE314G01014,KALYANIFRG,BE,,,,,KALYANI FORGE LIMITED,966.00,981.40,930.30,941.85,946.00,975.25,,942.57,,,2521,2374531.50,174,F1,1,,,,,
2026-09-21,2026-09-21,CM,NSE,STK,21119,INE029L01018,KICL,EQ,,,,,KALYANI INVEST CO LTD,4959.00,5017.50,4910.00,4954.00,4916.50,5009.50,,4950.37,,,632,3133973.00,190,F1,1,,,,,
2026-09-21,2026-09-21,CM,NSE,STK,18889,INE907A01026,KSL,EQ,,,,,KALYANI STEELS LIMITED,955.05,976.80,935.40,944.45,945.00,955.05,,944.45,,,60394,57391489.30,4798,F1,1,,,,,
2026-09-21,2026-09-21,CM,NSE,STK,762732,INE411F01010,KAMAHOLD,EQ,,,,,KAMA HOLDINGS LTD.,2249.90,2250.00,2241.00,2250.00,2250.00,2249.90,,2250.02,,,2972,6684022.60,339,F1,1,,,,,
2026-09-21,2026-09-21,CM,NSE,STK,764738,INE344D01018,KAMANWALA,EQ,,,,,KAMANWALA HOUSING CONST L,16.43,17.50,16.43,17.40,17.40,16.51,,17.40,,,1743,29581.88,15,F1,1,,,,,
2026-09-21,2026-09-21,CM,NSE,STK,1826,INE967C01018,KAMATHOTEL,EQ,,,,,KAMAT HOTELS (I) LTD,229.50,237.65,229.50,236.44,236.90,229.30,,236.44,,,97551,22956428.78,3203,F1,1,,,,,
2026-09-21,2026-09-21,CM,NSE,STK,13457,INE390H01020,KAMDHENU,EQ,,,,,KAMDHENU LIMITED,41.00,43.25,40.05,42.48,42.79,41.05,,42.47,,,3044269,129142253.34,9641,F1,1,,,,,
2026-09-21,2026-09-21,CM,NSE,STK,13814,INE0BTI01037,KAMOPAINTS,EQ,,,,,KAMDHENU VENTURES LIMITED,4.48,4.50,4.30,4.34,4.32,4.39,,4.34,,,250874,1093102.46,745,F1,1,,,,,
2026-09-21,2026-09-21,CM,NSE,STK,25786,INE879E01037,KANANIIND,EQ,,,,,KANANI INDUSTRIES LTD,1.42,1.44,1.40,1.42,1.43,1.42,,1.42,,,137903,195536.71,229,F1,1,,,,,
2026-09-21,2026-09-21,CM,NSE,STK,762737,INE081G01019,KANCHI,EQ,,,,,KANCHI KARPOORAM LTD.,380.05,393.00,380.00,384.95,388.80,386.65,,386.59,,,1378,527718.40,108,F1,1,,,,,
2026-09-21,2026-09-21,CM,NSE,STK,765090,INE398L01017,KANCOTEA,EQ,,,,,KANCO TEA & INDS. LTD.,55.00,55.00,52.50,54.59,54.59,55.62,,52.36,,,82,4430.28,6,F1,1,,,,,
2026-09-21,2026-09-21,CM,NSE,STK,11208,INE0MOT01016,KANDARP,SM,,,,,KANDARP DG SMART BPO LTD,73.90,73.90,73.90,73.90,73.90,71.05,,73.90,,,1000,73900.00,1,F1,1000,,,,,
2026-09-21,2026-09-21,CM,NSE,STK,766021,INE877D01025,KANOHAR,EQ,,,,,KANOHAR ELECTRICALS LTD,784.05,881.80,763.00,866.95,873.00,786.80,,867.11,,,11408025,9524539424.00,320254,F1,1,,,,,
2026-09-21,2026-09-21,CM,NSE,STK,9805,INE138C01024,KANORICHEM,BE,,,,,KANORIACHEMICALS-,183.00,188.00,176.05,180.03,180.00,184.11,,180.09,,,47044,8469823.09,466,F1,1,,,,,
2026-09-21,2026-09-21,CM,NSE,STK,1782,INE694E01014,KANPRPLA,EQ,,,,,KANPUR PLASTIPACK LIMITED,243.00,259.80,238.70,254.80,256.05,246.10,,254.66,,,23278,5833142.50,996,F1,1,,,,,
2026-09-21,2026-09-21,CM,NSE,STK,1196,INE531A01024,KANSAINER,EQ,,,,,KANSAI NEROLAC PAINTS LTD,183.96,183.96,181.78,182.27,181.79,183.96,,182.27,,,104622,19121312.54,2997,F1,1,,,,,
2026-09-21,2026-09-21,CM,NSE,STK,18967,INE542Z01028,KAPSTON,EQ,,,,,KAPSTON SERVICES LIMITED,584.30,584.30,575.00,577.95,578.90,584.30,,577.95,,,30688,17762913.50,1741,F1,1,,,,,
2026-09-21,2026-09-21,CM,NSE,STK,766056,INE590T01012,KARAMTARA,EQ,,,,,KARAMTARA ENGINEERING L,350.00,373.80,338.65,356.95,360.00,355.55,,356.96,,,9825881,3540235087.30,135408,F1,1,,,,,
2026-09-21,2026-09-21,CM,NSE,STK,24385,INE725L01011,KARMAENG,EQ,,,,,KARMA ENERGY LIMITED,42.70,42.70,40.14,41.02,40.67,41.27,,41.03,,,3351,139265.32,146,F1,1,,,,,
2026-09-21,2026-09-21,CM,NSE,STK,8054,INE614B01018,KTKBANK,EQ,,,,,KARNATAKA BANK LIMITED,313.80,316.00,311.15,314.55,314.80,313.80,,314.55,,,1337604,419574257.60,20735,F1,1,,,,,
2026-09-21,2026-09-21,CM,NSE,STK,19465,INE0MGA01012,KARNIKA,SM,,,,,KARNIKA INDUSTRIES LTD,118.00,120.00,116.05,117.00,117.00,120.00,,117.00,,,49000,5781750.00,32,F1,1000,,,,,
2026-09-21,2026-09-21,CM,NSE,STK,1838,INE036D01028,KARURVYSYA,EQ,,,,,KARUR VYSYA BANK LTD,333.65,336.00,322.65,326.15,326.40,332.15,,326.17,,,1986921,646633059.75,31999,F1,1,,,,,
2026-09-21,2026-09-21,CM,NSE,STK,24528,INE0SVY01018,KATARIA,SM,,,,,KATARIA INDUSTRIES LTD,149.00,151.50,145.00,146.00,146.00,148.85,,146.00,,,28200,4204170.00,32,F1,600,,,,,
2026-09-21,2026-09-21,CM,NSE,STK,15140,INE234I01028,KAUSHALYA,BE,,,,,KAUSHALYA INFRA DEV LTD.,833.00,860.00,821.00,854.00,860.00,833.10,,854.00,,,193,161116.75,22,F1,1,,,,,
2026-09-21,2026-09-21,CM,NSE,STK,21186,INE0Q2V01012,KLL,SM,,,,,KAUSHALYA LOGISTICS LTD,33.95,38.85,30.10,36.80,37.00,32.40,,36.80,,,335200,12448640.00,333,F1,800,,,,,
2026-09-21,2026-09-21,CM,NSE,STK,14972,INE455I01029,KSCL,EQ,,,,,KAVERI SEED CO. LTD.,698.75,714.85,694.90,710.65,710.10,696.35,,710.67,,,62802,44498072.80,3283,F1,1,,,,,
2026-09-21,2026-09-21,CM,NSE,STK,15248,INE641C01019,KAVDEFENCE,BE,,,,,KAVVERI DFS & WIR TEC LTD,71.97,76.30,71.89,75.91,75.50,72.71,,75.87,,,359357,27026885.36,1506,F1,1,,,,,
2026-09-21,2026-09-21,CM,NSE,STK,21173,INE0RCG01017,KCEIL,SM,,,,,KAY CEE ENERGY & INFRA L,77.85,88.85,77.85,79.90,80.00,74.30,,79.90,,,37000,3014200.00,67,F1,500,,,,,
2026-09-21,2026-09-21,CM,NSE,STK,10282,INE587G01015,KAYA,BE,,,,,KAYA LIMITED,350.00,350.00,330.70,332.90,342.80,341.00,,332.90,,,3244,1096994.95,130,F1,1,,,,,
2026-09-21,2026-09-21,CM,NSE,STK,12092,INE918Z01012,KAYNES,EQ,,,,,KAYNES TECHNOLOGY IND LTD,3549.00,3674.00,3507.70,3650.00,3650.00,3515.00,,3650.00,,,1131072,4054800596.00,71658,F1,1,,,,,
2026-09-21,2026-09-21,CM,NSE,STK,758868,INE13ZD01013,KAYTEX,SM,,,,,KAYTEX FABRICS LIMITED,55.30,57.80,55.30,57.70,57.80,56.70,,57.70,,,4000,228960.00,5,F1,800,,,,,
2026-09-21,2026-09-21,CM,NSE,STK,10296,INE0J1E01027,KCK,ST,,,,,KCK INDUSTRIES LTD,14.00,14.40,13.80,14.00,14.00,14.50,,14.00,,,165000,2317750.00,38,F1,2500,,,,,
2026-09-21,2026-09-21,CM,NSE,STK,1841,INE805C01028,KCP,EQ,,,,,KCP LTD,161.85,162.56,157.90,159.42,159.21,161.95,,159.42,,,158936,25402362.44,2279,F1,1,,,,,
2026-09-21,2026-09-21,CM,NSE,STK,8849,INE790B01024,KCPSUGIND,BE,,,,,KCPSUGARINDUS,28.50,29.59,28.50,28.69,29.00,29.30,,28.71,,,59660,1740790.88,233,F1,1,,,,,
2026-09-21,2026-09-21,CM,NSE,STK,765105,INE348N01042,KDGREEN,EQ,,,,,KD GREEN INDUSTRIES LTD,49.52,54.28,48.61,51.41,51.94,49.35,,51.40,,,113250,5911657.70,527,F1,1,,,,,
2026-09-21,2026-09-21,CM,NSE,STK,14908,INE291D01011,KDDL,EQ,,,,,KDDL LIMITED,3858.40,4045.00,3822.60,4006.80,4045.00,3858.40,,4006.73,,,64856,256884950.50,7202,F1,1,,,,,
2026-09-21,2026-09-21,CM,NSE,STK,13260,INE389H01022,KEC,EQ,,,,,KEC INTL. LIMITED,406.20,407.30,402.00,403.30,404.00,404.25,,403.30,,,321934,130130888.50,10531,F1,1,,,,,
2026-09-21,2026-09-21,CM,NSE,STK,13310,INE878B01027,KEI,EQ,,,,,KEI INDUSTRIES LTD.,4619.50,4630.00,4586.50,4596.00,4596.00,4650.00,,4596.04,,,221739,1021670342.50,25456,F1,1,,,,,
2026-09-21,2026-09-21,CM,NSE,STK,13430,INE164B01030,KELLTONTEC,EQ,,,,,KELLTON TECH SOL LTD,13.65,13.89,13.61,13.69,13.69,13.61,,13.69,,,1386412,19023605.02,3207,F1,1,,,,,
2026-09-21,2026-09-21,CM,NSE,STK,29547,INE15DO01012,KEN,SM,,,,,KEN ENTERPRISES LIMITED,45.85,46.95,44.00,44.15,44.15,43.95,,44.15,,,15600,705960.00,13,F1,1200,,,,,
2026-09-21,2026-09-21,CM,NSE,STK,11841,INE717A01029,KENNAMET,EQ,,,,,KENNAMETAL INDIA LIMITED,4285.00,4385.00,4274.20,4348.30,4353.00,4281.50,,4348.02,,,18761,81264731.60,4476,F1,1,,,,,
2026-09-21,2026-09-21,CM,NSE,STK,13121,INE202H01019,KERNEX,EQ,,,,,KERNEX MICROSYS(I) LTD,1745.00,1796.00,1725.00,1779.70,1772.00,1732.50,,1779.75,,,168299,296169547.40,14403,F1,1,,,,,
2026-09-21,2026-09-21,CM,NSE,STK,4981,INE087A01019,KESORAMIND,BE,,,,,KESORAM INDUSTRIES LTD,11.99,11.99,11.43,11.66,11.67,11.94,,11.65,,,378037,4425135.29,627,F1,1,,,,,
2026-09-21,2026-09-21,CM,NSE,STK,13381,INE401H01017,KKCL,EQ,,,,,KEWAL KIRAN CLOTHING LTD,487.20,490.45,485.00,486.00,485.25,485.60,,485.99,,,12670,6162567.05,696,F1,1,,,,,
2026-09-21,2026-09-21,CM,NSE,STK,4157,INE681C01015,KEYFINSERV,EQ,,,,,KEYNOTE FIN SERV LTD.,240.30,253.95,240.30,241.45,241.55,245.95,,241.45,,,1436,346914.20,58,F1,1,,,,,
2026-09-21,2026-09-21,CM,NSE,STK,12219,INE263M01029,RUSTOMJEE,EQ,,,,,KEYSTONE REALTORS LIMITED,353.80,359.80,348.45,354.45,358.00,353.75,,354.53,,,25052,8823460.05,1535,F1,1,,,,,
2026-09-21,2026-09-21,CM,NSE,STK,13359,INE138Y01010,KFINTECH,EQ,,,,,KFIN TECHNOLOGIES LIMITED,915.00,917.85,892.20,896.70,896.70,930.00,,896.71,,,586492,529267662.20,24158,F1,1,,,,,
2026-09-21,2026-09-21,CM,NSE,STK,433,INE834I01025,KHADIM,BE,,,,,KHADIM INDIA LIMITED,128.35,128.35,128.00,128.00,128.00,125.84,,128.00,,,16792,2153320.00,74,F1,1,,,,,
2026-09-21,2026-09-21,CM,NSE,STK,3912,INE731C01018,KHAITANLTD,EQ,,,,,KHAITAN (INDIA)LTD.,158.50,158.50,148.00,149.65,152.20,152.13,,149.65,,,1645,248034.69,63,F1,1,,,,,
2026-09-21,2026-09-21,CM,NSE,STK,896,INE745B01028,KHAICHEM,EQ,,,,,KHAITAN CHEM & FERT LTD,50.47,50.66,49.20,49.55,49.90,49.94,,49.55,,,179886,8965930.33,1997,F1,1,,,,,
2026-09-21,2026-09-21,CM,NSE,STK,9641,INE060B01014,KHANDSE,EQ,,,,,KHANDWALA SECURITIES LTD,17.50,17.82,16.59,17.15,17.29,18.09,,17.17,,,5959,101936.68,188,F1,1,,,,,
2026-09-21,2026-09-21,CM,NSE,STK,9570,INE00UG01014,KHFM,SM,,,,,KHFM HOS FAC MANA SER LTD,40.15,41.50,40.00,40.45,41.50,43.00,,40.45,,,6200,250712.50,4,F1,1550,,,,,
2026-09-21,2026-09-21,CM,NSE,STK,762747,INE338F01015,KLBRENG-B,EQ,,,,,KILBURN ENGINEERING LTD.,471.45,475.00,456.50,460.00,465.40,471.00,,460.04,,,352527,163330437.50,7602,F1,1,,,,,
2026-09-21,2026-09-21,CM,NSE,STK,19941,INE729D01010,KILITCH,BE,,,,,KILITCH DRUGS INDIA LTD,194.00,201.02,191.80,201.02,201.02,191.45,,202.10,,,46481,9200608.36,422,F1,1,,,,,
2026-09-21,2026-09-21,CM,NSE,STK,18944,INE473D01015,KINGFA,EQ,,,,,KINGFA SCI & TEC IND LTD.,5820.00,6097.50,5746.50,6062.00,6059.00,5828.00,,6061.86,,,19618,116656422.50,6720,F1,1,,,,,
2026-09-21,2026-09-21,CM,NSE,STK,19126,INE880L01014,KIOCL,EQ,,,,,KIOCL LIMITED,342.35,343.20,339.00,341.00,340.85,340.65,,341.00,,,33595,11466535.80,1851,F1,1,,,,,
2026-09-21,2026-09-21,CM,NSE,STK,762742,INE555P01013,KIRANVYPAR,EQ,,,,,KIRAN VYAPAR LTD.,209.80,211.50,207.00,207.89,209.95,207.34,,207.89,,,12755,2674716.06,108,F1,1,,,,,
2026-09-21,2026-09-21,CM,NSE,STK,16639,INE415I01015,KIRIINDUS,EQ,,,,,KIRI INDUSTRIES LIMITED,533.75,557.40,530.05,537.50,538.50,531.75,,537.49,,,558634,304163190.90,14719,F1,1,,,,,
2026-09-21,2026-09-21,CM,NSE,STK,18581,INE732A01036,KIRLOSBROS,EQ,,,,,KIRLOSKAR BROTHERS LTD,1811.90,1827.30,1790.40,1797.00,1799.00,1811.40,,1796.75,,,17281,31236638.90,5089,F1,1,,,,,
2026-09-21,2026-09-21,CM,NSE,STK,18220,INE134B01017,KECL,EQ,,,,,KIRLOSKAR ELECTRIC CO LTD,121.16,123.18,117.91,118.43,118.80,122.78,,118.44,,,77327,9279938.79,1871,F1,1,,,,,
2026-09-21,2026-09-21,CM,NSE,STK,14466,INE884B01025,KIRLFER,EQ,,,,,KIRLOSKAR FERROUS IND LTD,479.25,487.00,470.35,480.50,480.00,480.65,,480.50,,,174585,84077608.20,9160,F1,1,,,,,
2026-09-21,2026-09-21,CM,NSE,STK,19025,INE250A01039,KIRLOSIND,EQ,,,,,KIRLOSKAR INDUSTRIES LTD,3701.10,3769.10,3655.00,3722.20,3743.00,3699.80,,3722.09,,,7613,28224481.00,1588,F1,1,,,,,
2026-09-21,2026-09-21,CM,NSE,STK,20936,INE146L01010,KIRLOSENG,EQ,,,,,KIRLOSKAR OIL ENG LTD,2160.10,2182.90,2122.10,2132.40,2131.60,2160.10,,2132.39,,,328154,703216913.80,27136,F1,1,,,,,
2026-09-21,2026-09-21,CM,NSE,STK,15180,INE811A01038,KIRLPNU,EQ,,,,,KIRLOSKAR PNEUMATIC COM L,695.00,726.00,683.00,714.45,710.00,698.65,,714.50,,,206889,148343879.95,17565,F1,1,,,,,
2026-09-21,2026-09-21,CM,NSE,STK,28899,INE602G01020,KITEX,EQ,,,,,KITEX GARMENTS LTD,118.50,119.50,116.00,116.12,116.04,119.50,,116.12,,,383610,44923692.43,4713,F1,1,,,,,
2026-09-21,2026-09-21,CM,NSE,STK,17781,INE239T01016,KKVAPOW,SM,,,,,KKV AGRO POWERS LTD.,355.00,355.00,355.00,355.00,355.00,364.00,,355.00,,,684,242820.00,1,F1,171,,,,,
2026-09-21,2026-09-21,CM,NSE,STK,760923,INE0KNW01016,KNAGRI,EQ,,,,,KN AGRI RESOURCES LIMITED,198.50,207.90,198.00,202.63,206.00,196.06,,202.63,,,9916,2015352.85,264,F1,1,,,,,
2026-09-21,2026-09-21,CM,NSE,STK,763839,INE17QZ01016,KNACK,EQ,,,,,KNACK PACKAGING LIMITED,182.74,186.74,182.00,182.66,182.35,182.60,,182.66,,,756687,138663361.35,4414,F1,1,,,,,
2026-09-21,2026-09-21,CM,NSE,STK,27084,INE0CJD01029,KMEW,EQ,,,,,KNOWLEDGE MARINE & EN W L,2990.00,3038.00,2841.10,2878.90,2875.00,2885.60,,2878.77,,,185363,542543732.10,27411,F1,1,,,,,
2026-09-21,2026-09-21,CM,NSE,STK,758431,INE1JAR25012,KRT,RR,,,,,KNOWLEDGE REALTY TRUST,113.99,113.99,113.43,113.71,113.65,113.61,,113.71,,,928267,105503231.81,3278,F1,1,,,,,
2026-09-21,2026-09-21,CM,NSE,STK,15283,INE634I01029,KNRCON,EQ,,,,,KNR CONSTRU LTD.,124.00,126.99,121.76,121.93,122.00,124.80,,121.93,,,1476166,182585221.70,15821,F1,1,,,,,
2026-09-21,2026-09-21,CM,NSE,STK,18754,INE0Q7P01013,KODYTECH,ST,,,,,KODY TECHNOLAB LIMITED,1516.80,1527.00,1510.00,1516.05,1513.00,1516.80,,1516.05,,,4500,6840305.00,30,F1,100,,,,,
2026-09-21,2026-09-21,CM,NSE,STK,3009,INE080B01012,KOHINOOR,EQ,,,,,KOHINOOR FOODS LIMITED,30.90,31.54,30.55,30.76,30.63,30.55,,30.70,,,69856,2166267.02,1999,F1,1,,,,,
2026-09-21,2026-09-21,CM,NSE,STK,16827,INE760A01029,KOKUYOCMLN,EQ,,,,,KOKUYO CAMLIN LIMITED,78.99,78.99,76.00,76.25,76.18,77.79,,76.25,,,19586,1506786.67,373,F1,1,,,,,
2026-09-21,2026-09-21,CM,NSE,STK,15124,INE094I01018,KOLTEPATIL,EQ,,,,,KOLTE PATIL DEV. LTD.,430.00,432.80,414.00,426.40,426.00,431.75,,426.40,,,78892,33512883.65,3539,F1,1,,,,,
2026-09-21,2026-09-21,CM,NSE,STK,22475,INE0QEI01011,KONSTELEC,ST,,,,,KONSTELEC ENGINEERS LTD,60.85,60.85,59.55,60.80,60.80,59.05,,60.80,,,10000,605450.00,9,F1,1000,,,,,
2026-09-21,2026-09-21,CM,NSE,STK,19287,INE0KZ301010,KONTOR,SM,,,,,KONTOR SPACE LIMITED,53.40,54.80,52.50,53.85,54.80,54.25,,53.85,,,7200,381690.00,11,F1,600,,,,,
2026-09-21,2026-09-21,CM,NSE,STK,1919,INE082A01010,KOPRAN,EQ,,,,,KOPRAN LTD,279.50,286.53,275.89,282.98,281.80,277.60,,282.98,,,1273097,359184047.39,25733,F1,1,,,,,
2026-09-21,2026-09-21,CM,NSE,STK,16758,INE0O4R01018,KDL,SM,,,,,KORE DIGITAL LIMITED,70.90,70.90,70.90,70.90,70.90,78.75,,70.90,,,12300,872070.00,56,F1,150,,,,,
2026-09-21,2026-09-21,CM,NSE,STK,14858,INF174KA1HJ8,GOLD1,EQ,,,,,KOTAK GOLD ETF,127.68,127.86,126.45,126.65,126.83,127.68,,126.65,,,1133879,143793487.19,9873,F1,1,,,,,
2026-09-21,2026-09-21,CM,NSE,STK,1922,INE237A01036,KOTAKBANK,EQ,,,,,KOTAK MAHINDRA BANK LTD,415.20,420.60,414.55,414.80,414.80,412.50,,414.80,,,8470861,3538456322.20,108147,F1,1,,,,,
2026-09-21,2026-09-21,CM,NSE,STK,18102,INF174K014P6,NIFTY1,EQ,,,,,KOTAK NIFTY ETF,266.16,266.16,259.29,260.41,260.01,259.67,,260.43,,,97523,25376373.98,2245,F1,1,,,,,
2026-09-21,2026-09-21,CM,NSE,STK,15061,INF174KA1A86,PSUBANK,EQ,,,,,KOTAK PSU BANK,83.21,83.31,82.80,83.07,82.80,83.00,,83.06,,,89624,7448179.28,453,F1,1,,,,,
2026-09-21,2026-09-21,CM,NSE,STK,759885,INF174KA1XV0,CHEMICAL,EQ,,,,,KOTAKMAMC - CHEMICAL,29.44,29.79,29.28,29.39,29.39,29.43,,29.39,,,198730,5847034.56,944,F1,1,,,,,
2026-09-21,2026-09-21,CM,NSE,STK,7412,INF174KA1IA5,ALPHA,EQ,,,,,KOTAKMAMC - KOTAKALPHA,53.72,53.94,53.40,53.60,53.62,53.72,,53.60,,,802826,43018419.15,3040,F1,1,,,,,
2026-09-21,2026-09-21,CM,NSE,STK,10512,INF174KA1ZF8,CONS,EQ,,,,,KOTAKMAMC - KOTAKCONS,11.93,11.93,11.82,11.91,11.91,11.88,,11.91,,,363516,4310958.55,151,F1,1,,,,,
2026-09-21,2026-09-21,CM,NSE,STK,2627,INF174KA1GC5,IT,EQ,,,,,KOTAKMAMC - KOTAKIT,31.14,32.94,31.14,32.14,32.15,31.94,,32.14,,,196482,6279464.73,1025,F1,1,,,,,
2026-09-21,2026-09-21,CM,NSE,STK,13950,INF174KA1LV5,LIQUID1,EQ,,,,,KOTAKMAMC - KOTAKLIQ,1123.38,1123.53,1123.30,1123.51,1123.52,1123.38,,1123.51,,,944633,1061314257.09,555,F1,1,,,,,
2026-09-21,2026-09-21,CM,NSE,STK,8632,INF174KA1IY5,LOWVOL1,EQ,,,,,KOTAKMAMC - KOTAKLOVOL,19.86,20.57,19.86,20.48,20.41,20.37,,20.48,,,732784,15025938.61,14063,F1,1,,,,,
2026-09-21,2026-09-21,CM,NSE,STK,8077,INF174KA1ZC5,MIDCAP,EQ,,,,,KOTAKMAMC - KOTAKMID50,17.83,18.32,17.83,18.26,18.25,18.29,,18.26,,,259071,4734439.89,947,F1,1,,,,,
2026-09-21,2026-09-21,CM,NSE,STK,10676,INF174KA1JF2,MNC,EQ,,,,,KOTAKMAMC - KOTAKMNC,32.50,32.79,32.28,32.58,32.62,32.69,,32.58,,,23255,758320.41,413,F1,1,,,,,
2026-09-21,2026-09-21,CM,NSE,STK,13082,INF174KA1ZD3,SILVER1,EQ,,,,,KOTAKMAMC - KOTAKSILVE,22.79,22.79,22.46,22.54,22.57,22.79,,22.54,,,8541439,192653853.00,7650,F1,1,,,,,
2026-09-21,2026-09-21,CM,NSE,STK,11457,INF174KA1ZE1,NV20,EQ,,,,,KOTAKMAMC - KTKNV20ETF,13.24,13.78,13.24,13.57,13.60,13.58,,13.57,,,85835,1161738.80,384,F1,1,,,,,
2026-09-21,2026-09-21,CM,NSE,STK,30469,INF174KA1VW2,MID150,EQ,,,,,KOTAKMAMC - MID150,23.18,23.31,23.14,23.20,23.17,23.18,,23.20,,,32686,758703.10,198,F1,1,,,,,
2026-09-21,2026-09-21,CM,NSE,STK,759488,INF174KA1XS6,MOMENTUM30,EQ,,,,,KOTAKMAMC - MOMENTUM30,29.89,30.95,29.89,30.30,30.48,30.50,,30.30,,,13079,397291.81,90,F1,1,,,,,
2026-09-21,2026-09-21,CM,NSE,STK,29758,INF174KA1VD2,MSCIINDIA,EQ,,,,,KOTAKMAMC - MSCIINDIA,28.53,29.31,28.53,29.22,29.21,29.27,,29.22,,,7564,220298.26,86,F1,1,,,,,
2026-09-21,2026-09-21,CM,NSE,STK,760709,INF174KA1YO3,NEXT50ETF,EQ,,,,,KOTAKMAMC - NEXT50ETF,72.49,73.00,72.49,72.89,72.80,72.85,,72.89,,,4590,334487.68,104,F1,1,,,,,
2026-09-21,2026-09-21,CM,NSE,STK,29944,INF174KA1UW4,NIFTY100EW,EQ,,,,,KOTAKMAMC - NIFTY100EW,33.45,35.37,33.45,34.36,34.25,34.31,,34.36,,,49706,1715347.07,270,F1,1,,,,,
2026-09-21,2026-09-21,CM,NSE,STK,764195,INF174KA1A94,PVTBANK,EQ,,,,,KOTAKMAMC - PVTBANK,27.41,27.61,27.40,27.54,27.61,27.32,,27.54,,,5671,155758.52,20,F1,1,,,,,
2026-09-21,2026-09-21,CM,NSE,STK,757946,INF174KA1WT6,QUALITY30,EQ,,,,,KOTAKMAMC - QUALITY30,19.92,20.15,19.92,20.14,20.15,19.92,,20.14,,,9283,185867.16,39,F1,1,,,,,
2026-09-21,2026-09-21,CM,NSE,STK,5851,INF174KA1ZB7,BANKNIFTY1,EQ,,,,,KOTAKMAMC-KOTAKBKETF,60.00,60.00,58.46,58.61,58.50,58.54,,58.61,,,153870,9022593.07,1298,F1,1,,,,,
2026-09-21,2026-09-21,CM,NSE,STK,762752,INE972A01020,KOTIC,EQ,,,,,KOTHARI INDUSTRIAL CORP L,145.00,154.85,142.35,145.25,145.00,144.41,,145.23,,,73582,10939252.16,1454,F1,1,,,,,
2026-09-21,2026-09-21,CM,NSE,STK,4594,INE720A01015,KOTHARIPET,EQ,,,,,KOTHARI PETROCHEM LTD,136.47,138.00,135.42,136.05,136.04,136.47,,136.05,,,40964,5608676.17,949,F1,1,,,,,
2026-09-21,2026-09-21,CM,NSE,STK,5528,INE823A01017,KOTHARIPRO,EQ,,,,,KOTHARI PRODUCTS LTD,63.12,64.50,63.11,63.23,63.20,63.11,,63.55,,,2075,131824.50,69,F1,1,,,,,
2026-09-21,2026-09-21,CM,NSE,STK,11648,INE419A01022,KOTARISUG,BE,,,,,KOTHARI SUG & CHEM LTD.,26.52,27.67,26.01,26.65,26.60,26.97,,26.65,,,70033,1858683.95,303,F1,1,,,,,
2026-09-21,2026-09-21,CM,NSE,STK,761337,INE0J0B01017,KOTYARK,BE,,,,,KOTYARK INDUSTRIES LTD,31.01,31.83,30.60,31.55,31.46,31.17,,31.56,,,110388,3460017.23,267,F1,1,,,,,
2026-09-21,2026-09-21,CM,NSE,STK,5192,INE177F01017,KOVAI,EQ,,,,,KOVAI MEDICAL CENTER & HO,6266.50,6334.50,6102.00,6179.00,6189.00,6226.00,,6178.81,,,5056,31496749.50,1711,F1,1,,,,,
2026-09-21,2026-09-21,CM,NSE,STK,5108,INE542W01025,KPIGREEN,EQ,,,,,KPI GREEN ENERGY LIMITED,284.50,324.70,283.90,321.40,321.10,284.45,,321.41,,,18325693,5809651625.25,245410,F1,1,,,,,
2026-09-21,2026-09-21,CM,NSE,STK,9683,INE04I401011,KPITTECH,EQ,,,,,KPIT TECHNOLOGIES LIMITED,536.00,538.10,526.95,536.80,536.80,532.00,,536.86,,,2223576,1184195115.15,35087,F1,1,,,,,
2026-09-21,2026-09-21,CM,NSE,STK,14912,INE930H01031,KPRMILL,EQ,,,,,KPR MILL LTD.,1140.00,1146.40,1107.50,1119.30,1115.00,1141.40,,1119.38,,,344897,385699118.30,28454,F1,1,,,,,
2026-09-21,2026-09-21,CM,NSE,STK,10577,INE001B01026,KRBL,EQ,,,,,KRBL LIMITED,392.45,397.25,386.15,393.15,391.80,392.45,,393.15,,,258237,101453563.90,6447,F1,1,,,,,
2026-09-21,2026-09-21,CM,NSE,STK,1937,INE268B01013,KREBSBIO,EQ,,,,,KREBS BIOCHEMICALS & IND,56.45,58.90,55.40,56.22,56.25,57.31,,56.22,,,7354,416327.18,255,F1,1,,,,,
2026-09-21,2026-09-21,CM,NSE,STK,11480,INE524L01026,KRIDHANINF,EQ,,,,,KRIDHAN INFRA LIMITED,1.90,1.90,1.79,1.86,1.87,1.83,,1.85,,,29022,53743.13,103,F1,1,,,,,
2026-09-21,2026-09-21,CM,NSE,STK,12847,INE506W01020,KRISHANA,EQ,,,,,KRISHANA PHOSCHEM LIMITED,177.33,183.00,174.50,182.40,182.99,179.89,,182.40,,,1006347,180736840.08,9062,F1,1,,,,,
2026-09-21,2026-09-21,CM,NSE,STK,16133,INE0NR701018,KRISHCA,SM,,,,,KRISHCA STRAPPING SLTN L,167.00,168.00,162.50,163.00,163.00,164.00,,163.00,,,8000,1313550.00,16,F1,500,,,,,
2026-09-21,2026-09-21,CM,NSE,STK,756782,INE0GGO01015,KRISHIVAL,EQ,,,,,KRISHIVAL FOODS LIMITED,420.00,421.00,414.00,417.10,417.00,419.30,,417.14,,,3900,1630749.85,210,F1,1,,,,,
2026-09-21,2026-09-21,CM,NSE,STK,761192,INE0J5601015,KRISHNADEF,EQ,,,,,KRISHNA DEF AND ALD IND L,1030.00,1045.50,1010.30,1037.60,1038.10,1030.00,,1037.60,,,55862,57455273.00,5300,F1,1,,,,,
2026-09-21,2026-09-21,CM,NSE,STK,4847,INE967H01025,KIMS,EQ,,,,,KRISHNA INST OF MED SCI L,811.80,818.95,785.00,788.85,789.55,809.85,,788.86,,,451093,360177383.50,17143,F1,1,,,,,
2026-09-21,2026-09-21,CM,NSE,STK,6417,INE479D01038,KRITI,EQ,,,,,KRITI INDUSTRIES IND LTD,60.63,60.63,58.20,59.01,58.88,59.44,,59.01,,,22902,1348383.30,297,F1,1,,,,,
2026-09-21,2026-09-21,CM,NSE,STK,11432,INE798K01010,KRITINUT,EQ,,,,,KRITI NUTRIENTS LIMITED,81.34,84.50,80.80,81.29,81.25,81.34,,81.29,,,3282,268092.46,112,F1,1,,,,,
2026-09-21,2026-09-21,CM,NSE,STK,9288,INE00Z501029,KRITIKA,EQ,,,,,KRITIKA WIRES LIMITED,5.20,5.24,5.06,5.10,5.13,5.20,,5.10,,,95290,487445.57,412,F1,1,,,,,
2026-09-21,2026-09-21,CM,NSE,STK,760624,INE1MTV01019,KRMAYURVED,SM,,,,,KRM AYURVEDA LIMITED,308.25,314.95,305.05,309.05,309.00,312.20,,309.05,,,58000,17980100.00,47,F1,1000,,,,,
2026-09-21,2026-09-21,CM,NSE,STK,25643,INE0Q3J01015,KRN,EQ,,,,,KRN HEAT EXCHANGE N REF L,1466.30,1466.30,1407.20,1416.50,1410.00,1446.20,,1416.50,,,145432,206839701.40,14307,F1,1,,,,,
2026-09-21,2026-09-21,CM,NSE,STK,24026,INE0ATZ01017,KRONOX,BE,,,,,KRONOX LAB SCIENCES LTD,174.45,178.00,170.30,176.65,176.50,172.79,,177.10,,,66171,11520423.91,513,F1,1,,,,,
2026-09-21,2026-09-21,CM,NSE,STK,25252,INE0O6601022,KROSS,EQ,,,,,KROSS LIMITED,238.00,261.74,237.50,256.93,258.26,239.19,,256.93,,,5129120,1313960131.11,94466,F1,1,,,,,
2026-09-21,2026-09-21,CM,NSE,STK,5359,INE08LI01020,KRSNAA,EQ,,,,,KRSNAA DIAGNOSTICS LTD,542.00,557.70,536.00,554.65,552.00,541.15,,554.69,,,108712,59487874.45,5457,F1,1,,,,,
2026-09-21,2026-09-21,CM,NSE,STK,23175,INE0QN801017,KRYSTAL,EQ,,,,,KRYSTAL INTEGRATED SER L,646.35,662.00,625.60,652.20,653.35,646.35,,652.28,,,23952,15340453.75,1485,F1,1,,,,,
2026-09-21,2026-09-21,CM,NSE,STK,1949,INE999A01023,KSB,EQ,,,,,KSB LIMITED,822.05,823.10,801.00,802.60,802.00,813.10,,802.59,,,109844,89077678.20,11502,F1,1,,,,,
2026-09-21,2026-09-21,CM,NSE,STK,764753,INE953E01022,KSE,EQ,,,,,KSE LTD.,180.00,184.59,179.27,180.32,181.00,178.37,,180.23,,,8468,1525202.49,270,F1,1,,,,,
2026-09-21,2026-09-21,CM,NSE,STK,760433,INE987S01020,KSHINTL,EQ,,,,,KSH INTERNATIONAL LIMITED,1046.95,1067.05,1017.00,1032.15,1034.75,1046.95,,1032.10,,,279845,290787938.65,17952,F1,1,,,,,
2026-09-21,2026-09-21,CM,NSE,STK,10407,INE013801027,KSHITIJPOL,EQ,,,,,KSHITIJ POLYLINE LIMITED,4.40,4.41,4.40,4.40,4.41,4.20,,4.40,,,5953754,26242281.83,3085,F1,1,,,,,
2026-09-21,2026-09-21,CM,NSE,STK,11060,INE0D6I01023,KSOLVES,EQ,,,,,KSOLVES INDIA LIMITED,251.10,253.80,249.30,252.15,252.00,251.60,,252.04,,,29265,7347222.70,1556,F1,1,,,,,
2026-09-21,2026-09-21,CM,NSE,STK,759989,INE1SPP01016,KSR,BE,,,,,KSR FOOTWEAR LIMITED,43.20,43.20,41.04,41.11,41.04,43.20,,41.32,,,20273,836124.33,124,F1,1,,,,,
2026-09-21,2026-09-21,CM,NSE,STK,13870,INE529I01021,KUANTUM,EQ,,,,,KUANTUM PAPERS LIMITED,80.00,82.90,77.56,80.74,80.11,78.77,,80.74,,,352233,28482330.51,3915,F1,1,,,,,
2026-09-21,2026-09-21,CM,NSE,STK,764116,INE0ISX01025,KUSUMGAR,EQ,,,,,KUSUMGAR LIMITED,591.00,618.00,585.25,610.35,607.95,591.20,,610.33,,,375724,227244099.80,18000,F1,1,,,,,
2026-09-21,2026-09-21,CM,NSE,STK,762757,INE552U01010,KPL,EQ,,,,,KWALITY PHARMACEUTICALS L,3478.90,3949.00,3447.20,3844.90,3833.10,3471.20,,3843.92,,,171018,645397236.20,25313,F1,1,,,,,
2026-09-21,2026-09-21,CM,NSE,STK,760946,INE2KCE01013,KWIL,EQ,,,,,KWALITY WALL'S (INDIA) L,41.25,42.60,41.25,42.09,42.20,41.22,,42.09,,,10076147,423118254.76,31222,F1,1,,,,,
2026-09-21,2026-09-21,CM,NSE,STK,765100,INE341H01023,LKPSEC,EQ,,,,,L K P SECURITIES LTD.,15.66,15.66,15.02,15.06,15.06,15.01,,15.01,,,1423,21529.36,35,F1,1,,,,,
2026-09-21,2026-09-21,CM,NSE,STK,24948,INE498L01015,LTF,EQ,,,,,L&T FINANCE LIMITED,311.00,311.25,306.30,307.80,307.80,312.80,,307.82,,,2617760,807669427.60,41864,F1,1,,,,,
2026-09-21,2026-09-21,CM,NSE,STK,18564,INE010V01017,LTTS,EQ,,,,,L&T TECHNOLOGY SER. LTD.,3347.50,3348.20,3294.20,3307.00,3303.00,3347.50,,3307.05,,,44214,146351830.60,11238,F1,1,,,,,
2026-09-21,2026-09-21,CM,NSE,STK,14423,INE059D01020,LAOPALA,EQ,,,,,LA OPALA RG LIMITED,163.68,164.78,161.21,161.59,161.26,162.60,,161.59,,,118158,19157054.00,4232,F1,1,,,,,
2026-09-21,2026-09-21,CM,NSE,STK,764761,INE519D01015,LADDERUP,BE,,,,,LADDERUP FINANCE LTD.,57.25,62.83,57.15,59.01,58.50,59.84,,58.56,,,3821,236428.43,56,F1,1,,,,,
2026-09-21,2026-09-21,CM,NSE,STK,5865,INE548Z01017,LAGNAM,EQ,,,,,LAGNAM SPINTEX LIMITED,73.70,76.50,71.64,75.50,75.79,72.34,,75.50,,,19310,1439808.89,169,F1,1,,,,,
2026-09-21,2026-09-21,CM,NSE,STK,762762,INE515C01023,LAHOTIOV,EQ,,,,,LAHOTI OVERSEAS LTD.,40.45,40.45,39.50,39.89,39.98,39.26,,39.97,,,3167,126999.47,45,F1,1,,,,,
2026-09-21,2026-09-21,CM,NSE,STK,7902,INE850E01012,LFIC,EQ,,,,,LAKSHMI FIN IND CORP LTD,132.74,136.99,129.01,132.52,132.51,132.74,,132.52,,,1658,220747.88,79,F1,1,,,,,
2026-09-21,2026-09-21,CM,NSE,STK,764763,INE938C01019,LAKSHMIMIL,EQ,,,,,LAKSHMI MILLS CO. LTD.,7655.00,7750.00,7600.00,7750.00,7750.00,7654.00,,7728.00,,,40,305400.00,23,F1,1,,,,,
2026-09-21,2026-09-21,CM,NSE,STK,4774,INE651C01018,LAKPRE,BZ,,,,,LAKSHMI PRE SCRE LTD,5.00,5.14,4.66,4.66,4.66,4.90,,4.66,,,8746,41436.61,27,F1,1,,,,,
2026-09-21,2026-09-21,CM,NSE,STK,25860,INE0VZS01015,LAKSHYA,SM,,,,,LAKSHYA POWERTECH LIMITED,95.00,101.00,87.30,92.10,92.10,93.25,,92.10,,,30400,2840760.00,35,F1,800,,,,,
2026-09-21,2026-09-21,CM,NSE,STK,765361,INE0K9O01026,LALITHAA,EQ,,,,,LALITHAA JEWELLERY MART L,304.00,320.10,301.70,320.10,320.10,304.90,,320.10,,,11305222,3592183450.60,31056,F1,1,,,,,
2026-09-21,2026-09-21,CM,NSE,STK,6407,INE112F01022,LAMBODHARA,EQ,,,,,LAMBODHARA TEXTILES LTD.,123.90,123.90,119.00,120.61,119.00,120.21,,120.61,,,10938,1333608.38,312,F1,1,,,,,
2026-09-21,2026-09-21,CM,NSE,STK,27225,INE0R0201012,LAMOSAIC,ST,,,,,LAMOSAIC INDIA LIMITED,47.80,51.95,47.70,51.80,51.90,50.20,,51.80,,,68400,3350940.00,57,F1,600,,,,,
2026-09-21,2026-09-21,CM,NSE,STK,9392,INE359U01028,LANCER,EQ,,,,,LANCER CONTAINER LINES L,12.16,12.50,11.75,11.80,11.80,12.11,,11.80,,,455614,5496891.33,1040,F1,1,,,,,
2026-09-21,2026-09-21,CM,NSE,STK,23030,INE572G01025,LANCORHOL,BE,,,,,LANCOR HOLDINGS LIMITED,36.00,36.00,33.62,34.33,34.75,35.00,,34.34,,,109014,3791081.38,255,F1,1,,,,,
2026-09-21,2026-09-21,CM,NSE,STK,13276,INE559R01029,LANDMARK,EQ,,,,,LANDMARK CARS LIMITED,504.65,508.95,492.25,502.10,503.00,504.50,,502.06,,,61438,30730417.25,3230,F1,1,,,,,
2026-09-21,2026-09-21,CM,NSE,STK,16863,INE197J01017,LPDC,EQ,,,,,LANDMARK PR.DEV.CO.LTD,7.19,7.28,6.72,6.87,6.72,7.07,,6.86,,,164963,1161004.52,435,F1,1,,,,,
2026-09-21,2026-09-21,CM,NSE,STK,17376,INE688J01023,LANDSMILL,EQ,,,,,LANDSMILL GREEN LIMITED,0.56,0.57,0.55,0.55,0.56,0.56,,0.55,,,2426075,1347006.16,1199,F1,1,,,,,
2026-09-21,2026-09-21,CM,NSE,STK,11483,INE018A01030,LT,EQ,,,,,LARSEN & TOUBRO LTD.,3885.00,3908.70,3883.00,3904.80,3904.80,3885.00,,3904.81,,,947371,3693383369.50,65431,F1,1,,,,,
2026-09-21,2026-09-21,CM,NSE,STK,21723,INE670X01014,LASA,BE,,,,,LASA SUPERGENERICS LTD,5.89,5.89,5.89,5.89,5.89,6.20,,5.94,,,17769,104659.41,82,F1,1,,,,,
2026-09-21,2026-09-21,CM,NSE,STK,764126,INE17IR01028,LASERPOWER,EQ,,,,,LASER POWER & INFRA LTD,281.00,281.80,273.80,275.95,275.00,280.75,,275.95,,,401148,111275909.50,8666,F1,1,,,,,
2026-09-21,2026-09-21,CM,NSE,STK,6818,INE0I7C01011,LATENTVIEW,EQ,,,,,LATENT VIEW ANALYTICS LTD,254.20,257.00,252.00,252.45,252.60,255.35,,252.45,,,364836,92742744.45,7836,F1,1,,,,,
2026-09-21,2026-09-21,CM,NSE,STK,15840,INE262Z01023,LATTEYS,EQ,,,,,LATTEYS INDUSTRIES LTD,21.00,21.00,20.00,20.19,20.18,20.69,,20.19,,,60828,1231769.88,294,F1,1,,,,,
2026-09-21,2026-09-21,CM,NSE,STK,19234,INE947Q01028,LAURUSLABS,EQ,,,,,LAURUS LABS LIMITED,1966.60,2023.50,1963.80,2017.50,2017.50,1954.00,,2017.51,,,2170267,4346683326.30,66545,F1,1,,,,,
2026-09-21,2026-09-21,CM,NSE,STK,6568,INE801V01019,LAXMICOT,EQ,,,,,LAXMI COTSPIN LIMITED,13.44,13.44,12.72,12.94,12.82,12.72,,12.94,,,9765,126529.06,64,F1,1,,,,,
2026-09-21,2026-09-21,CM,NSE,STK,29171,INE0WO601020,LAXMIDENTL,EQ,,,,,LAXMI DENTAL LIMITED,196.35,197.98,194.02,194.90,194.20,197.95,,194.87,,,48994,9594783.41,2468,F1,1,,,,,
2026-09-21,2026-09-21,CM,NSE,STK,19876,INE258Y01016,LGHL,EQ,,,,,LAXMI GOLDORNA HOUSE LTD,185.00,185.00,176.01,177.20,177.15,181.12,,177.20,,,5975,1086657.35,164,F1,1,,,,,
2026-09-21,2026-09-21,CM,NSE,STK,758863,INE06WU01026,LAXMIINDIA,EQ,,,,,LAXMI INDIA FINANCE LTD,125.10,127.85,124.50,125.32,124.50,126.98,,125.32,,,76654,9666626.38,1427,F1,1,,,,,
2026-09-21,2026-09-21,CM,NSE,STK,2841,INE576O01020,LXCHEM,EQ,,,,,LAXMI ORGANIC INDUS LTD,178.00,180.40,177.25,177.62,178.00,178.24,,177.62,,,400018,71474634.11,7442,F1,1,,,,,
2026-09-21,2026-09-21,CM,NSE,STK,7529,INE938A01021,LCCINFOTEC,EQ,,,,,LCC INFOTECH LTD,3.61,3.61,3.38,3.53,3.54,3.44,,3.53,,,231987,809702.74,324,F1,1,,,,,
2026-09-21,2026-09-21,CM,NSE,STK,766044,INE1FPN01026,LCCPROJECT,EQ,,,,,LCC PROJECTS LIMITED,152.44,155.13,140.57,141.33,143.30,155.78,,141.36,,,4713207,686590441.67,36162,F1,1,,,,,
2026-09-21,2026-09-21,CM,NSE,STK,760300,INE0G1L01025,LEMERITE,EQ,,,,,LE MERITE EXPORTS LIMITED,17.73,19.26,17.73,18.35,18.80,18.35,,18.35,,,264103,4882618.75,668,F1,1,,,,,
2026-09-21,2026-09-21,CM,NSE,STK,24067,INE0HV901016,IXIGO,EQ,,,,,LE TRAVENUES TECHNOLOGY L,165.50,165.98,160.20,160.98,161.60,165.65,,160.96,,,394229,63775859.48,6484,F1,1,,,,,
2026-09-21,2026-09-21,CM,NSE,STK,14204,INE0H4B01011,LRRPL,SM,,,,,LEAD REC AND RUB PROD LTD,89.55,94.50,89.55,94.50,94.50,90.00,,94.50,,,16500,1533375.00,9,F1,1500,,,,,
2026-09-21,2026-09-21,CM,NSE,STK,764523,INE00GO01025,LEAPIND,EQ,,,,,LEAP INDIA LIMITED,144.52,147.50,141.54,145.90,146.05,140.47,,145.90,,,4214622,610080834.95,49533,F1,1,,,,,
2026-09-21,2026-09-21,CM,NSE,STK,765098,INE791B01014,LEENEE,BE,,,,,LEE & NEE SOFTWARES (E) L,8.00,8.18,7.43,7.50,7.60,7.80,,7.50,,,21945,171788.94,89,F1,1,,,,,
2026-09-21,2026-09-21,CM,NSE,STK,757014,INE0AQ201015,THELEELA,EQ,,,,,LEELA PALACES HOTEL LTD,540.55,544.50,534.45,537.45,535.50,540.55,,537.29,,,64441,34647451.80,6573,F1,1,,,,,
2026-09-21,2026-09-21,CM,NSE,STK,2606,INE970X01018,LEMONTREE,EQ,,,,,LEMON TREE HOTELS LTD,107.69,108.87,105.77,105.99,106.00,106.47,,105.99,,,3924930,420151121.80,32318,F1,1,,,,,
2026-09-21,2026-09-21,CM,NSE,STK,759605,INE956O01016,LENSKART,EQ,,,,,LENSKART SOLUTIONS LTD,687.90,698.30,682.10,683.85,685.30,707.20,,683.85,,,44904580,30719925714.10,113670,F1,1,,,,,
2026-09-21,2026-09-21,CM,NSE,STK,14459,INE500X01013,LEXUS,EQ,,,,,LEXUS GRANITO (INDIA) LTD,12.82,13.50,12.80,13.24,13.25,13.00,,13.24,,,11858,158330.14,117,F1,1,,,,,
2026-09-21,2026-09-21,CM,NSE,STK,18321,INE337A01034,LGBBROSLTD,EQ,,,,,LG BALAKRISHNAN & BROS,1735.10,1736.40,1718.70,1731.40,1732.90,1730.40,,1731.28,,,19176,33156845.00,3359,F1,1,,,,,
2026-09-21,2026-09-21,CM,NSE,STK,760213,INE324D01010,LGEINDIA,EQ,,,,,LG ELECTRONICS INDIA LTD,1689.40,1693.90,1649.00,1656.30,1656.50,1696.90,,1656.31,,,668976,1109635736.90,38449,F1,1,,,,,
2026-09-21,2026-09-21,CM,NSE,STK,11082,INE908V01012,LIBAS,EQ,,,,,LIBAS CONSU PRODUCTS LTD,12.10,12.87,12.01,12.79,12.83,12.10,,12.79,,,230732,2914360.21,469,F1,1,,,,,
2026-09-21,2026-09-21,CM,NSE,STK,1994,INE557B01019,LIBERTSHOE,EQ,,,,,LIBERTY SHOES LTD,221.28,223.59,219.00,220.75,220.00,221.28,,220.73,,,11622,2564997.83,453,F1,1,,,,,
2026-09-21,2026-09-21,CM,NSE,STK,1997,INE115A01026,LICHSGFIN,EQ,,,,,LIC HOUSING FINANCE LTD,548.30,574.15,543.65,568.00,568.00,548.15,,567.91,,,3749732,2116205496.40,51400,F1,1,,,,,
2026-09-21,2026-09-21,CM,NSE,STK,25640,INF767K01SM1,LICMFGOLD,EQ,,,,,LIC MF - LIC GOLD ETF,137.65,138.00,136.35,136.45,136.85,137.65,,136.46,,,32725,4480165.75,520,F1,1,,,,,
2026-09-21,2026-09-21,CM,NSE,STK,11319,INF767K01OS7,LICNETFN50,EQ,,,,,LICNAMC - LICNFENGP,266.02,266.02,262.30,264.18,264.18,263.39,,264.18,,,1273,334569.37,38,F1,1,,,,,
2026-09-21,2026-09-21,CM,NSE,STK,11441,INF767K01OT5,LICNETFSEN,EQ,,,,,LICNAMC - LICNFESGP,838.00,849.11,838.00,843.34,843.34,838.84,,835.82,,,8,6743.43,6,F1,1,,,,,
2026-09-21,2026-09-21,CM,NSE,STK,15229,INF767K01PC8,LICNFNHGP,EQ,,,,,LICNAMC - LICNFNHGP,268.00,276.65,268.00,270.20,270.20,268.00,,270.20,,,313,84775.33,16,F1,1,,,,,
2026-09-21,2026-09-21,CM,NSE,STK,6062,INF767K01MV5,LICNETFGSC,EQ,,,,,LICNAMC - LICNMFET,29.48,29.48,29.04,29.27,29.28,29.28,,29.27,,,33660,983202.52,94,F1,1,,,,,
2026-09-21,2026-09-21,CM,NSE,STK,22722,INF767K01RN1,LICNMID100,EQ,,,,,LICNAMC - LICNMID100,62.07,63.59,61.80,62.50,62.75,63.34,,62.50,,,3405,213134.22,117,F1,1,,,,,
2026-09-21,2026-09-21,CM,NSE,STK,9480,INE0J1Y01017,LICI,EQ,,,,,LIFE INSURA CORP OF INDIA,400.20,402.20,396.05,400.00,400.00,407.70,,400.00,,,7381704,2947852857.85,102834,F1,1,,,,,
2026-09-21,2026-09-21,CM,NSE,STK,578,INE060901027,LIKHITHA,EQ,,,,,LIKHITHA INFRASTRUC LTD,221.50,225.37,217.10,218.60,221.00,220.78,,218.60,,,31041,6851754.41,1018,F1,1,,,,,
2026-09-21,2026-09-21,CM,NSE,STK,6951,INE802B01027,LINC,EQ,,,,,LINC LIMITED,91.00,93.70,90.26,91.57,91.50,91.81,,91.57,,,152127,14003143.93,605,F1,1,,,,,
2026-09-21,2026-09-21,CM,NSE,STK,11596,INE405C01035,LINCOLN,EQ,,,,,LINCOLN PHARMA LTD,603.00,607.95,593.60,601.55,599.00,604.85,,601.88,,,12962,7788169.50,1216,F1,1,,,,,
2026-09-21,2026-09-21,CM,NSE,STK,1627,INE473A01011,LINDEINDIA,EQ,,,,,LINDE INDIA LIMITED,6241.00,6296.00,6206.50,6276.50,6295.00,6241.50,,6276.25,,,13582,84938523.50,3361,F1,1,,,,,
2026-09-21,2026-09-21,CM,NSE,STK,17801,INE093R01011,LLOYDSENGG,EQ,,,,,LLOYDS ENGG WORK LIMITED,82.39,85.50,81.11,85.01,85.35,82.43,,85.03,,,6822209,569958999.03,30348,F1,1,,,,,
2026-09-21,2026-09-21,CM,NSE,STK,25807,INE080I01025,LLOYDSENT,EQ,,,,,LLOYDS ENTERPRISES LTD,68.30,70.92,67.23,70.49,70.60,68.84,,70.49,,,3129294,217153124.75,12725,F1,1,,,,,
2026-09-21,2026-09-21,CM,NSE,STK,11472,INE0DTQ01028,LLOYDS,SM,,,,,LLOYDS LUXURIES LIMITED,58.15,58.90,57.00,58.90,58.90,57.90,,58.90,,,3000,174050.00,3,F1,1000,,,,,
2026-09-21,2026-09-21,CM,NSE,STK,17313,INE281B01032,LLOYDSME,EQ,,,,,LLOYDS METALS N ENERGY L,1826.70,1839.80,1812.70,1824.60,1820.00,1826.70,,1824.64,,,229204,418400301.60,9700,F1,1,,,,,
2026-09-21,2026-09-21,CM,NSE,STK,1979,INE269B01029,LMW,EQ,,,,,LMW LIMITED,17725.00,17833.00,17261.00,17313.00,17296.00,17759.00,,17310.03,,,3342,58162334.00,1638,F1,1,,,,,
2026-09-21,2026-09-21,CM,NSE,STK,3220,INE670K01029,LODHA,EQ,,,,,LODHA DEVELOPERS LIMITED,1137.80,1150.70,1127.00,1138.00,1138.00,1144.70,,1138.00,,,451750,514780924.10,17666,F1,1,,,,,
2026-09-21,2026-09-21,CM,NSE,STK,764296,INE0QJW01029,LCL,EQ,,,,,LOHIA CORP LIMITED,542.00,573.75,537.20,560.35,563.45,538.60,,560.28,,,670596,374386891.50,31039,F1,1,,,,,
2026-09-21,2026-09-21,CM,NSE,STK,13436,INE397H01017,LOKESHMACH,EQ,,,,,LOKESH MACHINES LTD,340.00,349.50,332.05,336.15,340.00,344.80,,336.75,,,23872,8079339.50,1504,F1,1,,,,,
2026-09-21,2026-09-21,CM,NSE,STK,18232,INE846D01012,LORDSCHLO,EQ,,,,,LORDS CHLORO ALKALI LTD,138.00,140.00,133.20,138.30,140.00,136.06,,138.34,,,17089,2325742.74,675,F1,1,,,,,
2026-09-21,2026-09-21,CM,NSE,STK,14924,INE740X01023,LAL,EQ,,,,,LORENZINI APPARELS LTD,8.98,8.98,8.55,8.61,8.60,8.86,,8.61,,,19956,172750.30,141,F1,1,,,,,
2026-09-21,2026-09-21,CM,NSE,STK,764768,INE026D01011,LOTUSCHO,EQ,,,,,LOTUS CHOCOLATE CO. LTD.,588.00,588.00,570.30,577.80,576.05,575.10,,578.78,,,683,396046.95,88,F1,1,,,,,
2026-09-21,2026-09-21,CM,NSE,STK,16807,INE947I01017,LOTUSEYE,EQ,,,,,LOTUS EYE HOSP & INST L,112.65,116.86,112.10,114.68,114.99,115.10,,114.68,,,6158,703356.18,173,F1,1,,,,,
2026-09-21,2026-09-21,CM,NSE,STK,22415,INE597L01014,LOVABLE,EQ,,,,,LOVABLE LINGERIE LTD,70.00,71.39,69.21,70.44,69.90,69.67,,70.18,,,7906,555145.60,249,F1,1,,,,,
2026-09-21,2026-09-21,CM,NSE,STK,10590,INE970D01010,LOYALTEX,EQ,,,,,LOYAL TEXTILE MILLS LTD,202.54,202.54,202.54,202.54,202.54,201.35,,205.15,,,1,202.54,1,F1,1,,,,,
2026-09-21,2026-09-21,CM,NSE,STK,13816,INE818H01020,LTFOODS,EQ,,,,,LT FOODS LIMITED,423.20,433.45,418.00,430.80,430.50,423.20,,430.80,,,404149,172458056.85,16071,F1,1,,,,,
2026-09-21,2026-09-21,CM,NSE,STK,17818,INE214T01019,LTM,EQ,,,,,LTM LIMITED,4240.00,4317.00,4190.50,4280.00,4280.00,4275.10,,4280.00,,,271418,1157714931.20,21673,F1,1,,,,,
2026-09-21,2026-09-21,CM,NSE,STK,14014,INE872H01027,LUMAXTECH,EQ,,,,,LUMAX AUTO TECH LTD,2106.00,2116.90,2062.20,2068.80,2066.00,2102.70,,2069.29,,,74594,155275956.30,15010,F1,1,,,,,
2026-09-21,2026-09-21,CM,NSE,STK,2018,INE162B01018,LUMAXIND,EQ,,,,,LUMAX INDUSTRIES LTD,5867.00,5884.00,5750.00,5778.00,5779.00,5851.00,,5778.05,,,6682,38715253.50,1942,F1,1,,,,,
2026-09-21,2026-09-21,CM,NSE,STK,765524,INE185Q01025,LUMINO,EQ,,,,,LUMINO INDUSTRIES LIMITED,112.19,115.00,110.56,113.36,112.20,111.52,,113.36,,,15597333,1763725318.35,64500,F1,1,,,,,
2026-09-21,2026-09-21,CM,NSE,STK,10440,INE326A01037,LUPIN,EQ,,,,,LUPIN LIMITED,2084.00,2129.00,2080.00,2124.50,2124.50,2083.00,,2124.45,,,429137,907460130.90,37054,F1,1,,,,,
2026-09-21,2026-09-21,CM,NSE,STK,11301,INE150G01020,LUXIND,EQ,,,,,LUX INDUSTRIES LIMITED,1150.00,1247.90,1128.00,1192.40,1190.20,1139.20,,1192.30,,,328369,397967605.90,26837,F1,1,,,,,
2026-09-21,2026-09-21,CM,NSE,STK,7248,INE933A01014,LYKALABS,BE,,,,,LYKA LABS LTD.,84.00,85.00,83.05,85.00,85.00,83.34,,85.06,,,15862,1330708.85,80,F1,1,,,,,
2026-09-21,2026-09-21,CM,NSE,STK,758150,INE08N601015,MBEL,EQ,,,,,M AND B ENGINEERING LTD,253.95,257.50,249.00,255.05,254.90,252.25,,255.05,,,100586,25537251.45,3814,F1,1,,,,,
2026-09-21,2026-09-21,CM,NSE,STK,765120,INE227F01010,MKEXIM,EQ,,,,,M K EXIM (INDIA) LTD.,67.00,72.00,65.10,65.87,66.50,67.43,,65.77,,,20923,1399759.68,414,F1,1,,,,,
2026-09-21,2026-09-21,CM,NSE,STK,16736,INE964W01021,MKPL,EQ,,,,,M K PROTEINS LIMITED,4.03,4.05,3.96,3.98,4.04,3.97,,3.97,,,65516,262958.59,393,F1,1,,,,,
2026-09-21,2026-09-21,CM,NSE,STK,22360,INE813V01022,MCL,EQ,,,,,M TEK COPPER LIMITED,57.00,57.00,55.35,55.75,55.35,55.94,,55.75,,,33392,1871208.76,775,F1,1,,,,,
2026-09-21,2026-09-21,CM,NSE,STK,13285,INE774D01024,M&MFIN,EQ,,,,,M&M FIN. SERVICES LTD,351.05,355.65,348.20,354.70,353.30,353.30,,354.70,,,1057055,372930700.40,28774,F1,1,,,,,
2026-09-21,2026-09-21,CM,NSE,STK,22976,INE0SGC01015,MVKAGRO,SM,,,,,M.V.K. AGRO FOOD PROD LTD,232.10,256.00,232.10,232.10,232.10,244.30,,232.10,,,499800,118095870.00,553,F1,300,,,,,
2026-09-21,2026-09-21,CM,NSE,STK,15017,INE215I01027,MAANALU,EQ,,,,,MAAN ALUMINIUM LIMITED,104.77,106.19,103.16,105.12,104.78,104.77,,105.12,,,30746,3226802.81,865,F1,1,,,,,
2026-09-21,2026-09-21,CM,NSE,STK,762782,INE435D01014,MCCHRLS-B,EQ,,,,,MAC CHARLES (INDIA) LTD.,680.95,680.95,664.00,664.65,664.00,655.00,,664.46,,,5524,3672417.95,119,F1,1,,,,,
2026-09-21,2026-09-21,CM,NSE,STK,24545,INE0R0J01010,MACOBSTECH,SM,,,,,MACOBS TECHNOLOGIES LTD,194.05,194.05,194.05,194.05,194.05,195.50,,194.05,,,800,155240.00,1,F1,800,,,,,
2026-09-21,2026-09-21,CM,NSE,STK,22347,INE155Z01011,MACPOWER,EQ,,,,,MACPOWER CNC MACHINES LTD,2111.00,2175.00,1817.70,1955.30,1949.00,2104.50,,1955.30,,,221525,445804700.90,21132,F1,1,,,,,
2026-09-21,2026-09-21,CM,NSE,STK,762767,INE631R01026,MADHAVIPL,EQ,,,,,MADHAV INFRA PROJECTS L,8.10,8.10,7.64,7.74,7.80,7.80,,7.76,,,63684,497047.50,320,F1,1,,,,,
2026-09-21,2026-09-21,CM,NSE,STK,15151,INE925C01016,MADHAV,EQ,,,,,MADHAV MARBLE & GRANITE,34.50,36.76,34.50,35.25,35.25,35.46,,35.25,,,338,12050.67,16,F1,1,,,,,
2026-09-21,2026-09-21,CM,NSE,STK,13671,INE378D01032,MADHUCON,EQ,,,,,MADHUCON PROJECTS LTD.,4.20,4.25,3.93,4.02,4.10,4.07,,4.02,,,20283,81582.89,77,F1,1,,,,,
2026-09-21,2026-09-21,CM,NSE,STK,765476,INE1P5601010,MADHURKNIT,SM,,,,,MADHUR KNIT CRAFTS LTD,51.10,51.70,48.20,49.10,48.50,51.10,,49.10,,,54000,2681640.00,42,F1,1200,,,,,
2026-09-21,2026-09-21,CM,NSE,STK,18738,INE0P6701019,MADHUSUDAN,ST,,,,,MADHUSUDAN MASALA LIMITED,230.00,231.50,226.25,231.50,231.50,233.45,,231.50,,,10000,2293600.00,10,F1,1000,,,,,
2026-09-21,2026-09-21,CM,NSE,STK,12686,INE900L01028,MBAPL,EQ,,,,,MADHYA BHARAT AGRO P. LTD,159.89,161.50,158.10,160.76,161.00,159.82,,160.76,,,542430,86877889.33,4921,F1,1,,,,,
2026-09-21,2026-09-21,CM,NSE,STK,4911,INE414A01015,MADRASFERT,EQ,,,,,MADRAS FERTILISERS LTD,61.28,62.78,60.60,61.43,61.50,61.28,,61.43,,,38859,2398348.36,899,F1,1,,,,,
2026-09-21,2026-09-21,CM,NSE,STK,762772,INE270B01035,MAFATIND,EQ,,,,,MAFATLAL INDUSTRIES LTD.,120.00,123.80,119.58,122.59,120.93,119.56,,122.47,,,28628,3473060.94,295,F1,1,,,,,
2026-09-21,2026-09-21,CM,NSE,STK,21392,INE347W01011,MAGADSUGAR,EQ,,,,,MAGADH SUGAR & ENERGY LTD,507.40,507.60,487.20,488.80,492.00,504.75,,488.83,,,46046,22659560.05,2980,F1,1,,,,,
2026-09-21,2026-09-21,CM,NSE,STK,29482,INE613C01026,MCLOUD,EQ,,,,,MAGELLANIC CLOUD LIMITED,25.22,25.80,24.81,25.00,25.03,25.30,,25.00,,,738192,18656860.72,2881,F1,1,,,,,
2026-09-21,2026-09-21,CM,NSE,STK,14957,INE387I01016,MAGNUM,EQ,,,,,MAGNUM VENTURES LTD.,19.60,19.60,18.88,19.27,19.39,19.19,,19.16,,,2087,40264.95,52,F1,1,,,,,
2026-09-21,2026-09-21,CM,NSE,STK,17088,INE0O1S01012,MAGSON,SM,,,,,MAGSON RETAIL AND DIST L,179.00,179.00,177.00,177.00,177.00,180.00,,177.00,,,2000,356000.00,2,F1,1000,,,,,
2026-09-21,2026-09-21,CM,NSE,STK,5239,INE843B01013,MAHAPEXLTD,EQ,,,,,MAHA RASHTRA APEX COPR. L,54.72,57.00,53.02,54.36,55.00,54.72,,54.43,,,2770,153213.31,71,F1,1,,,,,
2026-09-21,2026-09-21,CM,NSE,STK,24937,INE0US801024,MFML,EQ,,,,,MAHALAXMI FABRIC MILLS LT,19.87,22.47,18.51,18.82,18.66,18.83,,19.12,,,5880,113779.90,74,F1,1,,,,,
2026-09-21,2026-09-21,CM,NSE,STK,7889,INE112D01035,MHLXMIRU,BE,,,,,MAHALAXMI RUBTECH LIMITED,153.89,157.00,148.00,155.55,155.55,153.97,,154.59,,,4943,753745.58,59,F1,1,,,,,
2026-09-21,2026-09-21,CM,NSE,STK,17531,INE451L01014,MAHASTEEL,BE,,,,,MAHAMAYA STEEL INDS LTD,1127.70,1175.00,1084.90,1123.30,1090.20,1141.90,,1128.73,,,5700,6289944.10,490,F1,1,,,,,
2026-09-21,2026-09-21,CM,NSE,STK,17534,INE002S01010,MGL,EQ,,,,,MAHANAGAR GAS LTD.,1079.50,1083.90,1070.50,1077.80,1072.50,1081.70,,1077.88,,,65214,70293632.90,7997,F1,1,,,,,
2026-09-21,2026-09-21,CM,NSE,STK,2294,INE153A01019,MTNL,EQ,,,,,MAHANAGAR TELEPHONE NIGAM,23.95,23.97,23.59,23.65,23.59,23.80,,23.65,,,446564,10602242.92,2030,F1,1,,,,,
2026-09-21,2026-09-21,CM,NSE,STK,2085,INE288A01013,MAHSCOOTER,EQ,,,,,MAHARASHTRA SCOOTERS LTD,13580.00,13771.00,13455.00,13609.00,13600.00,13729.00,,13607.15,,,4184,57087312.00,1436,F1,1,,,,,
2026-09-21,2026-09-21,CM,NSE,STK,2088,INE271B01025,MAHSEAMLES,EQ,,,,,MAHARASHTRA SEAMLESS LTD,723.95,734.70,698.00,706.95,706.55,717.55,,706.95,,,261787,187071461.05,13082,F1,1,,,,,
2026-09-21,2026-09-21,CM,NSE,STK,758688,INE632Q01018,MRIL,ST,,,,,MAHENDRA REALTO & INFRA L,80.50,85.00,80.00,83.75,85.00,84.20,,83.75,,,68800,5675040.00,36,F1,1600,,,,,
2026-09-21,2026-09-21,CM,NSE,STK,9576,INE263W01010,MAHESHWARI,EQ,,,,,MAHESHWARI LOGISTICS LTD.,68.30,73.10,68.30,72.00,72.00,68.70,,72.00,,,10336,745423.68,88,F1,1,,,,,
2026-09-21,2026-09-21,CM,NSE,STK,2031,INE101A01026,M&M,EQ,,,,,MAHINDRA & MAHINDRA LTD,3065.00,3088.00,3055.30,3055.30,3055.30,3052.00,,3055.33,,,1056850,3241580794.50,52673,F1,1,,,,,
2026-09-21,2026-09-21,CM,NSE,STK,17603,INE215D01010,MAHEPC,EQ,,,,,MAHINDRA EPC IRRIG LTD,103.84,103.84,97.15,99.27,99.70,102.64,,99.31,,,48613,4840878.23,799,F1,1,,,,,
2026-09-21,2026-09-21,CM,NSE,STK,17333,INE998I01010,MHRIL,EQ,,,,,MAHINDRA HOLIDAYS LTD,199.30,202.22,195.50,201.37,201.90,199.29,,201.30,,,126373,25157086.14,4580,F1,1,,,,,
2026-09-21,2026-09-21,CM,NSE,STK,8050,INE813A01018,MAHLIFE,EQ,,,,,MAHINDRA LIFESPACE DEVLTD,367.75,368.50,358.10,362.65,360.25,366.40,,362.61,,,96705,35076782.65,7838,F1,1,,,,,
2026-09-21,2026-09-21,CM,NSE,STK,385,INE766P01016,MAHLOG,EQ,,,,,MAHINDRA LOGISTIC LIMITED,391.70,401.60,386.60,399.30,398.00,392.75,,399.30,,,79972,31705568.35,4958,F1,1,,,,,
2026-09-21,2026-09-21,CM,NSE,STK,24538,INE683C01011,MAITHANALL,EQ,,,,,MAITHAN ALLOYS LTD,1001.00,1007.95,990.00,998.25,996.00,1009.10,,998.20,,,38649,38538509.25,2763,F1,1,,,,,
2026-09-21,2026-09-21,CM,NSE,STK,19809,INE0PLQ01011,MAITREYA,SM,,,,,MAITREYA MEDICARE LIMITED,119.70,119.70,103.10,107.75,107.15,115.95,,107.75,,,9200,1004420.00,22,F1,400,,,,,
2026-09-21,2026-09-21,CM,NSE,STK,762780,INE201B01022,MAJESAUT,BE,,,,,MAJESTIC AUTO LTD.,363.10,372.00,358.00,364.85,365.00,363.10,,368.42,,,2109,776245.20,128,F1,1,,,,,
2026-09-21,2026-09-21,CM,NSE,STK,764773,INE987A01010,MAKERSL,EQ,,,,,MAKERS LABORATORIES LTD.,191.83,195.34,184.88,190.37,191.00,190.88,,190.37,,,2737,517890.62,158,F1,1,,,,,
2026-09-21,2026-09-21,CM,NSE,STK,7965,INE389C01015,MALLCOM,EQ,,,,,MALLCOM (INDIA) LIMITED,982.00,982.00,951.10,967.80,968.95,968.90,,967.80,,,2310,2240251.15,180,F1,1,,,,,
2026-09-21,2026-09-21,CM,NSE,STK,13352,INE383H01017,MALUPAPER,EQ,,,,,MALU PAPER MILLS LIMITED,32.32,32.65,31.90,32.12,32.25,32.16,,32.12,,,4195,134911.78,47,F1,1,,,,,
2026-09-21,2026-09-21,CM,NSE,STK,28687,INE0TO701015,MAMATA,EQ,,,,,MAMATA MACHINERY LIMITED,400.20,409.90,398.35,404.30,404.90,403.75,,404.30,,,32416,13074599.20,1720,F1,1,,,,,
2026-09-21,2026-09-21,CM,NSE,STK,7413,INE830Q01018,MANAKCOAT,EQ,,,,,MAN COAT METAL & IND LTD,130.00,138.89,128.90,135.19,136.09,129.22,,135.19,,,1171795,158391317.33,15514,F1,1,,,,,
2026-09-21,2026-09-21,CM,NSE,STK,11884,INE993A01026,MANINDS,EQ,,,,,MAN INDUSTRIES (I) LTD.,860.00,879.00,853.50,859.75,862.50,851.55,,859.73,,,780257,674629511.25,29303,F1,1,,,,,
2026-09-21,2026-09-21,CM,NSE,STK,18226,INE949H01023,MANINFRA,EQ,,,,,MAN INFRA LTD,125.99,126.41,122.21,123.22,123.00,125.64,,123.22,,,1182512,147240930.61,5901,F1,1,,,,,
2026-09-21,2026-09-21,CM,NSE,STK,7420,INE859Q01017,MANAKALUCO,EQ,,,,,MANAK ALUMINIUM CO. LTD.,35.35,36.36,35.35,35.43,35.35,35.87,,35.43,,,53690,1930770.15,613,F1,1,,,,,
2026-09-21,2026-09-21,CM,NSE,STK,15199,INE015D01022,MANAKSIA,EQ,,,,,MANAKSIA LTD.,65.00,65.33,63.00,63.27,63.40,64.26,,63.27,,,27252,1743570.81,678,F1,1,,,,,
2026-09-21,2026-09-21,CM,NSE,STK,7482,INE824Q01011,MANAKSTEEL,BE,,,,,MANAKSIA STEELS LTD,107.58,111.75,104.05,108.29,108.50,107.58,,108.19,,,24243,2633885.99,221,F1,1,,,,,
2026-09-21,2026-09-21,CM,NSE,STK,13796,INE201A01024,MANALIPETC,EQ,,,,,MANALI PETROCHEMICALS LT,84.10,89.10,84.10,86.71,86.88,82.92,,86.71,,,5278521,457659887.63,32296,F1,1,,,,,
2026-09-21,2026-09-21,CM,NSE,STK,19061,INE522D01027,MANAPPURAM,EQ,,,,,MANAPPURAM FINANCE LTD,319.15,320.00,313.80,315.10,315.10,319.15,,315.10,,,2669726,844306168.80,27780,F1,1,,,,,
2026-09-21,2026-09-21,CM,NSE,STK,765927,INE0U4H20011,MPEL-RE,ST,,,,,MANAS POLY N ENERG LTD,1.95,1.95,1.95,1.95,1.95,1.80,,1.95,,,1475200,2876640.00,35,F1,3200,,,,,
2026-09-21,2026-09-21,CM,NSE,STK,759351,INE0U4H01011,MPEL,SM,,,,,MANAS POLYMER N ENERGIE L,23.00,23.35,22.00,22.55,23.30,22.25,,22.55,,,36800,851120.00,20,F1,1600,,,,,
2026-09-21,2026-09-21,CM,NSE,STK,25597,INE939X01013,MANBA,EQ,,,,,MANBA FINANCE LIMITED,136.00,139.06,133.00,136.73,135.92,133.76,,136.74,,,464372,63119888.18,3307,F1,1,,,,,
2026-09-21,2026-09-21,CM,NSE,STK,23779,INE0R3T01013,MANDEEP,SM,,,,,MANDEEP AUTO INDUSTRIES L,17.80,17.85,17.80,17.85,17.85,17.80,,17.85,,,24000,427300.00,5,F1,2000,,,,,
2026-09-21,2026-09-21,CM,NSE,STK,24823,INE545L01039,MANCREDIT,EQ,,,,,MANGAL CREDIT N FINCORP L,224.85,229.02,219.69,226.68,224.80,223.39,,226.71,,,129481,28761991.74,1507,F1,1,,,,,
2026-09-21,2026-09-21,CM,NSE,STK,758748,INE0PKD01011,MEIL,EQ,,,,,MANGAL ELECTRICAL IND L,271.85,274.80,261.50,267.25,267.00,271.85,,267.25,,,77033,20633626.70,1948,F1,1,,,,,
2026-09-21,2026-09-21,CM,NSE,STK,19137,INE00C401011,MAL,ST,,,,,MANGALAM ALLOYS LIMITED,43.40,44.35,40.30,43.70,43.70,42.25,,43.70,,,32000,1358400.00,17,F1,1600,,,,,
2026-09-21,2026-09-21,CM,NSE,STK,2106,INE347A01017,MANGLMCEM,EQ,,,,,MANGALAM CEMENT LTD,1030.80,1032.10,1005.10,1010.10,1009.40,1030.80,,1010.09,,,35115,35610938.90,1750,F1,1,,,,,
2026-09-21,2026-09-21,CM,NSE,STK,11817,INE584F01014,MANGALAM,EQ,,,,,MANGALAM DRUG & CHEM LTD,34.44,34.64,32.10,32.66,32.80,34.26,,32.67,,,118280,3931136.50,815,F1,1,,,,,
2026-09-21,2026-09-21,CM,NSE,STK,1593,INE0APB01032,MGEL,EQ,,,,,MANGALAM GLOBAL ENT LTD,15.64,15.99,15.64,15.78,15.78,15.64,,15.79,,,287061,4562082.78,603,F1,1,,,,,
2026-09-21,2026-09-21,CM,NSE,STK,6422,INE370D01013,MANORG,EQ,,,,,MANGALAM ORGANICS LIMITED,456.95,465.35,451.20,464.15,465.00,456.95,,464.15,,,5142,2355333.60,479,F1,1,,,,,
2026-09-21,2026-09-21,CM,NSE,STK,764783,INE829S01016,MSL,EQ,,,,,MANGALAM SEEDS LTD.,138.00,138.00,136.00,136.00,136.00,141.43,,139.25,,,192,26262.00,3,F1,1,,,,,
2026-09-21,2026-09-21,CM,NSE,STK,759169,INE0JYY01029,MWL,EQ,,,,,MANGALAM WORLDWIDE LTD,42.49,45.00,40.77,42.56,42.30,42.52,,42.56,,,2523325,109656077.14,14543,F1,1,,,,,
2026-09-21,2026-09-21,CM,NSE,STK,24629,INE0R3101011,MIEL,SM,,,,,MANGLAM INFRA & ENG LTD,12.05,12.30,12.00,12.30,12.30,12.30,,12.30,,,6000,72700.00,3,F1,2000,,,,,
2026-09-21,2026-09-21,CM,NSE,STK,766140,INE0KWF01020,MANIKA,BE,,,,,MANIKA PLASTECH LIMITED,43.00,43.50,40.85,43.14,43.10,43.00,,43.12,,,9360527,397276642.34,19248,F1,1,,,,,
2026-09-21,2026-09-21,CM,NSE,STK,764357,INE459N01021,MANIPALHOS,EQ,,,,,MANIPAL HEALTH ENTERPRI L,739.00,751.30,733.20,747.15,748.05,738.95,,747.13,,,482247,358404764.40,16234,F1,1,,,,,
2026-09-21,2026-09-21,CM,NSE,STK,766051,INE241U01028,MPIMANIPAL,EQ,,,,,MANIPAL PAYMENT & IDE S L,342.40,358.80,332.35,336.60,335.05,341.35,,336.65,,,862556,297341156.00,24227,F1,1,,,,,
2026-09-21,2026-09-21,CM,NSE,STK,15380,INE634S01028,MANKIND,EQ,,,,,MANKIND PHARMA LIMITED,2312.70,2452.00,2303.00,2437.80,2437.80,2300.70,,2437.45,,,1342757,3251295319.40,64158,F1,1,,,,,
2026-09-21,2026-09-21,CM,NSE,STK,19015,INE0KNT01012,MVGJL,EQ,,,,,MANOJ VAIBHAV GEM N JEW L,215.70,222.90,212.35,214.51,212.50,214.47,,214.56,,,394003,85624812.13,9637,F1,1,,,,,
2026-09-21,2026-09-21,CM,NSE,STK,13753,INE784W01015,MANOMAY,EQ,,,,,MANOMAY TEX INDIA LTD,233.90,233.90,220.29,224.96,223.90,229.68,,224.90,,,172762,39329852.20,4966,F1,1,,,,,
2026-09-21,2026-09-21,CM,NSE,STK,10227,INE00VM01036,MANORAMA,EQ,,,,,MANORAMA INDUSTRIES LTD,1969.90,1979.90,1912.00,1923.00,1925.00,1966.90,,1922.97,,,125476,242704368.10,15486,F1,1,,,,,
2026-09-21,2026-09-21,CM,NSE,STK,13572,INE867A01022,MANUGRAPH,EQ,,,,,MANUGRAPH INDIA LIMITED,19.00,20.51,17.90,18.85,18.75,18.09,,18.84,,,505868,9695821.23,3362,F1,1,,,,,
2026-09-21,2026-09-21,CM,NSE,STK,2112,INE882A01013,MARALOVER,EQ,,,,,MARAL OVERSEAS LTD,59.05,61.00,55.25,56.87,56.92,59.36,,56.84,,,36696,2112297.39,454,F1,1,,,,,
2026-09-21,2026-09-21,CM,NSE,STK,18659,INE182D01020,MARATHON,EQ,,,,,MARATHON NXTGEN REALT LTD,408.00,426.80,408.00,417.65,415.00,409.00,,417.65,,,78220,32917874.25,3621,F1,1,,,,,
2026-09-21,2026-09-21,CM,NSE,STK,760453,INE0TD401015,MARC,SM,,,,,MARC TECHNOCRATS LIMITED,150.00,150.00,150.00,150.00,150.00,155.90,,150.00,,,2400,360000.00,2,F1,1200,,,,,
2026-09-21,2026-09-21,CM,NSE,STK,18773,INE0QP001012,MARCO,SM,,,,,MARCO CABLE & CONDUCTOR L,29.50,29.50,27.50,27.85,27.50,29.70,,27.85,,,24000,678375.00,16,F1,1500,,,,,
2026-09-21,2026-09-21,CM,NSE,STK,4067,INE196A01026,MARICO,EQ,,,,,MARICO LIMITED,807.00,829.75,804.25,824.40,824.40,803.90,,824.40,,,1672296,1378722364.55,28542,F1,1,,,,,
2026-09-21,2026-09-21,CM,NSE,STK,1328,INE01JE01028,MARINE,EQ,,,,,MARINE ELECTRICAL (I) LTD,380.00,421.00,376.15,415.80,417.15,379.20,,415.80,,,1825343,731798308.00,46434,F1,1,,,,,
2026-09-21,2026-09-21,CM,NSE,STK,20414,INE0P1P01017,MARINETRAN,ST,,,,,MARINETRANS INDIA LIMITED,13.85,13.85,13.85,13.85,13.85,14.55,,13.85,,,4000,55400.00,1,F1,4000,,,,,
2026-09-21,2026-09-21,CM,NSE,STK,760204,INE0FW001016,MARKOLINES,EQ,,,,,MARKOLINES PAVEMENT TEC L,170.69,173.10,169.01,169.76,169.01,169.71,,169.82,,,174363,29889313.39,1214,F1,1,,,,,
2026-09-21,2026-09-21,CM,NSE,STK,10579,INE750C01026,MARKSANS,EQ,,,,,MARKSANS PHARMA LIMITED,322.20,339.00,321.20,338.10,338.50,320.15,,338.10,,,3189102,1065902293.20,55465,F1,1,,,,,
2026-09-21,2026-09-21,CM,NSE,STK,761386,INE415B01044,MARSONS,EQ,,,,,MARSONS LIMITED,128.99,134.00,125.91,127.33,126.99,128.62,,127.33,,,1829501,236569858.70,16127,F1,1,,,,,
2026-09-21,2026-09-21,CM,NSE,STK,761042,INE0X7G01013,MARUSHIKA,SM,,,,,MARUSHIKA TECHNOLOGY LTD,114.00,115.00,114.00,115.00,115.00,117.00,,115.00,,,2400,274800.00,2,F1,1200,,,,,
2026-09-21,2026-09-21,CM,NSE,STK,10999,INE585B01010,MARUTI,EQ,,,,,MARUTI SUZUKI INDIA LTD.,12129.00,12229.00,12129.00,12153.00,12153.00,12103.00,,12153.10,,,339171,4133975151.00,39298,F1,1,,,,,
2026-09-21,2026-09-21,CM,NSE,STK,2132,INE575Z01010,MDL,SM,,,,,MARVEL DECOR LIMITED,60.05,60.05,60.00,60.00,60.00,60.00,,60.00,,,10000,600100.00,4,F1,1000,,,,,
2026-09-21,2026-09-21,CM,NSE,STK,199,INE348L01012,MASFIN,EQ,,,,,MAS FINANCIAL SERV LTD,287.00,293.00,285.20,292.15,293.00,288.95,,292.15,,,130822,37894588.00,7169,F1,1,,,,,
2026-09-21,2026-09-21,CM,NSE,STK,18727,INE885F01015,MASKINVEST,EQ,,,,,MASK INVESTMENTS LIMITED,150.72,150.72,145.00,145.00,145.00,143.55,,145.00,,,147,21441.06,13,F1,1,,,,,
2026-09-21,2026-09-21,CM,NSE,STK,24278,INE0SH001010,MASON,SM,,,,,MASON INFRATECH LIMITED,110.40,113.00,110.00,110.05,110.00,110.65,,110.05,,,13000,1440475.00,20,F1,500,,,,,
2026-09-21,2026-09-21,CM,NSE,STK,2124,INE759A01021,MASTEK,EQ,,,,,MASTEK LTD,1589.70,1601.80,1571.70,1589.20,1581.00,1588.20,,1589.21,,,37730,59951288.00,4842,F1,1,,,,,
2026-09-21,2026-09-21,CM,NSE,STK,19011,INE0OJM01017,MASTER,SM,,,,,MASTER COMPONENTS LIMITED,395.00,395.00,395.00,395.00,395.00,400.00,,395.00,,,1000,395000.00,2,F1,500,,,,,
2026-09-21,2026-09-21,CM,NSE,STK,27047,INE677D01037,MASTERTR,EQ,,,,,MASTER TRUST LIMITED,88.00,90.70,87.16,87.68,88.01,89.74,,87.64,,,142481,12646601.48,1231,F1,1,,,,,
2026-09-21,2026-09-21,CM,NSE,STK,21726,INE866R01028,MATRIMONY,EQ,,,,,MATRIMONY.COM LIMITED,537.75,555.80,518.40,549.80,551.90,535.55,,549.78,,,34526,18937497.55,1339,F1,1,,,,,
2026-09-21,2026-09-21,CM,NSE,STK,759945,INE132901013,MGSL,SM,,,,,MATRIX GEO SOLUTIONS LTD,66.00,67.85,63.50,64.05,63.50,65.45,,64.05,,,14400,939360.00,12,F1,1200,,,,,
2026-09-21,2026-09-21,CM,NSE,STK,17022,INE636A01039,MAWANASUG,EQ,,,,,MAWANA SUGARS LIMITED,126.90,128.20,123.53,125.45,125.00,128.21,,125.45,,,110224,13841543.84,3188,F1,1,,,,,
2026-09-21,2026-09-21,CM,NSE,STK,19646,INE03EI01018,MAXESTATES,EQ,,,,,MAX ESTATES LIMITED,591.00,623.00,583.05,597.90,591.10,594.00,,597.91,,,314471,189828458.40,11375,F1,1,,,,,
2026-09-21,2026-09-21,CM,NSE,STK,2142,INE180A01020,MFSL,EQ,,,,,MAX FINANCIAL SERV LTD,1551.30,1591.80,1545.70,1569.00,1569.00,1559.00,,1569.00,,,534288,844760908.20,43450,F1,1,,,,,
2026-09-21,2026-09-21,CM,NSE,STK,22377,INE027H01010,MAXHEALTH,EQ,,,,,MAX HEALTHCARE INS LTD,1053.80,1072.60,1050.60,1066.60,1066.60,1049.30,,1066.46,,,965254,1024636802.70,35309,F1,1,,,,,
2026-09-21,2026-09-21,CM,NSE,STK,22428,INE0CG601016,MAXIND,EQ,,,,,MAX INDIA LIMITED,151.00,157.90,148.40,152.00,151.90,152.69,,151.98,,,64212,9798702.43,1927,F1,1,,,,,
2026-09-21,2026-09-21,CM,NSE,STK,21691,INE0ECC01022,MAXPOSURE,SM,,,,,MAXPOSURE LIMITED,38.40,45.00,38.00,40.10,40.50,39.95,,40.10,,,56000,2289850.00,56,F1,1000,,,,,
2026-09-21,2026-09-21,CM,NSE,STK,29645,INE10A501018,MAXVOLT,SM,,,,,MAXVOLT ENERGY INDUS L,382.00,395.85,377.00,393.00,395.85,377.00,,393.00,,,53200,20758820.00,105,F1,400,,,,,
2026-09-21,2026-09-21,CM,NSE,STK,28906,INE040D01038,MAYURUNIQ,EQ,,,,,MAYUR UNIQUOTERS LTD,745.00,760.00,729.40,751.25,750.00,743.40,,751.22,,,87870,65260182.40,4398,F1,1,,,,,
2026-09-21,2026-09-21,CM,NSE,STK,509,INE249Z01020,MAZDOCK,EQ,,,,,MAZAGON DOCK SHIPBUIL LTD,2268.00,2278.00,2222.10,2232.00,2232.00,2280.00,,2232.03,,,639638,1437321567.80,31279,F1,1,,,,,
2026-09-21,2026-09-21,CM,NSE,STK,18870,INE885E01042,MAZDA,BE,,,,,MAZDA LIMITED,268.00,271.00,252.95,253.90,253.00,266.25,,254.38,,,121484,31215019.50,323,F1,1,,,,,
2026-09-21,2026-09-21,CM,NSE,STK,18029,INE912H01013,MBLINFRA,EQ,,,,,MBL INFRASTRUCTURE LTD,23.38,23.38,21.30,21.76,22.20,22.29,,21.80,,,28502,630102.50,92,F1,1,,,,,
2026-09-21,2026-09-21,CM,NSE,STK,11943,INE942G01012,MCLEODRUSS,EQ,,,,,MCLEOD RUSSEL INDIA LTD.,46.54,46.54,46.54,46.54,46.54,44.33,,46.54,,,32416,1508640.64,62,F1,1,,,,,
2026-09-21,2026-09-21,CM,NSE,STK,13687,INE748A01024,MBECL,BE,,,,,MCNALLY BHARAT ENGIN CO L,421.66,421.66,421.66,421.66,421.66,401.59,,421.66,,,661,278717.26,60,F1,1,,,,,
2026-09-21,2026-09-21,CM,NSE,STK,14574,INE0O4M01019,MCON,SM,,,,,MCON RASAYAN INDIA LTD,42.00,42.00,39.05,39.05,39.05,40.05,,39.05,,,9000,363300.00,9,F1,1000,,,,,
2026-09-21,2026-09-21,CM,NSE,STK,21705,INE456Z01021,MEDIASSIST,EQ,,,,,MEDI ASSIST HEALTH SER L,325.80,339.40,318.05,336.60,339.00,324.85,,336.62,,,757836,247463288.15,12508,F1,1,,,,,
2026-09-21,2026-09-21,CM,NSE,STK,765113,INE442D01010,MEDICAPQ,BE,,,,,MEDI CAPS LTD.,26.07,26.60,24.60,25.92,26.20,25.82,,25.91,,,13491,337152.41,54,F1,1,,,,,
2026-09-21,2026-09-21,CM,NSE,STK,762802,INE200D01020,MMWL,EQ,,,,,MEDIA MATRIX WORLDWIDE L,12.62,13.37,12.62,13.19,13.20,12.89,,13.19,,,10663,137720.51,109,F1,1,,,,,
2026-09-21,2026-09-21,CM,NSE,STK,6281,INE646B01010,MEDICAMEQ,BE,,,,,MEDICAMEN BIOTECH LIMITED,328.05,339.70,312.15,318.20,320.25,328.05,,316.12,,,25377,8113913.75,423,F1,1,,,,,
2026-09-21,2026-09-21,CM,NSE,STK,24239,INE0PE401018,MEDIORG,SM,,,,,MEDICAMEN ORGANICS LTD,22.00,22.00,22.00,22.00,22.00,21.65,,22.00,,,4000,88000.00,2,F1,2000,,,,,
2026-09-21,2026-09-21,CM,NSE,STK,9667,INE630Y01024,MEDICO,EQ,,,,,MEDICO REMEDIES LIMITED,34.90,35.40,33.90,34.06,34.11,34.89,,34.06,,,177622,6101149.16,1227,F1,1,,,,,
2026-09-21,2026-09-21,CM,NSE,STK,7254,INE804L01022,MEDPLUS,EQ,,,,,MEDPLUS HEALTH SERV LTD,655.70,665.45,655.00,660.70,656.75,659.65,,660.69,,,66888,44161560.55,4188,F1,1,,,,,
2026-09-21,2026-09-21,CM,NSE,STK,760229,INE0VDM01015,MEESHO,EQ,,,,,MEESHO LIMITED,216.00,221.20,216.00,219.15,219.50,214.44,,219.14,,,10943685,2397922005.88,70998,F1,1,,,,,
2026-09-21,2026-09-21,CM,NSE,STK,8153,INE00EM01016,MEGASTAR,EQ,,,,,MEGASTAR FOODS LIMITED,265.60,287.80,265.60,275.95,275.00,281.80,,275.94,,,5230,1448480.75,258,F1,1,,,,,
2026-09-21,2026-09-21,CM,NSE,STK,22560,INE531R01010,MEGATHERM,SM,,,,,MEGATHERM INDUCTION LTD,260.00,260.00,251.50,253.00,252.00,253.75,,253.00,,,9600,2454300.00,21,F1,400,,,,,
2026-09-21,2026-09-21,CM,NSE,STK,5394,INE0CT101020,MOL,EQ,,,,,MEGHMANI ORGANICS LIMITED,63.78,64.41,61.85,62.18,61.95,63.05,,62.18,,,755720,47723520.01,6580,F1,1,,,,,
2026-09-21,2026-09-21,CM,NSE,STK,764778,INE898Q01015,MIIL,EQ,,,,,MEGHNA INFRACON INFRA L,699.00,716.95,698.50,703.60,700.00,711.35,,703.53,,,69729,49226958.35,911,F1,1,,,,,
2026-09-21,2026-09-21,CM,NSE,STK,6971,INE071D01033,MENONBE,BE,,,,,MENON BEARINGS LIMITED,323.75,330.00,301.05,304.95,312.00,316.85,,304.99,,,93264,29522773.60,1317,F1,1,,,,,
2026-09-21,2026-09-21,CM,NSE,STK,762790,INE650G01029,MENNPIS,BE,,,,,MENON PISTONS LTD.,73.69,74.78,73.05,73.40,73.99,73.79,,73.49,,,8239,606076.12,123,F1,1,,,,,
2026-09-21,2026-09-21,CM,NSE,STK,25882,INE776I01010,MEP,BZ,,,,,MEP INFRA. DEVELOPERS LTD,0.64,0.64,0.63,0.64,0.64,0.63,,0.64,,,44924,28618.37,26,F1,1,,,,,
2026-09-21,2026-09-21,CM,NSE,STK,762792,INE689O01013,MERCANTILE,EQ,,,,,MERCANTILE VENTURES LTD.,23.98,23.98,22.22,22.82,22.99,22.70,,22.82,,,200,4603.72,30,F1,1,,,,,
2026-09-21,2026-09-21,CM,NSE,STK,763663,INE763M01028,MERCURYEV,EQ,,,,,MERCURY EV-TECH LIMITED,39.91,41.95,39.40,39.81,39.49,39.91,,39.81,,,422185,16985610.28,3391,F1,1,,,,,
2026-09-21,2026-09-21,CM,NSE,STK,764278,INE1II801013,METALIC,ST,,,,,METALIC TECHNOFORGE LTD,146.00,150.50,140.00,148.40,147.50,143.65,,148.40,,,73600,10707440.00,42,F1,1600,,,,,
2026-09-21,2026-09-21,CM,NSE,STK,7242,INE317I01021,METROBRAND,EQ,,,,,METRO BRANDS LIMITED,935.00,949.90,935.00,939.05,937.75,940.85,,939.09,,,70488,66281306.05,14219,F1,1,,,,,
2026-09-21,2026-09-21,CM,NSE,STK,762797,INE085D01033,METROGLOBL,EQ,,,,,METROGLOBAL LTD.,132.10,136.00,128.10,132.01,132.01,132.01,,131.30,,,1357,180191.00,29,F1,1,,,,,
2026-09-21,2026-09-21,CM,NSE,STK,9581,INE112L01020,METROPOLIS,EQ,,,,,METROPOLIS HEALTHCARE LTD,602.40,607.85,591.00,593.40,593.85,597.45,,593.45,,,185451,110910428.95,14901,F1,1,,,,,
2026-09-21,2026-09-21,CM,NSE,STK,7165,INE287C01037,MICEL,BE,,,,,MIC ELECTRONICS LTD,33.25,33.37,33.25,33.37,33.37,33.37,,33.50,,,178165,5929153.33,696,F1,1,,,,,
2026-09-21,2026-09-21,CM,NSE,STK,759517,INE0XAD01024,MIDWESTLTD,EQ,,,,,MIDWEST LIMITED,994.50,1003.00,975.10,988.30,993.20,980.80,,988.35,,,11386,11260046.30,1515,F1,1,,,,,
2026-09-21,2026-09-21,CM,NSE,STK,765125,INE588G01021,MLKFOOD,EQ,,,,,MILKFOOD LTD.,83.00,83.01,80.50,81.62,81.90,79.82,,81.67,,,2971,243981.92,76,F1,1,,,,,
2026-09-21,2026-09-21,CM,NSE,STK,765272,INE00IT01020,MILKYMIST,EQ,,,,,MILKY MIST DAIRY FOOD L,276.00,287.77,274.22,287.77,287.77,274.07,,287.82,,,5777865,1642808284.92,33423,F1,1,,,,,
2026-09-21,2026-09-21,CM,NSE,STK,765118,INE097E01028,MINALIND,BE,,,,,MINAL INDUSTRIES LTD.,5.05,5.05,5.05,5.05,5.05,5.15,,5.05,,,2753,13902.65,32,F1,1,,,,,
2026-09-21,2026-09-21,CM,NSE,STK,25897,INE842C01021,MINDACORP,EQ,,,,,MINDA CORPORATION LTD,691.45,693.40,678.00,679.60,678.75,691.45,,679.60,,,165847,113326115.20,17395,F1,1,,,,,
2026-09-21,2026-09-21,CM,NSE,STK,22308,INE0CCU25019,MINDSPACE,RR,,,,,MINDSPACE BUSINESS P REIT,507.60,512.00,501.60,505.14,505.00,505.58,,505.12,,,255689,129215648.75,7609,F1,1,,,,,
2026-09-21,2026-09-21,CM,NSE,STK,18049,INE110B01017,MINDTECK,EQ,,,,,MINDTECK (INDIA) LIMITED,160.00,163.90,155.00,155.72,157.85,158.33,,155.86,,,27074,4253842.25,1094,F1,1,,,,,
2026-09-21,2026-09-21,CM,NSE,STK,19640,INF769K01KU7,ALPHAETF,EQ,,,,,MIRAEAMC - ALPHAETF,26.50,26.50,26.20,26.23,26.29,26.33,,26.23,,,218555,5751440.02,770,F1,1,,,,,
2026-09-21,2026-09-21,CM,NSE,STK,17419,INF769K01KR3,BANKETF,EQ,,,,,MIRAEAMC - BANKETF,571.38,577.45,571.38,575.91,575.38,574.99,,575.91,,,60317,34766889.61,1163,F1,1,,,,,
2026-09-21,2026-09-21,CM,NSE,STK,25725,INF769K01LZ4,BANKPSU,EQ,,,,,MIRAEAMC - BANKPSU,82.21,84.08,82.21,84.01,83.98,83.89,,84.01,,,5563,466017.61,89,F1,1,,,,,
2026-09-21,2026-09-21,CM,NSE,STK,28969,INF769K01NS5,CONSUMER,EQ,,,,,MIRAEAMC - CONSUMER,11.80,12.04,11.79,11.84,11.85,11.80,,11.84,,,241218,2849381.30,332,F1,1,,,,,
2026-09-21,2026-09-21,CM,NSE,STK,761046,INF769K01QC2,DEFENCE,EQ,,,,,MIRAEAMC - DEFENCE,76.75,80.29,76.75,79.02,78.97,78.72,,79.02,,,289451,22838470.70,957,F1,1,,,,,
2026-09-21,2026-09-21,CM,NSE,STK,760412,INF769K01PY8,DIVIDEND,EQ,,,,,MIRAEAMC - DIVIDEND,35.02,35.02,34.73,34.89,34.85,34.85,,34.90,,,1031,35898.97,57,F1,1,,,,,
2026-09-21,2026-09-21,CM,NSE,STK,759780,INF769K01PR2,ENERGY,EQ,,,,,MIRAEAMC - ENERGY,38.14,38.90,37.38,38.18,38.18,38.14,,38.18,,,911858,34825216.68,964,F1,1,,,,,
2026-09-21,2026-09-21,CM,NSE,STK,30121,INF769K01OA1,EQUAL200,EQ,,,,,MIRAEAMC - EQUAL200,13.66,13.66,13.57,13.60,13.60,13.60,,13.60,,,27634,375255.67,73,F1,1,,,,,
2026-09-21,2026-09-21,CM,NSE,STK,757142,INF769K01OO2,EQUAL50,EQ,,,,,MIRAEAMC - EQUAL50,330.25,330.25,323.25,324.67,324.60,323.77,,324.71,,,6572,2133432.91,42,F1,1,,,,,
2026-09-21,2026-09-21,CM,NSE,STK,24461,INF769K01LQ3,EVINDIA,EQ,,,,,MIRAEAMC - EVINDIA,32.80,32.80,31.20,31.81,31.85,32.00,,31.81,,,157500,5018848.65,2010,F1,1,,,,,
2026-09-21,2026-09-21,CM,NSE,STK,760986,INF769K01QA6,HEALTHCARE,EQ,,,,,MIRAEAMC - HEALTHCARE,22.28,22.28,21.90,22.06,22.06,21.84,,22.05,,,43070,949729.54,265,F1,1,,,,,
2026-09-21,2026-09-21,CM,NSE,STK,764333,INF769K01RJ5,HYBRIDETF,EQ,,,,,MIRAEAMC - HYBRIDETF,10.09,10.09,9.95,9.98,9.99,10.00,,9.98,,,6761,67587.31,63,F1,1,,,,,
2026-09-21,2026-09-21,CM,NSE,STK,761030,INF769K01QB4,INFRA,EQ,,,,,MIRAEAMC - INFRA,11.90,11.90,11.83,11.85,11.85,11.85,,11.85,,,17816,211300.72,182,F1,1,,,,,
2026-09-21,2026-09-21,CM,NSE,STK,758595,INF769K01PB6,INTERNET,EQ,,,,,MIRAEAMC - INTERNET,15.08,15.08,14.62,14.80,14.79,14.72,,14.80,,,152314,2241514.06,320,F1,1,,,,,
2026-09-21,2026-09-21,CM,NSE,STK,19633,INF769K01KV5,ITETF,EQ,,,,,MIRAEAMC - ITETF,30.37,30.66,30.24,30.59,30.62,30.47,,30.59,,,176129,5373857.84,736,F1,1,,,,,
2026-09-21,2026-09-21,CM,NSE,STK,765313,INF769K01RK3,LARGEMID50,EQ,,,,,MIRAEAMC - LARGEMID50,35.63,35.66,35.52,35.63,35.63,35.55,,35.63,,,638,22733.37,10,F1,1,,,,,
2026-09-21,2026-09-21,CM,NSE,STK,17572,INF769K01KS1,LIQUID,EQ,,,,,MIRAEAMC - LIQUID,999.99,1000.00,999.99,999.99,999.99,999.99,,999.99,,,127521,127520435.91,281,F1,1,,,,,
2026-09-21,2026-09-21,CM,NSE,STK,27075,INF769K01MY5,LIQUIDPLUS,EQ,,,,,MIRAEAMC - LIQUIDPLUS,1104.00,1106.80,1102.81,1104.06,1104.06,1103.91,,1104.06,,,113378,125177524.84,217,F1,1,,,,,
2026-09-21,2026-09-21,CM,NSE,STK,1200,INF769K01GS9,ESG,EQ,,,,,MIRAEAMC - MAESGETF,39.44,40.32,39.44,40.32,40.32,40.24,,40.32,,,2906,117034.42,47,F1,1,,,,,
2026-09-21,2026-09-21,CM,NSE,STK,3507,INF769K01HF4,MAFANG,EQ,,,,,MIRAEAMC - MAFANG,253.80,254.95,231.90,243.36,242.78,248.07,,243.36,,,1641244,402317462.22,27765,F1,1,,,,,
2026-09-21,2026-09-21,CM,NSE,STK,5220,INF769K01HI8,BFSI,EQ,,,,,MIRAEAMC - MAFSETF,26.73,26.73,26.49,26.63,26.60,26.58,,26.63,,,151394,4030044.80,635,F1,1,,,,,
2026-09-21,2026-09-21,CM,NSE,STK,14286,INF769K01JP9,GOLDETF,EQ,,,,,MIRAEAMC - MAGOLDETF,148.94,148.94,147.55,147.70,147.87,148.57,,147.70,,,1078228,159412430.61,11847,F1,1,,,,,
2026-09-21,2026-09-21,CM,NSE,STK,14938,INF769K01KF8,GSEC10YEAR,EQ,,,,,MIRAEAMC - MAGS813ETF,30.92,30.92,30.00,30.11,30.11,30.31,,30.11,,,455,13710.98,24,F1,1,,,,,
2026-09-21,2026-09-21,CM,NSE,STK,7074,INF769K01HS7,MAHKTECH,EQ,,,,,MIRAEAMC - MAHKTECH,22.34,22.45,21.20,21.77,21.88,21.80,,21.77,,,1119768,24585520.63,6329,F1,1,,,,,
2026-09-21,2026-09-21,CM,NSE,STK,8413,INF769K01IC9,MIDCAPETF,EQ,,,,,MIRAEAMC - MAM150ETF,23.95,24.37,23.21,23.34,23.38,23.37,,23.34,,,1201911,28085005.09,5564,F1,1,,,,,
2026-09-21,2026-09-21,CM,NSE,STK,7979,INF769K01IB1,MAKEINDIA,EQ,,,,,MIRAEAMC - MAMFGETF,163.00,163.18,162.17,162.68,162.53,162.62,,162.68,,,31148,5067017.38,487,F1,1,,,,,
2026-09-21,2026-09-21,CM,NSE,STK,6353,INF769K01EG9,NIFTYETF,EQ,,,,,MIRAEAMC - MAN50ETF,248.14,255.73,248.14,255.39,255.09,254.51,,255.39,,,107334,27383432.27,1963,F1,1,,,,,
2026-09-21,2026-09-21,CM,NSE,STK,14786,INF769K01JU9,LOWVOL,EQ,,,,,MIRAEAMC - MANV30F,203.63,203.63,200.04,200.33,200.33,199.64,,200.51,,,1649,330375.11,20,F1,1,,,,,
2026-09-21,2026-09-21,CM,NSE,STK,17181,INF769K01FN2,NEXT50,EQ,,,,,MIRAEAMC - MANXT50,748.15,748.30,745.00,745.51,746.09,745.60,,745.72,,,17073,12735204.40,2690,F1,1,,,,,
2026-09-21,2026-09-21,CM,NSE,STK,16777,INF769K01KG6,SILVERAG,EQ,,,,,MIRAEAMC - MASILVER,228.00,228.00,225.35,226.13,226.27,228.18,,226.13,,,156380,35378667.73,2140,F1,1,,,,,
2026-09-21,2026-09-21,CM,NSE,STK,5782,INF769K01HP3,MASPTOP50,EQ,,,,,MIRAEAMC - MASPTOP50,129.80,148.90,106.00,113.25,114.40,124.48,,113.24,,,8891022,1073690402.90,61737,F1,1,,,,,
2026-09-21,2026-09-21,CM,NSE,STK,25744,INF769K01LY7,METAL,EQ,,,,,MIRAEAMC - METAL,12.82,13.47,12.82,13.12,13.12,13.15,,13.12,,,3423679,45029975.64,9548,F1,1,,,,,
2026-09-21,2026-09-21,CM,NSE,STK,23855,INF769K01LJ8,MIDSMALL,EQ,,,,,MIRAEAMC - MIDSMALL,50.11,51.70,50.11,51.37,51.38,51.40,,51.37,,,243055,12477400.75,759,F1,1,,,,,
2026-09-21,2026-09-21,CM,NSE,STK,764198,INF769K01RC0,MOMMIDCAP,EQ,,,,,MIRAEAMC - MOMMIDCAP,13.16,13.18,12.68,12.85,12.85,12.90,,12.85,,,916953,11793636.06,527,F1,1,,,,,
2026-09-21,2026-09-21,CM,NSE,STK,25080,INF769K01LX9,MULTICAP,EQ,,,,,MIRAEAMC - MULTICAP,16.75,16.75,16.46,16.49,16.51,16.48,,16.49,,,246684,4071078.89,484,F1,1,,,,,
2026-09-21,2026-09-21,CM,NSE,STK,30109,INF769K01ON4,SELECTIPO,EQ,,,,,MIRAEAMC - SELECTIPO,48.44,48.94,48.26,48.48,48.38,48.44,,48.48,,,73362,3556183.46,130,F1,1,,,,,
2026-09-21,2026-09-21,CM,NSE,STK,19224,INF769K01KT9,SENSEXETF,EQ,,,,,MIRAEAMC - SENSEXETF,77.00,77.48,76.99,77.27,77.24,77.16,,77.27,,,26799,2069900.97,195,F1,1,,,,,
2026-09-21,2026-09-21,CM,NSE,STK,759814,INF769K01PQ4,SMALL250,EQ,,,,,MIRAEAMC - SMALL250,18.75,18.75,18.31,18.36,18.36,18.38,,18.36,,,611921,11240486.30,858,F1,1,,,,,
2026-09-21,2026-09-21,CM,NSE,STK,22832,INF769K01LC3,SMALLCAP,EQ,,,,,MIRAEAMC - SMALLCAP,49.08,49.38,48.89,48.98,48.99,49.09,,48.98,,,1013260,49670039.97,3355,F1,1,,,,,
2026-09-21,2026-09-21,CM,NSE,STK,760415,INF769K01PZ5,TOP20,EQ,,,,,MIRAEAMC - TOP20,8.62,8.97,8.62,8.67,8.67,8.62,,8.67,,,15557,134502.83,120,F1,1,,,,,
2026-09-21,2026-09-21,CM,NSE,STK,761511,INF769K01QV2,VALUE,EQ,,,,,MIRAEAMC - VALUE,15.98,15.98,15.79,15.80,15.80,15.80,,15.80,,,14398,227957.54,98,F1,1,,,,,
2026-09-21,2026-09-21,CM,NSE,STK,4394,INE771A01026,MIRZAINT,EQ,,,,,MIRZA INTERNATIONAL LIMIT,29.98,30.48,29.00,29.16,29.26,29.14,,29.15,,,85455,2499635.24,1117,F1,1,,,,,
2026-09-21,2026-09-21,CM,NSE,STK,2463,INE099Z01011,MIDHANI,EQ,,,,,MISHRA DHATU NIGAM LTD,420.05,427.40,413.45,418.55,417.90,417.30,,418.57,,,1295356,544770224.55,28180,F1,1,,,,,
2026-09-21,2026-09-21,CM,NSE,STK,8469,INE828O01033,MITCON,EQ,,,,,MITCON CON & ENG SER LTD,82.00,82.00,79.01,79.86,79.36,80.01,,79.86,,,7031,564062.95,51,F1,1,,,,,
2026-09-21,2026-09-21,CM,NSE,STK,18562,INE997Y01027,MITTAL,EQ,,,,,MITTAL LIFE STYLE LIMITED,0.78,0.78,0.75,0.76,0.77,0.77,,0.76,,,3580935,2763125.90,518,F1,1,,,,,
2026-09-21,2026-09-21,CM,NSE,STK,13844,INE227C01017,MMFL,EQ,,,,,MM FORGINGS LTD,625.00,630.00,612.00,612.85,613.95,628.55,,612.87,,,33645,20754659.80,2870,F1,1,,,,,
2026-09-21,2026-09-21,CM,NSE,STK,16395,INE511Y01018,MMP,EQ,,,,,MMP INDUSTRIES LIMITED,470.35,484.00,460.00,477.70,481.90,466.85,,477.70,,,78037,36953572.15,2766,F1,1,,,,,
2026-09-21,2026-09-21,CM,NSE,STK,17957,INE123F01029,MMTC,EQ,,,,,MMTC LIMITED,60.30,60.68,59.64,59.79,59.90,60.27,,59.79,,,750235,45069111.92,5323,F1,1,,,,,
2026-09-21,2026-09-21,CM,NSE,STK,760196,INE1YNB01019,MOBILISE,SM,,,,,MOBILISE APP LAB LIMITED,106.80,106.80,106.75,106.75,106.75,108.95,,106.75,,,3200,341680.00,2,F1,1600,,,,,
2026-09-21,2026-09-21,CM,NSE,STK,2241,INE794W01014,MODTHREAD,EQ,,,,,MODERN THREADS INDIA LTD,47.00,48.74,46.99,47.05,47.00,47.99,,47.05,,,1914,90560.15,54,F1,1,,,,,
2026-09-21,2026-09-21,CM,NSE,STK,760277,INE537F01012,MODINATUR,EQ,,,,,MODI NATURALS LIMITED,370.00,370.00,345.10,349.75,358.70,359.05,,349.76,,,3899,1394863.30,242,F1,1,,,,,
2026-09-21,2026-09-21,CM,NSE,STK,2229,INE832A01018,MODIRUBBER,EQ,,,,,MODI RUBBER LTD,123.50,124.70,121.15,123.51,121.16,120.24,,123.51,,,898,110424.38,54,F1,1,,,,,
2026-09-21,2026-09-21,CM,NSE,STK,759752,INE0L0L01012,MODIS,EQ,,,,,MODIS NAVNIRMAN LTD,347.60,353.40,346.00,346.60,346.05,352.40,,346.53,,,17300,6025805.60,892,F1,1,,,,,
2026-09-21,2026-09-21,CM,NSE,STK,3325,INE737D01021,MODISONLTD,BE,,,,,MODISON LIMITED,448.05,464.00,437.25,456.30,453.25,457.60,,456.27,,,76458,34113482.20,1288,F1,1,,,,,
2026-09-21,2026-09-21,CM,NSE,STK,1426,INE450S01011,MHHL,SM,,,,,MOHINI HEALTH&HYGIENE LTD,29.35,30.50,29.30,30.50,30.50,30.60,,30.50,,,4500,133725.00,3,F1,1500,,,,,
2026-09-21,2026-09-21,CM,NSE,STK,29423,INE954E01012,MOHITIND,EQ,,,,,MOHIT INDUSTRIES LTD,23.20,23.99,23.20,23.75,23.30,23.62,,23.75,,,992,23327.44,38,F1,1,,,,,
2026-09-21,2026-09-21,CM,NSE,STK,765130,INE154B01023,MOHITE,EQ,,,,,MOHITE INDUSTRIES LTD.,2.48,2.54,2.42,2.47,2.50,2.45,,2.47,,,39594,98144.38,146,F1,1,,,,,
2026-09-21,2026-09-21,CM,NSE,STK,20830,INE490G01020,MOIL,EQ,,,,,MOIL LIMITED,244.00,245.99,240.60,241.35,240.99,243.88,,241.35,,,321012,77730350.30,6420,F1,1,,,,,
2026-09-21,2026-09-21,CM,NSE,STK,3586,INE514Y01020,MOKSH,EQ,,,,,MOKSH ORNAMENTS LIMITED,10.29,10.29,9.90,9.94,10.00,10.17,,9.94,,,45995,460384.93,213,F1,1,,,,,
2026-09-21,2026-09-21,CM,NSE,STK,764548,INE869T01028,MOLBIO,EQ,,,,,MOLBIO DIAGNOSTICS LTD,1295.00,1298.80,1205.40,1218.80,1222.00,1288.30,,1218.82,,,1799711,2217211180.00,63108,F1,1,,,,,
2026-09-21,2026-09-21,CM,NSE,STK,6713,INE893J01029,MOLDTKPAC,EQ,,,,,MOLD-TEK PACKAGING LTD,665.00,667.00,643.00,644.85,644.50,658.30,,644.85,,,68804,44636014.55,9855,F1,1,,,,,
2026-09-21,2026-09-21,CM,NSE,STK,17629,INE835B01035,MOLDTECH,BE,,,,,MOLD-TEK TECHNOLOGIES LTD,188.10,199.49,188.10,195.66,196.99,192.75,,195.67,,,16050,3104741.68,256,F1,1,,,,,
2026-09-21,2026-09-21,CM,NSE,STK,7679,INE903D01011,MONARCH,EQ,,,,,MONARCH NETWORTH CAP LTD,368.65,374.40,360.00,361.70,362.00,366.15,,361.70,,,38716,13992348.15,1046,F1,1,,,,,
2026-09-21,2026-09-21,CM,NSE,STK,759381,INE296Q01012,MONEYBOXX,EQ,,,,,MONEYBOXX FINANCE LIMITED,57.21,57.21,57.21,57.21,57.21,54.49,,57.23,,,19171,1096772.91,44,F1,1,,,,,
2026-09-21,2026-09-21,CM,NSE,STK,18392,INE0OIP01012,MONOPHARMA,SM,,,,,MONO PHARMACARE LIMITED,8.25,8.25,8.25,8.25,8.25,8.55,,8.25,,,2000,16500.00,1,F1,2000,,,,,
2026-09-21,2026-09-21,CM,NSE,STK,756958,INE1DV401010,MONOLITH,SM,,,,,MONOLITHISCH INDIA LTD,1300.00,1300.00,1212.80,1243.45,1243.00,1295.00,,1243.45,,,59750,74626175.00,191,F1,250,,,,,
2026-09-21,2026-09-21,CM,NSE,STK,5938,INE950M01013,MONTECARLO,EQ,,,,,MONTE CARLO FASHIONS LTD.,529.25,537.90,521.55,534.65,534.00,553.05,,534.65,,,113839,60422975.35,4371,F1,1,,,,,
2026-09-21,2026-09-21,CM,NSE,STK,25876,INE161G01027,MORARJEE,BZ,,,,,MORARJEE TEXTILES LIMITED,8.33,8.33,8.33,8.33,8.33,8.76,,8.33,,,50,416.50,1,F1,1,,,,,
2026-09-21,2026-09-21,CM,NSE,STK,2259,INE083A01026,MOREPENLAB,EQ,,,,,MOREPEN LAB. LTD,120.90,126.80,120.80,122.35,122.15,120.90,,122.35,,,17854846,2213378214.34,69141,F1,1,,,,,
2026-09-21,2026-09-21,CM,NSE,STK,15051,INE0N7S01028,MOS,SM,,,,,MOS UTILITY LIMITED,6.05,6.05,6.05,6.05,6.05,5.50,,6.05,,,6556000,39663800.00,182,F1,4000,,,,,
2026-09-21,2026-09-21,CM,NSE,STK,29459,INE935B01025,MOSCHIP,EQ,,,,,MOSCHIP TECHNOLOGIES LTD,208.91,210.40,205.70,206.05,206.10,208.89,,206.06,,,984883,203995609.23,14922,F1,1,,,,,
2026-09-21,2026-09-21,CM,NSE,STK,8596,INE0FS801015,MSUMI,EQ,,,,,MOTHERSON SUMI WRNG IND L,35.67,36.15,35.50,35.60,35.60,35.67,,35.60,,,8870613,317030409.43,24149,F1,1,,,,,
2026-09-21,2026-09-21,CM,NSE,STK,21423,INF247L01023,MOM100,EQ,,,,,MOTILAL OS MIDCAP100 ETF,66.75,67.34,65.61,67.10,67.34,66.95,,67.09,,,160047,10735299.67,2497,F1,1,,,,,
2026-09-21,2026-09-21,CM,NSE,STK,22739,INF247L01AP3,MON100,EQ,,,,,MOTILAL OS NASDAQ100 ETF,338.58,340.79,327.51,330.24,330.95,330.33,,330.25,,,1631814,545481950.07,31494,F1,1,,,,,
2026-09-21,2026-09-21,CM,NSE,STK,14947,INE338I01027,MOTILALOFS,EQ,,,,,MOTILAL OSWAL FIN LTD,1001.00,1009.80,993.20,995.00,995.00,1010.00,,995.06,,,277400,277724303.50,11533,F1,1,,,,,
2026-09-21,2026-09-21,CM,NSE,STK,19289,INF247L01536,MOM50,EQ,,,,,MOTILAL OSWAL M50 ETF,250.00,250.00,244.36,244.97,246.50,247.42,,244.99,,,12352,3029199.04,210,F1,1,,,,,
2026-09-21,2026-09-21,CM,NSE,STK,1507,INF247L01AK4,MOGSEC,EQ,,,,,MOTILALAMC - G5,63.49,65.50,63.49,65.30,65.30,65.12,,64.57,,,37124,2414608.90,83,F1,1,,,,,
2026-09-21,2026-09-21,CM,NSE,STK,757669,INF247L01FR8,MOALPHA50,EQ,,,,,MOTILALAMC - MOALPHA50,56.01,56.01,55.42,55.69,55.69,55.74,,55.69,,,13071,726781.61,59,F1,1,,,,,
2026-09-21,2026-09-21,CM,NSE,STK,761693,INF247L01GV8,MOBANK10,EQ,,,,,MOTILALAMC - MOBANK10,16.66,16.74,16.63,16.73,16.73,16.66,,16.73,,,3418,57046.96,81,F1,1,,,,,
2026-09-21,2026-09-21,CM,NSE,STK,30065,INF247L01EV3,MOCAPITAL,EQ,,,,,MOTILALAMC - MOCAPITAL,53.59,54.01,52.45,52.93,52.94,53.58,,52.93,,,738794,39080812.98,4112,F1,1,,,,,
2026-09-21,2026-09-21,CM,NSE,STK,24944,INF247L01DJ0,MODEFENCE,EQ,,,,,MOTILALAMC - MODEFENCE,104.46,104.50,102.25,103.27,103.49,103.28,,103.27,,,940365,97209013.41,8326,F1,1,,,,,
2026-09-21,2026-09-21,CM,NSE,STK,759374,INF247L01GH7,MOENERGY,EQ,,,,,MOTILALAMC - MOENERGY,38.00,38.19,37.90,37.99,38.08,38.00,,37.99,,,68265,2593272.74,701,F1,1,,,,,
2026-09-21,2026-09-21,CM,NSE,STK,757791,INF247L01FY4,MOGOLD,EQ,,,,,MOTILALAMC - MOGOLD,151.90,151.90,150.00,150.05,150.60,151.35,,150.03,,,22834,3435478.20,436,F1,1,,,,,
2026-09-21,2026-09-21,CM,NSE,STK,10508,INF247L01BB1,MOHEALTH,EQ,,,,,MOTILALAMC - MOHEALTH,53.13,53.89,51.90,53.06,53.10,52.09,,53.14,,,351554,18544063.84,979,F1,1,,,,,
2026-09-21,2026-09-21,CM,NSE,STK,757031,INF247L01FL1,MOINFRA,EQ,,,,,MOTILALAMC - MOINFRA,58.26,58.60,58.15,58.41,58.41,58.26,,58.41,,,504,29458.60,37,F1,1,,,,,
2026-09-21,2026-09-21,CM,NSE,STK,759891,INF247L01GI5,MOIPO,EQ,,,,,MOTILALAMC - MOIPO,49.48,49.56,48.30,48.42,48.31,48.99,,48.42,,,1127,54702.36,47,F1,1,,,,,
2026-09-21,2026-09-21,CM,NSE,STK,8654,INF247L01BL0,MOLOWVOL,EQ,,,,,MOTILALAMC - MOLOWVOL,35.40,36.00,35.27,35.40,35.49,35.58,,35.40,,,1049,37120.96,38,F1,1,,,,,
2026-09-21,2026-09-21,CM,NSE,STK,25606,INF247L01DK8,MOMENTUM50,EQ,,,,,MOTILALAMC - MOMENTUM50,53.97,54.23,53.75,53.81,53.89,53.97,,53.81,,,357763,19270942.38,15426,F1,1,,,,,
2026-09-21,2026-09-21,CM,NSE,STK,764402,INF247L01HG7,MOMETAL,EQ,,,,,MOTILALAMC - MOMETAL,13.17,13.17,12.90,12.95,13.04,13.04,,12.95,,,1390,18107.12,52,F1,1,,,,,
2026-09-21,2026-09-21,CM,NSE,STK,757099,INF247L01FK3,MOMGF,EQ,,,,,MOTILALAMC - MOMGF,160.03,163.00,157.23,162.18,160.07,159.63,,162.18,,,6953,1103669.94,40,F1,1,,,,,
2026-09-21,2026-09-21,CM,NSE,STK,757817,INF247L01FQ0,MOMIDMTM,EQ,,,,,MOTILALAMC - MOMIDMTM,64.19,64.48,63.79,64.03,64.15,63.90,,64.03,,,29095,1860345.14,266,F1,1,,,,,
2026-09-21,2026-09-21,CM,NSE,STK,760054,INF247L01GK1,MOMNC,EQ,,,,,MOTILALAMC - MOMNC,31.73,31.73,31.52,31.65,31.64,31.54,,31.65,,,5469,172780.21,19,F1,1,,,,,
2026-09-21,2026-09-21,CM,NSE,STK,8182,INF247L01BK2,MOMOMENTUM,EQ,,,,,MOTILALAMC - MOMOMENTUM,61.81,61.81,61.28,61.32,61.28,61.55,,61.32,,,53672,3295288.36,407,F1,1,,,,,
2026-09-21,2026-09-21,CM,NSE,STK,756900,INF247L01FC0,MON50EQUAL,EQ,,,,,MOTILALAMC - MON50EQUAL,32.48,33.29,32.39,32.66,32.68,32.37,,32.66,,,15791,513936.52,76,F1,1,,,,,
2026-09-21,2026-09-21,CM,NSE,STK,757167,INF247L01FD8,MONEXT50,EQ,,,,,MOTILALAMC - MONEXT50,72.71,72.71,71.87,72.25,72.25,72.35,,72.25,,,1952,140801.19,57,F1,1,,,,,
2026-09-21,2026-09-21,CM,NSE,STK,759371,INF247L01GG9,MONIFTY100,EQ,,,,,MOTILALAMC - MONIFTY100,24.83,25.60,24.63,24.82,24.88,24.83,,24.82,,,7639,189188.66,85,F1,1,,,,,
2026-09-21,2026-09-21,CM,NSE,STK,19237,INF247L01BU1,MONIFTY500,EQ,,,,,MOTILALAMC - MONIFTY500,24.03,24.03,22.98,23.47,23.50,23.45,,23.47,,,427282,10020098.15,1446,F1,1,,,,,
2026-09-21,2026-09-21,CM,NSE,STK,7422,INF247L01AU3,MONQ50,EQ,,,,,MOTILALAMC - MONQ50,386.39,471.99,317.04,317.04,317.04,396.30,,316.92,,,4302943,1589950676.91,35152,F1,1,,,,,
2026-09-21,2026-09-21,CM,NSE,STK,764405,INF247L01HH5,MOOILGAS,EQ,,,,,MOTILALAMC - MOOILGAS,11.17,11.37,10.97,11.05,11.05,10.98,,11.05,,,2234,24618.00,53,F1,1,,,,,
2026-09-21,2026-09-21,CM,NSE,STK,757431,INF247L01FO5,MOPSE,EQ,,,,,MOTILALAMC - MOPSE,98.73,101.30,97.78,101.30,101.30,98.73,,101.30,,,1207,118344.14,16,F1,1,,,,,
2026-09-21,2026-09-21,CM,NSE,STK,10822,INF247L01BH8,MOQUALITY,EQ,,,,,MOTILALAMC - MOQUALITY,194.50,199.98,193.18,193.74,193.18,194.50,,193.60,,,754,146215.39,40,F1,1,,,,,
2026-09-21,2026-09-21,CM,NSE,STK,23184,INF247L01CI4,MOREALTY,EQ,,,,,MOTILALAMC - MOREALTY,85.27,85.90,84.54,85.65,85.56,85.27,,85.65,,,343110,29376697.42,1499,F1,1,,,,,
2026-09-21,2026-09-21,CM,NSE,STK,760001,INF247L01GJ3,MOSERVICE,EQ,,,,,MOTILALAMC - MOSERVICE,30.29,30.43,30.20,30.43,30.43,30.35,,30.43,,,1352,40942.89,20,F1,1,,,,,
2026-09-21,2026-09-21,CM,NSE,STK,758457,INF247L01FZ1,MOSILVER,EQ,,,,,MOTILALAMC - MOSILVER,231.98,231.98,228.91,229.59,230.00,231.30,,229.60,,,24559,5641365.25,458,F1,1,,,,,
2026-09-21,2026-09-21,CM,NSE,STK,23181,INF247L01CH6,MOSMALL250,EQ,,,,,MOTILALAMC - MOSMALL250,18.87,18.87,18.11,18.36,18.39,18.41,,18.36,,,660816,12163984.28,2431,F1,1,,,,,
2026-09-21,2026-09-21,CM,NSE,STK,757443,INF247L01FP2,MOTOUR,EQ,,,,,MOTILALAMC - MOTOUR,79.29,79.29,77.71,78.01,78.00,77.95,,78.01,,,32523,2553447.81,180,F1,1,,,,,
2026-09-21,2026-09-21,CM,NSE,STK,10825,INF247L01BE5,MOVALUE,EQ,,,,,MOTILALAMC - MOVALUE,111.46,111.83,110.48,110.66,110.50,110.91,,110.66,,,22034,2441958.41,567,F1,1,,,,,
2026-09-21,2026-09-21,CM,NSE,STK,20788,INE0FRK01020,MOTISONS,EQ,,,,,MOTISONS JEWELLERS LTD,18.25,18.60,17.70,17.94,18.00,18.30,,17.94,,,44194528,802404434.70,50744,F1,1,,,,,
2026-09-21,2026-09-21,CM,NSE,STK,2268,INE861B01023,MOTOGENFIN,EQ,,,,,MOTOR & GENERAL FINANCE L,26.99,28.84,25.71,26.45,26.31,26.19,,26.45,,,202867,5527134.17,862,F1,1,,,,,
2026-09-21,2026-09-21,CM,NSE,STK,13502,INE0N6D01014,MOXSH,SM,,,,,MOXSH OVERSEAS EDUCON LTD,93.50,93.50,88.50,93.50,93.50,90.50,,93.50,,,4800,440800.00,3,F1,1600,,,,,
2026-09-21,2026-09-21,CM,NSE,STK,765138,INE493H01014,MPDL,BE,,,,,MPDL LTD.,30.00,30.00,30.00,30.00,30.00,30.00,,29.25,,,231,6930.00,3,F1,1,,,,,
2026-09-21,2026-09-21,CM,NSE,STK,4503,INE356A01018,MPHASIS,EQ,,,,,MPHASIS LIMITED,2300.40,2313.70,2257.10,2296.20,2296.20,2300.40,,2296.21,,,206512,472656886.40,22931,F1,1,,,,,
2026-09-21,2026-09-21,CM,NSE,STK,10578,INE943D01017,MPSLTD,EQ,,,,,MPS LIMITED,2667.00,2676.80,2595.40,2617.20,2655.00,2667.30,,2617.39,,,8887,23347645.40,1825,F1,1,,,,,
2026-09-21,2026-09-21,CM,NSE,STK,2277,INE883A01011,MRF,EQ,,,,,MRF LTD,125780.00,125780.00,124700.00,124855.00,124860.00,125670.00,,124854.70,,,2449,306251300.00,1940,F1,1,,,,,
2026-09-21,2026-09-21,CM,NSE,STK,2283,INE103A01014,MRPL,EQ,,,,,MRPL,167.45,170.37,165.50,167.03,167.20,165.38,,166.97,,,4653785,781307766.14,33325,F1,1,,,,,
2026-09-21,2026-09-21,CM,NSE,STK,1628,INE495P01020,BECTORFOOD,EQ,,,,,MRS BECTORS FOOD SPE LTD,221.55,229.02,219.10,225.68,226.15,221.55,,225.68,,,1086317,243853789.83,20222,F1,1,,,,,
2026-09-21,2026-09-21,CM,NSE,STK,11919,INE752G01015,MSPL,EQ,,,,,MSP STEEL & POWER LTD.,34.20,34.20,32.80,33.28,33.18,34.15,,33.28,,,384149,12773614.97,2693,F1,1,,,,,
2026-09-21,2026-09-21,CM,NSE,STK,9356,INE255X01014,MSTCLTD,EQ,,,,,MSTC LIMITED,724.05,735.00,700.00,729.85,733.00,724.05,,729.83,,,155179,112725312.95,7773,F1,1,,,,,
2026-09-21,2026-09-21,CM,NSE,STK,31413,INE472M01018,MTEDUCARE,BE,,,,,MT EDUCARE LTD,1.77,1.77,1.61,1.70,1.76,1.69,,1.70,,,37214,63076.38,56,F1,1,,,,,
2026-09-21,2026-09-21,CM,NSE,STK,2715,INE864I01014,MTARTECH,BE,,,,,MTAR TECHNOLOGIES LIMITED,7124.00,7155.00,6980.00,7015.50,7011.00,7202.00,,7015.86,,,48848,344099573.50,14106,F1,1,,,,,
2026-09-21,2026-09-21,CM,NSE,STK,19783,INE08KJ01020,MUFIN,EQ,,,,,MUFIN GREEN FINANCE LTD,133.73,134.19,131.40,132.17,131.41,133.45,,132.17,,,335463,44512249.08,2006,F1,1,,,,,
2026-09-21,2026-09-21,CM,NSE,STK,11325,INE304A01026,MUKANDLTD,EQ,,,,,MUKAND LTD.,134.44,137.00,133.40,136.03,137.00,134.78,,136.02,,,55661,7517780.42,1132,F1,1,,,,,
2026-09-21,2026-09-21,CM,NSE,STK,764788,INE596B01017,MUKESHB,EQ,,,,,MUKESH BABU FINANC SER L,127.00,127.00,126.35,126.42,126.35,133.00,,126.61,,,18,2275.60,3,F1,1,,,,,
2026-09-21,2026-09-21,CM,NSE,STK,22981,INE0CG401037,MUKKA,BE,,,,,MUKKA PROTEINS LIMITED,26.47,28.27,26.47,28.25,28.27,26.93,,28.25,,,329305,9092478.39,1390,F1,1,,,,,
2026-09-21,2026-09-21,CM,NSE,STK,8691,INE374B01019,MUKTAARTS,BE,,,,,MUKTA ARTS LIMITED,57.92,57.92,56.01,56.10,56.10,57.92,,56.10,,,1434,81610.21,13,F1,1,,,,,
2026-09-21,2026-09-21,CM,NSE,STK,31181,INE745G01043,MCX,EQ,,,,,MULTI COMMODITY EXCHANGE,3250.00,3268.00,3155.50,3209.00,3209.00,3260.00,,3208.90,,,1267161,4068810628.60,61554,F1,1,,,,,
2026-09-21,2026-09-21,CM,NSE,STK,759416,INE1K8Y01018,MUNISH,SM,,,,,MUNISH FORGE LIMITED,98.70,98.70,93.10,95.45,96.95,92.65,,95.45,,,8400,800220.00,7,F1,1200,,,,,
2026-09-21,2026-09-21,CM,NSE,STK,13511,INE672B01032,MUNJALAU,EQ,,,,,MUNJAL AUTO IND. LTD.,103.99,106.41,103.16,105.71,105.51,103.99,,105.72,,,274319,28820514.31,5784,F1,1,,,,,
2026-09-21,2026-09-21,CM,NSE,STK,2307,INE577A01027,MUNJALSHOW,EQ,,,,,MUNJAL SHOWA LTD,127.20,129.00,125.04,128.53,128.99,125.80,,128.53,,,22362,2851477.78,466,F1,1,,,,,
2026-09-21,2026-09-21,CM,NSE,STK,2313,INE692B01014,MURUDCERA,EQ,,,,,MURUDESHWAR CERAMICS LTD,28.12,28.99,27.50,28.30,28.50,28.26,,28.35,,,33166,939986.84,332,F1,1,,,,,
2026-09-21,2026-09-21,CM,NSE,STK,19877,INE919I01024,RADIOCITY,EQ,,,,,MUSIC BROADCAST LIMITED,6.20,6.20,6.01,6.02,6.02,6.01,,6.02,,,25723,155478.90,98,F1,1,,,,,
2026-09-21,2026-09-21,CM,NSE,STK,10415,INE296G01013,MUTHOOTCAP,EQ,,,,,MUTHOOT CAP SERV LTD,233.80,233.99,228.03,228.87,229.13,234.28,,228.87,,,8660,1995131.17,512,F1,1,,,,,
2026-09-21,2026-09-21,CM,NSE,STK,23650,INE414G01012,MUTHOOTFIN,EQ,,,,,MUTHOOT FINANCE LIMITED,2826.00,2874.20,2814.00,2854.20,2854.20,2841.10,,2854.25,,,433892,1236439520.90,41757,F1,1,,,,,
2026-09-21,2026-09-21,CM,NSE,STK,20831,INE046W01019,MUTHOOTMF,EQ,,,,,MUTHOOT MICROFIN LIMITED,192.80,195.00,187.30,188.75,189.00,189.28,,188.70,,,130793,24778670.68,3406,F1,1,,,,,
2026-09-21,2026-09-21,CM,NSE,STK,764397,INE0OWZ01020,MVELECTRO,EQ,,,,,MV ELECTROSYSTEMS LIMITED,837.85,916.00,817.15,882.20,878.00,832.75,,882.22,,,4254269,3727217335.55,109758,F1,1,,,,,
2026-09-21,2026-09-21,CM,NSE,STK,25208,INE0RVQ01016,MYMUDRA,SM,,,,,MY MUDRA FINCORP LIMITED,68.00,69.70,59.00,61.30,60.05,64.50,,61.30,,,18000,1142160.00,13,F1,1200,,,,,
2026-09-21,2026-09-21,CM,NSE,STK,8220,INE741A01011,MYSORPETRO,BE,,,,,MYSORE PETRO CHEMICALS L,123.60,129.90,123.60,129.32,129.40,129.99,,129.67,,,3757,470022.41,58,F1,1,,,,,
2026-09-21,2026-09-21,CM,NSE,STK,20314,INE740D01017,NRAIL,EQ,,,,,N R AGARWAL INDS LTD,625.20,643.90,612.40,627.15,619.90,625.20,,627.20,,,12067,7516393.15,992,F1,1,,,,,
2026-09-21,2026-09-21,CM,NSE,STK,757489,INE104101014,NRVANDANA,SM,,,,,N R VANDANA TEX IND LTD,70.50,71.50,70.25,71.25,71.00,70.00,,71.25,,,105000,7432500.00,8,F1,3000,,,,,
2026-09-21,2026-09-21,CM,NSE,STK,764798,INE920C01017,NTCIND,EQ,,,,,N T C INDUSTRIES LTD.,132.85,135.00,130.00,130.68,130.00,132.85,,130.69,,,2096,278228.82,52,F1,1,,,,,
2026-09-21,2026-09-21,CM,NSE,STK,19111,INE365I01020,NBIFIN,EQ,,,,,N.B.I. IND. FIN. CO. LTD,1960.90,1998.40,1920.00,1945.00,1945.00,1970.80,,1945.00,,,6083,11762972.30,38,F1,1,,,,,
2026-09-21,2026-09-21,CM,NSE,STK,20425,INE295D01020,NACLIND,EQ,,,,,NACL INDUSTRIES LIMITED,150.30,151.39,143.16,143.90,144.00,146.75,,143.90,,,523366,76071010.31,9106,F1,1,,,,,
2026-09-21,2026-09-21,CM,NSE,STK,18371,INE756C01015,NDGL,EQ,,,,,NAGA DHUNSERI GROUP LTD,2690.00,2720.00,2500.00,2580.60,2585.00,2649.50,,2580.60,,,285,736888.00,72,F1,1,,,,,
2026-09-21,2026-09-21,CM,NSE,STK,13060,INE454M01024,NAGAFERT,BZ,,,,,NAGARJUN FERT AND CHE LTD,1.77,1.77,1.77,1.77,1.77,1.86,,1.77,,,390582,691330.14,473,F1,1,,,,,
2026-09-21,2026-09-21,CM,NSE,STK,14942,INE245I01016,NAGREEKCAP,EQ,,,,,NAGREEKA CAP & INFR.LTD,28.19,29.78,27.21,29.06,28.75,28.19,,29.05,,,62641,1820184.16,432,F1,1,,,,,
2026-09-21,2026-09-21,CM,NSE,STK,14702,INE123B01028,NAGREEKEXP,EQ,,,,,NAGREEKA EXPORTS LTD.,21.17,21.84,21.07,21.65,21.67,21.13,,21.65,,,970,21021.02,26,F1,1,,,,,
2026-09-21,2026-09-21,CM,NSE,STK,15360,INE049I01012,NAHARCAP,EQ,,,,,NAHAR CAP & FIN.,245.90,256.30,245.00,255.75,255.90,247.50,,255.56,,,386,97390.60,49,F1,1,,,,,
2026-09-21,2026-09-21,CM,NSE,STK,13106,INE289A01011,NAHARINDUS,EQ,,,,,NAHAR INDS ENT LTD,131.00,136.99,130.15,131.70,131.85,131.29,,131.73,,,35091,4665466.75,678,F1,1,,,,,
2026-09-21,2026-09-21,CM,NSE,STK,14445,INE308A01027,NAHARPOLY,EQ,,,,,NAHAR POLY FILMS LIMITED,227.00,229.30,221.90,223.41,222.95,227.02,,223.29,,,5331,1202777.32,559,F1,1,,,,,
2026-09-21,2026-09-21,CM,NSE,STK,14440,INE290A01027,NAHARSPING,EQ,,,,,NAHAR SPINNING MILLS LTD.,269.20,282.75,268.00,279.90,282.75,269.20,,279.86,,,24459,6745667.30,859,F1,1,,,,,
2026-09-21,2026-09-21,CM,NSE,STK,5401,INE236Y01012,NGIL,EQ,,,,,NAKODA GROUP OF IND. LTD,39.50,40.99,38.00,38.16,38.50,38.04,,38.16,,,54121,2126530.82,312,F1,1,,,,,
2026-09-21,2026-09-21,CM,NSE,STK,11239,INE023A01030,NSIL,EQ,,,,,NALWA SONS INVESTMENT LTD,5501.00,5585.00,5487.00,5527.00,5550.00,5507.50,,5526.79,,,1399,7735594.50,322,F1,1,,,,,
2026-09-21,2026-09-21,CM,NSE,STK,23379,INE0RJM01010,NAMAN,SM,,,,,NAMAN INDUSTRE PRXIMA LTD,40.00,40.00,40.00,40.00,40.00,38.10,,40.00,,,800,32000.00,1,F1,800,,,,,
2026-09-21,2026-09-21,CM,NSE,STK,25167,INE08NZ01012,NAMOEWASTE,SM,,,,,NAMO EWASTE MANAGEMENT L,270.95,270.95,260.15,263.80,263.70,270.95,,263.80,,,17600,4667160.00,22,F1,800,,,,,
2026-09-21,2026-09-21,CM,NSE,STK,31258,INE875G01048,NDL,EQ,,,,,NANDAN DENIM LIMITED,2.77,2.84,2.74,2.79,2.76,2.78,,2.79,,,839999,2320928.29,1226,F1,1,,,,,
2026-09-21,2026-09-21,CM,NSE,STK,5516,INE696V01013,JAIPURKURT,EQ,,,,,NANDANI CREATION LIMITED,24.85,25.00,24.21,24.90,24.90,24.85,,24.90,,,2845,69536.66,34,F1,1,,,,,
2026-09-21,2026-09-21,CM,NSE,STK,11840,INE410P01011,NH,EQ,,,,,NARAYANA HRUDAYALAYA LTD.,1918.90,1932.90,1896.00,1896.90,1905.00,1928.50,,1896.86,,,78926,150751095.90,10447,F1,1,,,,,
2026-09-21,2026-09-21,CM,NSE,STK,11627,INE117Z01029,NARMADA,EQ,,,,,NARMADA AGROBASE LIMITED,13.70,14.00,13.46,13.47,13.60,13.72,,13.47,,,425194,5756317.37,761,F1,1,,,,,
2026-09-21,2026-09-21,CM,NSE,STK,3918,INE987B01026,NATCOPHARM,EQ,,,,,NATCO PHARMA LTD.,817.20,818.95,806.05,816.30,815.00,813.40,,816.31,,,451347,366621627.50,39279,F1,1,,,,,
2026-09-21,2026-09-21,CM,NSE,STK,11065,INE448G01010,NATHBIOGEN,EQ,,,,,NATH BIO-GENES (I) LTD,149.00,152.90,145.02,151.80,152.90,147.34,,151.82,,,109938,16200419.18,299,F1,1,,,,,
2026-09-21,2026-09-21,CM,NSE,STK,6364,INE139A01034,NATIONALUM,EQ,,,,,NATIONAL ALUMINIUM CO LTD,355.30,357.40,351.55,352.50,352.50,350.50,,352.50,,,2961381,1047183749.35,41909,F1,1,,,,,
2026-09-21,2026-09-21,CM,NSE,STK,13925,INE870D01012,NFL,EQ,,,,,NATIONAL FERT. LTD,66.79,67.66,66.54,66.83,66.85,66.79,,66.83,,,479142,32100822.15,3261,F1,1,,,,,
2026-09-21,2026-09-21,CM,NSE,STK,6531,INE0H7R23014,NHIT,IV,,,,,NATIONAL HIGHW INFRA TRUS,171.00,171.00,171.00,171.00,171.00,171.00,,171.00,,,25000,4275000.00,1,F1,25000,,,,,
2026-09-21,2026-09-21,CM,NSE,STK,762807,INE166R01015,NATIONSTD,EQ,,,,,NATIONAL STAND (INDIA) L,108.60,115.00,108.60,114.76,114.50,109.94,,114.81,,,14633,1646565.48,403,F1,1,,,,,
2026-09-21,2026-09-21,CM,NSE,STK,29588,INE936B01015,NATCAPSUQ,BE,,,,,NATURAL CAPSULES LIMITED,171.58,172.05,165.00,167.16,167.00,171.58,,167.38,,,5881,994805.52,102,F1,1,,,,,
2026-09-21,2026-09-21,CM,NSE,STK,4014,INE725A01030,NAVA,EQ,,,,,NAVA LIMITED,562.40,566.90,553.50,554.65,556.00,562.30,,554.64,,,189000,105393500.55,11096,F1,1,,,,,
2026-09-21,2026-09-21,CM,NSE,STK,14672,INE048G01026,NAVINFLUOR,EQ,,,,,NAVIN FLUORINE INT. LTD,8590.00,8594.00,8405.00,8486.50,8470.00,8590.00,,8486.49,,,99240,841481629.50,19241,F1,1,,,,,
2026-09-21,2026-09-21,CM,NSE,STK,10557,INE278M01019,NAVKARCORP,EQ,,,,,NAVKAR CORPORATION LTD.,88.91,89.49,87.82,88.58,88.57,88.91,,88.59,,,222333,19699566.85,2676,F1,1,,,,,
2026-09-21,2026-09-21,CM,NSE,STK,29146,INE268H01044,NAVKARURB,EQ,,,,,NAVKAR URBANSTRUCTURE LTD,0.85,0.87,0.82,0.87,0.87,0.83,,0.88,,,546782,471288.85,199,F1,1,,,,,
2026-09-21,2026-09-21,CM,NSE,STK,2385,INE060A01024,NAVNETEDUL,EQ,,,,,NAVNEET EDUCATION LTD,126.41,128.00,125.42,126.82,126.45,126.89,,126.84,,,139117,17562702.20,1837,F1,1,,,,,
2026-09-21,2026-09-21,CM,NSE,STK,2987,INE418L01047,NAZARA,EQ,,,,,NAZARA TECHNOLOGIES LTD,370.20,372.70,366.20,367.25,367.10,369.35,,367.25,,,444543,164105817.90,8820,F1,1,,,,,
2026-09-21,2026-09-21,CM,NSE,STK,31415,INE095N01031,NBCC,EQ,,,,,NBCC (INDIA) LIMITED,83.10,84.07,82.91,83.15,83.15,82.40,,83.14,,,4386703,365798927.53,27639,F1,1,,,,,
2026-09-21,2026-09-21,CM,NSE,STK,2319,INE868B01028,NCC,EQ,,,,,NCC LIMITED,137.00,139.42,135.69,136.03,135.97,137.13,,136.03,,,3358897,462516952.91,35070,F1,1,,,,,
2026-09-21,2026-09-21,CM,NSE,STK,14490,INE732C01016,NCLIND,EQ,,,,,NCL INDUSTRIES LIMITED,174.66,178.00,174.62,175.68,175.10,174.66,,175.68,,,20336,3580228.76,563,F1,1,,,,,
2026-09-21,2026-09-21,CM,NSE,STK,14547,INE353A01023,NDLVENTURE,EQ,,,,,NDL VENTURES LIMITED,125.95,126.00,122.10,124.64,123.30,123.00,,124.64,,,3793,470479.38,106,F1,1,,,,,
2026-09-21,2026-09-21,CM,NSE,STK,22255,INE07OG01012,NDRAUTO,EQ,,,,,NDR AUTO COMPONENTS LTD,725.95,740.00,724.05,732.20,734.00,726.00,,732.29,,,30458,22359684.95,1385,F1,1,,,,,
2026-09-21,2026-09-21,CM,NSE,STK,22680,INE0Q7Q23015,NDRINVIT,IV,,,,,NDR INVIT TRUST,145.00,145.00,145.00,145.00,145.00,145.50,,145.00,,,50000,7250000.00,2,F1,25000,,,,,
2026-09-21,2026-09-21,CM,NSE,STK,11427,INE155G01029,NDTV,EQ,,,,,NDTV LTD,71.75,72.49,71.17,71.57,71.50,71.72,,71.55,,,42775,3068714.16,818,F1,1,,,,,
2026-09-21,2026-09-21,CM,NSE,STK,11927,INE023H01027,NECLIFE,EQ,,,,,NECTAR LIFESCIENCES LTD.,10.99,11.20,10.85,10.93,10.90,10.98,,10.93,,,97081,1064503.63,374,F1,1,,,,,
2026-09-21,2026-09-21,CM,NSE,STK,27123,INE0N1401016,NEELAM,SM,,,,,NEELAM LINENS & GAR (I) L,6.80,7.35,6.70,7.35,7.35,7.00,,7.35,,,54000,387900.00,6,F1,6000,,,,,
2026-09-21,2026-09-21,CM,NSE,STK,762812,INE605D01012,NEAGI,EQ,,,,,NEELAMALAI AGRO INDS. L,3291.50,3470.00,3291.50,3470.00,3470.00,3308.00,,3470.00,,,2,6761.50,2,F1,1,,,,,
2026-09-21,2026-09-21,CM,NSE,STK,14761,INE189I01024,NELCAST,EQ,,,,,NELCAST LIMITED,108.80,108.89,107.00,107.57,107.06,108.34,,107.57,,,38639,4163718.65,747,F1,1,,,,,
2026-09-21,2026-09-21,CM,NSE,STK,2388,INE045B01015,NELCO,EQ,,,,,NELCO LTD,1009.00,1019.45,982.00,986.35,983.55,1011.85,,986.31,,,192418,191982500.60,8714,F1,1,,,,,
2026-09-21,2026-09-21,CM,NSE,STK,760928,INE21UM01018,NEOCHEM,SM,,,,,NEOCHEM BIO SOLUTIONS LTD,107.00,111.00,104.35,105.00,105.00,108.00,,105.00,,,39600,4260720.00,21,F1,1200,,,,,
2026-09-21,2026-09-21,CM,NSE,STK,9917,INE136S01016,NEOGEN,EQ,,,,,NEOGEN CHEMICALS LIMITED,2499.70,2499.70,2334.00,2359.80,2364.00,2488.40,,2359.74,,,392319,931226521.00,31049,F1,1,,,,,
2026-09-21,2026-09-21,CM,NSE,STK,24350,INE0SUN01013,NEPHROCARE,SM,,,,,NEPHRO CARE INDIA LIMITED,96.00,96.00,92.30,93.25,93.10,93.75,,93.25,,,17200,1624640.00,37,F1,400,,,,,
2026-09-21,2026-09-21,CM,NSE,STK,760346,INE428V01029,NEPHROPLUS,EQ,,,,,NEPHROCARE HEALTH SERV L,747.05,759.80,735.20,751.60,751.15,743.35,,751.60,,,144405,108323623.75,14025,F1,1,,,,,
2026-09-21,2026-09-21,CM,NSE,STK,757493,INE156901014,NEPTUNE,SM,,,,,NEPTUNE PETROCHEMICALS L,173.20,178.00,173.10,177.95,177.95,177.90,,177.95,,,4500,792675.00,9,F1,500,,,,,
2026-09-21,2026-09-21,CM,NSE,STK,15409,INE317F01035,NESCO,EQ,,,,,NESCO LTD.,1106.70,1115.40,1075.60,1081.90,1079.90,1111.30,,1081.95,,,36766,40192488.40,3331,F1,1,,,,,
2026-09-21,2026-09-21,CM,NSE,STK,17963,INE239A01024,NESTLEIND,EQ,,,,,NESTLE INDIA LIMITED,1360.00,1390.00,1360.00,1385.00,1385.00,1372.40,,1385.04,,,573071,789446163.30,29638,F1,1,,,,,
2026-09-21,2026-09-21,CM,NSE,STK,20406,INE518X01015,CBAZAAR,SM,,,,,NET AVENUE TECHNOLOGIES L,4.60,4.60,4.60,4.60,4.60,4.70,,4.60,,,8000,36800.00,1,F1,8000,,,,,
2026-09-21,2026-09-21,CM,NSE,STK,17433,INE0NT901020,NETWEB,EQ,,,,,NETWEB TECH INDIA LTD,4683.50,4744.00,4610.50,4718.00,4722.00,4664.50,,4717.99,,,888237,4173234600.50,72447,F1,1,,,,,
2026-09-21,2026-09-21,CM,NSE,STK,756324,INE0FFK01017,NPST,EQ,,,,,NETWORK PEOPLE SRV TECH L,1820.00,1841.80,1770.00,1789.60,1795.00,1828.50,,1789.70,,,67676,121441889.40,7263,F1,1,,,,,
2026-09-21,2026-09-21,CM,NSE,STK,14111,INE870H01013,NETWORK18,EQ,,,,,NETWORK18 MEDIA & INV LTD,27.20,27.32,26.56,26.79,26.78,27.00,,26.79,,,2783445,74798984.54,7025,F1,1,,,,,
2026-09-21,2026-09-21,CM,NSE,STK,30554,INE333I01044,NEUEON,BE,,,,,NEUEON CORPORATION LTD,11.12,11.85,11.12,11.85,11.85,11.29,,12.06,,,15852,185670.03,37,F1,1,,,,,
2026-09-21,2026-09-21,CM,NSE,STK,2406,INE794A01010,NEULANDLAB,EQ,,,,,NEULAND LAB LTD.,22810.00,23050.00,22505.00,22610.00,22690.00,22840.00,,22609.91,,,54186,1227700035.00,13492,F1,1,,,,,
2026-09-21,2026-09-21,CM,NSE,STK,1164,INE619B01017,NEWGEN,EQ,,,,,NEWGEN SOFTWARE TECH LTD,493.80,497.00,487.85,494.10,492.00,497.30,,493.99,,,382959,188154634.85,14914,F1,1,,,,,
2026-09-21,2026-09-21,CM,NSE,STK,19161,INE0PW501021,NEWJAISA,ST,,,,,NEWJAISA TECHNOLOGIES LTD,17.40,17.55,17.40,17.55,17.55,18.00,,17.55,,,6000,104775.00,3,F1,1500,,,,,
2026-09-21,2026-09-21,CM,NSE,STK,28801,INE0TP801012,NMSTEEL,SM,,,,,NEWMALAYALAM STEEL LTD,22.50,22.50,22.50,22.50,22.50,22.50,,22.50,,,1600,36000.00,1,F1,1600,,,,,
2026-09-21,2026-09-21,CM,NSE,STK,9867,INE747B01016,NEXTMEDIA,EQ,,,,,NEXT MEDIAWORKS LIMITED,3.82,3.88,3.75,3.82,3.88,3.82,,3.82,,,4591,17546.48,41,F1,1,,,,,
2026-09-21,2026-09-21,CM,NSE,STK,15815,INE0NDH25011,NXST,RR,,,,,NEXUS SELECT TRUST,167.94,167.97,165.90,166.18,165.90,166.35,,166.18,,,477688,79640666.36,6865,F1,1,,,,,
2026-09-21,2026-09-21,CM,NSE,STK,763536,INE0T1501010,NFPSAMPOOR,SM,,,,,NFP SAMPOORNA FOODS LTD,22.10,23.00,22.10,22.55,23.00,21.50,,22.55,,,4000,90200.00,2,F1,2000,,,,,
2026-09-21,2026-09-21,CM,NSE,STK,10277,INE887E01022,NGLFINE,EQ,,,,,NGL FINE CHEM LIMITED,2769.00,2799.90,2706.20,2731.60,2731.00,2768.20,,2731.57,,,3252,8945235.90,897,F1,1,,,,,
2026-09-21,2026-09-21,CM,NSE,STK,1765,INE557F07181,893NHB29,N6,,,,,NHB 8.93 NCD TR II SR 2 B,5580.00,5580.00,5580.00,5580.00,5580.00,5578.00,,5580.00,,,6,33480.00,2,F1,1,,,,,
2026-09-21,2026-09-21,CM,NSE,STK,17400,INE848E01016,NHPC,EQ,,,,,NHPC LTD,76.17,76.69,75.54,75.80,75.80,76.95,,75.80,,,10406252,790226970.16,26890,F1,1,,,,,
2026-09-21,2026-09-21,CM,NSE,STK,29487,INE149O01018,NIBE,EQ,,,,,NIBE LIMITED,1350.00,1413.00,1350.00,1371.10,1372.50,1287.00,,1371.17,,,286554,395590001.60,14906,F1,1,,,,,
2026-09-21,2026-09-21,CM,NSE,STK,764793,INE653C01022,NICCOPAR,EQ,,,,,NICCO PARKS & RESORTS LTD,80.50,82.99,80.00,82.10,82.10,80.45,,82.00,,,203,16546.07,16,F1,1,,,,,
2026-09-21,2026-09-21,CM,NSE,STK,6592,INE0J6L01013,NIDAN,SM,,,,,NIDAN LABS AND HEALTH LTD,13.75,13.75,13.05,13.40,13.40,13.40,,13.40,,,5000,67400.00,5,F1,1000,,,,,
2026-09-21,2026-09-21,CM,NSE,STK,17747,INE342G01023,NIITMTS,EQ,,,,,NIIT LEARNING SYSTEMS LTD,217.16,219.00,214.26,215.26,214.50,217.16,,215.26,,,98518,21285488.23,5618,F1,1,,,,,
2026-09-21,2026-09-21,CM,NSE,STK,11522,INE161A01038,NIITLTD,EQ,,,,,NIIT LIMITED,91.57,91.57,89.77,90.56,90.50,91.57,,90.56,,,129190,11721809.36,2329,F1,1,,,,,
2026-09-21,2026-09-21,CM,NSE,STK,758178,INE0FLF01015,NIKITA,SM,,,,,NIKITA GRENTEC RECYCL LTD,65.50,65.50,63.00,64.00,64.00,66.60,,64.00,,,19200,1229460.00,15,F1,1200,,,,,
2026-09-21,2026-09-21,CM,NSE,STK,9253,INE937C01029,NILAINFRA,EQ,,,,,NILA INFRASTRUCTURES LTD,6.63,6.72,6.51,6.62,6.60,6.63,,6.62,,,89195,590147.83,475,F1,1,,,,,
2026-09-21,2026-09-21,CM,NSE,STK,7411,INE00S901012,NILASPACES,EQ,,,,,NILA SPACES LIMITED,12.62,12.62,12.07,12.12,12.18,12.30,,12.12,,,1440599,17609852.14,3054,F1,1,,,,,
2026-09-21,2026-09-21,CM,NSE,STK,762817,INE445D01013,NILE,EQ,,,,,NILE LTD.,1450.00,1471.90,1450.00,1458.60,1451.10,1462.20,,1459.11,,,1251,1828712.30,215,F1,1,,,,,
2026-09-21,2026-09-21,CM,NSE,STK,2421,INE310A01015,NILKAMAL,EQ,,,,,NILKAMAL LIMITED,1878.10,1914.70,1832.10,1888.60,1885.10,1887.50,,1888.55,,,37771,71153495.70,5236,F1,1,,,,,
2026-09-21,2026-09-21,CM,NSE,STK,761720,INE875B01015,NIMBSPROJ,EQ,,,,,NIMBUS PROJECTS LIMITED,185.46,194.73,176.19,186.85,186.25,185.46,,186.86,,,31986,6047972.00,371,F1,1,,,,,
2026-09-21,2026-09-21,CM,NSE,STK,14194,INE395U01014,NINSYS,EQ,,,,,NINTEC SYSTEMS LIMITED,707.50,726.70,707.10,713.90,714.45,707.50,,713.90,,,2165,1547688.55,306,F1,1,,,,,
2026-09-21,2026-09-21,CM,NSE,STK,11439,INF204KB15I9,BANKBEES,EQ,,,,,NIP IND ETF BANK BEES,575.30,586.50,575.30,585.29,585.00,583.58,,585.29,,,362471,212031730.90,4932,F1,1,,,,,
2026-09-21,2026-09-21,CM,NSE,STK,2435,INF204KA1LD7,CONSUMBEES,EQ,,,,,NIP IND ETF CONSUMPTION,127.55,128.74,127.04,128.50,128.00,128.32,,128.50,,,52804,6781803.43,832,F1,1,,,,,
2026-09-21,2026-09-21,CM,NSE,STK,2636,INF204KA1MS3,DIVOPPBEES,EQ,,,,,NIP IND ETF DIV OPP,75.45,75.45,73.88,74.93,75.00,74.71,,74.93,,,21581,1611405.77,748,F1,1,,,,,
2026-09-21,2026-09-21,CM,NSE,STK,9847,INF204KB18I3,NV20BEES,EQ,,,,,NIP IND ETF ETF NV20,135.38,136.50,135.11,136.18,136.50,135.32,,136.18,,,248722,33726629.78,317,F1,1,,,,,
2026-09-21,2026-09-21,CM,NSE,STK,14428,INF204KB17I5,GOLDBEES,EQ,,,,,NIP IND ETF GOLD BEES,126.64,126.64,125.41,125.57,125.65,126.48,,125.57,,,19462259,2447046868.54,101271,F1,1,,,,,
2026-09-21,2026-09-21,CM,NSE,STK,18284,INF204KB19I1,HNGSNGBEES,EQ,,,,,NIP IND ETF HANGSENG BEES,474.88,474.88,461.70,463.13,463.50,463.30,,463.14,,,72356,33600205.77,3812,F1,1,,,,,
2026-09-21,2026-09-21,CM,NSE,STK,20072,INF732E01268,INFRABEES,EQ,,,,,NIP IND ETF INFRA BEES,935.62,941.87,934.00,936.29,935.00,935.62,,936.29,,,11294,10572108.25,539,F1,1,,,,,
2026-09-21,2026-09-21,CM,NSE,STK,19084,INF204KB15V2,ITBEES,EQ,,,,,NIP IND ETF IT,31.76,32.17,31.47,32.12,32.15,31.94,,32.12,,,7886356,252103741.59,14752,F1,1,,,,,
2026-09-21,2026-09-21,CM,NSE,STK,10939,INF732E01045,JUNIORBEES,EQ,,,,,NIP IND ETF JUNIOR BEES,787.30,787.30,777.00,782.31,782.37,781.11,,782.31,,,240546,188134355.50,10186,F1,1,,,,,
2026-09-21,2026-09-21,CM,NSE,STK,11006,INF732E01037,LIQUIDBEES,EQ,,,,,NIP IND ETF LIQUID BEES,999.99,1000.01,999.99,1000.00,1000.00,999.99,,1000.00,,,6636668,6636718444.66,4086,F1,1,,,,,
2026-09-21,2026-09-21,CM,NSE,STK,17700,INF204KB1882,LTGILTBEES,EQ,,,,,NIP IND ETF LONGTERM GILT,29.03,30.27,29.03,29.75,29.74,29.78,,29.75,,,948555,28227538.00,724,F1,1,,,,,
2026-09-21,2026-09-21,CM,NSE,STK,8506,INF204KB1V68,MID150BEES,EQ,,,,,NIP IND ETF MIDCAP 150,239.85,239.85,235.02,236.51,236.55,236.52,,236.51,,,357778,84621940.87,6881,F1,1,,,,,
2026-09-21,2026-09-21,CM,NSE,STK,29577,INF204K014N5,NIF100BEES,EQ,,,,,NIP IND ETF NIFTY 100,259.00,261.53,254.20,260.86,260.21,260.72,,260.77,,,13331,3473733.00,555,F1,1,,,,,
2026-09-21,2026-09-21,CM,NSE,STK,10576,INF204KB14I2,NIFTYBEES,EQ,,,,,NIP IND ETF NIFTY BEES,267.80,267.98,265.62,267.76,267.85,266.53,,267.76,,,4153608,1110214584.29,42916,F1,1,,,,,
2026-09-21,2026-09-21,CM,NSE,STK,15032,INF204KB16I7,PSUBNKBEES,EQ,,,,,NIP IND ETF PSU BANK BEES,93.18,93.18,91.77,92.76,92.42,92.65,,92.75,,,1668788,154692074.99,4267,F1,1,,,,,
2026-09-21,2026-09-21,CM,NSE,STK,17044,INF732E01128,SHARIABEES,EQ,,,,,NIP IND ETF SHARIAH BEES,438.88,443.95,436.59,440.74,440.20,438.88,,440.68,,,4779,2101890.26,412,F1,1,,,,,
2026-09-21,2026-09-21,CM,NSE,STK,357,INE298J01013,NAM-INDIA,EQ,,,,,NIPPON L I A M LTD,1155.00,1158.00,1135.10,1146.70,1146.70,1155.00,,1146.70,,,654535,752772294.80,30412,F1,1,,,,,
2026-09-21,2026-09-21,CM,NSE,STK,757725,INF204KC1FU1,LIQGRWBEES,EQ,,,,,NIPPONAMC - LIQGRWBEES,1056.30,1056.32,1056.30,1056.31,1056.32,1056.18,,1056.31,,,425677,449651007.00,170,F1,1,,,,,
2026-09-21,2026-09-21,CM,NSE,STK,758667,INF204KC1GH6,MANUFGBEES,EQ,,,,,NIPPONAMC - MANUFGBEES,161.76,161.76,160.04,160.43,160.75,160.16,,160.43,,,6537,1048294.61,99,F1,1,,,,,
2026-09-21,2026-09-21,CM,NSE,STK,7880,INF204KC1337,AUTOBEES,EQ,,,,,NIPPONAMC - NETFAUTO,289.77,289.77,275.64,281.25,281.40,282.71,,281.25,,,119583,33687900.24,2192,F1,1,,,,,
2026-09-21,2026-09-21,CM,NSE,STK,4973,INF204KC1089,PHARMABEES,EQ,,,,,NIPPONAMC - NETFPHARMA,26.81,28.18,26.81,27.76,27.70,27.50,,27.76,,,9884121,274681068.23,11771,F1,1,,,,,
2026-09-21,2026-09-21,CM,NSE,STK,8080,INF204KC1402,SILVERBEES,EQ,,,,,NIPPONAMC - NETFSILVER,223.99,223.99,221.26,222.21,222.25,224.07,,222.21,,,14139354,3142622758.17,57853,F1,1,,,,,
2026-09-21,2026-09-21,CM,NSE,STK,757455,INF204KC1EZ3,SNXT30BEES,EQ,,,,,NIPPONAMC - SNXT30BEES,42.18,42.20,42.05,42.14,42.07,42.14,,42.14,,,10033,422760.15,82,F1,1,,,,,
2026-09-21,2026-09-21,CM,NSE,STK,255,INE368I01016,NIRAJ,EQ,,,,,NIRAJ CEMENT STRUC LTD,27.72,29.20,27.40,28.75,28.50,27.74,,28.77,,,48575,1387408.55,310,F1,1,,,,,
2026-09-21,2026-09-21,CM,NSE,STK,18844,INE326T01011,NIRAJISPAT,BE,,,,,NIRAJ ISPAT IND LTD,276.10,282.10,275.45,275.85,275.45,285.00,,275.85,,,28,7793.00,9,F1,1,,,,,
2026-09-21,2026-09-21,CM,NSE,STK,2433,INE910A01012,NIRLON,EQ,,,,,NIRLON LTD,600.45,611.95,590.40,594.15,590.45,600.40,,594.32,,,2305,1377264.85,290,F1,1,,,,,
2026-09-21,2026-09-21,CM,NSE,STK,14722,INE0OK701014,NIRMAN,SM,,,,,NIRMAN AGRI GENTICS LTD,26.80,27.40,26.25,26.60,26.50,26.80,,26.60,,,9300,249000.00,29,F1,300,,,,,
2026-09-21,2026-09-21,CM,NSE,STK,13300,INE858F01012,NITCO,EQ,,,,,NITCO LIMITED,87.00,90.42,85.98,89.47,89.00,87.00,,89.47,,,989237,87758927.69,4699,F1,1,,,,,
2026-09-21,2026-09-21,CM,NSE,STK,13175,INE229H01012,NITINSPIN,EQ,,,,,NITIN SPINNERS LIMITED,622.30,629.75,607.25,610.80,608.00,619.20,,610.79,,,140230,86214407.90,8514,F1,1,,,,,
2026-09-21,2026-09-21,CM,NSE,STK,3247,INE439T01012,NITIRAJ,EQ,,,,,NITIRAJ ENGINEERS LTD,233.49,233.50,226.10,227.85,226.52,232.01,,227.85,,,1714,392955.55,60,F1,1,,,,,
2026-09-21,2026-09-21,CM,NSE,STK,762824,INE265B01019,NITTAGELA,EQ,,,,,NITTA GELATIN INDIA LTD.,1706.00,1759.90,1692.20,1725.80,1711.90,1711.40,,1725.83,,,2941,5035012.20,521,F1,1,,,,,
2026-09-21,2026-09-21,CM,NSE,STK,27097,INE995S01015,NIVABUPA,EQ,,,,,NIVA BUPA HEALTH INS CO L,79.98,82.03,79.59,80.48,80.38,79.59,,80.48,,,957679,77585205.16,21678,F1,1,,,,,
2026-09-21,2026-09-21,CM,NSE,STK,2439,INE542C01019,NKIND,EQ,,,,,NK INDUSTRIES LTD,59.74,59.74,54.60,57.82,58.50,57.80,,58.20,,,181,10273.79,28,F1,1,,,,,
2026-09-21,2026-09-21,CM,NSE,STK,8585,INE589A01014,NLCINDIA,EQ,,,,,NLC INDIA LIMITED,268.80,268.95,263.80,266.65,267.35,268.80,,266.65,,,1193291,318064066.90,31469,F1,1,,,,,
2026-09-21,2026-09-21,CM,NSE,STK,15332,INE584A01023,NMDC,EQ,,,,,NMDC LTD.,80.09,80.85,79.80,79.80,79.80,79.15,,79.80,,,8513163,683348702.52,26321,F1,1,,,,,
2026-09-21,2026-09-21,CM,NSE,STK,14180,INE0NNS01018,NSLNISP,EQ,,,,,NMDC STEEL LIMITED,42.61,43.50,41.86,42.44,42.38,42.60,,42.44,,,3530136,150140362.69,16523,F1,1,,,,,
2026-09-21,2026-09-21,CM,NSE,STK,2442,INE163A01018,NOCIL,EQ,,,,,NOCIL LIMITED,195.88,198.44,192.50,194.57,194.40,194.56,,194.54,,,1373559,268569167.30,15348,F1,1,,,,,
2026-09-21,2026-09-21,CM,NSE,STK,10786,INE781B01015,NOIDATOLL,EQ,,,,,NOIDA TOLL BRIDGE CO LTD,4.05,4.05,3.96,3.97,3.98,4.00,,3.97,,,34732,139147.91,453,F1,1,,,,,
2026-09-21,2026-09-21,CM,NSE,STK,4160,INE369C01017,NORBTEAEXP,EQ,,,,,NORBEN TEA & EXPORTS LTD,66.15,66.30,63.33,66.20,66.20,65.50,,66.20,,,1978,129346.24,24,F1,1,,,,,
2026-09-21,2026-09-21,CM,NSE,STK,13533,INE553C01016,NECCLTD,BE,,,,,NORTH EAST CARRY CORP LTD,19.35,19.50,18.75,19.43,19.49,18.97,,19.42,,,44946,860915.59,195,F1,1,,,,,
2026-09-21,2026-09-21,CM,NSE,STK,25426,INE850M01015,NORTHARC,EQ,,,,,NORTHERN ARC CAPITAL LTD,313.60,324.55,310.50,319.15,319.00,313.60,,319.15,,,1666629,530809011.45,34177,F1,1,,,,,
2026-09-21,2026-09-21,CM,NSE,STK,22477,INE02H701025,NOVAAGRI,EQ,,,,,NOVA AGRITECH LIMITED,22.62,23.45,22.31,23.28,23.41,22.90,,23.28,,,52136,1205213.57,415,F1,1,,,,,
2026-09-21,2026-09-21,CM,NSE,STK,9007,INE234A01025,NOVARTIND,EQ,,,,,NOVARTIS INDIA LIMITED,2088.00,2088.00,1981.90,2004.10,2011.00,2046.80,,2003.88,,,36483,73674692.70,3463,F1,1,,,,,
2026-09-21,2026-09-21,CM,NSE,STK,7553,INE349A01021,NRBBEARING,EQ,,,,,NRB BEARING LIMITED,531.10,538.00,522.50,528.50,524.90,525.50,,528.22,,,1157056,614237258.15,37683,F1,1,,,,,
2026-09-21,2026-09-21,CM,NSE,STK,29733,INE047O01014,NIBL,EQ,,,,,NRB INDUS. BEARINGS LTD.,30.22,31.68,30.22,30.62,30.97,30.97,,30.72,,,9643,297867.29,121,F1,1,,,,,
2026-09-21,2026-09-21,CM,NSE,STK,27176,INE0ONG01011,NTPCGREEN,EQ,,,,,NTPC GREEN ENERGY LIMITED,88.90,91.45,88.07,91.26,91.30,88.55,,91.25,,,3954703,357535260.88,28838,F1,1,,,,,
2026-09-21,2026-09-21,CM,NSE,STK,11630,INE733E01010,NTPC,EQ,,,,,NTPC LTD,325.00,328.75,324.85,326.40,326.40,323.65,,326.40,,,5098202,1667298734.90,57557,F1,1,,,,,
2026-09-21,2026-09-21,CM,NSE,STK,10791,INE096B01018,NUCLEUS,EQ,,,,,NUCLEUS SOFTWARE EXPORTS,685.35,687.95,681.50,683.95,682.50,686.25,,683.95,,,8584,5869023.80,650,F1,1,,,,,
2026-09-21,2026-09-21,CM,NSE,STK,13680,INE0JM501013,NRL,BE,,,,,NUPUR RECYCLERS LIMITED,144.10,150.85,144.10,150.81,150.00,143.67,,150.81,,,157824,23598420.87,1101,F1,1,,,,,
2026-09-21,2026-09-21,CM,NSE,STK,2353,INE0DSF01015,NURECA,BE,,,,,NURECA LIMITED,348.60,355.00,335.00,338.80,339.40,345.95,,338.81,,,9104,3117864.05,201,F1,1,,,,,
2026-09-21,2026-09-21,CM,NSE,STK,18721,INE531F01023,NUVAMA,EQ,,,,,NUVAMA WEALTH MANAGE LTD,1705.20,1739.00,1672.00,1687.10,1690.90,1713.70,,1687.11,,,171604,290217609.90,22476,F1,1,,,,,
2026-09-21,2026-09-21,CM,NSE,STK,5426,INE118D01016,NUVOCO,EQ,,,,,NUVOCO VISTAS CORP LTD,328.60,331.55,324.00,330.55,329.65,328.60,,330.51,,,116680,38367817.60,6344,F1,1,,,,,
2026-09-21,2026-09-21,CM,NSE,STK,24298,INE0SF023016,NXT-INFRA,IV,,,,,NXT-INFRA TRUST,99.75,99.90,99.75,99.90,99.90,100.00,,99.90,,,50000,4991250.00,2,F1,25000,,,,,
2026-09-21,2026-09-21,CM,NSE,STK,8797,INE426Z01016,OBCL,EQ,,,,,OBCL LIMITED,57.02,59.00,57.01,58.77,58.80,57.02,,58.77,,,8699,509800.94,66,F1,1,,,,,
2026-09-21,2026-09-21,CM,NSE,STK,20242,INE093I01010,OBEROIRLTY,EQ,,,,,OBEROI REALTY LIMITED,1765.00,1827.70,1754.30,1821.00,1821.00,1785.00,,1821.00,,,960192,1729944061.90,36569,F1,1,,,,,
2026-09-21,2026-09-21,CM,NSE,STK,25923,INE0YHV01011,OBSCP,SM,,,,,OBSC PERFECTION LIMITED,925.60,925.60,890.35,894.80,899.00,930.25,,894.80,,,28800,25939720.00,72,F1,400,,,,,
2026-09-21,2026-09-21,CM,NSE,STK,25920,INE0PK601023,OCCLLTD,BE,,,,,OCCL LIMITED,151.99,157.90,151.75,154.20,154.65,154.09,,153.83,,,28547,4373703.93,220,F1,1,,,,,
2026-09-21,2026-09-21,CM,NSE,STK,27571,INE054301028,ODIGMA,EQ,,,,,ODIGMA CONSULTANCY SOL L,20.88,22.05,20.88,20.95,21.28,21.00,,20.95,,,32329,689738.95,334,F1,1,,,,,
2026-09-21,2026-09-21,CM,NSE,STK,764803,INE839E01023,ODYCORP,EQ,,,,,ODYSSEY CORPORATION LTD.,7.24,7.29,6.86,6.92,7.09,7.07,,6.92,,,31893,221322.91,80,F1,1,,,,,
2026-09-21,2026-09-21,CM,NSE,STK,2475,INE213A01029,ONGC,EQ,,,,,OIL AND NATURAL GAS CORP.,232.80,236.00,232.32,235.63,235.63,232.80,,235.63,,,6114044,1434271007.27,53519,F1,1,,,,,
2026-09-21,2026-09-21,CM,NSE,STK,8109,INE591A01010,OILCOUNTUB,BE,,,,,OIL COUNTRY TUBULAR LTD.,66.85,66.85,66.85,66.85,66.85,65.54,,66.74,,,37643,2516434.55,52,F1,1,,,,,
2026-09-21,2026-09-21,CM,NSE,STK,17438,INE274J01014,OIL,EQ,,,,,OIL INDIA LTD,475.70,482.30,475.00,478.35,478.35,475.70,,478.36,,,830047,398250168.35,14380,F1,1,,,,,
2026-09-21,2026-09-21,CM,NSE,STK,24777,INE0LXG01040,OLAELEC,EQ,,,,,OLA ELECTRIC MOBILITY LTD,36.40,37.25,36.40,37.00,37.01,36.39,,37.00,,,32915914,1213896250.16,70914,F1,1,,,,,
2026-09-21,2026-09-21,CM,NSE,STK,10637,INE260D01016,OLECTRA,EQ,,,,,OLECTRA GREENTECH LIMITED,1206.00,1213.40,1188.00,1205.80,1210.00,1198.80,,1205.78,,,217191,261114201.10,13174,F1,1,,,,,
2026-09-21,2026-09-21,CM,NSE,STK,759412,INE1BZC01019,OMFREIGHT,BE,,,,,OM FREIGHT FORWARDERS LTD,85.00,89.00,83.46,88.07,87.00,85.16,,88.07,,,11806,1029537.12,128,F1,1,,,,,
2026-09-21,2026-09-21,CM,NSE,STK,24231,INE239D01028,OMINFRAL,EQ,,,,,OM INFRA LIMITED,78.33,80.00,77.71,79.11,79.99,78.33,,79.12,,,44681,3531154.77,1060,F1,1,,,,,
2026-09-21,2026-09-21,CM,NSE,STK,762432,INE25E901019,OMPOWER,EQ,,,,,OM POWER TRANSMISSION LTD,171.10,172.39,169.01,170.50,170.00,172.37,,170.50,,,68711,11779434.94,785,F1,1,,,,,
2026-09-21,2026-09-21,CM,NSE,STK,10922,INE090B01011,OMAXAUTO,EQ,,,,,OMAX AUTOS LTD,183.00,194.70,179.65,191.43,192.00,182.16,,191.36,,,114325,21666702.04,2240,F1,1,,,,,
2026-09-21,2026-09-21,CM,NSE,STK,14853,INE800H01010,OMAXE,EQ,,,,,OMAXE LIMITED,117.50,118.30,113.12,114.00,114.10,117.31,,114.00,,,573183,65920365.28,6333,F1,1,,,,,
2026-09-21,2026-09-21,CM,NSE,STK,117,INE338Y01016,OMFURN,SM,,,,,OMFURN INDIA LIMITED,52.95,54.05,52.95,54.05,54.05,51.50,,54.05,,,2400,128400.00,2,F1,1200,,,,,
2026-09-21,2026-09-21,CM,NSE,STK,760865,INE0UH301010,OMNI,EQ,,,,,OMNITECH ENGINEERING LTD,545.00,564.00,538.05,551.35,550.00,556.15,,551.35,,,788403,436563648.25,25813,F1,1,,,,,
2026-09-21,2026-09-21,CM,NSE,STK,19692,INE00ER01015,ONDOOR,SM,,,,,ON DOOR CONCEPTS LIMITED,268.70,281.50,268.70,280.15,281.50,268.70,,280.15,,,3600,1000020.00,12,F1,300,,,,,
2026-09-21,2026-09-21,CM,NSE,STK,6705,INE982J01020,PAYTM,EQ,,,,,ONE 97 COMMUNICATIONS LTD,1823.00,1829.30,1792.00,1810.00,1810.00,1849.90,,1809.99,,,5052267,9164713924.50,88082,F1,1,,,,,
2026-09-21,2026-09-21,CM,NSE,STK,765242,INE670O01013,ONEGLOBAL,EQ,,,,,ONE GLOBAL SERVICE PROV L,536.10,544.00,528.05,538.80,541.00,538.75,,538.43,,,4470,2410483.75,315,F1,1,,,,,
2026-09-21,2026-09-21,CM,NSE,STK,28046,INE0HLU01028,MOBIKWIK,EQ,,,,,ONE MOBIKWIK SYSTEMS LTD,213.00,217.44,208.40,209.57,209.40,212.48,,209.56,,,2664277,567942558.23,32395,F1,1,,,,,
2026-09-21,2026-09-21,CM,NSE,STK,9939,INE840Y01029,ONEPOINT,EQ,,,,,ONE POINT ONE SOL LTD,60.14,61.34,59.22,60.03,59.83,59.64,,60.03,,,2880019,173515978.12,7786,F1,1,,,,,
2026-09-21,2026-09-21,CM,NSE,STK,19386,INE0OPS01011,OLIL,SM,,,,,ONECLICK LOGISTICS IND L,438.90,479.80,420.00,427.55,434.90,443.35,,427.55,,,71600,30636700.00,87,F1,400,,,,,
2026-09-21,2026-09-21,CM,NSE,STK,25496,INE912L01015,ONELIFECAP,BE,,,,,ONELIFE CAP ADVISORS LTD,34.02,35.45,32.53,34.94,35.00,34.02,,34.94,,,167423,5782816.00,142,F1,1,,,,,
2026-09-21,2026-09-21,CM,NSE,STK,763294,INE12F801023,KISSHT,EQ,,,,,ONEMI TECHNOLOGY SOL LTD,357.00,368.85,353.80,362.50,362.90,356.05,,362.51,,,1819776,660106261.30,46673,F1,1,,,,,
2026-09-21,2026-09-21,CM,NSE,STK,29224,INE013P01021,ONESOURCE,EQ,,,,,ONESOURCE SPECL PHARMA L,1595.50,1643.00,1587.00,1599.20,1599.00,1594.90,,1599.22,,,319894,517509299.40,27018,F1,1,,,,,
2026-09-21,2026-09-21,CM,NSE,STK,2202,INE831A01028,ONIDA,EQ,,,,,ONIDA ELECTRONICS LIMITED,33.82,34.53,32.62,34.31,34.53,32.89,,34.33,,,976325,33104519.76,2470,F1,1,,,,,
2026-09-21,2026-09-21,CM,NSE,STK,764808,INE173M01012,ONIXSOLAR,EQ,,,,,ONIX SOLAR ENERGY LTD.,339.55,368.00,339.55,339.55,339.55,357.40,,339.54,,,854678,295805448.15,6556,F1,1,,,,,
2026-09-21,2026-09-21,CM,NSE,STK,15282,INE809I01019,ONMOBILE,BE,,,,,ONMOBILE GLOBAL LTD.,48.30,51.25,47.00,51.25,51.25,48.81,,51.30,,,84166,4191493.49,451,F1,1,,,,,
2026-09-21,2026-09-21,CM,NSE,STK,2481,INE229A01017,ONWARDTEC,EQ,,,,,ONWARD TECHNOLOGIES LTD,287.20,295.00,282.25,290.05,292.00,287.20,,290.05,,,43217,12496766.90,1015,F1,1,,,,,
2026-09-21,2026-09-21,CM,NSE,STK,27143,INE0WVU01018,ONYX,ST,,,,,ONYX BIOTEC LIMITED,36.25,37.00,36.20,37.00,37.00,37.25,,37.00,,,80000,2955300.00,20,F1,2000,,,,,
2026-09-21,2026-09-21,CM,NSE,STK,21469,INE350C01017,OPTIEMUS,EQ,,,,,OPTIEMUS INFRACOM LTD,590.10,610.90,582.95,590.75,590.00,590.10,,590.74,,,188741,112273640.75,10459,F1,1,,,,,
2026-09-21,2026-09-21,CM,NSE,STK,764813,INE031G01022,OPTIFIN,EQ,,,,,OPTIMUS FINANCE LTD.,14.38,14.95,13.60,13.93,13.91,14.01,,13.93,,,29633,424846.82,117,F1,1,,,,,
2026-09-21,2026-09-21,CM,NSE,STK,764528,INE1JZB01022,OPTIMYSTIX,SM,,,,,OPTIMYSTIX ENT INDIA LTD,136.45,140.00,130.00,138.10,136.00,139.45,,138.10,,,66400,8877840.00,72,F1,800,,,,,
2026-09-21,2026-09-21,CM,NSE,STK,758903,INE15B101011,OPTIVALUE,ST,,,,,OPTIVALUE TEK CONSULT LTD,199.00,202.75,199.00,202.75,202.75,193.10,,202.75,,,32000,6474800.00,18,F1,1600,,,,,
2026-09-21,2026-09-21,CM,NSE,STK,10738,INE881D01027,OFSS,EQ,,,,,ORACLE FIN SERV SOFT LTD.,11787.00,11787.00,10900.00,10911.00,10911.00,11896.00,,10911.21,,,565241,6308906111.00,67828,F1,1,,,,,
2026-09-21,2026-09-21,CM,NSE,STK,31479,INE231G01010,ORBTEXP,BE,,,,,ORBIT EXPORTS LIMITED,228.68,231.95,223.62,229.98,229.50,229.82,,229.95,,,2934,672031.58,33,F1,1,,,,,
2026-09-21,2026-09-21,CM,NSE,STK,29492,INE215B01022,ORCHASP,EQ,,,,,ORCHASP LIMITED,1.40,1.46,1.40,1.43,1.43,1.40,,1.41,,,146394,208518.54,306,F1,1,,,,,
2026-09-21,2026-09-21,CM,NSE,STK,926,INE191A01027,ORCHPHARMA,EQ,,,,,ORCHID PHARMA LIMITED,975.00,1096.65,975.00,1081.80,1081.00,989.70,,1081.78,,,573549,615455494.30,31545,F1,1,,,,,
2026-09-21,2026-09-21,CM,NSE,STK,17882,INE0OUT01027,ORIANA,SM,,,,,ORIANA POWER LIMITED,290.00,290.05,252.00,271.30,270.35,271.75,,271.30,,,417375,112300312.50,906,F1,375,,,,,
2026-09-21,2026-09-21,CM,NSE,STK,10159,INE730A01022,ORICONENT,EQ,,,,,ORICON ENTERPRISES LTD,52.00,55.88,51.90,54.84,55.88,52.75,,54.84,,,87385,4743862.79,1014,F1,1,,,,,
2026-09-21,2026-09-21,CM,NSE,STK,14278,INE607D01018,ORIENTBELL,EQ,,,,,ORIENT BELL LIMITED,395.45,395.80,388.50,392.55,393.85,393.25,,392.61,,,6089,2390211.80,619,F1,1,,,,,
2026-09-21,2026-09-21,CM,NSE,STK,30089,INE876N01018,ORIENTCEM,EQ,,,,,ORIENT CEMENT LTD.,122.40,126.00,122.40,125.07,124.30,124.55,,125.03,,,1146986,143380599.13,5512,F1,1,,,,,
2026-09-21,2026-09-21,CM,NSE,STK,13111,INE569C01020,ORIENTCER,EQ,,,,,ORIENT CERATECH LIMITED,46.52,48.98,45.52,47.53,47.26,46.52,,47.53,,,233655,11114424.77,2043,F1,1,,,,,
2026-09-21,2026-09-21,CM,NSE,STK,2972,INE142Z01019,ORIENTELEC,EQ,,,,,ORIENT ELECTRIC LIMITED,168.00,169.60,165.89,168.01,167.59,167.36,,168.00,,,137603,23073888.52,3399,F1,1,,,,,
2026-09-21,2026-09-21,CM,NSE,STK,20110,INE999K01014,GREENPOWER,EQ,,,,,ORIENT GREEN POWER CO LTD,9.08,9.23,8.95,9.04,9.07,9.05,,9.04,,,1967532,17925829.60,3756,F1,1,,,,,
2026-09-21,2026-09-21,CM,NSE,STK,2493,INE750A01020,ORIENTHOT,EQ,,,,,ORIENT HOTELS LTD,144.90,147.54,142.75,144.06,143.41,143.45,,144.06,,,1833650,265976199.44,10201,F1,1,,,,,
2026-09-21,2026-09-21,CM,NSE,STK,2496,INE592A01026,ORIENTPPR,EQ,,,,,ORIENT PAPER AND INDS LTD,17.20,17.43,17.06,17.15,17.20,17.20,,17.12,,,85259,1470321.78,561,F1,1,,,,,
2026-09-21,2026-09-21,CM,NSE,STK,18211,INE609C01024,ORIENTLTD,BE,,,,,ORIENT PRESS LIMITED,84.50,84.50,78.41,78.79,78.77,80.82,,78.79,,,406,32479.71,10,F1,1,,,,,
2026-09-21,2026-09-21,CM,NSE,STK,24961,INE0PPK01015,ORIENTTECH,EQ,,,,,ORIENT TECHNOLOGIES LTD,236.40,238.69,233.99,235.04,235.00,236.35,,235.10,,,81509,19199022.95,2209,F1,1,,,,,
2026-09-21,2026-09-21,CM,NSE,STK,10768,INE959C01023,OAL,EQ,,,,,ORIENTAL AROMATICS LTD,514.15,562.00,514.15,548.85,548.75,514.15,,548.62,,,72796,39720498.10,4523,F1,1,,,,,
2026-09-21,2026-09-21,CM,NSE,STK,764818,INE457G01029,ORIRAIL,EQ,,,,,ORIENTAL RAIL INFRA L,117.20,118.50,115.85,116.41,116.23,117.09,,116.45,,,47701,5587601.92,1060,F1,1,,,,,
2026-09-21,2026-09-21,CM,NSE,STK,14346,INE998H01012,ORIENTALTL,EQ,,,,,ORIENTAL TRIMEX LTD,5.07,5.24,5.00,5.08,5.05,4.96,,5.09,,,62323,316879.72,203,F1,1,,,,,
2026-09-21,2026-09-21,CM,NSE,STK,19931,INE725E01024,ORISSAMINE,EQ,,,,,ORISSA MIN DEV CO LTD,3833.90,3859.30,3801.50,3820.80,3815.50,3821.20,,3820.91,,,4696,17951011.60,1231,F1,1,,,,,
2026-09-21,2026-09-21,CM,NSE,STK,759569,INE16NZ01023,ORKLAINDIA,EQ,,,,,ORKLA INDIA LIMITED,597.70,598.00,574.20,579.05,576.10,595.65,,579.04,,,121518,71149349.20,5465,F1,1,,,,,
2026-09-21,2026-09-21,CM,NSE,STK,13321,INE849L01019,ORTEL,BZ,,,,,ORTEL COMMUNICATIONS LTD,1.74,1.74,1.70,1.74,1.74,1.76,,1.74,,,2760,4786.01,7,F1,1,,,,,
2026-09-21,2026-09-21,CM,NSE,STK,2979,INE749B01020,ORTINGLOBE,EQ,,,,,ORTIN GLOBAL LIMITED,15.21,16.40,15.21,15.36,15.30,15.83,,15.36,,,11750,181907.88,54,F1,1,,,,,
2026-09-21,2026-09-21,CM,NSE,STK,25386,INE0RMF01018,OSELDEVICE,SM,,,,,OSEL DEVICES LIMITED,368.00,368.00,349.75,350.75,350.00,363.90,,350.75,,,32000,11374450.00,119,F1,200,,,,,
2026-09-21,2026-09-21,CM,NSE,STK,12643,INE06IR01021,OSIAHYPER,BE,,,,,OSIA HYPER RETAIL LIMITED,2.34,2.34,2.16,2.25,2.26,2.24,,2.25,,,263227,587830.62,351,F1,1,,,,,
2026-09-21,2026-09-21,CM,NSE,STK,2514,INE142A01012,OSWALAGRO,EQ,,,,,OSWAL AGRO MILLS LTD,33.88,35.13,33.82,34.76,34.95,33.88,,34.76,,,44442,1548972.72,332,F1,1,,,,,
2026-09-21,2026-09-21,CM,NSE,STK,471,INE143A01010,OSWALGREEN,EQ,,,,,OSWAL GREENTECH LIMITED,19.89,20.19,19.12,19.75,19.52,19.44,,19.75,,,142638,2831112.87,846,F1,1,,,,,
2026-09-21,2026-09-21,CM,NSE,STK,756802,INE0BYP01024,OSWALPUMPS,EQ,,,,,OSWAL PUMPS LIMITED,279.50,281.70,275.10,276.20,276.60,278.10,,276.20,,,196422,54459607.80,4676,F1,1,,,,,
2026-09-21,2026-09-21,CM,NSE,STK,22914,INE0R8M01017,OWAIS,ST,,,,,OWAIS METAL & MINERAL,75.00,76.10,74.90,75.70,76.10,76.40,,75.70,,,12400,930100.00,50,F1,100,,,,,
2026-09-21,2026-09-21,CM,NSE,STK,765145,INE501F01018,PBMPOLY,EQ,,,,,P B M POLYTEX LTD.,64.70,65.00,64.70,65.00,65.00,65.00,,65.00,,,101,6535.30,3,F1,1,,,,,
2026-09-21,2026-09-21,CM,NSE,STK,25312,INE953R01016,PNGJL,EQ,,,,,P N GADGIL JEWELLERS LTD,609.90,614.95,600.00,601.55,600.85,604.75,,601.51,,,197069,119405532.60,10474,F1,1,,,,,
2026-09-21,2026-09-21,CM,NSE,STK,764845,INE035S01028,POEL,EQ,,,,,P O C L ENTERPRISES LTD.,137.16,141.00,135.91,137.31,136.80,137.16,,137.26,,,15324,2105018.33,440,F1,1,,,,,
2026-09-21,2026-09-21,CM,NSE,STK,29662,INE0XUS01020,PSRAJ,SM,,,,,P S RAJ STEELS LIMITED,99.45,103.70,99.00,103.35,103.00,100.45,,103.35,,,55000,5531000.00,19,F1,2500,,,,,
2026-09-21,2026-09-21,CM,NSE,STK,2535,INE179A01014,PGHH,EQ,,,,,P&G HYGIENE & HEALTH CARE,7490.00,7521.00,7410.00,7426.00,7410.00,7486.00,,7425.86,,,18595,138827550.00,5834,F1,1,,,,,
2026-09-21,2026-09-21,CM,NSE,STK,759342,INE0S3G01027,PACEDIGITK,EQ,,,,,PACE DIGITEK LIMITED,156.24,157.70,154.12,154.86,155.40,156.17,,154.86,,,311826,48276679.13,4611,F1,1,,,,,
2026-09-21,2026-09-21,CM,NSE,STK,764823,INE883C01025,PACIFICI,EQ,,,,,PACIFIC INDUSTRIES LTD.,140.05,144.00,139.00,143.60,144.00,147.99,,143.60,,,252,35205.76,22,F1,1,,,,,
2026-09-21,2026-09-21,CM,NSE,STK,14413,INE761H01022,PAGEIND,EQ,,,,,PAGE INDUSTRIES LTD,35975.00,36300.00,35495.00,35950.00,35950.00,36400.00,,35950.22,,,15472,557181615.00,7395,F1,1,,,,,
2026-09-21,2026-09-21,CM,NSE,STK,25468,INE420C01059,PAISALO,EQ,,,,,PAISALO DIGITAL LIMITED,89.99,94.88,89.82,92.85,92.45,89.51,,92.85,,,34251160,3203209932.53,64311,F1,1,,,,,
2026-09-21,2026-09-21,CM,NSE,STK,17197,INE551D01018,PAKKA,EQ,,,,,PAKKA LIMITED,79.70,79.70,77.76,78.67,78.62,78.56,,78.63,,,90442,7107233.75,905,F1,1,,,,,
2026-09-21,2026-09-21,CM,NSE,STK,21383,INE471W01019,PALASHSECU,EQ,,,,,PALASH SECURITIES LTD,86.21,88.00,86.20,86.89,86.21,86.11,,86.89,,,296,25746.11,23,F1,1,,,,,
2026-09-21,2026-09-21,CM,NSE,STK,17062,INE218G01033,PALREDTEC,EQ,,,,,PALRED TECHNOLOGIES LTD,46.56,48.40,44.11,48.25,48.25,46.10,,48.36,,,2136,99790.99,42,F1,1,,,,,
2026-09-21,2026-09-21,CM,NSE,STK,4055,INE922B01023,PANACEABIO,EQ,,,,,PANACEA BIOTEC LTD,371.15,379.15,367.80,376.15,376.00,367.90,,376.14,,,53943,20197816.40,2249,F1,1,,,,,
2026-09-21,2026-09-21,CM,NSE,STK,16355,INE895W01019,PANACHE,BE,,,,,PANACHE DIGILIFE LIMITED,521.00,521.50,519.00,520.00,520.00,522.20,,520.00,,,9886,5137834.00,45,F1,1,,,,,
2026-09-21,2026-09-21,CM,NSE,STK,25392,INE305C01029,PANAMAPET,EQ,,,,,PANAMA PETROCHEM LTD,473.85,491.95,470.20,475.15,473.20,470.20,,475.14,,,175393,84644104.10,6710,F1,1,,,,,
2026-09-21,2026-09-21,CM,NSE,STK,764828,INE798F01010,PANCHMAHQ,EQ,,,,,PANCHMAHAL STEEL LTD.,301.00,301.00,301.00,301.00,301.00,296.40,,302.48,,,25,7525.00,2,F1,1,,,,,
2026-09-21,2026-09-21,CM,NSE,STK,765140,INE258R01028,PANORAMA,EQ,,,,,PANORAMA STUDIOS INTL. L,53.25,56.42,53.19,54.89,55.40,53.26,,54.92,,,436211,23957697.42,3347,F1,1,,,,,
2026-09-21,2026-09-21,CM,NSE,STK,6141,INE697V01011,PANSARI,EQ,,,,,PANSARI DEVELOPERS LTD,271.10,287.90,271.10,279.60,276.05,284.95,,279.60,,,869,244890.30,56,F1,1,,,,,
2026-09-21,2026-09-21,CM,NSE,STK,5637,INE04LG01015,PAR,BE,,,,,PAR DRUGS AND CHEM LTD,130.15,135.23,130.15,132.26,133.00,136.60,,132.26,,,23983,3154047.67,240,F1,1,,,,,
2026-09-21,2026-09-21,CM,NSE,STK,9741,INE088F01024,PARADEEP,EQ,,,,,PARADEEP PHOSPHATES LTD,156.63,157.18,154.05,155.73,155.60,155.62,,155.72,,,1949055,302840502.69,23627,F1,1,,,,,
2026-09-21,2026-09-21,CM,NSE,STK,17130,INE883N01014,PARAGMILK,EQ,,,,,PARAG MILK FOODS LTD.,268.00,284.70,267.85,272.40,273.00,268.50,,272.42,,,1706560,470782265.00,29930,F1,1,,,,,
2026-09-21,2026-09-21,CM,NSE,STK,19779,INE0N4G01012,PARAGON,SM,,,,,PARAGON FINE S.C. LTD.,53.60,53.60,53.00,53.00,53.00,53.65,,53.00,,,9600,509520.00,8,F1,1200,,,,,
2026-09-21,2026-09-21,CM,NSE,STK,25069,INE0S2W01018,PARAMATRIX,SM,,,,,PARAMATRIX TECHNOLOGIES L,55.00,55.10,55.00,55.10,55.10,57.00,,55.10,,,2400,132120.00,2,F1,1200,,,,,
2026-09-21,2026-09-21,CM,NSE,STK,13951,INE074B01023,PARACABLES,EQ,,,,,PARAMOUNT COMM LTD,61.90,62.22,60.67,61.03,61.07,62.02,,61.04,,,845879,51899873.63,4743,F1,1,,,,,
2026-09-21,2026-09-21,CM,NSE,STK,25431,INE0Q6001012,PSFL,SM,,,,,PARAMOUNT SPECIALI FORG L,32.65,32.65,31.00,31.10,31.10,34.25,,31.10,,,22000,693900.00,8,F1,2000,,,,,
2026-09-21,2026-09-21,CM,NSE,STK,5911,INE045601023,PARAS,EQ,,,,,PARAS DEF AND SPCE TECH L,1379.00,1415.00,1342.90,1406.50,1413.00,1372.70,,1406.56,,,955531,1325881310.80,47121,F1,1,,,,,
2026-09-21,2026-09-21,CM,NSE,STK,3972,INE162C01024,PARASPETRO,EQ,,,,,PARAS PETROFILS LTD.,2.15,2.20,2.12,2.14,2.13,2.14,,2.14,,,112884,243462.22,245,F1,1,,,,,
2026-09-21,2026-09-21,CM,NSE,STK,5460,INE00U801010,PARIN,SM,,,,,PARIN ENTERPRISES LIMITED,724.95,724.95,685.00,699.50,700.00,704.00,,699.50,,,4250,2988237.50,16,F1,250,,,,,
2026-09-21,2026-09-21,CM,NSE,STK,760351,INE119201023,PARKHOSPS,EQ,,,,,PARK MEDI WORLD LIMITED,284.25,287.50,282.50,284.70,283.90,282.05,,284.69,,,324336,92747179.15,9348,F1,1,,,,,
2026-09-21,2026-09-21,CM,NSE,STK,22649,INE988S01028,PARKHOTELS,EQ,,,,,PARKHOTELS,107.60,108.00,105.41,106.19,106.98,107.38,,106.18,,,160120,17072484.83,1618,F1,1,,,,,
2026-09-21,2026-09-21,CM,NSE,STK,764833,INE383L01019,PARNAXLAB,EQ,,,,,PARNAX LAB LTD.,128.84,129.00,117.00,118.42,117.00,128.20,,118.61,,,12660,1521410.17,627,F1,1,,,,,
2026-09-21,2026-09-21,CM,NSE,STK,13795,INE561H01026,PARSVNATH,BE,,,,,PARSVNATH DEVELOPER LTD,1.87,1.87,1.87,1.87,1.87,1.84,,1.87,,,90919,170018.53,54,F1,1,,,,,
2026-09-21,2026-09-21,CM,NSE,STK,758217,INE1H7V01011,PARTH,SM,,,,,PARTH ELEC & ENG LTD,524.00,524.00,510.05,515.00,515.00,522.95,,515.00,,,6000,3093900.00,15,F1,400,,,,,
2026-09-21,2026-09-21,CM,NSE,STK,2599,INE06ZX01015,PARTYCRUS,SM,,,,,PARTY CRUISERS LIMITED,98.00,101.95,78.55,97.75,98.05,97.30,,97.75,,,59000,5373200.00,53,F1,1000,,,,,
2026-09-21,2026-09-21,CM,NSE,STK,757955,INE124Y01028,PASHUPATI,EQ,,,,,PASHUPATI COTSPIN LIMITED,81.00,81.00,79.60,80.19,80.40,80.26,,80.19,,,25989,2087104.46,1260,F1,1,,,,,
2026-09-21,2026-09-21,CM,NSE,STK,6045,INE818B01023,PASUPTAC,EQ,,,,,PASUPATI ACRYLON LIMITED,70.80,71.50,69.25,71.17,71.39,69.98,,71.17,,,103537,7305996.01,1085,F1,1,,,,,
2026-09-21,2026-09-21,CM,NSE,STK,17029,INE619A01035,PATANJALI,EQ,,,,,PATANJALI FOODS LIMITED,369.00,400.45,365.25,396.20,396.20,367.00,,396.20,,,23162107,9042198021.45,202571,F1,1,,,,,
2026-09-21,2026-09-21,CM,NSE,STK,11699,INE244B01030,PATELENG,EQ,,,,,PATEL ENGINEERING LTD.,25.46,25.99,25.46,25.75,25.79,25.62,,25.75,,,2618475,67183565.35,23521,F1,1,,,,,
2026-09-21,2026-09-21,CM,NSE,STK,15219,INE529D01014,PATINTLOG,EQ,,,,,PATEL INT. LOG. LTD,14.49,16.00,14.49,14.64,14.66,14.00,,14.63,,,355563,5354860.63,1185,F1,1,,,,,
2026-09-21,2026-09-21,CM,NSE,STK,759439,INE0R8B01010,PATELRMART,EQ,,,,,PATEL RETAIL LIMITED,206.79,207.00,202.00,203.41,203.20,205.77,,203.41,,,30352,6225295.00,886,F1,1,,,,,
2026-09-21,2026-09-21,CM,NSE,STK,756963,INE17GV01016,PATILAUTOM,SM,,,,,PATIL AUTOMATION LIMITED,326.00,335.00,300.00,330.10,330.10,325.90,,330.10,,,251400,79405500.00,353,F1,600,,,,,
2026-09-21,2026-09-21,CM,NSE,STK,762834,INE291E01019,PML,EQ,,,,,PAUL MERCHANTS LTD.,496.75,510.10,486.70,490.85,501.75,496.15,,488.77,,,329,163187.65,34,F1,1,,,,,
2026-09-21,2026-09-21,CM,NSE,STK,759969,INE111F01024,PAUSHAKLTD,EQ,,,,,PAUSHAK LIMITED,715.05,718.65,699.95,705.25,703.35,716.35,,705.17,,,16567,11735748.85,1264,F1,1,,,,,
2026-09-21,2026-09-21,CM,NSE,STK,16192,INE07S101038,PAVNAIND,EQ,,,,,PAVNA INDUSTRIES LIMITED,16.24,16.70,15.25,15.70,15.50,15.67,,15.69,,,238415,3817872.05,876,F1,1,,,,,
2026-09-21,2026-09-21,CM,NSE,STK,6656,INE417T01026,POLICYBZR,EQ,,,,,PB FINTECH LIMITED,1745.00,1804.40,1745.00,1793.00,1793.00,1743.00,,1793.03,,,814918,1452676381.20,52732,F1,1,,,,,
2026-09-21,2026-09-21,CM,NSE,STK,29124,INE785M01021,PCJEWELLER,EQ,,,,,PC JEWELLER LTD,12.75,13.09,12.54,12.79,12.73,12.72,,12.79,,,304134029,3890591212.68,151646,F1,1,,,,,
2026-09-21,2026-09-21,CM,NSE,STK,2649,INE602A01031,PCBL,EQ,,,,,PCBL CHEMICAL LIMITED,336.70,354.50,336.00,344.35,344.55,336.70,,344.39,,,3337001,1159588191.10,58292,F1,1,,,,,
2026-09-21,2026-09-21,CM,NSE,STK,761819,INE389Z07104,9PCPL28A,N0,,,,,PCPL 9% 2028,9310.00,9500.00,9310.00,9401.00,9401.00,9500.00,,9401.00,,,9,84765.00,6,F1,1,,,,,
2026-09-21,2026-09-21,CM,NSE,STK,5264,INE111Q01021,PDSL,EQ,,,,,PDS LIMITED,351.15,355.00,346.00,353.85,353.00,351.15,,353.85,,,89692,31404989.60,11390,F1,1,,,,,
2026-09-21,2026-09-21,CM,NSE,STK,14260,INE940H01022,PGIL,EQ,,,,,PEARL GLOBAL IND LIMITED,1146.10,1153.90,1130.40,1138.40,1150.00,1146.10,,1138.19,,,114831,131208140.40,11589,F1,1,,,,,
2026-09-21,2026-09-21,CM,NSE,STK,2610,INE844A01013,PEARLPOLY,EQ,,,,,PEARL POLYMERS LTD,17.09,17.94,17.07,17.94,17.94,17.09,,17.94,,,26444,470393.69,75,F1,1,,,,,
2026-09-21,2026-09-21,CM,NSE,STK,25408,INE0VG601013,PELATRO,SM,,,,,PELATRO LIMITED,390.00,400.00,380.00,382.40,380.00,384.95,,382.40,,,28500,11157300.00,65,F1,300,,,,,
2026-09-21,2026-09-21,CM,NSE,STK,2256,INE138A01028,PENINLAND,EQ,,,,,PENINSULA LAND LIMITED,15.26,17.25,15.15,16.19,16.30,15.36,,16.19,,,273095,4427964.86,704,F1,1,,,,,
2026-09-21,2026-09-21,CM,NSE,STK,20621,INE932A01024,PENIND,EQ,,,,,PENNAR INDUSTRIES LTD,170.15,174.00,169.95,171.07,171.00,171.43,,171.06,,,240599,41292581.42,4051,F1,1,,,,,
2026-09-21,2026-09-21,CM,NSE,STK,17139,INE0ORS01017,PENTAGON,ST,,,,,PENTAGON RUBBER LIMITED,95.25,95.90,95.25,95.90,95.90,91.35,,95.90,,,21000,2011650.00,16,F1,1000,,,,,
2026-09-21,2026-09-21,CM,NSE,STK,764838,INE418E01018,PERMAGN,EQ,,,,,PERMANENT MAGNETS LTD.,859.85,872.00,820.00,836.65,841.70,848.15,,836.51,,,8152,6841226.55,756,F1,1,,,,,
2026-09-21,2026-09-21,CM,NSE,STK,18365,INE262H01021,PERSISTENT,EQ,,,,,PERSISTENT SYSTEMS LTD,5416.00,5458.00,5380.50,5449.00,5449.00,5416.00,,5449.01,,,352582,1913446165.50,32199,F1,1,,,,,
2026-09-21,2026-09-21,CM,NSE,STK,24290,INE998U01015,PCCL,SM,,,,,PETRO CARBON AND CHEMI L,444.00,454.00,440.00,451.80,452.00,445.00,,451.80,,,20400,9141800.00,35,F1,400,,,,,
2026-09-21,2026-09-21,CM,NSE,STK,11351,INE347G01014,PETRONET,EQ,,,,,PETRONET LNG LIMITED,287.00,289.65,286.60,287.50,287.50,292.60,,287.50,,,1124206,323661507.25,39904,F1,1,,,,,
2026-09-21,2026-09-21,CM,NSE,STK,760824,INE134E07DJ3,PFCL41A,NE,,,,,PFCL 0% 2041 SR V,1000.00,1000.00,1000.00,1000.00,1000.00,1000.00,,1000.00,,,29,29000.00,2,F1,1,,,,,
2026-09-21,2026-09-21,CM,NSE,STK,760801,INE134E07DP0,7PFCL31,N3,,,,,PFCL 7.00% 2031 SR I,1000.05,1000.05,1000.05,1000.05,1000.05,1000.05,,1000.05,,,20,20001.00,2,F1,1,,,,,
2026-09-21,2026-09-21,CM,NSE,STK,760804,INE134E07DO3,720PFCL36,N6,,,,,PFCL 7.20% 2036 SR II,1000.58,1000.58,1000.58,1000.58,1000.58,1000.58,,1000.58,,,20,20011.60,2,F1,1,,,,,
2026-09-21,2026-09-21,CM,NSE,STK,760810,INE134E07DU0,730PFCL41,NC,,,,,PFCL 7.30% 2041 SR IV,1000.00,1004.99,1000.00,1004.99,1004.99,1010.00,,1004.99,,,22,22099.80,2,F1,1,,,,,
2026-09-21,2026-09-21,CM,NSE,STK,2643,INE182A01018,PFIZER,EQ,,,,,PFIZER LTD,4012.50,4045.00,4000.00,4035.70,4034.00,4002.40,,4035.75,,,16758,67513162.30,3141,F1,1,,,,,
2026-09-21,2026-09-21,CM,NSE,STK,25358,INE457L01029,PGEL,EQ,,,,,PG ELECTROPLAST LTD,531.60,538.90,528.05,536.55,536.55,529.15,,536.62,,,853299,455881364.90,26215,F1,1,,,,,
2026-09-21,2026-09-21,CM,NSE,STK,11612,INE0MLZ01019,PHANTOMFX,SM,,,,,PHANTOM DIGITAL EFF LTD,94.10,95.00,91.50,92.40,91.70,95.50,,92.40,,,23100,2159460.00,50,F1,300,,,,,
2026-09-21,2026-09-21,CM,NSE,STK,2658,INE245B01011,PHOENXINTL,EQ,,,,,PHOENIX INTERNATIONAL LTD,28.50,29.60,27.80,27.95,27.90,29.00,,27.96,,,6553,185254.11,193,F1,1,,,,,
2026-09-21,2026-09-21,CM,NSE,STK,759723,INE0LP301011,PWL,EQ,,,,,PHYSICSWALLAH LIMITED,136.00,137.20,132.70,134.76,135.00,136.60,,134.76,,,8286541,1109445150.91,32962,F1,1,,,,,
2026-09-21,2026-09-21,CM,NSE,STK,24184,INE603J01030,PIIND,EQ,,,,,PI INDUSTRIES LTD,2324.00,2342.70,2315.70,2321.80,2321.80,2366.80,,2321.81,,,68758,160235556.20,8905,F1,1,,,,,
2026-09-21,2026-09-21,CM,NSE,STK,757754,INE546C01010,PICCADIL,EQ,,,,,PICCADILY AGRO INDUSTRI L,587.00,599.85,587.00,591.20,590.50,589.40,,591.16,,,106204,62869597.70,7348,F1,1,,,,,
2026-09-21,2026-09-21,CM,NSE,STK,24785,INE0YAL01017,PPSL,SM,,,,,PICTUREPOST STUDIOS LTD,2.95,3.00,2.95,3.00,3.00,3.00,,3.00,,,30000,89100.00,9,F1,3000,,,,,
2026-09-21,2026-09-21,CM,NSE,STK,2664,INE318A01026,PIDILITIND,EQ,,,,,PIDILITE INDUSTRIES LTD,1598.00,1598.00,1573.20,1573.20,1573.20,1572.10,,1573.21,,,240443,380326045.60,16210,F1,1,,,,,
2026-09-21,2026-09-21,CM,NSE,STK,30835,INE600A01035,PILITA,EQ,,,,,PIL ITALICA LIFESTYLE LTD,7.82,7.82,7.22,7.30,7.30,7.48,,7.30,,,107388,796541.10,236,F1,1,,,,,
2026-09-21,2026-09-21,CM,NSE,STK,11445,INE417C01014,PILANIINVS,EQ,,,,,PILANI INV & IND COR LTD,4060.00,4063.80,3942.80,4027.10,4048.90,4067.00,,4027.23,,,4122,16521217.40,605,F1,1,,,,,
2026-09-21,2026-09-21,CM,NSE,STK,759820,INE15B701018,PINELABS,EQ,,,,,PINE LABS LIMITED,194.49,196.10,191.46,193.70,192.60,192.04,,193.70,,,18744636,3623054011.37,103661,F1,1,,,,,
2026-09-21,2026-09-21,CM,NSE,STK,13463,INE156C01018,PIONEEREMB,EQ,,,,,PIONEER EMBROIDERIES LTD,22.22,23.35,22.03,22.32,22.50,21.95,,22.32,,,15501,349924.75,125,F1,1,,,,,
2026-09-21,2026-09-21,CM,NSE,STK,762832,INE746D01014,PIONRINV,BE,,,,,PIONEER INVESTCORP LTD.,78.00,78.05,78.00,78.05,78.05,79.55,,78.05,,,591,46110.55,6,F1,1,,,,,
2026-09-21,2026-09-21,CM,NSE,STK,759551,INE202B01038,PIRAMALFIN,EQ,,,,,PIRAMAL FINANCE LIMITED,2300.10,2304.80,2216.00,2220.40,2226.00,2300.20,,2220.42,,,206541,467449597.50,16267,F1,1,,,,,
2026-09-21,2026-09-21,CM,NSE,STK,11571,INE0DK501011,PPLPHARMA,EQ,,,,,PIRAMAL PHARMA LIMITED,208.75,216.70,207.68,214.66,214.00,208.16,,214.66,,,4330760,923312614.46,49239,F1,1,,,,,
2026-09-21,2026-09-21,CM,NSE,STK,14134,INE450D01021,PITTIENG,EQ,,,,,PITTI ENGINEERING LIMITED,1154.00,1154.00,1122.90,1134.40,1136.20,1146.10,,1134.43,,,44508,50459788.00,4699,F1,1,,,,,
2026-09-21,2026-09-21,CM,NSE,STK,9087,INE751B01018,PIXTRANS,EQ,,,,,PIX TRANSMISSIONS LIMITED,1741.10,1755.30,1723.20,1730.70,1727.00,1741.10,,1730.66,,,4685,8140545.10,929,F1,1,,,,,
2026-09-21,2026-09-21,CM,NSE,STK,13920,INE083C01022,PLASTIBLEN,EQ,,,,,PLASTIBLENDS INDIA LTD,185.00,190.00,181.06,185.67,186.39,186.63,,185.77,,,22944,4256602.76,885,F1,1,,,,,
2026-09-21,2026-09-21,CM,NSE,STK,22930,INE0PT501018,PLATIND,EQ,,,,,PLATINUM INDUSTRIES LTD,214.05,216.37,210.50,211.08,211.14,214.05,,211.08,,,29543,6269375.22,908,F1,1,,,,,
2026-09-21,2026-09-21,CM,NSE,STK,19458,INE0INJ01017,PLAZACABLE,EQ,,,,,PLAZA WIRES LIMITED,63.60,63.60,60.00,61.70,61.00,61.06,,61.68,,,165579,10182068.97,1538,F1,1,,,,,
2026-09-21,2026-09-21,CM,NSE,STK,8736,INE859A01011,PNBGILTS,EQ,,,,,PNB GILTS LIMITED,77.81,77.81,76.50,76.88,76.61,79.18,,76.88,,,203792,15721951.82,1997,F1,1,,,,,
2026-09-21,2026-09-21,CM,NSE,STK,18908,INE572E01012,PNBHOUSING,EQ,,,,,PNB HOUSING FIN LTD.,1128.40,1154.60,1120.20,1141.10,1141.10,1133.10,,1141.10,,,1155761,1315657237.20,32702,F1,1,,,,,
2026-09-21,2026-09-21,CM,NSE,STK,9385,INE195J01029,PNCINFRA,EQ,,,,,PNC INFRATECH LTD.,138.00,141.25,135.57,140.47,140.60,138.87,,140.47,,,1464046,202137908.46,15866,F1,1,,,,,
2026-09-21,2026-09-21,CM,NSE,STK,9342,INE392B01011,PNC,EQ,,,,,PNC MEDIA AND ENT LTD,16.50,17.48,16.05,16.66,16.60,16.86,,16.66,,,9859,162846.41,299,F1,1,,,,,
2026-09-21,2026-09-21,CM,NSE,STK,760242,INE1RDG01013,PNGSREVA,EQ,,,,,PNGS REVA DIAMOND JEWEL L,499.10,520.00,494.45,511.05,508.10,495.75,,511.07,,,124155,63444153.10,5526,F1,1,,,,,
2026-09-21,2026-09-21,CM,NSE,STK,19036,INE371C01013,PODDARMENT,EQ,,,,,PODDAR PIGMENTS LIMITED,288.95,297.95,282.00,289.15,286.25,284.15,,289.19,,,4695,1355810.70,215,F1,1,,,,,
2026-09-21,2026-09-21,CM,NSE,STK,17651,INE637C01025,POKARNA,EQ,,,,,POKARNA LIMITED,741.00,750.60,730.25,732.90,731.00,746.85,,732.96,,,65660,48423689.35,4095,F1,1,,,,,
2026-09-21,2026-09-21,CM,NSE,STK,25718,INE205C01021,POLYMED,EQ,,,,,POLY MEDICURE LIMITED,1728.00,1728.00,1695.10,1706.20,1708.00,1726.00,,1706.05,,,72056,122872853.80,7248,F1,1,,,,,
2026-09-21,2026-09-21,CM,NSE,STK,9590,INE455K01017,POLYCAB,EQ,,,,,POLYCAB INDIA LIMITED,8352.50,8429.00,8331.00,8369.50,8369.50,8400.00,,8369.55,,,211821,1775594981.00,30739,F1,1,,,,,
2026-09-21,2026-09-21,CM,NSE,STK,2687,INE633B01018,POLYPLEX,EQ,,,,,POLYPLEX CORPORATION LTD,1090.10,1113.00,1090.10,1107.70,1109.00,1079.30,,1107.50,,,41946,46302163.00,4457,F1,1,,,,,
2026-09-21,2026-09-21,CM,NSE,STK,22711,INE517M01028,POLYSIL,SM,,,,,POLYSIL IRRIGATION SYST L,62.85,67.90,62.85,62.85,62.85,66.15,,62.85,,,92500,5886275.00,102,F1,500,,,,,
2026-09-21,2026-09-21,CM,NSE,STK,765150,INE914G01029,POLYSPIN,EQ,,,,,POLYSPIN EXPORTS LTD.,29.60,30.50,29.60,30.00,30.00,29.60,,30.00,,,1116,33737.38,32,F1,1,,,,,
2026-09-21,2026-09-21,CM,NSE,STK,14385,INE063E01061,POCL,EQ,,,,,PONDY OXIDES & CHEM LTD,471.00,478.00,464.50,472.85,473.00,469.95,,472.85,,,436490,205976988.45,16418,F1,1,,,,,
2026-09-21,2026-09-21,CM,NSE,STK,10661,INE838E01017,PONNIERODE,EQ,,,,,PONNIE SUGARS (ERODE) LTD,353.20,358.05,347.55,354.10,353.00,356.60,,354.11,,,9895,3505677.60,606,F1,1,,,,,
2026-09-21,2026-09-21,CM,NSE,STK,11403,INE511C01022,POONAWALLA,EQ,,,,,POONAWALLA FINCORP LTD,477.00,480.75,467.10,471.00,471.20,479.40,,470.99,,,1639275,774169105.25,35653,F1,1,,,,,
2026-09-21,2026-09-21,CM,NSE,STK,23142,INE772T01024,PVSL,EQ,,,,,POPULAR VEHICLES N SER L,98.20,101.19,97.50,99.38,99.00,98.77,,99.41,,,49218,4891752.98,325,F1,1,,,,,
2026-09-21,2026-09-21,CM,NSE,STK,24864,INE0S3H01017,POSITRON,SM,,,,,POSITRON ENERGY LIMITED,192.55,211.80,192.55,211.45,211.80,192.55,,211.45,,,28500,5899575.00,89,F1,300,,,,,
2026-09-21,2026-09-21,CM,NSE,STK,14299,INE134E01011,PFC,EQ,,,,,POWER FIN CORP LTD.,342.60,348.05,342.60,344.75,344.75,342.55,,344.75,,,9174012,3176155945.25,69675,F1,1,,,,,
2026-09-21,2026-09-21,CM,NSE,STK,14977,INE752E01010,POWERGRID,EQ,,,,,POWER GRID CORP. LTD.,267.75,269.05,266.10,266.10,266.10,270.30,,266.10,,,6934502,1857657703.95,53317,F1,1,,,,,
2026-09-21,2026-09-21,CM,NSE,STK,15716,INE557Z01018,PIGL,EQ,,,,,POWER INSTRUMENT (G) LTD,98.01,102.50,98.01,101.05,101.60,99.49,,101.07,,,42185,4219435.90,689,F1,1,,,,,
2026-09-21,2026-09-21,CM,NSE,STK,10473,INE211R01019,POWERMECH,EQ,,,,,POWER MECH PROJECTS LTD.,2390.60,2483.00,2378.50,2444.20,2451.00,2371.40,,2444.23,,,66185,161940053.10,12391,F1,1,,,,,
2026-09-21,2026-09-21,CM,NSE,STK,3494,INE0GGX23010,PGINVIT,IV,,,,,POWERGRID INFRA. INVITS,101.40,101.50,100.00,101.00,101.07,101.37,,101.00,,,1609099,162311432.03,8019,F1,1,,,,,
2026-09-21,2026-09-21,CM,NSE,STK,761680,INE921L01032,POWERICA,EQ,,,,,POWERICA LIMITED,578.80,584.50,565.00,568.10,569.95,576.30,,567.99,,,138170,79743559.50,5176,F1,1,,,,,
2026-09-21,2026-09-21,CM,NSE,STK,15213,INE095I01015,PPAP,BE,,,,,PPAP AUTOMOTIVE LIMITED,240.20,240.20,235.00,235.55,236.85,240.60,,235.55,,,5760,1361999.40,140,F1,1,,,,,
2026-09-21,2026-09-21,CM,NSE,STK,30134,INE0I0M01023,PRABHA,EQ,,,,,PRABHA ENERGY LIMITED,234.00,241.40,228.56,230.12,232.00,233.01,,230.12,,,178939,42059925.75,3037,F1,1,,,,,
2026-09-21,2026-09-21,CM,NSE,STK,762842,INE770A01010,PRADPME,BE,,,,,PRADEEP METALS LTD.,469.50,476.15,447.00,475.10,472.00,453.50,,474.96,,,12655,5823431.85,99,F1,1,,,,,
2026-09-21,2026-09-21,CM,NSE,STK,2705,INE074A01025,PRAJIND,EQ,,,,,PRAJ INDUSTRIES LTD,316.00,316.95,311.55,312.15,312.10,316.05,,312.17,,,256433,80359061.55,9158,F1,1,,,,,
2026-09-21,2026-09-21,CM,NSE,STK,13941,INE505C01016,PRAENG,EQ,,,,,PRAJAY ENG. SYN. LTD.,22.80,23.25,22.10,22.26,22.45,22.69,,22.24,,,23976,535009.90,115,F1,1,,,,,
2026-09-21,2026-09-21,CM,NSE,STK,2708,INE603A01013,PRAKASH,EQ,,,,,PRAKASH INDUSTRIES LTD,118.00,122.70,117.36,120.09,121.50,118.51,,120.08,,,884307,105592062.06,6203,F1,1,,,,,
2026-09-21,2026-09-21,CM,NSE,STK,10299,INE050001010,PPL,BE,,,,,PRAKASH PIPES LIMITED,266.80,272.80,263.50,270.35,269.05,268.60,,270.40,,,14307,3830980.85,258,F1,1,,,,,
2026-09-21,2026-09-21,CM,NSE,STK,19599,INE696K01024,PRAKASHSTL,EQ,,,,,PRAKASH STEELAGE LTD,3.65,3.77,3.48,3.69,3.71,3.65,,3.70,,,246595,898741.98,567,F1,1,,,,,
2026-09-21,2026-09-21,CM,NSE,STK,18514,INE0O7A01017,PRAMARA,SM,,,,,PRAMARA PROMOTIONS LTD,84.50,85.00,83.10,84.50,85.00,84.30,,84.50,,,9500,800375.00,15,F1,500,,,,,
2026-09-21,2026-09-21,CM,NSE,STK,765287,INE2JG601017,PRAMODINI,SM,,,,,PRAMODINI MEDICARE LTD,116.45,118.45,113.20,114.85,114.55,118.20,,114.85,,,151200,17633040.00,65,F1,1200,,,,,
2026-09-21,2026-09-21,CM,NSE,STK,766000,INE0H4201019,PRANAV,EQ,,,,,PRANAV CONSTRUCTIONS LTD,107.98,109.48,104.05,105.25,104.99,107.55,,105.25,,,4031316,427948400.77,29316,F1,1,,,,,
2026-09-21,2026-09-21,CM,NSE,STK,766016,INE455U01024,PRASOLCHEM,EQ,,,,,PRASOL CHEMICALS LIMITED,697.05,708.90,671.80,681.40,680.00,703.40,,680.73,,,439599,302622990.45,22730,F1,1,,,,,
2026-09-21,2026-09-21,CM,NSE,STK,21840,INE393P01035,DIAMONDYD,EQ,,,,,PRATAAP SNACKS LIMITED,1088.20,1107.70,1068.00,1099.30,1097.00,1088.10,,1099.79,,,14344,15562686.30,1372,F1,1,,,,,
2026-09-21,2026-09-21,CM,NSE,STK,23113,INE0QA601016,PRATHAM,SM,,,,,PRATHAM EPC PROJECTS LTD,121.50,121.50,120.05,120.05,120.05,121.50,,120.05,,,6000,723200.00,8,F1,400,,,,,
2026-09-21,2026-09-21,CM,NSE,STK,762844,INE722B01019,PRAVEG,EQ,,,,,PRAVEG LTD.,249.85,254.90,245.00,252.30,252.00,247.45,,252.31,,,20738,5218258.50,912,F1,1,,,,,
2026-09-21,2026-09-21,CM,NSE,STK,1204,INE546Y01022,PRAXIS,EQ,,,,,PRAXIS HOME RETAIL LTD,4.23,4.29,4.10,4.22,4.23,4.09,,4.23,,,82844,351743.73,189,F1,1,,,,,
2026-09-21,2026-09-21,CM,NSE,STK,12603,INE484I01029,PRECAM,EQ,,,,,PRECISION CAMSHAFTS LTD.,116.34,118.38,115.72,117.42,116.60,116.41,,117.40,,,86106,10078682.77,2391,F1,1,,,,,
2026-09-21,2026-09-21,CM,NSE,STK,7963,INE0HKW01018,PRECISION,ST,,,,,PRECISION METALIKS LTD,6.10,6.30,5.80,6.30,6.30,6.10,,6.30,,,46000,273000.00,18,F1,2000,,,,,
2026-09-21,2026-09-21,CM,NSE,STK,2717,INE372C01037,PRECWIRE,EQ,,,,,PRECISION WIRES INDIA LTD,478.40,485.00,466.05,473.70,474.00,478.40,,473.71,,,384630,182118821.50,21483,F1,1,,,,,
2026-09-21,2026-09-21,CM,NSE,STK,2711,INE283A01014,PRECOT,EQ,,,,,PRECOT LIMITED,700.00,700.00,665.05,689.85,676.75,659.65,,689.85,,,4262,2954156.55,292,F1,1,,,,,
2026-09-21,2026-09-21,CM,NSE,STK,762849,INE001E01012,PREMCO,EQ,,,,,PREMCO GLOBAL LTD.,386.20,402.10,386.20,397.00,397.00,400.10,,397.00,,,2104,822181.45,38,F1,1,,,,,
2026-09-21,2026-09-21,CM,NSE,STK,25049,INE0BS701011,PREMIERENE,EQ,,,,,PREMIER ENERGIES LIMITED,910.00,919.90,887.20,919.90,919.90,902.00,,919.85,,,1174173,1063397377.80,25419,F1,1,,,,,
2026-09-21,2026-09-21,CM,NSE,STK,17397,INE863B01029,PREMEXPLN,EQ,,,,,PREMIER EXPLOSIVES LTD,666.05,676.95,666.05,675.15,675.00,668.25,,675.15,,,165042,111065640.95,2492,F1,1,,,,,
2026-09-21,2026-09-21,CM,NSE,STK,6248,INE342A01018,PREMIER,BE,,,,,PREMIER LIMITED,2.89,2.89,2.66,2.78,2.78,2.78,,2.78,,,1713,4692.06,23,F1,1,,,,,
2026-09-21,2026-09-21,CM,NSE,STK,3908,INE309M01020,PREMIERPOL,EQ,,,,,PREMIER POLYFILM LTD,81.43,81.90,78.15,79.30,80.30,81.43,,79.30,,,302709,24086297.86,4731,F1,1,,,,,
2026-09-21,2026-09-21,CM,NSE,STK,23764,INE0CFG01012,PRLIND,SM,,,,,PREMIER ROADLINES LIMITED,43.20,47.20,42.75,45.05,44.60,41.50,,45.05,,,57000,2610450.00,46,F1,1000,,,,,
2026-09-21,2026-09-21,CM,NSE,STK,25898,INE0M1F01011,PREMIUM,SM,,,,,PREMIUM PLAST LIMITED,37.60,40.50,37.50,40.50,40.50,38.60,,40.50,,,30000,1184850.00,10,F1,3000,,,,,
2026-09-21,2026-09-21,CM,NSE,STK,20498,INE0R1601012,PRESSTONIC,SM,,,,,PRESSTONIC ENGINEERING L,30.80,35.90,30.50,35.90,35.90,29.95,,35.90,,,84000,2967160.00,58,F1,800,,,,,
2026-09-21,2026-09-21,CM,NSE,STK,20302,INE811K01011,PRESTIGE,EQ,,,,,PRESTIGE ESTATE LTD,1442.20,1478.00,1442.20,1474.00,1474.00,1435.10,,1474.00,,,294871,432226622.10,15922,F1,1,,,,,
2026-09-21,2026-09-21,CM,NSE,STK,19631,INE726V01018,PRICOLLTD,EQ,,,,,PRICOL LIMITED,763.65,771.45,753.10,756.50,758.40,767.50,,756.52,,,139811,106174345.25,11762,F1,1,,,,,
2026-09-21,2026-09-21,CM,NSE,STK,759075,INE0CQA01020,PRIMECAB,ST,,,,,PRIME CABLE INDUSTRIES L,165.55,172.05,165.35,171.60,172.05,163.90,,171.60,,,123200,21117280.00,65,F1,1600,,,,,
2026-09-21,2026-09-21,CM,NSE,STK,13496,INE367G01038,PFOCUS,EQ,,,,,PRIME FOCUS LIMITED,347.90,355.00,339.00,352.65,354.00,344.35,,352.61,,,4581441,1589138109.25,41366,F1,1,,,,,
2026-09-21,2026-09-21,CM,NSE,STK,11864,INE032B01021,PRIMESECU,EQ,,,,,PRIME SECURITIES LIMITED,296.85,302.90,289.80,298.70,299.90,296.85,,298.67,,,107501,31999659.60,714,F1,1,,,,,
2026-09-21,2026-09-21,CM,NSE,STK,756925,INE607A01022,PRIMO,EQ,,,,,PRIMO CHEMICALS LIMITED,21.50,22.70,21.26,22.31,22.25,21.35,,22.22,,,104017,2279052.63,786,F1,1,,,,,
2026-09-21,2026-09-21,CM,NSE,STK,16045,INE689W01016,PRINCEPIPE,EQ,,,,,PRINCE PIPES FITTINGS LTD,272.00,272.35,265.20,266.10,266.70,269.80,,266.11,,,116219,31149813.15,4176,F1,1,,,,,
2026-09-21,2026-09-21,CM,NSE,STK,765558,INE15EH01014,PRIORITY,EQ,,,,,PRIORITY JEWELS LIMITED,230.71,239.39,228.00,231.88,230.01,232.06,,231.94,,,383630,89111398.15,3494,F1,1,,,,,
2026-09-21,2026-09-21,CM,NSE,STK,2739,INE010A01011,PRSMJOHNSN,EQ,,,,,PRISM JOHNSON LIMITED,117.22,117.80,115.86,116.44,117.00,117.05,,116.64,,,335784,39190946.78,4436,F1,1,,,,,
2026-09-21,2026-09-21,CM,NSE,STK,765155,INE286N01028,PRISMX,EQ,,,,,PRISMX GLOBAL VENTURES L,0.56,0.57,0.54,0.55,0.55,0.55,,0.55,,,117129,65111.48,120,F1,1,,,,,
2026-09-21,2026-09-21,CM,NSE,STK,8304,INE974Z01015,PRITI,EQ,,,,,PRITI INTERNATIONAL LTD,33.43,33.90,32.58,32.93,33.00,33.43,,32.93,,,7923,261243.93,149,F1,1,,,,,
2026-09-21,2026-09-21,CM,NSE,STK,5296,INE583R01029,PRITIKAUTO,BE,,,,,PRITIKA AUTO INDUS LTD,15.08,15.30,14.61,15.27,15.29,14.82,,15.27,,,72469,1099206.87,321,F1,1,,,,,
2026-09-21,2026-09-21,CM,NSE,STK,8825,INE959A01019,PRIVISCL,EQ,,,,,PRIVI SPECIALITY CHE LTD,3453.20,3545.00,3453.20,3525.60,3525.00,3444.90,,3525.56,,,94831,333082438.40,14008,F1,1,,,,,
2026-09-21,2026-09-21,CM,NSE,STK,24511,INE0V9N01017,PRIZOR,ST,,,,,PRIZOR VIZTECH LIMITED,1084.80,1084.80,1084.80,1084.80,1084.80,1106.90,,1084.80,,,2800,3037440.00,5,F1,400,,,,,
2026-09-21,2026-09-21,CM,NSE,STK,757806,INE0VJT01017,PROFX,SM,,,,,PRO FX TECH LIMITED,70.40,71.00,70.10,70.95,70.90,71.10,,70.95,,,24000,1699440.00,15,F1,1600,,,,,
2026-09-21,2026-09-21,CM,NSE,STK,940,INE199A01012,PGHL,EQ,,,,,PROCTER & GAMBLE HEALTH L,5500.00,5555.00,5479.50,5503.50,5480.00,5503.50,,5503.52,,,3243,17898830.50,1050,F1,1,,,,,
2026-09-21,2026-09-21,CM,NSE,STK,19352,INE994V01012,PROLIFE,SM,,,,,PROLIFE INDUSTRIES LTD,82.50,82.50,75.00,80.00,75.00,79.00,,80.00,,,1500,120000.00,3,F1,500,,,,,
2026-09-21,2026-09-21,CM,NSE,STK,764345,INE1FFX01018,PROPSHOP,SM,,,,,PROPSHOP EVENTS AND EXH L,72.05,72.05,72.00,72.05,72.00,74.50,,72.05,,,6000,432200.00,2,F1,2000,,,,,
2026-09-21,2026-09-21,CM,NSE,STK,758173,INE0BX301013,PROSTARM,EQ,,,,,PROSTARM INFO SYSTEMS LTD,129.53,130.84,128.00,128.40,128.30,129.53,,128.40,,,67958,8768168.97,1789,F1,1,,,,,
2026-09-21,2026-09-21,CM,NSE,STK,29472,INE004A01022,PROTEAN,EQ,,,,,PROTEAN EGOV TECHNO LTD,493.00,588.35,491.50,588.35,588.35,490.30,,588.35,,,7996314,4482780869.95,151473,F1,1,,,,,
2026-09-21,2026-09-21,CM,NSE,STK,16483,INE0ONE01016,PROV,SM,,,,,PROVENTUS AGROCOM LIMITED,1945.00,1945.00,1826.00,1852.00,1826.00,1951.35,,1852.00,,,480,905676.00,6,F1,80,,,,,
2026-09-21,2026-09-21,CM,NSE,STK,28859,INE195N01013,PROZONER,EQ,,,,,PROZONE REALTY LIMITED,52.75,53.23,52.31,52.90,53.14,53.17,,52.89,,,95345,5043442.26,707,F1,1,,,,,
2026-09-21,2026-09-21,CM,NSE,STK,9553,INE00F201020,PRUDENT,EQ,,,,,PRUDENT CORP ADV SER LTD,3501.60,3545.00,3387.00,3426.80,3449.10,3501.60,,3426.81,,,18107,62573454.90,4112,F1,1,,,,,
2026-09-21,2026-09-21,CM,NSE,STK,20527,INE024D01016,PRUDMOULI,EQ,,,,,PRUDENTIAL SUGAR CORPORAT,14.30,14.60,14.00,14.19,14.20,14.27,,14.03,,,8065,113511.56,57,F1,1,,,,,
2026-09-21,2026-09-21,CM,NSE,STK,20877,INE488V01015,PSPPROJECT,EQ,,,,,PSP PROJECTS LIMITED,806.90,839.60,805.55,820.15,827.15,810.10,,820.22,,,54262,44777275.30,2985,F1,1,,,,,
2026-09-21,2026-09-21,CM,NSE,STK,22602,INE560K01014,PFS,EQ,,,,,PTC INDIA FIN SERV LTD,26.18,27.13,26.10,26.73,26.99,26.17,,26.73,,,591952,15887232.29,5713,F1,1,,,,,
2026-09-21,2026-09-21,CM,NSE,STK,11355,INE877F01012,PTC,EQ,,,,,PTC INDIA LIMITED,156.00,158.38,155.80,156.28,156.50,156.23,,156.28,,,1151478,180442506.85,16696,F1,1,,,,,
2026-09-21,2026-09-21,CM,NSE,STK,16682,INE596F01018,PTCIL,EQ,,,,,PTC INDUSTRIES LIMITED,22750.00,22810.00,22190.00,22300.00,22280.00,22805.00,,22299.17,,,15720,352421990.00,5093,F1,1,,,,,
2026-09-21,2026-09-21,CM,NSE,STK,14101,INE034D01049,PTL,EQ,,,,,PTL ENTERPRISES LTD,38.34,38.64,38.10,38.30,38.22,38.33,,38.30,,,60413,2308121.60,625,F1,1,,,,,
2026-09-21,2026-09-21,CM,NSE,STK,15377,INE865T01018,PDMJEPAPER,EQ,,,,,PUDUMJEE PAPER PRO. LTD,102.00,102.01,96.35,98.18,98.00,101.59,,98.18,,,190713,18856417.79,3323,F1,1,,,,,
2026-09-21,2026-09-21,CM,NSE,STK,507,INE335X01014,PULZ,SM,,,,,PULZ ELECTRONICS LIMITED,21.90,22.50,21.05,21.75,21.35,22.10,,21.75,,,24000,513400.00,12,F1,2000,,,,,
2026-09-21,2026-09-21,CM,NSE,STK,21001,INE608A01012,PSB,EQ,,,,,PUNJAB & SIND BANK,22.15,22.20,21.85,21.95,21.94,22.10,,21.95,,,571381,12538713.53,3616,F1,1,,,,,
2026-09-21,2026-09-21,CM,NSE,STK,4344,INE277B01014,PUNJABCHEM,EQ,,,,,PUNJAB CHEM & CROP PROT L,1085.00,1088.00,1053.00,1064.80,1071.90,1075.70,,1064.80,,,5762,6160159.60,736,F1,1,,,,,
2026-09-21,2026-09-21,CM,NSE,STK,10666,INE160A01022,PNB,EQ,,,,,PUNJAB NATIONAL BANK,117.23,118.58,116.64,118.00,118.00,117.27,,118.00,,,8624424,1016134986.97,32634,F1,1,,,,,
2026-09-21,2026-09-21,CM,NSE,STK,14922,INE323I01011,PURVA,EQ,,,,,PURAVANKARA LIMITED,214.50,216.30,212.27,214.94,214.60,213.43,,214.96,,,166913,35754953.53,4205,F1,1,,,,,
2026-09-21,2026-09-21,CM,NSE,STK,765568,INE0I1B01016,PERNIASPOP,EQ,,,,,PURPLE STYLE LABS LIMITED,542.05,568.00,528.00,533.35,533.80,546.45,,533.36,,,205958,110889760.50,8201,F1,1,,,,,
2026-09-21,2026-09-21,CM,NSE,STK,28044,INE0P5R01014,PURPLEUTED,ST,,,,,PURPLE UNITED SALES LTD,450.00,450.00,432.20,440.75,439.00,450.00,,440.75,,,14500,6413125.00,45,F1,250,,,,,
2026-09-21,2026-09-21,CM,NSE,STK,22938,INE0R6C01012,PURVFLEXI,SM,,,,,PURV FLEXIPACK LIMITED,46.00,46.60,46.00,46.60,46.60,44.40,,46.60,,,9600,446640.00,12,F1,800,,,,,
2026-09-21,2026-09-21,CM,NSE,STK,757683,INE154801018,PUSHPA,SM,,,,,PUSHPA JEWELLERS LIMITED,103.50,106.15,103.50,104.60,104.00,108.00,,104.60,,,60000,6302350.00,54,F1,1000,,,,,
2026-09-21,2026-09-21,CM,NSE,STK,4010,INE362A01016,PVP,EQ,,,,,PVP VENTURES LIMITED,59.46,62.24,57.10,62.24,62.24,59.28,,62.30,,,821802,49634712.27,4777,F1,1,,,,,
2026-09-21,2026-09-21,CM,NSE,STK,13147,INE191H01014,PVRINOX,EQ,,,,,PVR INOX LIMITED,1328.70,1357.80,1322.60,1349.30,1352.00,1324.70,,1349.27,,,460503,619456127.40,25408,F1,1,,,,,
2026-09-21,2026-09-21,CM,NSE,STK,18250,INE0MIS01010,PYRAMID,EQ,,,,,PYRAMID TECHNOPLAST LTD,154.56,159.45,153.01,157.67,158.49,154.49,,157.64,,,24917,3893256.50,555,F1,1,,,,,
2026-09-21,2026-09-21,CM,NSE,STK,763594,INE1G2W01011,QLINE,SM,,,,,Q-LINE BIOTECH LIMITED,691.10,707.00,685.30,698.20,700.00,696.95,,698.20,,,32000,22285340.00,73,F1,400,,,,,
2026-09-21,2026-09-21,CM,NSE,STK,751653,INE0FMW01018,QMSMEDI,BE,,,,,QMS MEDICAL ALLIED S LTD,185.00,186.22,180.91,186.22,186.22,177.36,,186.22,,,58939,10962544.00,322,F1,1,,,,,
2026-09-21,2026-09-21,CM,NSE,STK,5875,INE0GOJ01027,QUADPRO,ST,,,,,QUADPRO ITES LIMITED,3.40,3.40,3.40,3.40,3.40,3.25,,3.40,,,12000,40800.00,1,F1,12000,,,,,
2026-09-21,2026-09-21,CM,NSE,STK,29087,INE0LRY01011,QUADFUTURE,EQ,,,,,QUADRANT FUTURE TEK LTD,528.50,541.10,527.65,536.00,535.00,528.20,,535.95,,,590777,315798285.30,18565,F1,1,,,,,
2026-09-21,2026-09-21,CM,NSE,STK,765988,INE1XJ401012,QUALIANCE,ST,,,,,QUALIANCE INTERNATIONAL L,182.75,193.00,182.75,182.75,182.75,192.35,,182.75,,,473000,87036400.00,327,F1,1000,,,,,
2026-09-21,2026-09-21,CM,NSE,STK,29711,INE0SII01026,QPOWER,EQ,,,,,QUALITY POWER ELEC EQUP L,1560.00,1561.00,1466.10,1486.40,1488.00,1536.10,,1486.46,,,513453,770421842.20,26529,F1,1,,,,,
2026-09-21,2026-09-21,CM,NSE,STK,15330,INF082J01408,QGOLDHALF,EQ,,,,,QUANTUM GOLD ETF,127.67,127.67,125.73,125.82,125.88,126.67,,125.82,,,135062,17007354.91,751,F1,1,,,,,
2026-09-21,2026-09-21,CM,NSE,STK,16819,INF082J01499,QNIFTY,EQ,,,,,QUANTUM NIFTY 50 ETF,259.99,259.99,256.40,258.50,258.50,257.62,,258.50,,,5809,1500439.78,205,F1,1,,,,,
2026-09-21,2026-09-21,CM,NSE,STK,765392,INF966L01EI5,SILVER001,EQ,,,,,QUANT_AMC - SILVER001,23.78,23.99,23.10,23.55,23.55,23.78,,23.55,,,24447,576075.34,114,F1,1,,,,,
2026-09-21,2026-09-21,CM,NSE,STK,17704,INE615P01015,QUESS,EQ,,,,,QUESS CORP LIMITED,351.65,369.50,348.80,363.10,361.25,351.65,,363.11,,,955604,347036799.55,39732,F1,1,,,,,
2026-09-21,2026-09-21,CM,NSE,STK,23793,INE0TNW01017,QUESTLAB,SM,,,,,QUEST LABORATORIES LTD,73.05,75.50,68.60,74.10,74.10,74.25,,74.10,,,31200,2263500.00,26,F1,1200,,,,,
2026-09-21,2026-09-21,CM,NSE,STK,13116,INE306L01010,QUICKHEAL,EQ,,,,,QUICK HEAL TECH LTD,152.95,156.38,150.72,151.79,151.84,152.46,,151.76,,,109269,16720245.91,2335,F1,1,,,,,
2026-09-21,2026-09-21,CM,NSE,STK,15285,INE0K4D01020,QUICKTOUCH,SM,,,,,QUICKTOUCH TECHNOLOGIES L,17.00,17.85,17.00,17.85,17.85,17.00,,17.85,,,2500,44200.00,5,F1,500,,,,,
2026-09-21,2026-09-21,CM,NSE,STK,762854,INE641R01017,QUINT,EQ,,,,,QUINT DIGITAL LTD.,73.45,77.02,68.70,76.73,77.02,70.02,,76.71,,,621549,46975554.48,3425,F1,1,,,,,
2026-09-21,2026-09-21,CM,NSE,STK,9376,INE033B01011,QUINTEGRA,BE,,,,,QUINTEGRA SOLUTIONS LTD.,1.15,1.20,1.12,1.12,1.12,1.15,,1.27,,,18241,21768.22,25,F1,1,,,,,
2026-09-21,2026-09-21,CM,NSE,STK,24957,INE0KZF01015,QVCEL,SM,,,,,QVC EXPORTS LIMITED,22.80,22.80,22.00,22.15,22.15,22.80,,22.15,,,11200,253040.00,7,F1,1600,,,,,
2026-09-21,2026-09-21,CM,NSE,STK,23043,INE0NQ801033,RKSWAMY,EQ,,,,,R K SWAMY LIMITED,90.49,91.16,88.02,88.79,89.00,89.40,,88.83,,,13837,1230452.76,526,F1,1,,,,,
2026-09-21,2026-09-21,CM,NSE,STK,757836,INE219Y01026,RMDRIP,BE,,,,,R M DRIP & SPRINK SYS LTD,22.48,23.20,22.29,23.08,23.10,22.19,,23.08,,,263850,6061338.25,481,F1,1,,,,,
2026-09-21,2026-09-21,CM,NSE,STK,762864,INE951M01037,RRIL,EQ,,,,,R R I L LTD.,15.62,16.39,15.62,16.38,16.30,15.55,,16.38,,,41111,661849.76,409,F1,1,,,,,
2026-09-21,2026-09-21,CM,NSE,STK,18566,INE777K01022,RRKABEL,EQ,,,,,R R KABEL LIMITED,2440.10,2456.20,2404.30,2411.70,2414.00,2450.80,,2411.79,,,119993,290747068.90,17162,F1,1,,,,,
2026-09-21,2026-09-21,CM,NSE,STK,762872,INE616F01022,RSDFIN,BE,,,,,R S D FINANCE LTD.,94.70,94.70,90.10,92.49,93.90,92.87,,89.50,,,563,51264.99,10,F1,1,,,,,
2026-09-21,2026-09-21,CM,NSE,STK,13414,INE411H01032,RSYSTEMS,EQ,,,,,R SYS INTERNATIONAL LTD,241.95,246.21,239.35,243.08,242.01,242.15,,243.07,,,94887,23055888.08,2635,F1,1,,,,,
2026-09-21,2026-09-21,CM,NSE,STK,764855,INE005C01017,RTSPOWR,EQ,,,,,R T S POWER CORPN. LTD.,91.98,91.99,85.00,87.96,89.80,87.28,,87.04,,,2020,177525.47,53,F1,1,,,,,
2026-09-21,2026-09-21,CM,NSE,STK,758984,INE012Q01039,RNBDENIMS,BE,,,,,R&B DENIMS LIMITED,8.75,9.20,8.75,8.97,8.95,8.96,,8.91,,,89956,805840.42,365,F1,1,,,,,
2026-09-21,2026-09-21,CM,NSE,STK,6429,INE165B01029,RSSOFTWARE,EQ,,,,,R. S. SOFTWARE (INDIA) LI,30.50,30.50,29.70,30.23,30.25,30.26,,30.23,,,3836,115690.02,60,F1,1,,,,,
2026-09-21,2026-09-21,CM,NSE,STK,20760,INE324L01013,RPPINFRA,EQ,,,,,R.P.P INFRA PROJECTS LTD,53.59,55.76,53.35,53.56,53.42,53.81,,53.56,,,28064,1508857.48,624,F1,1,,,,,
2026-09-21,2026-09-21,CM,NSE,STK,762244,INE2PB023011,RIIT,IV,,,,,RAAJMARG INFRA INVEST T,120.85,120.85,118.50,119.91,120.00,119.99,,119.91,,,156965,18754513.69,4483,F1,1,,,,,
2026-09-21,2026-09-21,CM,NSE,STK,15391,INE084Q01012,RACE,EQ,,,,,RACE ECO CHAIN LIMITED,96.67,103.75,96.67,99.99,100.00,96.80,,99.99,,,127219,12764785.42,494,F1,1,,,,,
2026-09-21,2026-09-21,CM,NSE,STK,9854,INE02OY01016,RILINFRA,SM,,,,,RACHANA INFRA LTD,33.50,33.75,32.10,32.85,32.90,32.45,,32.85,,,11200,370505.00,85,F1,100,,,,,
2026-09-21,2026-09-21,CM,NSE,STK,27171,INE704B01017,RACLGEAR,EQ,,,,,RACL GEARTECH LIMITED,1750.80,1788.90,1707.70,1716.70,1721.50,1760.90,,1717.05,,,32520,56518881.90,5658,F1,1,,,,,
2026-09-21,2026-09-21,CM,NSE,STK,10932,INE874F01027,RADAAN,EQ,,,,,RADAAN MEDIAWORKS (I) LTD,2.80,2.89,2.78,2.82,2.87,2.80,,2.82,,,26190,73356.24,82,F1,1,,,,,
2026-09-21,2026-09-21,CM,NSE,STK,10347,INE583V01021,RADHIKAJWE,BE,,,,,RADHIKA JEWELTECH LIMITED,68.81,74.50,68.81,74.10,73.50,71.24,,74.08,,,287578,20582066.91,1789,F1,1,,,,,
2026-09-21,2026-09-21,CM,NSE,STK,13580,INE855R01021,RADIANTCMS,EQ,,,,,RADIANT CASH MGMT SER LTD,35.42,35.69,35.06,35.24,35.06,35.42,,35.24,,,359805,12734538.31,2970,F1,1,,,,,
2026-09-21,2026-09-21,CM,NSE,STK,10990,INE944F01028,RADICO,EQ,,,,,RADICO KHAITAN LTD,4475.00,4539.90,4376.10,4480.00,4480.00,4535.40,,4480.01,,,421324,1881866308.70,46189,F1,1,,,,,
2026-09-21,2026-09-21,CM,NSE,STK,24735,INE912T01018,RPEL,EQ,,,,,RAGHAV PRODUCTIVITY ENH L,1640.10,1700.00,1625.10,1692.20,1690.00,1652.40,,1691.66,,,60653,101366624.70,7649,F1,1,,,,,
2026-09-21,2026-09-21,CM,NSE,STK,9552,INE415G01027,RVNL,EQ,,,,,RAIL VIKAS NIGAM LIMITED,214.01,214.28,209.35,209.71,209.71,214.29,,209.73,,,6562323,1386685301.77,51365,F1,1,,,,,
2026-09-21,2026-09-21,CM,NSE,STK,2431,INE0DD101019,RAILTEL,EQ,,,,,RAILTEL CORP OF IND LTD,266.00,267.70,258.85,260.25,259.85,265.00,,260.26,,,418713,109810125.95,12163,F1,1,,,,,
2026-09-21,2026-09-21,CM,NSE,STK,15337,INE855B01025,RAIN,EQ,,,,,RAIN INDUSTRIES LIMITED,207.49,215.95,207.32,212.18,212.00,206.92,,212.17,,,3399674,723086369.11,26133,F1,1,,,,,
2026-09-21,2026-09-21,CM,NSE,STK,9408,INE961O01016,RAINBOW,EQ,,,,,RAINBOW CHILDRENS MED LTD,1441.40,1452.30,1435.10,1439.60,1442.00,1454.70,,1439.62,,,93792,134999982.60,14188,F1,1,,,,,
2026-09-21,2026-09-21,CM,NSE,STK,359,INE294G01026,ROML,EQ,,,,,RAJ OIL MILLS LIMITED,41.35,41.70,40.00,40.71,40.95,41.35,,40.71,,,4860,197817.23,113,F1,1,,,,,
2026-09-21,2026-09-21,CM,NSE,STK,8428,INE533D01032,RAJRILTD,BE,,,,,RAJ RAYON INDUSTRIES LTD,21.10,21.23,20.41,20.49,20.50,20.82,,20.50,,,24855,511316.15,160,F1,1,,,,,
2026-09-21,2026-09-21,CM,NSE,STK,14403,INE952H01027,RAJTV,EQ,,,,,RAJ TV NETWORK LTD,8.89,8.89,8.17,8.87,8.88,8.60,,8.87,,,33575,291048.14,152,F1,1,,,,,
2026-09-21,2026-09-21,CM,NSE,STK,762859,INE296E01026,RAJPALAYAM,EQ,,,,,RAJAPALAYAM MILLS LTD.,794.95,795.00,762.00,768.55,768.50,790.65,,769.90,,,668,517867.50,77,F1,1,,,,,
2026-09-21,2026-09-21,CM,NSE,STK,181,INE610C01014,ARENTERP,EQ,,,,,RAJDARSHAN INDUSTRIES LTD,34.25,34.49,33.68,34.49,34.49,33.02,,34.49,,,147,4967.33,5,F1,1,,,,,
2026-09-21,2026-09-21,CM,NSE,STK,760461,INE343B01030,RAJESHEXPO,BZ,,,,,RAJESH EXPORTS LTD,71.16,71.50,69.76,70.62,70.55,70.83,,70.63,,,159860,11287760.54,1912,F1,1,,,,,
2026-09-21,2026-09-21,CM,NSE,STK,765445,INE0BZQ20011,RCDL-RE,ST,,,,,RAJGOR CAST DERIVATI LTD,2.30,2.90,2.30,2.85,2.90,2.45,,2.85,,,108000,297600.00,18,F1,3000,,,,,
2026-09-21,2026-09-21,CM,NSE,STK,19681,INE0BZQ01011,RCDL,SM,,,,,RAJGOR CASTOR DERIVATI L,13.50,14.10,13.45,14.10,14.10,13.45,,14.10,,,27000,372750.00,9,F1,3000,,,,,
2026-09-21,2026-09-21,CM,NSE,STK,2168,INE00KV01022,RAJMET,EQ,,,,,RAJNANDINI METAL LIMITED,3.18,3.22,3.11,3.12,3.12,3.15,,3.12,,,201344,635653.76,609,F1,1,,,,,
2026-09-21,2026-09-21,CM,NSE,STK,757052,INE535F01024,RAJOOENG,BE,,,,,RAJOO ENGINEERS LIMITED,54.00,55.59,51.00,55.23,55.59,52.99,,55.22,,,578023,31292615.90,1055,F1,1,,,,,
2026-09-21,2026-09-21,CM,NSE,STK,27269,INE0VHU01019,RAJPUTANA,SM,,,,,RAJPUTANA BIODIESEL LTD,199.50,199.50,199.50,199.50,199.50,199.35,,199.50,,,1000,199500.00,2,F1,500,,,,,
2026-09-21,2026-09-21,CM,NSE,STK,24707,INE0PCU01012,RAJINDLTD,SM,,,,,RAJPUTANA INDUSTRIES LTD,62.95,63.00,62.95,62.95,63.00,61.50,,62.95,,,3000,188925.00,2,F1,1500,,,,,
2026-09-21,2026-09-21,CM,NSE,STK,761439,INE313L01016,RSL,EQ,,,,,RAJPUTANA STAINLESS LTD,182.00,201.70,180.85,197.88,199.00,181.21,,197.89,,,1078964,209578712.76,19566,F1,1,,,,,
2026-09-21,2026-09-21,CM,NSE,STK,18962,INE451D01029,RAJRATAN,EQ,,,,,RAJRATAN GLOBAL WIRE LTD,457.15,458.15,446.10,452.75,454.60,452.60,,452.78,,,172848,77827896.60,10258,F1,1,,,,,
2026-09-21,2026-09-21,CM,NSE,STK,6915,INE760W01023,RPPL,BE,,,,,RAJSHREE POLYPACK LTD,20.43,20.43,19.27,19.83,19.57,20.24,,19.83,,,34190,674630.12,122,F1,1,,,,,
2026-09-21,2026-09-21,CM,NSE,STK,2809,INE562B01019,RAJSREESUG,EQ,,,,,RAJSHREE SUGAR & CHEMICAL,31.65,32.45,31.50,32.32,32.34,31.87,,32.32,,,9103,290905.41,232,F1,1,,,,,
2026-09-21,2026-09-21,CM,NSE,STK,6259,INE011H01014,RAJVIR,BZ,,,,,RAJVIR INDUSTRIES LIMITED,5.21,5.21,5.21,5.21,5.21,5.32,,6.11,,,1,5.21,1,F1,1,,,,,
2026-09-21,2026-09-21,CM,NSE,STK,2816,INE613A01020,RALLIS,EQ,,,,,RALLIS INDIA LTD,203.99,205.75,201.73,202.15,202.00,203.80,,202.14,,,422822,85842711.76,15106,F1,1,,,,,
2026-09-21,2026-09-21,CM,NSE,STK,10485,INE207E01023,RAMRAT,EQ,,,,,RAM RATNA WIRES LIMITED,555.00,562.45,547.55,550.10,550.00,554.75,,550.08,,,121420,67313898.80,8907,F1,1,,,,,
2026-09-21,2026-09-21,CM,NSE,STK,10568,INE809A01032,RAMAPHO,EQ,,,,,RAMA PHOSPHATES LIMITED,122.83,122.83,118.66,120.98,122.40,120.87,,120.98,,,10559,1272341.99,383,F1,1,,,,,
2026-09-21,2026-09-21,CM,NSE,STK,10304,INE230R01035,RAMASTEEL,BE,,,,,RAMA STEEL TUBES LIMITED,4.28,4.45,4.21,4.38,4.40,4.28,,4.38,,,4243681,18662798.76,4114,F1,1,,,,,
2026-09-21,2026-09-21,CM,NSE,STK,757777,INE14W901010,RTL,SM,,,,,RAMA TELECOM LIMITED,77.25,82.50,77.00,82.50,82.50,78.50,,82.50,,,8000,636300.00,4,F1,2000,,,,,
2026-09-21,2026-09-21,CM,NSE,STK,4587,INE614A01028,RAMCOIND,EQ,,,,,RAMCO INDUSTRIES LIMITED,332.00,333.05,325.05,326.15,325.90,332.10,,326.14,,,47191,15450706.00,1954,F1,1,,,,,
2026-09-21,2026-09-21,CM,NSE,STK,7851,INE246B01019,RAMCOSYS,EQ,,,,,RAMCO SYSTEMS LTD.,567.00,572.65,556.30,564.20,564.00,567.25,,564.24,,,43600,24467526.10,2110,F1,1,,,,,
2026-09-21,2026-09-21,CM,NSE,STK,23565,INE0RJH01010,RBS,SM,,,,,RAMDEVBABA SOLVENT LTD,85.00,85.00,75.00,79.75,80.00,83.00,,79.75,,,24800,1980960.00,27,F1,800,,,,,
2026-09-21,2026-09-21,CM,NSE,STK,11411,INE399G01023,RKFORGE,EQ,,,,,RAMKRISHNA FORGINGS LTD,725.00,725.00,712.65,716.50,719.40,724.10,,716.50,,,318768,228666355.05,12275,F1,1,,,,,
2026-09-21,2026-09-21,CM,NSE,STK,20134,INE874I01013,RAMKY,EQ,,,,,RAMKY INFRA LTD,320.90,324.85,313.40,317.00,319.95,319.35,,317.09,,,18240,5776198.85,922,F1,1,,,,,
2026-09-21,2026-09-21,CM,NSE,STK,2837,INE625B01014,RANASUG,EQ,,,,,RANA SUGARS LTD.,14.25,14.50,14.16,14.18,14.16,14.43,,14.18,,,644017,9195927.31,3995,F1,1,,,,,
2026-09-21,2026-09-21,CM,NSE,STK,11975,INE050H01012,RML,EQ,,,,,RANE (MADRAS) LIMITED,1324.30,1366.50,1294.00,1345.60,1354.70,1324.50,,1345.52,,,59658,79576168.60,6030,F1,1,,,,,
2026-09-21,2026-09-21,CM,NSE,STK,2844,INE384A01010,RANEHOLDIN,EQ,,,,,RANE HOLDINGS LIMITED,1598.40,1612.20,1565.00,1570.80,1567.50,1598.40,,1570.71,,,4422,7005322.60,717,F1,1,,,,,
2026-09-21,2026-09-21,CM,NSE,STK,30460,INE0QX901013,RAPIDFLEET,SM,,,,,RAPID FLEET MGT SERVICE L,202.80,203.10,199.60,199.60,199.60,209.25,,199.60,,,10800,2182770.00,18,F1,600,,,,,
2026-09-21,2026-09-21,CM,NSE,STK,25610,INE0MVO01012,RAPPID,SM,,,,,RAPPID VALVES (INDIA) LTD,365.00,366.00,339.00,351.30,359.00,365.90,,351.30,,,12000,4203030.00,20,F1,600,,,,,
2026-09-21,2026-09-21,CM,NSE,STK,22670,INE0J1F01024,RPTECH,EQ,,,,,RASHI PERIPHERALS LIMITED,798.00,816.40,772.45,811.90,811.90,798.05,,811.86,,,204985,164063264.30,16394,F1,1,,,,,
2026-09-21,2026-09-21,CM,NSE,STK,2866,INE027A01015,RCF,EQ,,,,,RASHTRIYA CHEMICALS & FER,109.34,110.69,108.50,108.74,108.75,109.08,,108.73,,,1035395,113169581.72,9643,F1,1,,,,,
2026-09-21,2026-09-21,CM,NSE,STK,7177,INE0CLI01024,RATEGAIN,EQ,,,,,RATEGAIN TRAVEL TECHN LTD,844.00,856.90,832.20,842.30,843.00,858.40,,842.28,,,399753,336162770.35,29638,F1,1,,,,,
2026-09-21,2026-09-21,CM,NSE,STK,13451,INE703B01027,RATNAMANI,EQ,,,,,RATNAMANI MET & TUB LTD.,2859.00,2861.10,2756.00,2776.90,2765.00,2859.10,,2776.92,,,38783,108794630.00,8667,F1,1,,,,,
2026-09-21,2026-09-21,CM,NSE,STK,18423,INE05CZ01011,RATNAVEER,EQ,,,,,RATNAVEER PRECISION ENG L,302.00,338.00,296.90,334.55,334.00,299.25,,334.55,,,20650744,6770923237.80,182963,F1,1,,,,,
2026-09-21,2026-09-21,CM,NSE,STK,27297,INE834M01019,RTNINDIA,EQ,,,,,RATTANINDIA ENT LIMITED,26.55,28.40,26.34,27.08,27.00,26.54,,27.09,,,1763256,47345406.25,7910,F1,1,,,,,
2026-09-21,2026-09-21,CM,NSE,STK,17520,INE399K01017,RTNPOWER,EQ,,,,,RATTANINDIA POWER LIMITED,7.18,7.41,7.10,7.11,7.13,7.14,,7.11,,,24044976,173905265.11,16934,F1,1,,,,,
2026-09-21,2026-09-21,CM,NSE,STK,20950,INE722J01012,RKDL,EQ,,,,,RAVI KUMAR DIST. LTD.,18.50,18.79,18.11,18.66,18.76,18.49,,18.62,,,15740,292686.56,113,F1,1,,,,,
2026-09-21,2026-09-21,CM,NSE,STK,1565,INE09E501017,RVHL,EQ,,,,,RAVINDER HEIGHTS LIMITED,40.70,40.70,39.55,40.01,39.80,39.48,,40.01,,,8424,338196.96,63,F1,1,,,,,
2026-09-21,2026-09-21,CM,NSE,STK,24596,INE206N01018,RELTD,EQ,,,,,RAVINDRA ENERGY LIMITED,146.90,147.40,140.88,143.93,145.44,147.59,,143.94,,,159643,23022760.80,2465,F1,1,,,,,
2026-09-21,2026-09-21,CM,NSE,STK,25073,INE02ID01020,RAYMONDLSL,EQ,,,,,RAYMOND LIFESTYLE LIMITED,646.00,657.90,641.55,646.15,647.30,648.35,,646.17,,,166495,108002157.30,7393,F1,1,,,,,
2026-09-21,2026-09-21,CM,NSE,STK,2859,INE301A01014,RAYMOND,EQ,,,,,RAYMOND LTD,978.00,1120.00,969.95,1084.95,1093.00,978.00,,1085.05,,,6712338,7042126986.65,192613,F1,1,,,,,
2026-09-21,2026-09-21,CM,NSE,STK,758551,INE1SY401010,RAYMONDREL,EQ,,,,,RAYMOND REALTY LIMITED,590.00,604.60,582.20,585.45,586.00,588.30,,585.28,,,383796,227646501.80,11920,F1,1,,,,,
2026-09-21,2026-09-21,CM,NSE,STK,765937,INE1FCO01014,MOMSBELIEF,BE,,,,,RAYS OF BELIEF LIMITED,220.45,226.00,220.45,223.89,224.99,223.73,,223.84,,,21447,4788085.46,317,F1,1,,,,,
2026-09-21,2026-09-21,CM,NSE,STK,18391,INE976G01028,RBLBANK,EQ,,,,,RBL BANK LIMITED,408.00,409.90,401.10,402.40,402.40,415.90,,402.40,,,2214016,895330420.95,31444,F1,1,,,,,
2026-09-21,2026-09-21,CM,NSE,STK,13570,INE0NA301016,RBMINFRA,SM,,,,,RBM INFRACON LIMITED,276.00,289.40,267.00,278.55,277.00,275.45,,278.55,,,22400,6229900.00,92,F1,200,,,,,
2026-09-21,2026-09-21,CM,NSE,STK,20893,INE0PEQ01016,RBZJEWEL,BE,,,,,RBZ JEWELLERS LIMITED,171.00,176.00,167.05,171.75,174.74,173.00,,173.07,,,50351,8611784.96,499,F1,1,,,,,
2026-09-21,2026-09-21,CM,NSE,STK,764850,INE0AK901016,RRECL,EQ,,,,,RDB REAL ESTATE CONS L,152.00,152.00,135.00,138.80,138.80,138.89,,138.65,,,590,83329.58,39,F1,1,,,,,
2026-09-21,2026-09-21,CM,NSE,STK,15355,INE020B01018,RECLTD,EQ,,,,,REC LIMITED,312.00,313.45,310.20,310.20,310.20,312.00,,310.20,,,3372052,1050949525.05,24951,F1,1,,,,,
2026-09-21,2026-09-21,CM,NSE,STK,14255,INE891D01026,REDINGTON,EQ,,,,,REDINGTON LIMITED,400.00,404.85,390.70,392.05,392.80,399.85,,392.04,,,2361062,931950898.00,47487,F1,1,,,,,
2026-09-21,2026-09-21,CM,NSE,STK,17859,INE0LXT01019,REDTAPE,EQ,,,,,REDTAPE LIMITED,118.00,118.73,116.02,116.41,116.12,117.35,,116.41,,,274468,32126738.91,5415,F1,1,,,,,
2026-09-21,2026-09-21,CM,NSE,STK,17764,INE056I01025,REFEX,EQ,,,,,REFEX INDUSTRIES LIMITED,281.95,297.00,278.65,293.20,295.00,271.85,,293.23,,,7460060,2141991294.10,79395,F1,1,,,,,
2026-09-21,2026-09-21,CM,NSE,STK,23718,INE0TNX01015,REFRACTORY,SM,,,,,REFRACTORY SHAPES LIMITED,33.20,33.20,33.00,33.20,33.20,31.65,,33.20,,,28000,929400.00,17,F1,1000,,,,,
2026-09-21,2026-09-21,CM,NSE,STK,758680,INE0MHO01029,REGAAL,EQ,,,,,REGAAL RESOURCES LIMITED,83.47,84.18,82.03,83.44,83.17,84.03,,83.45,,,100047,8323781.40,1392,F1,1,,,,,
2026-09-21,2026-09-21,CM,NSE,STK,4130,INE277C01012,REGENCERAM,EQ,,,,,REGENCY CERAMICS LTD.,33.99,34.63,30.55,31.02,31.03,32.55,,31.04,,,3642,119495.16,106,F1,1,,,,,
2026-09-21,2026-09-21,CM,NSE,STK,24225,INE131B01039,RELAXO,EQ,,,,,RELAXO FOOT LTD.,294.80,302.40,292.05,293.55,293.00,291.25,,293.56,,,309755,91209098.20,14237,F1,1,,,,,
2026-09-21,2026-09-21,CM,NSE,STK,3172,INF204KC1030,GILT5YBEES,EQ,,,,,RELCAPAMC - NETFGILT5Y,64.48,69.00,64.48,65.84,65.87,65.80,,65.84,,,231749,15262968.12,579,F1,1,,,,,
2026-09-21,2026-09-21,CM,NSE,STK,24378,INE375Y01018,RELIABLE,EQ,,,,,RELIABLE DATA SERVICE LTD,142.10,142.10,139.22,141.01,141.30,140.20,,141.01,,,18190,2562649.39,254,F1,1,,,,,
2026-09-21,2026-09-21,CM,NSE,STK,9652,INE750D01016,RELCHEMQ,EQ,,,,,RELIANCE CHEMOTEX IND LTD,122.09,122.10,115.99,118.72,116.60,119.70,,118.72,,,3056,358491.74,150,F1,1,,,,,
2026-09-21,2026-09-21,CM,NSE,STK,13188,INE330H01018,RCOM,BE,,,,,RELIANCE COMMUNICATIONS L,0.90,0.94,0.88,0.91,0.91,0.92,,0.91,,,3909113,3498851.84,2942,F1,1,,,,,
2026-09-21,2026-09-21,CM,NSE,STK,759204,INE217K01011,RHFL,BZ,,,,,RELIANCE HOME FINANCE LTD,1.74,1.79,1.70,1.73,1.74,1.74,,1.73,,,872934,1509981.92,981,F1,1,,,,,
2026-09-21,2026-09-21,CM,NSE,STK,2912,INE046A01015,RIIL,EQ,,,,,RELIANCE INDUSTRIAL INFRA,706.00,711.00,697.90,705.35,704.10,703.15,,705.44,,,46189,32498380.10,3396,F1,1,,,,,
2026-09-21,2026-09-21,CM,NSE,STK,2885,INE002A01018,RELIANCE,EQ,,,,,RELIANCE INDUSTRIES LTD,1234.10,1249.10,1232.50,1247.40,1247.40,1226.40,,1247.40,,,10007218,12417597303.00,186656,F1,1,,,,,
2026-09-21,2026-09-21,CM,NSE,STK,4791,INE036A01016,RELINFRA,BE,,,,,RELIANCE INFRASTRUCTU LTD,49.00,49.00,49.00,49.00,49.00,49.99,,48.98,,,67603,3312547.00,503,F1,1,,,,,
2026-09-21,2026-09-21,CM,NSE,STK,15259,INE614G01033,RPOWER,EQ,,,,,RELIANCE POWER LTD.,21.00,21.82,20.95,21.00,21.06,21.13,,21.00,,,21400566,456573419.35,34935,F1,1,,,,,
2026-09-21,2026-09-21,CM,NSE,STK,765330,INF205KA1CB9,IVZBANKNF,EQ,,,,,RELIGARAMC - IVZBANKNF,56.34,56.44,56.06,56.39,56.39,56.06,,56.39,,,477,26845.45,10,F1,1,,,,,
2026-09-21,2026-09-21,CM,NSE,STK,765327,INF205KA1CA1,IVZSENSEX,EQ,,,,,RELIGARAMC - IVZSENSEX,73.80,75.69,73.80,75.13,75.13,74.56,,75.13,,,357,26673.00,26,F1,1,,,,,
2026-09-21,2026-09-21,CM,NSE,STK,15068,INE621H01010,RELIGARE,EQ,,,,,RELIGARE ENTER. LTD.,253.02,256.00,250.00,253.21,252.17,253.02,,253.22,,,1257880,318587253.15,13548,F1,1,,,,,
2026-09-21,2026-09-21,CM,NSE,STK,3965,INE474C01023,REMSONSIND,EQ,,,,,REMSONS INDUSTRIES LTD,98.00,99.78,95.10,96.02,97.99,98.66,,96.05,,,91799,8855391.24,1875,F1,1,,,,,
2026-09-21,2026-09-21,CM,NSE,STK,16154,INE0O5T01011,REMUS,SM,,,,,REMUS PHARMACEUTICALS L,971.00,994.80,966.15,988.80,990.00,979.05,,988.80,,,2900,2842790.00,28,F1,100,,,,,
2026-09-21,2026-09-21,CM,NSE,STK,15129,INE722H01024,RGL,EQ,,,,,RENAISSANCE GLOBAL LTD,153.39,162.85,152.10,161.55,161.10,153.40,,161.55,,,1369947,219023209.61,15224,F1,1,,,,,
2026-09-21,2026-09-21,CM,NSE,STK,758157,INE0VZX01015,RNPL,SM,,,,,RENOL POLYCHEM LIMITED,55.35,55.35,55.35,55.35,55.35,58.25,,55.35,,,7200,398520.00,6,F1,1200,,,,,
2026-09-21,2026-09-21,CM,NSE,STK,766077,INE08T701025,RENTOMOJO,EQ,,,,,RENTOMOJO LIMITED,511.80,547.75,509.00,539.75,539.95,512.75,,539.86,,,11613872,6136257180.95,194067,F1,1,,,,,
2026-09-21,2026-09-21,CM,NSE,STK,29598,INE612J01015,REPCOHOME,EQ,,,,,REPCO HOME FINANCE LTD,353.00,365.80,348.70,362.15,362.00,354.50,,362.15,,,174095,62469597.55,5482,F1,1,,,,,
2026-09-21,2026-09-21,CM,NSE,STK,13126,INE461B01014,REPRO,EQ,,,,,REPRO INDIA LIMITED,308.85,310.35,292.75,299.40,296.30,305.25,,299.40,,,14235,4282655.65,461,F1,1,,,,,
2026-09-21,2026-09-21,CM,NSE,STK,20323,INE688D01026,RESPONIND,EQ,,,,,RESPONSIVE INDUSTRIES LTD,159.90,164.61,157.47,160.26,160.90,159.18,,160.26,,,141725,22782060.61,3723,F1,1,,,,,
2026-09-21,2026-09-21,CM,NSE,STK,1494,INE07T201019,RBA,EQ,,,,,RESTAURANT BRAND ASIA LTD,95.10,97.74,94.80,95.22,95.34,95.12,,95.22,,,2385766,228518808.65,17755,F1,1,,,,,
2026-09-21,2026-09-21,CM,NSE,STK,25157,INE0DAB01012,RVTH,EQ,,,,,REVATHI EQUIPMENT INDIA L,676.55,710.00,676.30,679.35,679.00,697.30,,679.35,,,869,600489.35,57,F1,1,,,,,
2026-09-21,2026-09-21,CM,NSE,STK,29270,INE113601012,REXPRO,SM,,,,,REXPRO ENTERPRISES LTD,37.00,38.00,35.50,38.00,38.00,36.85,,38.00,,,5000,183100.00,4,F1,1000,,,,,
2026-09-21,2026-09-21,CM,NSE,STK,763468,INE0V2V01015,RFBL,ST,,,,,RFBL FLEXI PACK LIMITED,80.15,88.50,80.10,88.50,88.50,84.30,,88.50,,,117000,10304100.00,10,F1,3000,,,,,
2026-09-21,2026-09-21,CM,NSE,STK,759062,INE0KKN01029,RHETAN,EQ,,,,,RHETAN TMT LIMITED,18.60,18.60,18.60,18.60,18.60,19.57,,18.60,,,556175,10344855.00,1332,F1,1,,,,,
2026-09-21,2026-09-21,CM,NSE,STK,31163,INE743M01012,RHIM,EQ,,,,,RHI MAGNESITA INDIA LTD,368.70,373.20,366.15,368.00,367.00,368.70,,368.01,,,62663,23152509.95,3520,F1,1,,,,,
2026-09-21,2026-09-21,CM,NSE,STK,2909,INE209B01025,RICOAUTO,EQ,,,,,RICO AUTO INDUSTRIES LTD,130.55,131.39,128.10,128.43,128.21,130.58,,128.42,,,446934,57870305.08,5062,F1,1,,,,,
2026-09-21,2026-09-21,CM,NSE,STK,764121,INE302D01024,RIR,EQ,,,,,RIR POWER ELECTRONICS L,201.00,204.39,191.72,194.45,193.80,198.93,,194.45,,,1429184,278956278.67,19201,F1,1,,,,,
2026-09-21,2026-09-21,CM,NSE,STK,18417,INE0N2P01017,RISHABH,EQ,,,,,RISHABH INSTRUMENTS LTD,764.00,771.95,723.00,748.05,750.00,764.70,,748.09,,,223888,166515283.65,13715,F1,1,,,,,
2026-09-21,2026-09-21,CM,NSE,STK,8944,INE01EG01016,RITCO,EQ,,,,,RITCO LOGISTICS LIMITED,292.15,295.30,275.85,283.60,284.55,291.45,,283.57,,,68500,19468531.25,2807,F1,1,,,,,
2026-09-21,2026-09-21,CM,NSE,STK,11910,INE0MRA01019,RITEZONE,SM,,,,,RITE ZONE CHEMCON IND LTD,20.40,20.40,20.40,20.40,20.40,21.45,,20.40,,,1600,32640.00,1,F1,1600,,,,,
2026-09-21,2026-09-21,CM,NSE,STK,3761,INE320J01015,RITES,EQ,,,,,RITES LIMITED,207.23,208.34,202.00,203.23,203.29,207.23,,203.25,,,426251,86859805.18,12428,F1,1,,,,,
2026-09-21,2026-09-21,CM,NSE,STK,1547,INE786W01010,RKEC,EQ,,,,,RKEC PROJECTS LIMITED,18.95,18.95,18.01,18.36,18.11,18.13,,18.36,,,15156,278200.21,215,F1,1,,,,,
2026-09-21,2026-09-21,CM,NSE,STK,762346,INE655V01019,RMC,EQ,,,,,RMC SWITCHGEARS LIMITED,231.45,231.45,215.00,216.64,217.50,228.18,,216.60,,,31414,6901822.68,1359,F1,1,,,,,
2026-09-21,2026-09-21,CM,NSE,STK,24589,INE0SA001017,RNFI,SM,,,,,RNFI SERVICES LIMITED,315.05,328.50,315.05,326.85,328.50,319.30,,326.85,,,16200,5244090.00,23,F1,600,,,,,
2026-09-21,2026-09-21,CM,NSE,STK,15157,INE508K01013,RHL,EQ,,,,,ROBUST HOTELS LIMITED,180.00,180.00,175.10,176.50,176.50,179.55,,176.50,,,369,65287.90,11,F1,1,,,,,
2026-09-21,2026-09-21,CM,NSE,STK,20289,INE0PTR01012,ROCKINGDCE,SM,,,,,ROCKINGDEALS CIRCU ECO L,223.45,229.00,217.25,223.95,227.90,234.00,,223.95,,,4250,932512.50,11,F1,250,,,,,
2026-09-21,2026-09-21,CM,NSE,STK,5279,INE645S01024,ROLEXRINGS,EQ,,,,,ROLEX RINGS LIMITED,172.98,176.75,171.23,172.68,172.04,172.08,,172.68,,,761410,132636346.88,9532,F1,1,,,,,
2026-09-21,2026-09-21,CM,NSE,STK,19108,INE927A01040,ROLLT,BE,,,,,ROLLATAINERS LIMITED,5.71,5.99,5.62,5.97,5.99,5.71,,5.97,,,997281,5879431.24,1038,F1,1,,,,,
2026-09-21,2026-09-21,CM,NSE,STK,19410,INE02A801020,ROSSARI,EQ,,,,,ROSSARI BIOTECH LIMITED,439.80,446.85,438.20,441.00,442.75,437.95,,441.06,,,31023,13695714.05,2295,F1,1,,,,,
2026-09-21,2026-09-21,CM,NSE,STK,28913,INE847C01020,ROSSELLIND,EQ,,,,,ROSSELL INDIA LIMITED,51.35,54.78,51.35,51.96,52.28,52.64,,51.96,,,44609,2346906.12,879,F1,1,,,,,
2026-09-21,2026-09-21,CM,NSE,STK,27353,INE0OJW01016,ROSSTECH,EQ,,,,,ROSSELL TECHSYS LIMITED,1381.20,1384.10,1310.10,1359.70,1351.20,1374.30,,1359.65,,,270345,364981835.70,24955,F1,1,,,,,
2026-09-21,2026-09-21,CM,NSE,STK,9049,INE535D01037,ROTO,EQ,,,,,ROTO PUMPS LIMITED,62.68,64.90,62.50,62.75,62.67,62.68,,62.75,,,680320,43236203.42,5679,F1,1,,,,,
2026-09-21,2026-09-21,CM,NSE,STK,128,INE450U01017,ROUTE,EQ,,,,,ROUTE MOBILE LIMITED,465.90,475.05,463.35,469.20,468.25,464.40,,469.22,,,187504,87963276.15,7429,F1,1,,,,,
2026-09-21,2026-09-21,CM,NSE,STK,20167,INE0PDJ01013,ROXHITECH,SM,,,,,ROX HI TECH LIMITED,44.00,47.00,44.00,45.10,45.10,44.00,,45.10,,,14400,651840.00,8,F1,1600,,,,,
2026-09-21,2026-09-21,CM,NSE,STK,13182,INE283H01019,ROHLTD,EQ,,,,,ROYAL ORCHID HOTELS LTD,304.00,311.40,303.05,308.50,309.40,304.90,,308.50,,,29047,8956005.90,698,F1,1,,,,,
2026-09-21,2026-09-21,CM,NSE,STK,16725,INE105J01010,RPGLIFE,EQ,,,,,RPG LIFE SCIENCES LTD,2809.00,2828.80,2746.10,2760.20,2769.00,2802.40,,2760.29,,,5208,14450823.10,1434,F1,1,,,,,
2026-09-21,2026-09-21,CM,NSE,STK,8119,INE425Y01011,RPSGVENT,EQ,,,,,RPSG VENTURES LIMITED,841.00,850.00,833.45,843.40,842.00,843.45,,843.45,,,13946,11745290.50,870,F1,1,,,,,
2026-09-21,2026-09-21,CM,NSE,STK,2794,INE611A01016,RSWM,EQ,,,,,RSWM LIMITED,224.00,235.00,214.30,231.40,231.50,220.40,,231.40,,,334017,75288635.10,4461,F1,1,,,,,
2026-09-21,2026-09-21,CM,NSE,STK,24730,INE642C01025,RUBFILA,EQ,,,,,RUBFILA INTERNATIONAL LTD,68.68,68.79,66.66,67.88,68.00,67.36,,67.88,,,63758,4344013.42,813,F1,1,,,,,
2026-09-21,2026-09-21,CM,NSE,STK,759316,INE506V01022,RUBICON,EQ,,,,,RUBICON RESEARCH LIMITED,1751.10,1764.30,1718.50,1732.60,1729.00,1751.10,,1732.55,,,191378,332641618.70,28370,F1,1,,,,,
2026-09-21,2026-09-21,CM,NSE,STK,4566,INE413B01023,RUCHINFRA,EQ,,,,,RUCHI INFRASTRUCTURE LTD,5.30,5.33,4.42,4.98,5.00,5.20,,4.98,,,248941,1224083.97,577,F1,1,,,,,
2026-09-21,2026-09-21,CM,NSE,STK,13821,INE803H01014,RUCHIRA,EQ,,,,,RUCHIRA PAPERS LIMITED,109.99,110.50,108.60,109.13,109.95,108.84,,109.13,,,31769,3474785.03,986,F1,1,,,,,
2026-09-21,2026-09-21,CM,NSE,STK,760392,INE027T01023,RUDRA,EQ,,,,,RUDRA GLOBAL INFRA PROD L,20.26,20.96,20.08,20.23,20.15,20.68,,20.23,,,46760,948581.25,114,F1,1,,,,,
2026-09-21,2026-09-21,CM,NSE,STK,1480,INE364Z01019,REPL,EQ,,,,,RUDRABHISHEK ENTERP LTD,61.00,61.00,57.36,59.25,59.50,58.12,,59.25,,,2410,141789.34,72,F1,1,,,,,
2026-09-21,2026-09-21,CM,NSE,STK,23830,INE0R7301013,RULKA,SM,,,,,RULKA ELECTRICALS LIMITED,108.10,111.10,103.00,108.30,106.65,108.10,,108.30,,,15300,1658445.00,30,F1,300,,,,,
2026-09-21,2026-09-21,CM,NSE,STK,25724,INE895B01021,RUPA,EQ,,,,,RUPA & COMPANY LTD,138.40,140.60,135.66,137.22,137.00,137.16,,137.22,,,129985,17875539.17,4427,F1,1,,,,,
2026-09-21,2026-09-21,CM,NSE,STK,24595,INE573K01025,RUSHIL,EQ,,,,,RUSHIL DECOR LIMITED,17.26,17.26,16.17,16.28,16.33,17.26,,16.28,,,382402,6311913.45,1059,F1,1,,,,,
2026-09-21,2026-09-21,CM,NSE,STK,764860,INE137M01017,SAB,EQ,,,,,S A B INDUSTRIES LTD.,170.00,174.15,170.00,174.15,174.15,174.15,,174.15,,,67,11410.75,2,F1,1,,,,,
2026-09-21,2026-09-21,CM,NSE,STK,24674,INE0BSN01013,SATECH,SM,,,,,S A TECH SOFTWARE INDIA L,37.10,37.10,37.05,37.05,37.05,38.90,,37.05,,,6000,222550.00,3,F1,1000,,,,,
2026-09-21,2026-09-21,CM,NSE,STK,20698,INE807K01035,SCHAND,EQ,,,,,S CHAND AND COMPANY LTD,134.00,136.80,133.05,134.28,134.11,133.87,,134.28,,,24738,3332103.98,740,F1,1,,,,,
2026-09-21,2026-09-21,CM,NSE,STK,25528,INE0X6F01017,SDREAMS,SM,,,,,S D RETAIL LIMITED,77.00,79.00,76.80,78.40,78.40,79.35,,78.40,,,9000,701050.00,9,F1,1000,,,,,
2026-09-21,2026-09-21,CM,NSE,STK,11212,INE500L01026,SHK,EQ,,,,,S H KELKAR AND CO. LTD.,134.30,136.91,134.01,136.26,135.90,137.04,,136.25,,,373278,50574975.95,5481,F1,1,,,,,
2026-09-21,2026-09-21,CM,NSE,STK,20542,INE0F3301020,SJLOGISTIC,SM,,,,,S J LOGISTICS (INDIA) LTD,314.00,326.50,312.00,313.10,313.70,314.00,,313.10,,,28250,8954225.00,88,F1,250,,,,,
2026-09-21,2026-09-21,CM,NSE,STK,764940,INE159L01013,SVGLOBAL,EQ,,,,,S V GLOBAL MILL LTD.,156.50,177.50,152.30,160.65,158.95,147.92,,160.69,,,97506,16787463.48,1638,F1,1,,,,,
2026-09-21,2026-09-21,CM,NSE,STK,2951,INE902B01017,S&SPOWER,EQ,,,,,S&S POWER SWITCHGEARS LTD,318.05,330.00,317.95,322.50,324.00,319.00,,322.50,,,1044,338561.45,76,F1,1,,,,,
2026-09-21,2026-09-21,CM,NSE,STK,18252,INE212I01016,SPAL,EQ,,,,,S. P. APPARELS LIMITED,980.80,993.00,970.30,973.10,974.00,994.30,,973.08,,,37851,37015408.90,3109,F1,1,,,,,
2026-09-21,2026-09-21,CM,NSE,STK,11634,INE658G01014,SALSTEEL,EQ,,,,,S.A.L. STEEL LTD.,84.01,85.69,80.40,82.26,81.30,82.26,,82.28,,,886703,73788775.99,5965,F1,1,,,,,
2026-09-21,2026-09-21,CM,NSE,STK,19112,INE0PSK01027,SAAKSHI,ST,,,,,SAAKSHI MEDTEC N PANELS L,361.55,378.00,360.00,368.00,366.00,372.90,,368.00,,,10200,3733080.00,16,F1,600,,,,,
2026-09-21,2026-09-21,CM,NSE,STK,759057,INE13B501022,SAATVIKGL,EQ,,,,,SAATVIK GREEN ENERGY LTD,411.95,434.00,404.00,431.60,431.45,411.80,,431.58,,,308836,130895359.40,9571,F1,1,,,,,
2026-09-21,2026-09-21,CM,NSE,STK,757409,INE1ARD01016,SACHEEROME,SM,,,,,SACHEEROME LIMITED,532.70,533.00,510.00,520.90,520.00,536.85,,520.90,,,15300,8000685.00,45,F1,300,,,,,
2026-09-21,2026-09-21,CM,NSE,STK,13236,INE226H01026,SADBHAV,EQ,,,,,SADBHAV ENGINEERING LTD,7.60,7.79,7.45,7.50,7.48,7.73,,7.51,,,265516,2008289.27,573,F1,1,,,,,
2026-09-21,2026-09-21,CM,NSE,STK,10618,INE764L01010,SADBHIN,EQ,,,,,SADBHAV INFRA PROJ LTD.,2.55,2.55,2.44,2.49,2.48,2.54,,2.49,,,166393,412216.91,314,F1,1,,,,,
2026-09-21,2026-09-21,CM,NSE,STK,15349,INE888C01040,SADHNANIQ,BE,,,,,SADHANA NITROCHEM LIMITED,2.88,2.88,2.75,2.88,2.88,2.75,,2.88,,,2101602,6045535.73,560,F1,1,,,,,
2026-09-21,2026-09-21,CM,NSE,STK,22897,INE0K5H01010,SADHAV,SM,,,,,SADHAV SHIPPING LIMITED,101.00,108.55,101.00,107.35,107.35,107.30,,107.35,,,9000,961500.00,12,F1,600,,,,,
2026-09-21,2026-09-21,CM,NSE,STK,13035,INE429E01023,SAFARI,EQ,,,,,SAFARI IND (INDIA) LTD,1503.00,1512.50,1480.00,1485.70,1485.00,1501.00,,1485.44,,,17267,25799323.00,3553,F1,1,,,,,
2026-09-21,2026-09-21,CM,NSE,STK,757583,INE17D601016,SAFEENTP,SM,,,,,SAFE ENTER RETAIL FIX LTD,252.50,252.95,247.55,250.00,250.00,249.40,,250.00,,,37500,9351125.00,53,F1,500,,,,,
2026-09-21,2026-09-21,CM,NSE,STK,14068,INE229C01021,SAGCEM,EQ,,,,,SAGAR CEMENTS LIMITED,151.79,154.86,151.79,152.70,152.76,151.79,,152.70,,,33847,5166303.67,788,F1,1,,,,,
2026-09-21,2026-09-21,CM,NSE,STK,8175,INE976T01013,SAGARDEEP,EQ,,,,,SAGARDEEP ALLOYS LIMITED,23.67,24.47,23.28,23.39,23.69,23.62,,23.39,,,5933,141056.44,107,F1,1,,,,,
2026-09-21,2026-09-21,CM,NSE,STK,27052,INE0W2G01015,SAGILITY,EQ,,,,,SAGILITY LIMITED,46.00,46.70,45.70,45.95,45.95,45.66,,45.95,,,22615132,1046705192.62,29999,F1,1,,,,,
2026-09-21,2026-09-21,CM,NSE,STK,24478,INE0P4701011,SAHAJSOLAR,SM,,,,,SAHAJ SOLAR LIMITED,91.15,94.45,91.15,92.55,92.00,91.60,,92.55,,,13600,1261020.00,30,F1,400,,,,,
2026-09-21,2026-09-21,CM,NSE,STK,16711,INE0LEX01011,SAHANA,SM,,,,,SAHANA SYSTEM LIMITED,850.00,855.00,830.65,841.10,845.00,848.75,,841.10,,,30600,25795230.00,109,F1,150,,,,,
2026-09-21,2026-09-21,CM,NSE,STK,25668,INE0RBQ01018,SAHASRA,SM,,,,,SAHASRA ELECTRONIC SOLU L,352.90,352.90,347.00,352.90,352.90,336.10,,352.90,,,72800,25686100.00,127,F1,400,,,,,
2026-09-21,2026-09-21,CM,NSE,STK,14900,INE280H01015,SAHYADRI,EQ,,,,,SAHYADRI INDUSTRIES LTD,366.95,378.50,363.45,370.95,371.10,365.35,,370.42,,,4122,1516687.60,408,F1,1,,,,,
2026-09-21,2026-09-21,CM,NSE,STK,764865,INE531X01018,SAICAPI,EQ,,,,,SAI CAPITAL LTD.,157.00,158.00,144.00,156.99,157.00,158.40,,156.99,,,658,100044.01,28,F1,1,,,,,
2026-09-21,2026-09-21,CM,NSE,STK,27839,INE570L01029,SAILIFE,EQ,,,,,SAI LIFE SCIENCES LIMITED,1614.00,1631.00,1601.00,1608.00,1604.00,1600.50,,1607.99,,,368349,594570564.70,34991,F1,1,,,,,
2026-09-21,2026-09-21,CM,NSE,STK,761675,INE0H9F01037,SAIPARENT,EQ,,,,,SAI PARENTERALS LIMITED,514.10,516.50,507.55,510.85,511.00,510.75,,510.86,,,25492,13016281.50,1376,F1,1,,,,,
2026-09-21,2026-09-21,CM,NSE,STK,18755,INE438K01021,KALAMANDIR,EQ,,,,,SAI SILKS (KALAMANDIR) L,78.26,79.83,77.52,79.14,79.44,78.26,,79.14,,,385894,30420053.80,4082,F1,1,,,,,
2026-09-21,2026-09-21,CM,NSE,STK,764880,INE068B01017,SEKURITIND,EQ,,,,,SAINT GOBAIN SEKUR IND L,114.78,115.00,113.46,113.60,113.56,113.44,,113.60,,,16775,1913211.66,332,F1,1,,,,,
2026-09-21,2026-09-21,CM,NSE,STK,25715,INE00MT01022,SAJHOTELS,ST,,,,,SAJ HOTELS LIMITED,36.00,36.00,34.40,34.40,34.40,35.15,,34.40,,,14000,494900.00,6,F1,2000,,,,,
2026-09-21,2026-09-21,CM,NSE,STK,9539,INE732S01012,SAKAR,EQ,,,,,SAKAR HEALTHCARE LIMITED,1188.00,1227.00,1136.05,1158.45,1164.00,1179.80,,1158.45,,,115377,135305150.95,9203,F1,1,,,,,
2026-09-21,2026-09-21,CM,NSE,STK,11794,INE667G01023,SAKSOFT,EQ,,,,,SAKSOFT LIMITED,141.14,148.00,138.78,146.62,147.40,141.14,,146.62,,,765678,110798770.31,12183,F1,1,,,,,
2026-09-21,2026-09-21,CM,NSE,STK,2969,INE623A01011,SAKHTISUG,EQ,,,,,SAKTHI SUGARS LTD,18.12,18.53,18.10,18.21,18.27,18.37,,18.21,,,138837,2541139.90,640,F1,1,,,,,
2026-09-21,2026-09-21,CM,NSE,STK,13251,INE190H01024,SAKUMA,EQ,,,,,SAKUMA EXPORTS LIMITED,1.53,1.55,1.51,1.53,1.54,1.51,,1.53,,,515929,786154.20,826,F1,1,,,,,
2026-09-21,2026-09-21,CM,NSE,STK,21362,INE170V01027,SALASAR,EQ,,,,,SALASAR TECHNO ENGG. LTD.,4.87,4.95,4.81,4.86,4.85,4.89,,4.86,,,3750594,18272811.89,3186,F1,1,,,,,
2026-09-21,2026-09-21,CM,NSE,STK,17351,INE498E01010,SALONA,EQ,,,,,SALONA COTSPIN LTD.,260.00,267.95,255.50,261.05,261.00,263.40,,261.05,,,286,74819.05,24,F1,1,,,,,
2026-09-21,2026-09-21,CM,NSE,STK,11399,INE457F01013,SALZERELEC,EQ,,,,,SALZER ELECTRONICS LTD,553.20,558.90,544.25,546.65,546.90,550.45,,546.68,,,35869,19800884.85,2072,F1,1,,,,,
2026-09-21,2026-09-21,CM,NSE,STK,756851,INE124101010,SAMAY,ST,,,,,SAMAY PROJECT SERVICES L,45.50,46.00,45.50,46.00,46.00,47.00,,46.00,,,8000,366000.00,2,F1,4000,,,,,
2026-09-21,2026-09-21,CM,NSE,STK,764870,INE304D01012,SAMBANDAM,EQ,,,,,SAMBANDAM SPINNING MILL L,100.00,105.00,100.00,101.00,101.00,100.00,,102.98,,,165,17134.94,12,F1,1,,,,,
2026-09-21,2026-09-21,CM,NSE,STK,4127,INE699B01027,SAMBHAAV,EQ,,,,,SAMBHAAV MEDIA LTD,6.12,7.00,5.96,6.06,5.98,6.09,,6.06,,,102625,627884.23,266,F1,1,,,,,
2026-09-21,2026-09-21,CM,NSE,STK,757767,INE12NJ01018,SAMBHV,EQ,,,,,SAMBHV STEEL TUBES LTD,151.10,161.63,148.40,155.13,154.93,147.57,,155.13,,,59833915,9324113991.05,338404,F1,1,,,,,
2026-09-21,2026-09-21,CM,NSE,STK,21096,INE0PZA01015,SAIFL,SM,,,,,SAMEERA AGRO AND INFRA L,4.40,4.45,4.30,4.40,4.45,4.40,,4.40,,,236000,1030600.00,39,F1,4000,,,,,
2026-09-21,2026-09-21,CM,NSE,STK,18614,INE08U801020,SAMHI,EQ,,,,,SAMHI HOTELS LIMITED,154.01,170.00,151.75,160.26,160.32,161.98,,160.26,,,3518283,562349888.42,37901,F1,1,,,,,
2026-09-21,2026-09-21,CM,NSE,STK,30125,INE148I01020,SAMMAANCAP,EQ,,,,,SAMMAAN CAPITAL LIMITED,144.08,146.29,142.40,142.88,142.91,143.92,,142.88,,,3543402,510658137.90,19394,F1,1,,,,,
2026-09-21,2026-09-21,CM,NSE,STK,27303,INE735M01018,SAMPANN,EQ,,,,,SAMPANN UTPADAN INDIA LTD,24.55,24.66,23.90,24.07,24.47,24.67,,24.07,,,12516,302297.51,137,F1,1,,,,,
2026-09-21,2026-09-21,CM,NSE,STK,4204,INE775A01035,MOTHERSON,EQ,,,,,SAMVRDHNA MTHRSN INTL LTD,163.12,163.88,160.50,162.91,162.91,162.57,,162.91,,,7264642,1180414561.96,45817,F1,1,,,,,
2026-09-21,2026-09-21,CM,NSE,STK,28805,INE0JPD01013,SANATHAN,EQ,,,,,SANATHAN TEXTILES LIMITED,475.00,487.50,475.00,479.90,476.05,480.85,,479.94,,,51399,24723714.30,2675,F1,1,,,,,
2026-09-21,2026-09-21,CM,NSE,STK,2988,INE583B01015,SANDESH,EQ,,,,,SANDESH LTD,1021.00,1060.00,1021.00,1048.30,1060.00,1025.80,,1047.86,,,405,419749.90,66,F1,1,,,,,
2026-09-21,2026-09-21,CM,NSE,STK,2397,INE278H01035,SANDHAR,EQ,,,,,SANDHAR TECHNOLOGIES LTD,601.25,607.10,589.30,591.45,590.00,601.25,,591.44,,,87770,52266096.40,4786,F1,1,,,,,
2026-09-21,2026-09-21,CM,NSE,STK,18359,INE149K01016,SANDUMA,EQ,,,,,SANDUR MANG & IRON ORES L,185.00,186.52,182.46,183.15,184.00,185.40,,183.12,,,365579,67362685.20,6956,F1,1,,,,,
2026-09-21,2026-09-21,CM,NSE,STK,4184,INE495C01010,SANGAMIND,EQ,,,,,SANGAM (INDIA) LTD,570.10,592.40,569.50,578.80,585.00,580.00,,578.80,,,27954,16277681.40,1529,F1,1,,,,,
2026-09-21,2026-09-21,CM,NSE,STK,18035,INE0OVI01010,SANGANI,SM,,,,,SANGANI HOSPITALS LIMITED,46.35,50.50,46.35,49.75,49.75,48.75,,49.75,,,15000,712875.00,10,F1,1500,,,,,
2026-09-21,2026-09-21,CM,NSE,STK,14058,INE989A01032,SANGHVIMOV,EQ,,,,,SANGHVI MOVERS LTD,430.70,440.80,425.10,436.65,437.00,430.70,,436.66,,,171389,74267622.00,8116,F1,1,,,,,
2026-09-21,2026-09-21,CM,NSE,STK,11033,INE753W01010,SANGINITA,BE,,,,,SANGINITA CHEMICALS LTD,72.48,72.48,72.48,72.48,72.48,71.06,,72.48,,,27259,1975732.32,66,F1,1,,,,,
2026-09-21,2026-09-21,CM,NSE,STK,25222,INE0UOS01011,SANOFICONR,EQ,,,,,SANOFI CONS HEALTHC IND L,4033.40,4081.00,3975.00,3997.60,3975.00,4033.40,,3997.78,,,4033,16235388.00,1125,F1,1,,,,,
2026-09-21,2026-09-21,CM,NSE,STK,1442,INE058A01010,SANOFI,EQ,,,,,SANOFI INDIA LIMITED,3087.40,3104.90,3072.80,3077.30,3080.00,3087.40,,3077.30,,,10577,32590724.20,2752,F1,1,,,,,
2026-09-21,2026-09-21,CM,NSE,STK,5751,INE953O01021,SANSERA,EQ,,,,,SANSERA ENGINEERING LTD,4269.00,4328.00,4173.00,4297.00,4300.00,4259.90,,4296.95,,,250668,1070235775.30,45986,F1,1,,,,,
2026-09-21,2026-09-21,CM,NSE,STK,24582,INE08NE01025,SANSTAR,EQ,,,,,SANSTAR LIMITED,115.14,115.88,111.80,112.34,112.80,115.70,,112.32,,,93532,10595613.73,1898,F1,1,,,,,
2026-09-21,2026-09-21,CM,NSE,STK,46,INE890C01046,SANWARIA,BZ,,,,,SANWARIA CONSUMER LIMITED,0.19,0.19,0.18,0.19,0.19,0.18,,0.22,,,644813,121886.65,163,F1,1,,,,,
2026-09-21,2026-09-21,CM,NSE,STK,6718,INE806T01020,SAPPHIRE,EQ,,,,,SAPPHIRE FOODS INDIA LTD,230.00,241.90,228.37,238.37,238.90,230.11,,238.37,,,2643733,630984973.49,78513,F1,1,,,,,
2026-09-21,2026-09-21,CM,NSE,STK,19863,INE0PUC01020,SARTELE,SM,,,,,SAR TELEVENTURE LIMITED,75.00,76.00,72.40,73.40,72.80,75.15,,73.40,,,45500,3391250.00,79,F1,500,,,,,
2026-09-21,2026-09-21,CM,NSE,STK,762985,INE967G01019,ZSARACOM,EQ,,,,,SARASWATI COMM (INDIA) L,10400.00,10400.00,10000.00,10282.00,10275.00,10400.00,,10282.00,,,32,326487.00,24,F1,1,,,,,
2026-09-21,2026-09-21,CM,NSE,STK,24856,INE0PQ101010,SSDL,EQ,,,,,SARASWATI SAREE DEPOT LTD,62.80,62.99,59.25,60.28,60.40,61.35,,60.30,,,23409,1423490.68,454,F1,1,,,,,
2026-09-21,2026-09-21,CM,NSE,STK,17758,INE385C01021,SARDAEN,EQ,,,,,SARDA ENERGY & MIN LTD,507.15,511.40,501.10,503.25,502.25,505.95,,503.27,,,221255,111775426.05,9404,F1,1,,,,,
2026-09-21,2026-09-21,CM,NSE,STK,4892,INE979A01025,SAREGAMA,EQ,,,,,SAREGAMA INDIA LIMITED,500.00,502.50,484.50,488.20,487.50,499.90,,488.18,,,195004,95866195.75,9761,F1,1,,,,,
2026-09-21,2026-09-21,CM,NSE,STK,14043,INE453D01025,SARLAPOLY,EQ,,,,,SARLA PERF. FIBERS LTD,97.55,98.75,97.54,98.68,98.71,97.48,,98.68,,,17802,1748950.02,346,F1,1,,,,,
2026-09-21,2026-09-21,CM,NSE,STK,18506,INE0PCL01011,SAROJA,SM,,,,,SAROJA PHARMA INDUS IND L,43.25,43.25,40.90,40.90,40.90,41.35,,40.90,,,3200,134640.00,2,F1,1600,,,,,
2026-09-21,2026-09-21,CM,NSE,STK,6843,INE017W01010,SMLT,EQ,,,,,SARTHAK METALS LIMITED,63.00,63.00,59.10,59.98,60.00,61.42,,59.98,,,5630,340914.07,265,F1,1,,,,,
2026-09-21,2026-09-21,CM,NSE,STK,12913,INE324X01026,SARVESHWAR,EQ,,,,,SARVESHWAR FOODS LIMITED,3.77,3.83,3.68,3.69,3.71,3.74,,3.69,,,1468908,5455390.79,1806,F1,1,,,,,
2026-09-21,2026-09-21,CM,NSE,STK,11983,INE231F01020,SASKEN,EQ,,,,,SASKEN TECHNOLOGIES LTD,1748.90,1748.90,1702.80,1710.00,1710.20,1719.60,,1710.02,,,16201,27881870.10,1571,F1,1,,,,,
2026-09-21,2026-09-21,CM,NSE,STK,29151,INE0NB801022,SATKARTAR,SM,,,,,SAT KARTAR LIFE LIMITED,148.70,165.00,143.00,154.90,155.00,142.90,,154.90,,,205600,31333520.00,215,F1,800,,,,,
2026-09-21,2026-09-21,CM,NSE,STK,24697,INE0RFP01011,SSEGL,SM,,,,,SATHLOKHAR SYN E&C GLOB L,406.45,415.05,396.65,398.45,401.00,413.20,,398.45,,,87000,34843810.00,277,F1,200,,,,,
2026-09-21,2026-09-21,CM,NSE,STK,24504,INE0RPM01017,SATIPOLY,SM,,,,,SATI POLY PLAST LIMITED,34.00,34.50,34.00,34.50,34.50,34.50,,34.50,,,1500,51500.00,3,F1,500,,,,,
2026-09-21,2026-09-21,CM,NSE,STK,11045,INE170E01023,SATIA,EQ,,,,,SATIA INDUSTRIES LIMITED,68.46,69.95,67.15,67.68,67.50,68.46,,67.69,,,78084,5298060.78,1185,F1,1,,,,,
2026-09-21,2026-09-21,CM,NSE,STK,10453,INE836B01017,SATIN,EQ,,,,,SATIN CREDIT NET LTD,219.32,222.00,217.22,221.12,220.94,219.32,,221.11,,,97493,21457635.51,1779,F1,1,,,,,
2026-09-21,2026-09-21,CM,NSE,STK,758960,INE14DW01018,SATTVAENGG,SM,,,,,SATTVA ENGINEERING CSTN L,58.30,59.85,56.55,57.40,56.95,61.15,,57.40,,,44800,2576720.00,25,F1,1600,,,,,
2026-09-21,2026-09-21,CM,NSE,STK,3018,INE626A01014,SAURASHCEM,EQ,,,,,SAURASHTRA CEMENT LIMITED,52.75,53.53,52.75,53.22,53.15,53.51,,53.22,,,27366,1459219.87,554,F1,1,,,,,
2026-09-21,2026-09-21,CM,NSE,STK,3021,INE035D01020,SOTL,EQ,,,,,SAVITA OIL TECHNOLO. LTD,709.00,734.55,706.75,724.70,724.00,708.05,,724.66,,,275324,199426889.60,13304,F1,1,,,,,
2026-09-21,2026-09-21,CM,NSE,STK,757704,INE0UCN01017,SAVY,SM,,,,,SAVY INFRA AND LOGI LTD,138.40,138.40,138.40,138.40,138.40,139.65,,138.40,,,1200,166080.00,1,F1,1200,,,,,
2026-09-21,2026-09-21,CM,NSE,STK,758444,INE10VS01016,SAWALIYA,SM,,,,,SAWALIYA FOOD PRODUCTS L,167.50,167.50,158.00,159.90,160.00,161.85,,159.90,,,27000,4350300.00,13,F1,600,,,,,
2026-09-21,2026-09-21,CM,NSE,STK,762879,INE318C01014,SAYAJIHOTL,EQ,,,,,SAYAJI HOTELS LTD.,306.10,325.00,306.10,319.35,325.00,319.00,,319.35,,,295,94130.50,11,F1,1,,,,,
2026-09-21,2026-09-21,CM,NSE,STK,764875,INE327G01032,SAYAJIIND,EQ,,,,,SAYAJI INDUSTRIES LTD.,114.00,120.75,113.00,120.42,120.40,115.00,,120.42,,,2967,350224.54,40,F1,1,,,,,
2026-09-21,2026-09-21,CM,NSE,STK,6792,INE04AK01028,SBC,EQ,,,,,SBC EXPORTS LIMITED,49.44,49.97,49.15,49.20,49.20,49.24,,49.20,,,9905984,491346422.10,7359,F1,1,,,,,
2026-09-21,2026-09-21,CM,NSE,STK,18026,INE423Y01016,SBFC,EQ,,,,,SBFC FINANCE LIMITED,92.30,92.64,91.09,91.28,91.12,92.36,,91.28,,,481423,44079783.43,5996,F1,1,,,,,
2026-09-21,2026-09-21,CM,NSE,STK,17971,INE018E01016,SBICARD,EQ,,,,,SBI CARDS & PAY SER LTD,642.10,643.65,636.20,637.00,637.00,651.15,,636.94,,,950045,607465060.00,22472,F1,1,,,,,
2026-09-21,2026-09-21,CM,NSE,STK,764173,INE640G01020,SBIFUNDS,EQ,,,,,SBI FUNDS MANAGEMENT LTD,560.95,560.95,551.50,552.60,551.50,561.35,,552.60,,,780698,433573038.95,26930,F1,1,,,,,
2026-09-21,2026-09-21,CM,NSE,STK,21808,INE123W01016,SBILIFE,EQ,,,,,SBI LIFE INSURANCE CO LTD,1744.00,1774.40,1734.30,1756.00,1756.00,1731.00,,1756.03,,,707336,1247485979.10,24595,F1,1,,,,,
2026-09-21,2026-09-21,CM,NSE,STK,17272,INF200KA16D8,SETFGOLD,EQ,,,,,SBI-ETF GOLD,130.52,130.52,129.35,129.53,129.58,130.52,,129.53,,,5447109,706202503.20,11485,F1,1,,,,,
2026-09-21,2026-09-21,CM,NSE,STK,10176,INF200KA1FS1,SETFNIF50,EQ,,,,,SBI-ETF NIFTY 50,245.65,253.09,245.65,252.78,252.83,251.95,,252.78,,,1556822,393342531.18,6302,F1,1,,,,,
2026-09-21,2026-09-21,CM,NSE,STK,7361,INF200KA1580,SETFNIFBK,EQ,,,,,SBI-ETF NIFTY BANK,576.57,581.99,576.57,580.40,581.50,579.47,,580.41,,,21859,12682098.97,479,F1,1,,,,,
2026-09-21,2026-09-21,CM,NSE,STK,7353,INF200KA1598,SETFNN50,EQ,,,,,SBI-ETF NIFTY NEXT 50,770.75,778.00,770.75,776.38,777.90,774.62,,776.38,,,23064,17882321.69,1147,F1,1,,,,,
2026-09-21,2026-09-21,CM,NSE,STK,19705,INF200KA13Z8,LIQUIDSBI,EQ,,,,,SBIAMC - LIQUIDSBI,999.99,1000.01,999.99,999.99,999.99,999.99,,999.99,,,1854,1854003.81,25,F1,1,,,,,
2026-09-21,2026-09-21,CM,NSE,STK,30290,INF200KB1712,SBIBPB,EQ,,,,,SBIAMC - SBIBPB,48.21,48.64,48.04,48.14,48.04,48.21,,48.15,,,26697,1286926.33,379,F1,1,,,,,
2026-09-21,2026-09-21,CM,NSE,STK,5168,INF200KA1X17,SBIETFCON,EQ,,,,,SBIAMC - SBIETFCON,118.45,119.97,117.99,118.85,118.53,118.45,,118.85,,,2803,333395.80,136,F1,1,,,,,
2026-09-21,2026-09-21,CM,NSE,STK,740,INF200KA1S14,SBIETFIT,EQ,,,,,SBIAMC - SBIETFIT,319.24,321.88,316.70,321.44,321.88,319.25,,321.44,,,5816,1856710.88,273,F1,1,,,,,
2026-09-21,2026-09-21,CM,NSE,STK,722,INF200KA1S22,SBIETFPB,EQ,,,,,SBIAMC - SBIETFPB,279.97,284.44,277.49,279.37,278.90,279.97,,279.37,,,13302,3730784.02,195,F1,1,,,,,
2026-09-21,2026-09-21,CM,NSE,STK,7218,INF200KA1WX6,SBIETFQLTY,EQ,,,,,SBIAMC - SBIETFQLTY,214.68,215.57,214.17,215.52,215.50,215.27,,215.52,,,1104,237002.80,61,F1,1,,,,,
2026-09-21,2026-09-21,CM,NSE,STK,758496,INF200KB1969,SBILIQETF,EQ,,,,,SBIAMC - SBILIQETF,1056.78,1056.78,1056.76,1056.76,1056.78,1056.62,,1056.76,,,354886,375029524.00,221,F1,1,,,,,
2026-09-21,2026-09-21,CM,NSE,STK,761095,INF200KB1AJ0,SBIMIDMOM,EQ,,,,,SBIAMC - SBIMIDMOM,64.57,65.27,62.74,63.26,64.50,63.33,,63.30,,,44003,2782640.14,225,F1,1,,,,,
2026-09-21,2026-09-21,CM,NSE,STK,24524,INF200KB1282,SBINEQWETF,EQ,,,,,SBIAMC - SBINEQWETF,32.21,32.99,32.20,32.73,32.74,32.20,,32.73,,,86419,2815736.40,342,F1,1,,,,,
2026-09-21,2026-09-21,CM,NSE,STK,761741,INF200KB1AK8,SBINMID150,EQ,,,,,SBIAMC - SBINMID150,23.29,23.29,22.80,22.96,23.00,22.94,,22.96,,,16749,383758.29,171,F1,1,,,,,
2026-09-21,2026-09-21,CM,NSE,STK,24366,INF200KB1217,SBISILVER,EQ,,,,,SBIAMC - SBISILVER,229.30,229.30,226.85,227.75,227.80,229.44,,227.75,,,901122,205272208.56,5091,F1,1,,,,,
2026-09-21,2026-09-21,CM,NSE,STK,763543,INF200KB1AY9,SBISMLETF,EQ,,,,,SBIAMC - SBISMLETF,18.54,18.54,18.25,18.32,18.33,18.38,,18.32,,,23593,431713.33,250,F1,1,,,,,
2026-09-21,2026-09-21,CM,NSE,STK,763546,INF200KB1AX1,SBIVALETF,EQ,,,,,SBIAMC - SBIVALETF,14.52,14.52,14.40,14.50,14.50,14.41,,14.42,,,5653,81565.41,48,F1,1,,,,,
2026-09-21,2026-09-21,CM,NSE,STK,17395,INF200KA1JT1,SETF10GILT,EQ,,,,,SBIAMC - SETF10GILT,263.57,263.65,262.01,262.08,262.79,262.26,,262.08,,,1646,432065.40,33,F1,1,,,,,
2026-09-21,2026-09-21,CM,NSE,STK,762887,INE099G01011,SCANSTL,BE,,,,,SCAN STEELS LTD.,53.38,54.00,50.33,50.75,52.60,52.97,,51.10,,,97217,4988704.50,242,F1,1,,,,,
2026-09-21,2026-09-21,CM,NSE,STK,1011,INE513A01022,SCHAEFFLER,EQ,,,,,SCHAEFFLER INDIA LIMITED,4195.70,4203.00,4081.10,4118.20,4106.60,4217.60,,4118.64,,,46136,190249908.40,15848,F1,1,,,,,
2026-09-21,2026-09-21,CM,NSE,STK,31234,INE839M01018,SCHNEIDER,EQ,,,,,SCHNEIDER ELECTRIC INFRA,1226.90,1245.00,1215.10,1235.20,1233.00,1213.50,,1235.13,,,267404,329924440.70,28802,F1,1,,,,,
2026-09-21,2026-09-21,CM,NSE,STK,30238,INE148I07WU1,902SCL28,N1,,,,,SCL 9.02% SR V,991.00,991.00,991.00,991.00,991.00,990.00,,981.78,,,100,99100.00,1,F1,1,,,,,
2026-09-21,2026-09-21,CM,NSE,STK,757473,INE148I07XS3,925SCL30A,NH,,,,,SCL 9.25% 2030 SR IX,999.00,999.00,999.00,999.00,999.00,999.00,,999.00,,,30,29970.00,2,F1,1,,,,,
2026-09-21,2026-09-21,CM,NSE,STK,757497,INE148I07XY1,995SCL2035,NM,,,,,SCL 9.95% 2035 SR XII,1015.00,1015.00,1015.00,1015.00,1015.00,1015.00,,1015.00,,,10,10150.00,1,F1,1,,,,,
2026-09-21,2026-09-21,CM,NSE,STK,757478,INE090501011,SCODATUBES,EQ,,,,,SCODA TUBES LIMITED,127.80,131.90,127.50,129.28,129.95,128.51,,129.27,,,177565,23014096.88,3348,F1,1,,,,,
2026-09-21,2026-09-21,CM,NSE,STK,761646,IN1020260015,796AP38,SG,,,,,SDL AP 7.96% 2038,99.88,99.88,99.88,99.88,99.88,100.80,,99.88,,,200,19976.00,1,F1,100,,,,,
2026-09-21,2026-09-21,CM,NSE,STK,761658,IN1020260023,807AP51,SG,,,,,SDL AP 8.07% 2051,99.26,99.26,99.26,99.26,99.26,99.45,,99.26,,,100,9926.00,1,F1,100,,,,,
2026-09-21,2026-09-21,CM,NSE,STK,19892,IN1220230131,774AS33,SG,,,,,SDL AS 7.74% 2033,96.09,96.09,96.09,96.09,96.09,98.05,,96.09,,,100,9609.00,1,F1,100,,,,,
2026-09-21,2026-09-21,CM,NSE,STK,21167,IN1320230155,773BR39,SG,,,,,SDL BR 7.73% 2039,97.75,97.75,97.75,97.75,97.75,93.10,,97.75,,,100,9775.00,1,F1,100,,,,,
2026-09-21,2026-09-21,CM,NSE,STK,25089,IN1420240047,725GA35,SG,,,,,SDL GA 7.25% 2035,92.61,92.61,92.61,92.61,92.61,94.76,,92.61,,,100,9261.00,1,F1,100,,,,,
2026-09-21,2026-09-21,CM,NSE,STK,16781,IN1520230047,722GJ28,SG,,,,,SDL GJ 7.22% 2028,100.35,100.35,100.35,100.35,100.35,100.00,,100.35,,,100,10035.00,1,F1,100,,,,,
2026-09-21,2026-09-21,CM,NSE,STK,760472,IN2020250220,756KL44,SG,,,,,SDL KL 7.56% 2044,94.00,94.00,94.00,94.00,94.00,95.00,,94.00,,,100,9400.00,1,F1,100,,,,,
2026-09-21,2026-09-21,CM,NSE,STK,758843,IN2220250285,674MH29,SG,,,,,SDL MH 6.74% 2029,96.30,96.30,96.30,96.30,96.30,96.15,,96.30,,,100,9630.00,1,F1,100,,,,,
2026-09-21,2026-09-21,CM,NSE,STK,25352,IN2220240260,71MH33,SG,,,,,SDL MH 7.1% 2033,94.02,94.02,94.02,94.02,94.02,94.01,,94.02,,,100,9402.00,1,F1,100,,,,,
2026-09-21,2026-09-21,CM,NSE,STK,762427,IN2120260020,79MP56,SG,,,,,SDL MP 7.9% 2056,96.97,96.97,96.97,96.97,96.97,95.00,,96.97,,,100,9697.00,1,F1,100,,,,,
2026-09-21,2026-09-21,CM,NSE,STK,753729,IN2920260089,757RJ35,SG,,,,,SDL RJ 7.57% 2035,100.00,100.00,100.00,100.00,100.00,100.00,,100.00,,,100,10000.00,1,F1,100,,,,,
2026-09-21,2026-09-21,CM,NSE,STK,763068,IN2920260048,781RJ49,SG,,,,,SDL RJ 7.81% 2049,100.00,100.00,100.00,100.00,100.00,98.00,,100.00,,,500,50000.00,1,F1,100,,,,,
2026-09-21,2026-09-21,CM,NSE,STK,23326,IN3120230518,743TN34,SG,,,,,SDL TN 7.43% 2034,95.36,95.36,95.36,95.36,95.36,95.10,,95.36,,,100,9536.00,1,F1,100,,,,,
2026-09-21,2026-09-21,CM,NSE,STK,764420,IN3120260093,749TN36,SG,,,,,SDL TN 7.49% 2036,94.00,94.29,94.00,94.29,94.29,94.48,,94.29,,,600,56545.00,2,F1,100,,,,,
2026-09-21,2026-09-21,CM,NSE,STK,13715,IN3120220261,757TN33,SG,,,,,SDL TN 7.57% 2033,98.36,98.36,98.36,98.36,98.36,98.45,,98.36,,,100,9836.00,1,F1,100,,,,,
2026-09-21,2026-09-21,CM,NSE,STK,763735,IN3120260044,769TN33,SG,,,,,SDL TN 7.69% 2033,99.65,99.65,99.65,99.65,99.65,99.68,,99.65,,,100,9965.00,1,F1,100,,,,,
2026-09-21,2026-09-21,CM,NSE,STK,23546,IN3620240017,75UK29,SG,,,,,SDL UK 7.5% 2029,101.48,101.48,101.48,101.48,101.48,100.00,,101.48,,,100,10148.00,1,F1,100,,,,,
2026-09-21,2026-09-21,CM,NSE,STK,31638,IN3320260034,774UP38,SG,,,,,SDL UP 7.74% 2038,94.67,94.67,94.67,94.67,94.67,96.60,,94.67,,,100,9467.00,1,F1,100,,,,,
2026-09-21,2026-09-21,CM,NSE,STK,2616,INE497B01018,SEAMECLTD,EQ,,,,,SEAMEC LIMITED,1740.00,1764.60,1692.00,1698.80,1692.20,1726.30,,1698.91,,,26750,45918064.20,3099,F1,1,,,,,
2026-09-21,2026-09-21,CM,NSE,STK,7666,INE477L07AP4,IIFLHFZC27,NB,,,,,SEC RE NCD 0% SR.V,1455.00,1455.00,1455.00,1455.00,1455.00,1439.00,,1453.00,,,60,87300.00,1,F1,1,,,,,
2026-09-21,2026-09-21,CM,NSE,STK,6207,INE530B07187,IIFLZC26,NN,,,,,SEC RE NCD 0% SR.VII,1509.99,1509.99,1509.99,1509.99,1509.99,1505.00,,1515.00,,,50,75499.50,3,F1,1,,,,,
2026-09-21,2026-09-21,CM,NSE,STK,7674,INE477L07AS8,IIFLHF29,NE,,,,,SEC RE NCD 0% SR.VIII,1520.00,1526.70,1408.00,1469.28,1526.70,1459.54,,1469.28,,,26,38201.40,7,F1,1,,,,,
2026-09-21,2026-09-21,CM,NSE,STK,24141,INE413U07301,1003IIFL29,NC,,,,,SEC RE NCD 10.03% SR V,1030.00,1030.00,1024.99,1024.99,1024.99,1020.00,,1024.99,,,2,2054.99,2,F1,1,,,,,
2026-09-21,2026-09-21,CM,NSE,STK,20116,INE148I07QX7,1003SCL30A,NV,,,,,SEC RE NCD 10.03% SR X,740.00,790.00,740.00,790.00,790.00,740.00,,820.00,,,68,53269.95,3,F1,1,,,,,
2026-09-21,2026-09-21,CM,NSE,STK,21016,INE148I07RS5,925SCL28B,YC,,,,,SEC RE NCD 10.15% SR VII,1055.60,1069.50,1055.50,1066.03,1060.20,1053.53,,1066.03,,,771,816650.40,5,F1,1,,,,,
2026-09-21,2026-09-21,CM,NSE,STK,23323,INE148I07SQ7,1025SCL34,Z8,,,,,SEC RE NCD 10.25% SR XII,1010.00,1010.00,1010.00,1010.00,1010.00,1010.00,,1010.00,,,500,505000.00,4,F1,1,,,,,
2026-09-21,2026-09-21,CM,NSE,STK,23974,INE148I07TN2,1025SCL34A,ZT,,,,,SEC RE NCD 10.25% SR XII,1005.00,1005.00,1005.00,1005.00,1005.00,1010.00,,1005.00,,,1401,1408005.00,3,F1,1,,,,,
2026-09-21,2026-09-21,CM,NSE,STK,18906,INE148I07PV3,888SCL25E,N4,,,,,SEC RE NCD 10.25% SR XII,900.00,900.00,900.00,900.00,900.00,800.00,,900.00,,,6,5400.00,1,F1,1,,,,,
2026-09-21,2026-09-21,CM,NSE,STK,20130,INE148I07RB1,965SCL25F,NZ,,,,,SEC RE NCD 10.25% SR XII,840.00,840.00,840.00,840.00,840.00,840.00,,840.00,,,2,1680.00,2,F1,1,,,,,
2026-09-21,2026-09-21,CM,NSE,STK,20784,INE413U07251,1050ISFL28,N5,,,,,SEC RE NCD 10.50% SR 6,1066.20,1066.20,1066.00,1066.00,1066.00,1065.20,,1066.10,,,1010,1076698.00,8,F1,1,,,,,
2026-09-21,2026-09-21,CM,NSE,STK,15249,INE244L07556,1003SFIL28,NX,,,,,SEC RE NCD 10.50% SR.VII,401.01,425.00,401.01,424.89,425.00,401.01,,424.89,,,272,114975.25,6,F1,1,,,,,
2026-09-21,2026-09-21,CM,NSE,STK,23123,INE342T07460,1065NFL27,NC,,,,,SEC RE NCD 10.65% SR.IV,1000.00,1014.99,1000.00,1014.99,1014.99,1030.00,,1014.99,,,136,137714.05,8,F1,1,,,,,
2026-09-21,2026-09-21,CM,NSE,STK,23319,INE148I07SR5,1075SCFL34,Z6,,,,,SEC RE NCD 10.75% SR XI,1065.00,1065.00,1065.00,1065.00,1065.00,1056.00,,1065.00,,,10,10650.00,1,F1,1,,,,,
2026-09-21,2026-09-21,CM,NSE,STK,21042,INE148I07RW7,1075SCL33,YK,,,,,SEC RE NCD 10.75% SR XI,1112.91,1112.91,1112.91,1112.91,1112.91,1080.50,,1112.91,,,5,5564.55,1,F1,1,,,,,
2026-09-21,2026-09-21,CM,NSE,STK,23970,INE148I07TP7,1075SCL34,ZR,,,,,SEC RE NCD 10.75% SR XI,1040.00,1040.00,1040.00,1040.00,1040.00,1040.00,,1040.00,,,10,10400.00,1,F1,1,,,,,
2026-09-21,2026-09-21,CM,NSE,STK,23125,INE342T07445,1119NFL27,ND,,,,,SEC RE NCD 11.19% SR.V,1052.89,1052.89,1052.89,1052.89,1052.89,1052.88,,1052.89,,,2,2105.78,1,F1,1,,,,,
2026-09-21,2026-09-21,CM,NSE,STK,3451,INE219X07249,769IGT28,NH,,,,,SEC RE NCD 7.69% SR.IV,1010.00,1010.00,1010.00,1010.00,1010.00,1009.99,,1010.00,,,5,5050.00,1,F1,1,,,,,
2026-09-21,2026-09-21,CM,NSE,STK,11658,INE0H7R07017,79NHIT35,N1,,,,,SEC RE NCD 7.90% STRPP A,310.00,310.25,310.00,310.25,310.25,310.50,,310.25,,,311,96487.50,4,F1,1,,,,,
2026-09-21,2026-09-21,CM,NSE,STK,11665,INE0H7R07025,79NHIT40,N2,,,,,SEC RE NCD 7.90% STRPP B,314.50,314.50,314.50,314.50,314.50,312.50,,314.50,,,1,314.50,1,F1,1,,,,,
2026-09-21,2026-09-21,CM,NSE,STK,7648,INE477L07AN9,820IIFL27,N9,,,,,SEC RE NCD 8.20% SR.III,992.50,992.50,992.50,992.50,992.50,992.52,,992.50,,,320,317600.00,9,F1,1,,,,,
2026-09-21,2026-09-21,CM,NSE,STK,6197,INE530B07161,842IIFL26,NL,,,,,SEC RE NCD 8.42% SR.V,997.00,997.00,995.10,996.75,996.75,996.60,,996.27,,,398,396518.10,8,F1,1,,,,,
2026-09-21,2026-09-21,CM,NSE,STK,7668,INE477L07AQ2,843IHFL29,NC,,,,,SEC RE NCD 8.43% SR.VI,985.00,989.00,980.51,988.00,988.00,985.00,,988.44,,,888,876725.39,14,F1,1,,,,,
2026-09-21,2026-09-21,CM,NSE,STK,28856,INE477L07BB2,865IHFL27,N1,,,,,SEC RE NCD 8.65% SR III,985.00,985.00,985.00,985.00,985.00,985.00,,983.71,,,10,9850.00,1,F1,1,,,,,
2026-09-21,2026-09-21,CM,NSE,STK,13852,INE530B07310,865IIFL28,NS,,,,,SEC RE NCD 8.65% SR.V,992.00,992.00,990.00,990.00,990.00,990.00,,990.00,,,285,282289.50,9,F1,1,,,,,
2026-09-21,2026-09-21,CM,NSE,STK,7671,INE477L07AR0,875IHFL29,ND,,,,,SEC RE NCD 8.75% SR.VII,1028.21,1028.21,1028.21,1028.21,1028.21,1027.40,,1028.21,,,8,8225.68,1,F1,1,,,,,
2026-09-21,2026-09-21,CM,NSE,STK,23706,INE338I07164,897MOFSL29,N4,,,,,SEC RE NCD 8.97% SR V,1030.00,1038.90,1021.10,1021.10,1021.10,1030.00,,1030.55,,,502,517113.55,16,F1,1,,,,,
2026-09-21,2026-09-21,CM,NSE,STK,5160,INE516Y07428,9PFL31A,NA,,,,,SEC RE NCD 9% SR.V,1035.00,1037.00,1035.00,1037.00,1037.00,1035.00,,1037.00,,,350,362450.00,5,F1,1,,,,,
2026-09-21,2026-09-21,CM,NSE,STK,17041,INE530B07377,9IIFL28,Y0,,,,,SEC RE NCD 9% SR.VI,1002.50,1002.50,1002.50,1002.50,1002.50,993.70,,1003.75,,,50,50125.00,1,F1,1,,,,,
2026-09-21,2026-09-21,CM,NSE,STK,23702,INE338I07149,91MOFSL27,N2,,,,,SEC RE NCD 9.10% SR III,1028.70,1028.70,1028.70,1028.70,1028.70,1026.00,,1029.94,,,17,17487.90,3,F1,1,,,,,
2026-09-21,2026-09-21,CM,NSE,STK,7769,INE148I07LC2,925SCFL27,YA,,,,,SEC RE NCD 9.25% SR.VII,1060.80,1060.80,1060.80,1060.80,1060.80,1060.80,,1060.80,,,6,6364.80,1,F1,1,,,,,
2026-09-21,2026-09-21,CM,NSE,STK,23708,INE338I07107,935MOFSL29,N5,,,,,SEC RE NCD 9.35% SR VI,1030.50,1040.00,1030.50,1040.00,1040.00,1050.00,,1040.00,,,110,113925.00,5,F1,1,,,,,
2026-09-21,2026-09-21,CM,NSE,STK,20075,INE148I07QK4,948SCL26A,NN,,,,,SEC RE NCD 9.48% SR V,333.33,333.33,333.33,333.33,333.33,360.00,,333.33,,,1105,368329.65,1,F1,1,,,,,
2026-09-21,2026-09-21,CM,NSE,STK,25552,INE148I07UC3,948SCL27D,N1,,,,,SEC RE NCD 9.48% SR V,1010.00,1010.00,1010.00,1010.00,1010.00,999.00,,1010.00,,,20,20200.00,1,F1,1,,,,,
2026-09-21,2026-09-21,CM,NSE,STK,25287,INE423A07328,965AEL27,N4,,,,,SEC RE NCD 9.65% SR IV,1011.55,1012.00,1011.55,1012.00,1012.00,1011.00,,1012.25,,,250,252977.50,3,F1,1,,,,,
2026-09-21,2026-09-21,CM,NSE,STK,18487,INE741K07579,970CAGL28,ND,,,,,SEC RE NCD 9.70% SR VII,1025.00,1025.00,1015.00,1025.00,1025.00,1020.00,,1025.00,,,1011,1026279.58,7,F1,1,,,,,
2026-09-21,2026-09-21,CM,NSE,STK,13487,INE148I07NG9,894SCL27,ZY,,,,,SEC RE NCD 9.80% SR.VII,670.00,670.00,670.00,670.00,670.00,640.00,,670.00,,,10,6700.00,1,F1,1,,,,,
2026-09-21,2026-09-21,CM,NSE,STK,23293,INE148I07SG8,990SCL27,YT,,,,,SEC RE NCD 9.9% SR IV,1047.70,1047.70,1047.70,1047.70,1047.70,1044.20,,1047.70,,,4,4190.80,1,F1,1,,,,,
2026-09-21,2026-09-21,CM,NSE,STK,17964,INE121A07RI0,CIFC28,NB,,,,,SEC RE NCD SR 6,1281.00,1281.00,1281.00,1281.00,1281.00,1285.00,,1281.00,,,100,128100.00,2,F1,1,,,,,
2026-09-21,2026-09-21,CM,NSE,STK,25292,INE423A07377,AEL120924A,N5,,,,,SEC RE NCD SR V,1210.00,1210.00,1210.00,1210.00,1210.00,1210.58,,1210.00,,,4,4840.00,1,F1,1,,,,,
2026-09-21,2026-09-21,CM,NSE,STK,23299,INE148I07SK0,0SCL27,YW,,,,,SEC RE NCD SR VI,1233.60,1233.60,1233.60,1233.60,1233.60,1233.60,,1233.60,,,500,616800.00,6,F1,1,,,,,
2026-09-21,2026-09-21,CM,NSE,STK,23950,INE148I07TM4,SCL310524A,ZK,,,,,SEC RE NCD SR VI,1233.00,1233.00,1226.97,1229.00,1229.00,1227.90,,1229.00,,,17,20920.94,4,F1,1,,,,,
2026-09-21,2026-09-21,CM,NSE,STK,14219,INE00QS24043,IMC1,N1,,,,,SEC RE NCGB 8.25% STRPP B,251.40,251.40,251.40,251.40,251.40,251.40,,251.40,,,3,754.20,3,F1,1,,,,,
2026-09-21,2026-09-21,CM,NSE,STK,14224,INE00QS24027,IMC1,N2,,,,,SEC RE NCGB 8.25% STRPP C,254.50,254.50,254.50,254.50,254.50,251.50,,254.50,,,2,509.00,2,F1,1,,,,,
2026-09-21,2026-09-21,CM,NSE,STK,14228,INE00QS24035,IMC1,N3,,,,,SEC RE NCGB 8.25% STRPP D,251.90,251.90,251.80,251.80,251.80,251.90,,251.80,,,129,32490.10,2,F1,1,,,,,
2026-09-21,2026-09-21,CM,NSE,STK,7975,INE804IA7014,1015ECL29,NR,,,,,SEC RED NCD 10.15% SR. VI,1019.00,1019.99,1018.50,1019.99,1019.99,1018.99,,1019.99,,,562,572486.90,7,F1,1,,,,,
2026-09-21,2026-09-21,CM,NSE,STK,9975,INE511C07706,829PFL29,N6,,,,,SEC RED NCD 10.27% SR. VI,1000.00,1000.00,1000.00,1000.00,1000.00,1065.00,,1000.00,,,2,2000.00,1,F1,1,,,,,
2026-09-21,2026-09-21,CM,NSE,STK,16870,INE033L07GS6,81TCHF28,N8,,,,,SEC RED NCD 8.10% SR.IV,1019.98,1019.98,1019.98,1019.98,1019.98,1019.39,,1019.98,,,9,9179.82,2,F1,1,,,,,
2026-09-21,2026-09-21,CM,NSE,STK,16874,INE033L07GU2,84TCHF28,NA,,,,,SEC RED NCD 8.40% SR.V,1065.60,1065.60,1065.60,1065.60,1065.60,1065.41,,1065.60,,,222,236563.20,2,F1,1,,,,,
2026-09-21,2026-09-21,CM,NSE,STK,6149,INE721A07OC7,930SFL28,YP,,,,,SEC RED NCD 9.30% SR. II,1033.01,1033.01,1033.01,1033.01,1033.01,1045.00,,1033.01,,,90,92970.90,1,F1,1,,,,,
2026-09-21,2026-09-21,CM,NSE,STK,8625,INE721A07ON4,957ICCL25,YW,,,,,SEC RED NCD 9.30% SR. II,1046.00,1046.00,1045.00,1045.00,1045.00,1045.00,,1045.00,,,295,308370.00,4,F1,1,,,,,
2026-09-21,2026-09-21,CM,NSE,STK,4288,INE804I078Y8,943ECL28,NJ,,,,,SEC RED NCD 9.43% SR. VI,1000.00,1000.02,1000.00,1000.02,1000.02,1009.94,,1000.02,,,129,129000.27,7,F1,1,,,,,
2026-09-21,2026-09-21,CM,NSE,STK,8642,INE721A07OQ7,97SFL29,YZ,,,,,SEC RED NCD 9.70% SR. V,1091.00,1091.00,1091.00,1091.00,1091.00,1090.00,,1091.00,,,10,10910.00,1,F1,1,,,,,
2026-09-21,2026-09-21,CM,NSE,STK,4292,INE804I079Y6,985ECL28,NK,,,,,SEC RED NCD 9.85% SR. VII,1009.00,1009.99,1006.20,1006.20,1006.20,1005.54,,1006.20,,,57,57441.99,5,F1,1,,,,,
2026-09-21,2026-09-21,CM,NSE,STK,19496,INE0BTM01013,SECMARK,EQ,,,,,SECMARK CONSULTANCY LTD,142.00,144.40,140.00,140.21,143.90,144.10,,140.10,,,1055,148360.50,37,F1,1,,,,,
2026-09-21,2026-09-21,CM,NSE,STK,11058,INE650K01021,SECURKLOUD,EQ,,,,,SECUREKLOUD TECH LIMITED,16.84,17.24,16.55,16.85,16.85,16.84,,16.85,,,9692,163236.95,75,F1,1,,,,,
2026-09-21,2026-09-21,CM,NSE,STK,761153,INE00XB01019,SEDEMAC,EQ,,,,,SEDEMAC MECHATRONICS LTD,3179.50,3188.80,3056.10,3088.00,3065.00,3147.80,,3087.49,,,86428,267706059.10,15829,F1,1,,,,,
2026-09-21,2026-09-21,CM,NSE,STK,7091,INE955I01044,SEJALLTD,EQ,,,,,SEJAL GLASS LIMITED,701.15,710.00,678.70,678.90,678.95,714.40,,678.90,,,14548,10010779.20,855,F1,1,,,,,
2026-09-21,2026-09-21,CM,NSE,STK,6274,INE105I01020,SELMC,BE,,,,,SEL MANUFACTURING CO LTD,26.41,26.41,26.41,26.41,26.41,27.79,,26.46,,,19744,521439.04,137,F1,1,,,,,
2026-09-21,2026-09-21,CM,NSE,STK,757982,INE0IJF01013,SELLOWRAP,SM,,,,,SELLOWRAP INDUSTRIES LTD,65.50,67.50,65.50,67.50,67.50,65.00,,67.50,,,8000,536800.00,5,F1,1600,,,,,
2026-09-21,2026-09-21,CM,NSE,STK,11961,INE617A01013,SEMAC,EQ,,,,,SEMAC CONSTRUCTION LTD,286.95,286.95,273.40,284.20,285.00,273.70,,283.75,,,395,111475.10,28,F1,1,,,,,
2026-09-21,2026-09-21,CM,NSE,STK,17271,INE602W01027,SENCO,EQ,,,,,SENCO GOLD LIMITED,349.80,350.05,340.10,341.90,341.80,348.00,,341.92,,,295921,102132677.90,11991,F1,1,,,,,
2026-09-21,2026-09-21,CM,NSE,STK,28888,INE0RB801010,SENORES,EQ,,,,,SENORES PHARMACEUTICALS L,1402.10,1413.00,1380.10,1395.10,1395.00,1402.60,,1394.65,,,125365,175587668.30,12927,F1,1,,,,,
2026-09-21,2026-09-21,CM,NSE,STK,15308,INE964H01014,SEPC,EQ,,,,,SEPC LIMITED,5.23,5.25,5.05,5.09,5.11,5.23,,5.09,,,8173787,41980726.83,5385,F1,1,,,,,
2026-09-21,2026-09-21,CM,NSE,STK,20715,INE027E07BC8,865LTF26,NN,,,,,SERENCD 8.65% SR.VI OP12,1061.01,1064.85,1059.00,1064.85,1064.85,1061.00,,1062.43,,,127,134659.35,14,F1,1,,,,,
2026-09-21,2026-09-21,CM,NSE,STK,20691,INE027E07AN7,87LTF27,NH,,,,,SERENCD 8.70% SR.VII OPII,1049.00,1049.00,1049.00,1049.00,1049.00,1008.92,,1048.80,,,30,31470.00,4,F1,1,,,,,
2026-09-21,2026-09-21,CM,NSE,STK,20687,INE027E07AL1,905LTF27,NF,,,,,SERENCD 9.05% SR.VI OPII,1050.00,1050.00,1050.00,1050.00,1050.00,1049.36,,1050.00,,,20,21000.00,1,F1,1,,,,,
2026-09-21,2026-09-21,CM,NSE,STK,21197,INE306N07LM5,865TCAPS27,N8,,,,,SERENCD8.65%SR.IIICIII&IV,1108.00,1108.00,1007.00,1029.00,1029.00,1108.00,,1029.00,,,8,8438.00,4,F1,1,,,,,
2026-09-21,2026-09-21,CM,NSE,STK,5507,INE782X01033,SERVOTECH,EQ,,,,,SERVOTECH REN POW SYS LTD,72.80,73.00,71.67,71.80,71.80,72.80,,71.80,,,416214,29979269.92,4257,F1,1,,,,,
2026-09-21,2026-09-21,CM,NSE,STK,759934,INE04VU01023,STYL,EQ,,,,,SESHAASAI TECHNOLOGIES L,360.00,363.45,347.80,350.15,348.75,360.35,,350.17,,,87851,31086579.45,6578,F1,1,,,,,
2026-09-21,2026-09-21,CM,NSE,STK,3066,INE630A01024,SESHAPAPER,EQ,,,,,SESHASAYEE PAPER & BOARDS,249.77,253.25,246.12,247.61,247.50,249.77,,247.61,,,43315,10796662.37,970,F1,1,,,,,
2026-09-21,2026-09-21,CM,NSE,STK,17518,INE878E01021,SETCO,BE,,,,,SETCO AUTOMOTIVE LTD,17.64,17.64,16.71,17.28,17.34,17.06,,16.61,,,44638,774444.82,192,F1,1,,,,,
2026-09-21,2026-09-21,CM,NSE,STK,18024,INE023M01027,SETUINFRA,BZ,,,,,SETUBANDHAN INFRA LTD,0.61,0.61,0.59,0.59,0.59,0.60,,0.59,,,39247,23405.53,31,F1,1,,,,,
2026-09-21,2026-09-21,CM,NSE,STK,10836,INE573R01012,SEYAIND,BE,,,,,SEYA INDUSTRIES LIMITED,13.36,13.38,12.87,13.38,13.38,13.12,,13.29,,,14312,190994.52,52,F1,1,,,,,
2026-09-21,2026-09-21,CM,NSE,STK,758853,INE618R01015,SGFIN,EQ,,,,,SG FINSERVE LIMITED,626.00,632.20,619.00,623.25,626.85,630.95,,623.23,,,156987,98182281.15,8825,F1,1,,,,,
2026-09-21,2026-09-21,CM,NSE,STK,758889,INE385F01024,SGMART,EQ,,,,,SG MART LIMITED,726.00,747.85,713.20,730.40,728.10,733.55,,730.41,,,128659,93692145.50,13481,F1,1,,,,,
2026-09-21,2026-09-21,CM,NSE,STK,765247,INE967B01028,SGLRES,EQ,,,,,SGL RESOURCES LIMITED,2.54,2.55,2.34,2.48,2.55,2.43,,2.48,,,35437,86978.14,95,F1,1,,,,,
2026-09-21,2026-09-21,CM,NSE,STK,761469,INE12UN01015,SHADOWFAX,EQ,,,,,SHADOWFAX TECHNOLOGIES L,251.50,274.80,248.40,272.75,272.50,251.55,,272.75,,,13465306,3586578041.90,155982,F1,1,,,,,
2026-09-21,2026-09-21,CM,NSE,STK,11859,INE640C01011,SHAHALLOYS,BE,,,,,SHAH ALLOYS LIMITED,89.60,92.50,87.88,87.88,87.88,92.50,,87.88,,,24631,2177412.90,151,F1,1,,,,,
2026-09-21,2026-09-21,CM,NSE,STK,20296,INE482J01021,SHAH,EQ,,,,,SHAH METACORP LIMITED,3.29,3.34,3.27,3.29,3.33,3.28,,3.29,,,501891,1655854.27,560,F1,1,,,,,
2026-09-21,2026-09-21,CM,NSE,STK,8727,INE151G01028,SHAILY,EQ,,,,,SHAILY ENG PLASTICS LTD,3396.90,3400.00,3210.00,3265.10,3255.00,3149.80,,3265.09,,,838692,2762621620.30,85706,F1,1,,,,,
2026-09-21,2026-09-21,CM,NSE,STK,25574,INE908D01010,SHAKTIPUMP,EQ,,,,,SHAKTI PUMPS (I) LTD,462.25,474.70,460.00,470.95,472.50,460.95,,470.86,,,474292,220967537.60,18122,F1,1,,,,,
2026-09-21,2026-09-21,CM,NSE,STK,714,INE597J01018,SHALBY,EQ,,,,,SHALBY LIMITED,138.00,140.95,136.35,138.32,138.05,137.66,,138.32,,,112394,15550900.83,2644,F1,1,,,,,
2026-09-21,2026-09-21,CM,NSE,STK,761688,INE861D01011,SAHLIBHFI,EQ,,,,,SHALIBHADRA FINANCE LTD,75.25,79.49,74.95,76.56,76.74,76.56,,76.54,,,26916,2062229.71,562,F1,1,,,,,
2026-09-21,2026-09-21,CM,NSE,STK,15346,INE849C01026,SHALPAINTS,BE,,,,,SHALIM PAINTS LTD,79.26,82.26,79.26,80.16,81.49,80.90,,80.16,,,21535,1744841.67,162,F1,1,,,,,
2026-09-21,2026-09-21,CM,NSE,STK,25737,INE01NE01012,SRD,EQ,,,,,SHANKAR LAL RAMPAL LTD,39.40,40.79,39.10,40.47,39.73,39.15,,40.47,,,58374,2338936.89,258,F1,1,,,,,
2026-09-21,2026-09-21,CM,NSE,STK,20321,INE274V01019,SHANKARA,EQ,,,,,SHANKARA BLDG PRODUCT LTD,149.50,149.50,146.03,147.46,147.01,149.26,,147.45,,,32968,4868991.64,480,F1,1,,,,,
2026-09-21,2026-09-21,CM,NSE,STK,760594,INE24OJ01011,BUILDPRO,EQ,,,,,SHANKARA BUILDPRO LIMITED,1259.70,1313.50,1259.40,1280.00,1284.90,1253.80,,1279.92,,,63580,82100121.80,5314,F1,1,,,,,
2026-09-21,2026-09-21,CM,NSE,STK,765382,INE1WFC01025,SHANKESH,EQ,,,,,SHANKESH JEWELLERS LTD,93.00,94.55,91.00,91.54,91.06,93.06,,91.54,,,4927004,455684132.02,19489,F1,1,,,,,
2026-09-21,2026-09-21,CM,NSE,STK,19752,INE0Q9Q01017,SHANTHALA,SM,,,,,SHANTHALA FMCG PRODUCTS L,15.90,15.95,15.60,15.60,15.60,15.70,,15.60,,,7200,113880.00,6,F1,1200,,,,,
2026-09-21,2026-09-21,CM,NSE,STK,3078,INE631A01022,SHANTIGEAR,EQ,,,,,SHANTHI GEARS LTD,707.00,712.00,689.00,691.30,692.50,700.05,,691.28,,,48594,33926415.45,2811,F1,1,,,,,
2026-09-21,2026-09-21,CM,NSE,STK,762889,INE440T01028,SEIL,EQ,,,,,SHANTI EDU INITIATIVES L,190.74,192.18,183.01,184.79,183.87,192.19,,184.59,,,271525,50731270.16,3607,F1,1,,,,,
2026-09-21,2026-09-21,CM,NSE,STK,758002,INE06ZD01017,SHANTIGOLD,EQ,,,,,SHANTI GOLD INTERNATION L,253.28,263.40,249.63,258.69,257.66,251.27,,258.71,,,1318969,341402871.65,21051,F1,1,,,,,
2026-09-21,2026-09-21,CM,NSE,STK,765580,INE1ZEE01019,SHANTIINOR,ST,,,,,SHANTI INORGANICS LIMITED,176.00,188.95,172.50,188.80,188.95,181.30,,188.80,,,104000,18922400.00,62,F1,1600,,,,,
2026-09-21,2026-09-21,CM,NSE,STK,5650,INE933X01016,SHANTI,EQ,,,,,SHANTI OVERSEAS INDIA LTD,6.19,6.30,5.38,5.61,5.56,6.19,,5.61,,,293132,1656171.36,351,F1,1,,,,,
2026-09-21,2026-09-21,CM,NSE,STK,762904,INE220Z01013,SHINDL,EQ,,,,,SHARAT INDUSTRIES LTD.,162.60,166.00,159.21,163.00,163.65,161.64,,163.36,,,364484,58549444.38,1490,F1,1,,,,,
2026-09-21,2026-09-21,CM,NSE,STK,4992,INE221J01015,SHARDACROP,EQ,,,,,SHARDA CROPCHEM LTD.,745.25,753.55,738.20,745.75,746.30,743.10,,745.78,,,103522,77077312.35,8410,F1,1,,,,,
2026-09-21,2026-09-21,CM,NSE,STK,10530,INE597I01028,SHARDAMOTR,EQ,,,,,SHARDA MOTOR INDS LTD,967.00,969.90,944.00,957.75,960.05,967.05,,957.74,,,72546,69654111.80,7838,F1,1,,,,,
2026-09-21,2026-09-21,CM,NSE,STK,762897,INE037B01020,SHARDUL,BE,,,,,SHARDUL SECURITIES LTD.,55.00,55.00,54.25,54.40,54.40,55.00,,54.40,,,6672,363983.35,34,F1,1,,,,,
2026-09-21,2026-09-21,CM,NSE,STK,104,INE932X01026,SHAREINDIA,EQ,,,,,SHARE IND. SECURITIES LTD,226.00,228.63,222.01,227.11,226.56,228.15,,227.11,,,2975929,669286692.76,29534,F1,1,,,,,
2026-09-21,2026-09-21,CM,NSE,STK,19469,INE460Q01014,SCML,SM,,,,,SHARP CHUCKS N MACHINES L,79.00,79.50,79.00,79.00,79.50,77.55,,79.00,,,26000,2054500.00,8,F1,1000,,,,,
2026-09-21,2026-09-21,CM,NSE,STK,19184,INE916U01025,SFL,EQ,,,,,SHEELA FOAM LIMITED,658.00,668.30,639.00,643.50,643.00,657.30,,643.50,,,160382,103873832.25,11384,F1,1,,,,,
2026-09-21,2026-09-21,CM,NSE,STK,12081,INE501Y01019,SCPL,BE,,,,,SHEETAL COOL PRODUCTS LTD,627.00,653.20,611.30,653.20,653.20,622.10,,653.08,,,11427,7305618.10,553,F1,1,,,,,
2026-09-21,2026-09-21,CM,NSE,STK,20415,INE04VX01019,SHEETAL,SM,,,,,SHEETAL UNIVERSAL LIMITED,345.00,360.00,345.00,357.30,358.90,359.00,,357.30,,,2500,888450.00,5,F1,500,,,,,
2026-09-21,2026-09-21,CM,NSE,STK,21099,INE268L01046,SHEKHAWATI,BE,,,,,SHEKHAWATI INDUSTRIES LTD,22.40,22.55,22.05,22.55,22.55,21.48,,22.55,,,55418,1246838.29,127,F1,1,,,,,
2026-09-21,2026-09-21,CM,NSE,STK,5072,INE363M01019,SHEMAROO,BE,,,,,SHEMAROO ENTER. LTD.,116.30,119.50,115.00,118.95,118.99,116.39,,118.95,,,10613,1242441.94,55,F1,1,,,,,
2026-09-21,2026-09-21,CM,NSE,STK,14172,INE0MM001019,SHERA,SM,,,,,SHERA ENERGY LIMITED,182.50,189.95,182.00,186.95,186.95,186.00,,186.95,,,30000,5581100.00,29,F1,1000,,,,,
2026-09-21,2026-09-21,CM,NSE,STK,764890,INE011D01013,SHERVANI,EQ,,,,,SHERVANI INDUSTRIAL SYN L,352.50,352.50,343.00,343.00,343.00,352.50,,346.00,,,12,4132.50,3,F1,1,,,,,
2026-09-21,2026-09-21,CM,NSE,STK,8394,INE03KJ01013,SHIGAN,SM,,,,,SHIGAN QUANTUM TECH LTD,62.00,62.00,62.00,62.00,62.00,62.00,,62.00,,,3000,186000.00,1,F1,1500,,,,,
2026-09-21,2026-09-21,CM,NSE,STK,759847,INE024F01011,SHILCTECH,EQ,,,,,SHILCHAR TECHNOLOGIES LTD,4088.20,4109.20,3948.00,3976.70,3975.00,4067.90,,3976.62,,,19753,78799062.00,4710,F1,1,,,,,
2026-09-21,2026-09-21,CM,NSE,STK,764895,INE960A01017,SHILGRAVQ,EQ,,,,,SHILP GRAVURES LTD.,155.00,169.80,151.56,156.52,156.26,154.69,,156.62,,,13631,2190968.47,169,F1,1,,,,,
2026-09-21,2026-09-21,CM,NSE,STK,17752,INE790G01031,SHILPAMED,EQ,,,,,SHILPA MEDICARE LTD,1021.10,1075.00,1017.60,1070.80,1068.00,1021.10,,1070.80,,,1476205,1556252467.90,58733,F1,1,,,,,
2026-09-21,2026-09-21,CM,NSE,STK,23127,INE0PB301013,SCILAL,EQ,,,,,SHIPPING CORP OF ILA LTD,37.09,38.90,36.84,38.23,38.19,36.83,,38.23,,,473523,18062543.37,2235,F1,1,,,,,
2026-09-21,2026-09-21,CM,NSE,STK,3048,INE109A01011,SCI,EQ,,,,,SHIPPING CORP OF INDIA LT,278.40,286.90,278.20,280.55,281.00,277.05,,280.55,,,2506605,708535606.95,37032,F1,1,,,,,
2026-09-21,2026-09-21,CM,NSE,STK,765282,INE0FOO01011,SHIPROCKET,EQ,,,,,SHIPROCKET LIMITED,122.80,125.88,121.65,122.49,122.50,121.59,,122.49,,,5005139,620489383.96,44228,F1,1,,,,,
2026-09-21,2026-09-21,CM,NSE,STK,759747,INE719F01016,SHIVAUM,EQ,,,,,SHIV AUM STEELS LIMITED,471.00,475.90,470.00,472.55,470.00,468.30,,472.55,,,356,167840.55,18,F1,1,,,,,
2026-09-21,2026-09-21,CM,NSE,STK,765160,INE555C01029,SHIVACEM,EQ,,,,,SHIVA CEMENT LTD.,15.45,15.89,15.02,15.67,15.57,15.45,,15.60,,,40457,627065.00,310,F1,1,,,,,
2026-09-21,2026-09-21,CM,NSE,STK,764900,INE960E01019,SHIVAAGRO,EQ,,,,,SHIVA GLOBAL AGRO INDS. L,42.20,42.20,39.00,41.75,41.75,41.79,,41.99,,,284,11445.32,28,F1,1,,,,,
2026-09-21,2026-09-21,CM,NSE,STK,1497,INE644Y01017,SHIVAMILLS,EQ,,,,,SHIVA MILLS LIMITED,61.58,61.58,59.10,60.15,60.50,61.58,,60.15,,,2401,144308.91,22,F1,1,,,,,
2026-09-21,2026-09-21,CM,NSE,STK,804,INE705C01020,SHIVATEX,EQ,,,,,SHIVA TEXYARN LIMITED,168.51,174.48,168.51,172.35,172.03,168.51,,172.35,,,1605,275657.39,144,F1,1,,,,,
2026-09-21,2026-09-21,CM,NSE,STK,24249,INE0T7B01010,SPCL,SM,,,,,SHIVALIC POWER CONTROL L,66.00,67.70,66.00,66.80,66.80,65.55,,66.80,,,19800,1317660.00,30,F1,600,,,,,
2026-09-21,2026-09-21,CM,NSE,STK,4656,INE386D01027,SBCL,EQ,,,,,SHIVALIK BIMETAL CON. LTD,1116.80,1186.00,1111.90,1144.10,1139.90,1096.20,,1144.24,,,526873,609132511.80,34391,F1,1,,,,,
2026-09-21,2026-09-21,CM,NSE,STK,7016,INE788J01021,SHIVALIK,EQ,,,,,SHIVALIK RASAYAN LIMITED,392.00,407.70,383.35,398.95,399.00,372.10,,398.93,,,224744,89731227.30,8975,F1,1,,,,,
2026-09-21,2026-09-21,CM,NSE,STK,13756,INE637H01024,SHIVAMAUTO,EQ,,,,,SHIVAM AUTO.LTD,20.70,20.70,17.79,18.23,18.21,19.42,,18.24,,,778455,14711185.53,2617,F1,1,,,,,
2026-09-21,2026-09-21,CM,NSE,STK,758744,INE1DLF01018,SHIVASHRIT,SM,,,,,SHIVASHRIT FOODS LIMITED,117.50,117.50,114.25,114.35,114.25,115.45,,114.35,,,19000,2185650.00,18,F1,1000,,,,,
2026-09-21,2026-09-21,CM,NSE,STK,11813,INE498B01024,SHOPERSTOP,EQ,,,,,SHOPPERS STOP LIMITED,398.60,406.55,393.15,394.95,394.20,399.75,,394.94,,,51648,20600257.35,2841,F1,1,,,,,
2026-09-21,2026-09-21,CM,NSE,STK,764905,INE311M01018,SHRADDHA,EQ,,,,,SHRADDHA PRIME PROJECTS L,146.95,149.79,146.95,148.11,148.00,147.14,,147.44,,,4559,674223.22,102,F1,1,,,,,
2026-09-21,2026-09-21,CM,NSE,STK,708,INE715Y01031,SHRADHA,EQ,,,,,SHRADHA REALTY LIMITED,30.94,30.94,29.40,29.99,30.00,30.00,,29.99,,,21343,638901.20,105,F1,1,,,,,
2026-09-21,2026-09-21,CM,NSE,STK,10588,INE712K01011,SHREEPUSHK,EQ,,,,,SHRE PUSH CHEM & FERT LTD,518.35,522.65,508.00,513.25,513.50,514.30,,513.23,,,32596,16759326.40,1979,F1,1,,,,,
2026-09-21,2026-09-21,CM,NSE,STK,762874,INE185C01017,SAPPL,EQ,,,,,SHREE AJIT PULP & PAPER L,285.00,285.00,276.10,282.40,282.40,276.15,,282.40,,,1982,560202.55,58,F1,1,,,,,
2026-09-21,2026-09-21,CM,NSE,STK,3103,INE070A01015,SHREECEM,EQ,,,,,SHREE CEMENT LIMITED,22450.00,22700.00,22355.00,22550.00,22550.00,22600.00,,22550.08,,,34945,784164995.00,6667,F1,1,,,,,
2026-09-21,2026-09-21,CM,NSE,STK,3099,INE232A01011,SHREDIGCEM,EQ,,,,,SHREE DIGVIJAY CEM CO LTD,68.99,68.99,66.61,67.08,67.20,68.51,,67.08,,,54062,3665410.73,1018,F1,1,,,,,
2026-09-21,2026-09-21,CM,NSE,STK,764885,INE414Y01015,SGRL,EQ,,,,,SHREE GANESH REMEDIES LTD,708.40,740.00,702.05,720.75,717.00,697.75,,720.35,,,40973,29896564.80,2240,F1,1,,,,,
2026-09-21,2026-09-21,CM,NSE,STK,23074,INE0S4Y01010,SHREEKARNI,SM,,,,,SHREE KARNI FABCOM LTD,362.00,362.00,336.10,355.00,355.00,370.00,,355.00,,,2700,925132.50,6,F1,150,,,,,
2026-09-21,2026-09-21,CM,NSE,STK,20603,INE02S501018,SHREEOSFM,SM,,,,,SHREE OSFM E-MOBILITY LTD,49.00,51.40,49.00,49.05,49.05,52.40,,49.05,,,27000,1339100.00,24,F1,1000,,,,,
2026-09-21,2026-09-21,CM,NSE,STK,760188,INE19GK01015,SRTL,EQ,,,,,SHREE RAM TWISTEX LIMITED,37.70,38.70,35.75,38.36,38.19,38.02,,38.37,,,31356,1180344.92,434,F1,1,,,,,
2026-09-21,2026-09-21,CM,NSE,STK,7627,INE879A01019,SHREERAMA,EQ,,,,,SHREE RAMA MULTI TECH LTD,44.12,45.36,42.22,43.24,42.71,44.53,,43.24,,,77571,3369694.29,852,F1,1,,,,,
2026-09-21,2026-09-21,CM,NSE,STK,13565,INE278B01020,RAMANEWS,EQ,,,,,SHREE RAMA NEWSPRINT LTD,31.18,32.75,31.00,32.14,32.39,31.33,,32.11,,,17745,568664.46,171,F1,1,,,,,
2026-09-21,2026-09-21,CM,NSE,STK,12026,INE087H01022,RENUKA,EQ,,,,,SHREE RENUKA SUGARS LTD,23.00,23.15,22.51,22.98,22.97,23.06,,22.98,,,9697832,221786000.82,14341,F1,1,,,,,
2026-09-21,2026-09-21,CM,NSE,STK,21868,INE238Y01018,TIRUPATI,SM,,,,,SHREE TIRUPATI BALAJEE,293.00,293.00,293.00,293.00,293.00,308.00,,293.00,,,250,73250.00,2,F1,125,,,,,
2026-09-21,2026-09-21,CM,NSE,STK,25203,INE0S2G01011,BALAJEE,EQ,,,,,SHREE TIRUPATI BALAJEE L,25.00,25.39,24.29,25.14,25.39,25.31,,25.10,,,20323,506031.20,227,F1,1,,,,,
2026-09-21,2026-09-21,CM,NSE,STK,15121,INE00CE01017,SVLL,EQ,,,,,SHREE VASU LOGISTICS LTD,814.00,816.05,814.00,816.00,816.00,815.85,,816.00,,,489,399005.85,14,F1,1,,,,,
2026-09-21,2026-09-21,CM,NSE,STK,762159,INE0K3301012,SHREEDHAR,ST,,,,,SHREEDHAR SPINNERS LTD,169.05,169.05,169.05,169.05,169.05,161.00,,169.05,,,18000,3042900.00,8,F1,2000,,,,,
2026-09-21,2026-09-21,CM,NSE,STK,759802,INE1FL101016,SHETHJI,SM,,,,,SHREEJI GLOBAL FMCG LTD,191.00,191.00,185.10,185.40,187.00,190.85,,185.40,,,25000,4692100.00,22,F1,1000,,,,,
2026-09-21,2026-09-21,CM,NSE,STK,759448,INE1B6101010,SHREEJISPG,EQ,,,,,SHREEJI SHIPPING GLOBAL L,710.90,717.90,707.55,709.50,717.90,708.05,,709.51,,,1291118,916744062.70,7894,F1,1,,,,,
2026-09-21,2026-09-21,CM,NSE,STK,14305,INE00IK01029,OSWALSEEDS,EQ,,,,,SHREEOSWAL S AND CHE LTD,14.10,14.10,13.25,13.58,13.42,13.72,,13.58,,,105897,1456418.77,447,F1,1,,,,,
2026-09-21,2026-09-21,CM,NSE,STK,5718,INE0GTI23014,SHREMINVIT,IV,,,,,SHREM INVIT,103.00,103.00,101.00,101.00,101.00,100.50,,101.00,,,50000,5100000.00,2,F1,25000,,,,,
2026-09-21,2026-09-21,CM,NSE,STK,760252,INE632X01030,SHRENIK,BZ,,,,,SHRENIK LIMITED,0.29,0.30,0.29,0.29,0.29,0.29,,0.29,,,196897,57621.58,126,F1,1,,,,,
2026-09-21,2026-09-21,CM,NSE,STK,3126,INE231C01019,SHREYANIND,EQ,,,,,SHREYANS INDUSTRIES LTD,131.20,134.80,131.20,132.29,132.00,131.13,,132.29,,,3414,454293.86,86,F1,1,,,,,
2026-09-21,2026-09-21,CM,NSE,STK,756406,INE0DM401012,SHRIAHIMSA,SM,,,,,SHRI AHIMSA NATURALS LTD,469.00,499.00,469.00,474.50,474.00,468.75,,474.50,,,24000,11503530.00,34,F1,600,,,,,
2026-09-21,2026-09-21,CM,NSE,STK,762899,INE402H01015,SHBAJRG,EQ,,,,,SHRI BAJRANG ALLIANCE L,152.03,156.98,152.03,152.27,152.25,155.00,,154.44,,,33,5022.42,5,F1,1,,,,,
2026-09-21,2026-09-21,CM,NSE,STK,758568,INE0NON01025,SHKSIL,SM,,,,,SHRI HARE-KRI SPO IRON L,35.50,35.50,35.50,35.50,35.50,34.00,,35.50,,,2000,71000.00,1,F1,2000,,,,,
2026-09-21,2026-09-21,CM,NSE,STK,764910,INE564J01026,SHRJAGP,EQ,,,,,SHRI JAGDAMBA POLYMERS L,622.05,639.00,622.05,639.00,639.00,637.65,,620.60,,,251,157924.70,27,F1,1,,,,,
2026-09-21,2026-09-21,CM,NSE,STK,762909,INE997I01012,SHRIKRISH,EQ,,,,,SHRI KRISHNA DEVCON LTD.,37.65,37.65,37.00,37.26,37.54,36.98,,37.26,,,9,336.53,4,F1,1,,,,,
2026-09-21,2026-09-21,CM,NSE,STK,17684,INE0OMF01015,SHRITECH,SM,,,,,SHRI TECHTEX LIMITED,60.70,60.70,60.70,60.70,60.70,60.50,,60.70,,,12000,728400.00,4,F1,2000,,,,,
2026-09-21,2026-09-21,CM,NSE,STK,765210,INE574G01013,VASUPRADA,EQ,,,,,SHRI VASUPRADA PLANTATI L,98.00,98.00,98.00,98.00,98.00,102.00,,98.85,,,684,67032.00,5,F1,1,,,,,
2026-09-21,2026-09-21,CM,NSE,STK,759093,INE1B3L01017,SHRINGARMS,EQ,,,,,SHRINGAR HOU OF MANGALS L,210.67,212.85,207.12,207.90,207.17,210.67,,207.91,,,215276,45143921.99,2888,F1,1,,,,,
2026-09-21,2026-09-21,CM,NSE,STK,24374,INF680P01422,LIQUIDSHRI,EQ,,,,,SHRIRAM - LIQUIDSHRI,1122.28,1122.30,1122.28,1122.28,1122.28,1122.13,,1122.28,,,11584,13000506.04,15,F1,1,,,,,
2026-09-21,2026-09-21,CM,NSE,STK,4306,INE721A01047,SHRIRAMFIN,EQ,,,,,SHRIRAM FINANCE LIMITED,1019.00,1019.00,1005.30,1011.80,1011.80,1010.00,,1011.81,,,2189525,2217032381.70,56832,F1,1,,,,,
2026-09-21,2026-09-21,CM,NSE,STK,7200,INE217L01019,SHRIRAMPPS,EQ,,,,,SHRIRAM PROPERTIES LTD,71.22,71.93,70.25,71.76,71.66,71.22,,71.76,,,249267,17770518.40,2834,F1,1,,,,,
2026-09-21,2026-09-21,CM,NSE,STK,25240,INE0UL701015,SHUBHSHREE,SM,,,,,SHUBHSHREE BIOFUELS ENE L,340.00,342.00,334.95,340.00,340.00,350.00,,340.00,,,9900,3347640.00,31,F1,300,,,,,
2026-09-21,2026-09-21,CM,NSE,STK,764537,INE551C01044,SHUKRAPHAR,EQ,,,,,SHUKRA PHARMACEUTICALS L,56.00,56.49,55.00,55.33,55.41,55.93,,55.31,,,635277,35287061.70,3184,F1,1,,,,,
2026-09-21,2026-09-21,CM,NSE,STK,10192,INE979R01011,SHYAMCENT,BE,,,,,SHYAM CENTURY FERROUS LTD,5.00,5.10,4.95,5.09,5.10,5.06,,5.12,,,250026,1246934.35,107,F1,1,,,,,
2026-09-21,2026-09-21,CM,NSE,STK,761210,INE1CRP01016,SHYAMDHANI,SM,,,,,SHYAM DHANI INDUSTRIES L,54.45,54.50,53.50,53.50,53.50,52.50,,53.50,,,10000,541400.00,5,F1,2000,,,,,
2026-09-21,2026-09-21,CM,NSE,STK,4693,INE810G01011,SHYAMMETL,EQ,,,,,SHYAM METALICS AND ENGY L,1111.00,1114.50,1071.00,1097.50,1095.00,1100.00,,1097.15,,,2877181,3114821696.90,39650,F1,1,,,,,
2026-09-21,2026-09-21,CM,NSE,STK,13740,INE635A01023,SHYAMTEL,EQ,,,,,SHYAM TELECOM LIMITED,11.45,11.55,10.58,11.18,11.17,11.40,,11.18,,,6254,67684.24,30,F1,1,,,,,
2026-09-21,2026-09-21,CM,NSE,STK,16875,INE176J01011,SICAGEN,EQ,,,,,SICAGEN INDIA LIMITED,51.50,54.85,51.50,52.22,52.64,52.77,,52.17,,,18576,976030.26,324,F1,1,,,,,
2026-09-21,2026-09-21,CM,NSE,STK,19440,INE075B01020,SICALLOG,BE,,,,,SICAL LOGISTICS LIMITED,92.70,95.00,87.60,94.31,94.00,91.07,,94.32,,,136642,12423323.85,350,F1,1,,,,,
2026-09-21,2026-09-21,CM,NSE,STK,759053,INE0SVO01019,SIDDHICOTS,SM,,,,,SIDDHI COTSPIN LIMITED,26.00,27.00,24.85,27.00,27.00,27.20,,27.00,,,6000,157980.00,5,F1,1200,,,,,
2026-09-21,2026-09-21,CM,NSE,STK,3148,INE0A1E01018,SIDDHIKA,SM,,,,,SIDDHIKA COATINGS LIMITED,212.00,212.55,212.00,212.50,212.50,214.80,,212.50,,,2500,530775.00,5,F1,500,,,,,
2026-09-21,2026-09-21,CM,NSE,STK,756871,INE1NPP01017,ENRIN,EQ,,,,,SIEMENS ENERGY INDIA LTD,3229.00,3264.00,3184.00,3214.70,3211.00,3228.00,,3214.79,,,205501,661245883.40,28493,F1,1,,,,,
2026-09-21,2026-09-21,CM,NSE,STK,3150,INE003A01024,SIEMENS,EQ,,,,,SIEMENS LTD,3880.00,3919.00,3851.50,3887.00,3887.00,3913.90,,3886.99,,,196942,767388570.60,17900,F1,1,,,,,
2026-09-21,2026-09-21,CM,NSE,STK,6663,INE0D0K01022,SIGACHI,EQ,,,,,SIGACHI INDUSTRIES LTD,30.00,31.30,29.32,31.12,31.07,29.60,,31.12,,,9429401,286633820.82,26876,F1,1,,,,,
2026-09-21,2026-09-21,CM,NSE,STK,14797,INE933B01012,SIGMAADV,BE,,,,,SIGMA ADVANCED SYSTEM LTD,869.00,909.40,848.00,908.95,909.40,866.10,,908.92,,,443050,395893876.05,6329,F1,1,,,,,
2026-09-21,2026-09-21,CM,NSE,STK,16658,INE0A0S01028,SIGMA,EQ,,,,,SIGMA SOLVE LIMITED,47.04,47.90,45.88,46.76,46.82,47.03,,46.76,,,88827,4147043.68,1027,F1,1,,,,,
2026-09-21,2026-09-21,CM,NSE,STK,18743,INE903U01023,SIGNATURE,EQ,,,,,SIGNATUREGLOBAL INDIA LTD,760.00,785.00,752.40,761.90,762.00,756.95,,762.35,,,201080,152644234.05,4405,F1,1,,,,,
2026-09-21,2026-09-21,CM,NSE,STK,4517,INE529F01035,SIGIND,BE,,,,,SIGNET INDUSTRIES LIMITED,72.00,72.00,69.25,71.39,71.54,69.99,,71.36,,,17703,1259101.09,144,F1,1,,,,,
2026-09-21,2026-09-21,CM,NSE,STK,22656,INE0KGZ01021,SIGNPOST,EQ,,,,,SIGNPOST INDIA LIMITED,267.30,273.95,265.50,269.15,270.00,271.50,,269.15,,,29471,7954374.70,1495,F1,1,,,,,
2026-09-21,2026-09-21,CM,NSE,STK,762914,INE438E01032,SIKA,EQ,,,,,SIKA INTERPLANT SYSTEMS L,1027.05,1094.05,1025.00,1085.25,1094.00,1021.50,,1085.28,,,64616,69348303.70,4884,F1,1,,,,,
2026-09-21,2026-09-21,CM,NSE,STK,6226,INE112X01025,SIKKO,BE,,,,,SIKKO INDUSTRIES LIMITED,5.98,6.10,5.80,6.03,6.10,5.92,,6.03,,,802967,4811090.78,802,F1,1,,,,,
2026-09-21,2026-09-21,CM,NSE,STK,4105,INE923A01015,SILINV,EQ,,,,,SIL INVESTMENTS LIMITED,446.90,459.00,435.00,443.00,440.70,446.90,,443.00,,,524,232119.50,41,F1,1,,,,,
2026-09-21,2026-09-21,CM,NSE,STK,2492,INE01II01013,SILGO,EQ,,,,,SILGO RETAIL LIMITED,70.80,72.47,68.60,70.02,70.15,70.80,,70.02,,,74391,5231486.36,1266,F1,1,,,,,
2026-09-21,2026-09-21,CM,NSE,STK,23736,INE0STN01015,SILKFLEX,SM,,,,,SILKFLEX POLYMERS INDIA L,284.10,294.35,284.10,294.35,294.35,280.35,,294.35,,,24000,7043700.00,18,F1,1000,,,,,
2026-09-21,2026-09-21,CM,NSE,STK,757679,INE0SN801015,SILKY,SM,,,,,SILKY OVERSEAS LIMITED,68.85,71.35,66.90,71.35,71.35,65.35,,71.35,,,3200,219200.00,4,F1,800,,,,,
2026-09-21,2026-09-21,CM,NSE,STK,9422,INE625X01026,SILVERTUC,EQ,,,,,SILVER TOUCH TECHNO LTD,144.12,160.90,142.52,160.70,160.90,146.28,,160.69,,,1166674,179620520.05,14835,F1,1,,,,,
2026-09-21,2026-09-21,CM,NSE,STK,758836,INE748T01016,SIMBHALS,BZ,,,,,SIMBHAOLI SUGARS LTD.,6.73,6.73,6.54,6.54,6.54,6.67,,6.99,,,3401,22255.70,27,F1,1,,,,,
2026-09-21,2026-09-21,CM,NSE,STK,763378,INE1K4J01018,SIMCA,ST,,,,,SIMCA ADVERTISING LIMITED,270.00,275.00,265.00,268.65,275.00,269.50,,268.65,,,27600,7388970.00,18,F1,600,,,,,
2026-09-21,2026-09-21,CM,NSE,STK,3162,INE059B01024,SIMPLEXINF,EQ,,,,,SIMPLEX INFRASTRUCTURES L,249.00,258.50,249.00,250.70,250.00,251.40,,250.70,,,82236,20902818.65,1981,F1,1,,,,,
2026-09-21,2026-09-21,CM,NSE,STK,764915,INE167H01014,SIMPLXREA,EQ,,,,,SIMPLEX REALTY LTD.,130.00,130.00,120.15,120.17,120.15,124.20,,120.17,,,13,1650.70,6,F1,1,,,,,
2026-09-21,2026-09-21,CM,NSE,STK,23480,INE985A01022,SINCLAIR,EQ,,,,,SINCLAIRS HOTELS LIMITED,81.93,85.47,81.93,83.71,84.00,81.93,,83.71,,,45303,3818663.10,598,F1,1,,,,,
2026-09-21,2026-09-21,CM,NSE,STK,16859,INE325D01025,SINDHUTRAD,EQ,,,,,SINDHU TRADE LINKS LTD,24.76,24.76,23.90,23.99,24.00,24.72,,23.99,,,832166,20181594.34,1507,F1,1,,,,,
2026-09-21,2026-09-21,CM,NSE,STK,761420,INE638A01035,SINGERIND,EQ,,,,,SINGER INDIA LIMITED,76.98,77.59,75.52,75.98,75.55,76.28,,75.98,,,15555,1189530.29,337,F1,1,,,,,
2026-09-21,2026-09-21,CM,NSE,STK,381,INE129Z01016,SINTERCOM,EQ,,,,,SINTERCOM INDIA LIMITED,76.00,79.40,73.50,73.91,73.50,77.10,,73.91,,,2741,205130.30,68,F1,1,,,,,
2026-09-21,2026-09-21,CM,NSE,STK,11050,INE792Z01011,SIRCA,EQ,,,,,SIRCA PAINT INDIA LIMITED,406.20,409.95,402.50,404.55,403.65,406.25,,404.55,,,83629,33818496.40,2203,F1,1,,,,,
2026-09-21,2026-09-21,CM,NSE,STK,21501,INE285J01028,SIS,EQ,,,,,SIS LIMITED,428.25,436.55,418.20,420.55,420.00,428.25,,420.56,,,408293,174681654.05,10396,F1,1,,,,,
2026-09-21,2026-09-21,CM,NSE,STK,29210,INE965H01011,SITINET,BZ,,,,,SITI NETWORKS LIMITED,0.29,0.29,0.28,0.28,0.28,0.28,,0.28,,,486218,138985.04,200,F1,1,,,,,
2026-09-21,2026-09-21,CM,NSE,STK,14096,INE076B01028,SIYSIL,EQ,,,,,SIYARAM SILK MILLS LTD,527.45,536.80,524.05,530.00,530.00,527.40,,530.00,,,18552,9845207.05,2471,F1,1,,,,,
2026-09-21,2026-09-21,CM,NSE,STK,6643,INE284S01014,SJS,EQ,,,,,SJS ENTERPRISES LIMITED,2422.80,2422.80,2305.70,2329.60,2335.00,2422.80,,2329.64,,,203624,476283242.60,23530,F1,1,,,,,
2026-09-21,2026-09-21,CM,NSE,STK,18883,INE002L01015,SJVN,EQ,,,,,SJVN LTD,64.00,64.75,63.20,63.35,63.34,63.95,,63.35,,,2552770,162888261.08,21960,F1,1,,,,,
2026-09-21,2026-09-21,CM,NSE,STK,760101,INE2J8701016,SKFINDUS,EQ,,,,,SKF IND (INDUSTRIAL) LTD,2969.10,3005.00,2861.20,2880.00,2874.00,2984.20,,2880.05,,,39736,115733030.10,7866,F1,1,,,,,
2026-09-21,2026-09-21,CM,NSE,STK,3186,INE640A01023,SKFINDIA,EQ,,,,,SKF INDIA LTD,1525.00,1544.80,1518.40,1532.50,1532.00,1552.60,,1532.54,,,55845,85506960.10,7298,F1,1,,,,,
2026-09-21,2026-09-21,CM,NSE,STK,24107,INE429F01012,SKIL,BZ,,,,,SKIL INFRASTRUCTURE LTD.,0.90,0.94,0.90,0.93,0.94,0.90,,0.92,,,146102,135828.43,68,F1,1,,,,,
2026-09-21,2026-09-21,CM,NSE,STK,9428,INE439E01022,SKIPPER,EQ,,,,,SKIPPER LIMITED,563.00,569.00,556.60,560.35,560.10,566.20,,560.37,,,387867,217962864.70,15240,F1,1,,,,,
2026-09-21,2026-09-21,CM,NSE,STK,4732,INE411D01023,SKMEGGPROD,EQ,,,,,SKM EGG PROD EXPORT(I) LT,230.80,231.80,228.00,229.05,228.40,229.75,,229.06,,,72043,16543515.05,2249,F1,1,,,,,
2026-09-21,2026-09-21,CM,NSE,STK,10325,INE0KZA01016,SKP,SM,,,,,SKP BEARING INDUSTRI. LTD,160.95,164.00,160.05,163.00,163.00,160.95,,163.00,,,20500,3341900.00,32,F1,500,,,,,
2026-09-21,2026-09-21,CM,NSE,STK,13631,INE01IU01018,SKYGOLD,EQ,,,,,SKY GOLD AND DIAMONDS LTD,785.00,799.90,765.05,794.75,792.00,783.70,,794.47,,,685236,537533857.75,28469,F1,1,,,,,
2026-09-21,2026-09-21,CM,NSE,STK,765333,INE0VFE01017,SKYTECH,SM,,,,,SKYTECH INFINITE PLATFM L,26.45,26.45,26.45,26.45,26.45,25.20,,26.45,,,14400,380880.00,6,F1,1600,,,,,
2026-09-21,2026-09-21,CM,NSE,STK,765480,INE0PX301025,SKYWAYS,EQ,,,,,SKYWAYS AIR SERVICES LTD,126.00,137.38,123.40,126.03,126.67,124.43,,126.03,,,29247327,3834583190.34,164237,F1,1,,,,,
2026-09-21,2026-09-21,CM,NSE,STK,23692,INE0SMA01017,SLONE,ST,,,,,SLONE INFOSYSTEMS LIMITED,160.65,168.00,160.60,166.60,162.05,169.65,,166.60,,,3200,526500.00,8,F1,400,,,,,
2026-09-21,2026-09-21,CM,NSE,STK,757619,INE14GK01016,SMARTEN,SM,,,,,SMARTEN POWER SYSTEMS LTD,56.70,56.70,56.70,56.70,56.70,54.00,,56.70,,,15600,884520.00,11,F1,1200,,,,,
2026-09-21,2026-09-21,CM,NSE,STK,9893,INE178C01020,SMARTLINK,BE,,,,,SMARTLINK HOLDINGS LTD,220.00,220.00,213.00,213.57,213.57,220.45,,213.74,,,2479,534353.51,39,F1,1,,,,,
2026-09-21,2026-09-21,CM,NSE,STK,757965,INE0NAZ01010,SMARTWORKS,EQ,,,,,SMARTWORKS COWORKING SP L,551.00,555.50,535.90,540.25,537.80,547.35,,540.28,,,146404,78969662.60,3881,F1,1,,,,,
2026-09-21,2026-09-21,CM,NSE,STK,2320,INE103C01036,SMCGLOBAL,EQ,,,,,SMC GLOBAL SECURITIES LTD,81.57,82.36,80.51,81.53,81.49,80.94,,81.53,,,355859,28990239.01,3077,F1,1,,,,,
2026-09-21,2026-09-21,CM,NSE,STK,3387,INE294B01019,SMLMAH,EQ,,,,,SML MAHINDRA LIMITED,6315.00,6600.00,6260.00,6464.00,6464.50,6292.50,,6464.36,,,58379,375533460.00,10130,F1,1,,,,,
2026-09-21,2026-09-21,CM,NSE,STK,14329,INE812G01025,SMSPHARMA,EQ,,,,,SMS PHARMACEUTICALS LTD.,445.00,474.40,445.00,466.50,467.85,442.95,,466.50,,,2234101,1033672946.90,52443,F1,1,,,,,
2026-09-21,2026-09-21,CM,NSE,STK,758946,INE1OIC01018,SNEHAA,SM,,,,,SNEHAA ORGANICS LIMITED,41.00,44.20,41.00,44.20,44.20,44.50,,44.20,,,9000,377100.00,5,F1,1000,,,,,
2026-09-21,2026-09-21,CM,NSE,STK,4843,INE734N01019,SNOWMAN,EQ,,,,,SNOWMAN LOGISTICS LTD.,35.00,35.77,35.00,35.21,35.15,35.25,,35.21,,,61455,2167196.54,826,F1,1,,,,,
2026-09-21,2026-09-21,CM,NSE,STK,13826,INE671H01015,SOBHA,EQ,,,,,SOBHA LIMITED,1206.10,1228.80,1205.00,1214.00,1216.40,1215.20,,1213.64,,,49708,60558399.30,7518,F1,1,,,,,
2026-09-21,2026-09-21,CM,NSE,STK,8266,INE728Z01015,SOFTTECH,EQ,,,,,SOFTTECH ENGINEERS LTD,543.00,545.00,510.00,521.00,521.00,525.70,,521.00,,,13205,6953951.90,369,F1,1,,,,,
2026-09-21,2026-09-21,CM,NSE,STK,13332,INE343H01029,SOLARINDS,EQ,,,,,SOLAR INDUSTRIES (I) LTD,18790.00,19370.00,18730.00,19265.00,19265.00,18555.00,,19263.53,,,215492,4125200980.00,42082,F1,1,,,,,
2026-09-21,2026-09-21,CM,NSE,STK,3672,INE624Z01016,SOLARA,EQ,,,,,SOLARA ACTIVE PHA SCI LTD,740.00,765.00,735.00,753.25,753.00,742.05,,753.32,,,535832,403747159.05,20613,F1,1,,,,,
2026-09-21,2026-09-21,CM,NSE,STK,759929,INE0TY101024,SOLARWORLD,EQ,,,,,SOLARWORLD ENERGY SOL LTD,134.46,144.90,133.46,140.82,140.00,133.56,,140.82,,,697795,98606468.21,10895,F1,1,,,,,
2026-09-21,2026-09-21,CM,NSE,STK,759397,INE880Y01017,SOLEX,EQ,,,,,SOLEX ENERGY LIMITED,699.00,707.00,687.20,692.05,695.00,695.10,,692.09,,,30301,21109402.05,2760,F1,1,,,,,
2026-09-21,2026-09-21,CM,NSE,STK,1338,INE480C01038,SDBL,EQ,,,,,SOM DIST & BREW LTD,68.10,68.69,67.15,68.11,68.20,68.06,,68.11,,,202446,13738162.70,2927,F1,1,,,,,
2026-09-21,2026-09-21,CM,NSE,STK,4201,INE314C01013,SOMATEX,EQ,,,,,SOMA TEXTILES & INDUST LT,80.55,82.45,80.00,80.11,80.00,80.95,,80.13,,,4898,394193.09,124,F1,1,,,,,
2026-09-21,2026-09-21,CM,NSE,STK,3880,INE355A01028,SOMANYCERA,EQ,,,,,SOMANY CERAMICS LIMITED,572.60,602.00,572.60,589.45,590.00,572.60,,589.51,,,391433,231718051.55,17656,F1,1,,,,,
2026-09-21,2026-09-21,CM,NSE,STK,17794,INE323J01019,SOMICONVEY,EQ,,,,,SOMI CONVEYOR BELT. LTD.,94.38,95.00,91.21,92.46,92.99,94.25,,92.46,,,8785,819248.14,243,F1,1,,,,,
2026-09-21,2026-09-21,CM,NSE,STK,4684,INE073K01018,SONACOMS,EQ,,,,,SONA BLW PRECISION FRGS L,810.00,817.20,793.20,795.25,795.25,808.00,,795.27,,,2121116,1709627197.95,55079,F1,1,,,,,
2026-09-21,2026-09-21,CM,NSE,STK,23052,INE0Q6H01012,SONAMAC,SM,,,,,SONA MACHINERY LIMITED,31.25,32.45,29.80,32.45,32.45,31.25,,32.45,,,9000,279450.00,8,F1,1000,,,,,
2026-09-21,2026-09-21,CM,NSE,STK,762919,INE321M01017,SONAL,EQ,,,,,SONAL MERCANTILE LTD.,84.01,84.01,84.01,84.01,84.01,84.07,,84.01,,,1,84.01,1,F1,1,,,,,
2026-09-21,2026-09-21,CM,NSE,STK,8817,INE00LM01029,SONAMLTD,BE,,,,,SONAM LIMITED,71.20,71.20,67.25,68.43,70.50,70.27,,68.43,,,126765,8697940.87,285,F1,1,,,,,
2026-09-21,2026-09-21,CM,NSE,STK,6596,INE269A01021,SONATSOFTW,EQ,,,,,SONATA SOFTWARE LTD,274.00,279.05,272.40,278.80,278.10,274.00,,278.81,,,544521,150401978.80,9702,F1,1,,,,,
2026-09-21,2026-09-21,CM,NSE,STK,9463,INE0JZA01018,SONUINFRA,ST,,,,,SONU INFRATECH LIMITED,49.00,49.00,45.10,45.10,45.10,47.10,,45.10,,,27000,1306350.00,3,F1,1500,,,,,
2026-09-21,2026-09-21,CM,NSE,STK,9678,INE980Y01015,SOUTHWEST,EQ,,,,,SOUTH WEST PINNACLE LTD,197.68,197.68,187.00,189.49,189.90,196.11,,189.50,,,259791,49529800.99,5439,F1,1,,,,,
2026-09-21,2026-09-21,CM,NSE,STK,19372,INE970N01027,SPCENET,EQ,,,,,SPACENET ENTERS IND LTD,3.24,3.24,3.15,3.17,3.18,3.13,,3.17,,,572688,1834245.28,502,F1,1,,,,,
2026-09-21,2026-09-21,CM,NSE,STK,11435,INE572J01011,SPANDANA,EQ,,,,,SPANDANA SPHOORTY FIN LTD,229.25,231.99,226.10,228.63,226.30,229.25,,228.63,,,92860,21315465.77,2558,F1,1,,,,,
2026-09-21,2026-09-21,CM,NSE,STK,760135,INE1CW901027,SPEB,SM,,,,,SPEB ADHESIVES LIMITED,91.00,91.00,90.00,91.00,91.00,87.00,,91.00,,,6000,544000.00,3,F1,2000,,,,,
2026-09-21,2026-09-21,CM,NSE,STK,27111,INE247M01014,SPECIALITY,BE,,,,,SPECIALITY REST LTD,142.00,147.25,142.00,144.00,144.00,144.89,,144.00,,,24061,3491979.50,168,F1,1,,,,,
2026-09-21,2026-09-21,CM,NSE,STK,30457,INE01EO01010,SPECTRUM,BE,,,,,SPECTRUM ELECTRIC IND LTD,3065.00,3191.50,3065.00,3191.50,3191.50,3039.60,,3200.32,,,8355,26584184.40,335,F1,1,,,,,
2026-09-21,2026-09-21,CM,NSE,STK,16876,INE0OL001018,SPECTSTM,SM,,,,,SPECTRUM TALENT MGMT LTD,60.00,60.00,56.55,56.55,56.55,60.00,,56.55,,,3200,189240.00,4,F1,800,,,,,
2026-09-21,2026-09-21,CM,NSE,STK,764923,INE252A01019,SPELS,BE,,,,,SPEL SEMICONDUCTOR LTD,131.46,131.46,131.46,131.46,131.46,138.37,,131.51,,,23177,3046848.42,688,F1,1,,,,,
2026-09-21,2026-09-21,CM,NSE,STK,8163,INE020801028,SPENCERS,EQ,,,,,SPENCER S RETAIL LIMITED,28.38,28.68,27.85,28.03,28.05,28.38,,28.06,,,29292,822802.71,310,F1,1,,,,,
2026-09-21,2026-09-21,CM,NSE,STK,3252,INE147A01011,SPIC,EQ,,,,,SPIC LTD,67.15,67.79,66.31,66.74,66.80,68.70,,66.74,,,415696,27924985.70,3307,F1,1,,,,,
2026-09-21,2026-09-21,CM,NSE,STK,11935,INE978G01016,SPLIL,EQ,,,,,SPL INDUSTRIES LIMITED,30.80,30.80,30.17,30.26,30.31,30.30,,30.26,,,2098,63644.93,27,F1,1,,,,,
2026-09-21,2026-09-21,CM,NSE,STK,3321,INE937A01023,SPMLINFRA,EQ,,,,,SPML INFRA LIMITED,168.49,171.49,167.01,167.99,167.60,168.23,,167.99,,,61419,10337898.44,1529,F1,1,,,,,
2026-09-21,2026-09-21,CM,NSE,STK,10733,INE885H01029,SPORTKING,EQ,,,,,SPORTKING INDIA LIMITED,204.98,209.77,199.10,206.87,207.40,203.85,,206.87,,,380293,78062933.17,10814,F1,1,,,,,
2026-09-21,2026-09-21,CM,NSE,STK,25306,INE0QR801013,SPPPOLY,SM,,,,,SPP POLYMER LIMITED,12.20,12.20,12.20,12.20,12.20,12.80,,12.20,,,2000,24400.00,1,F1,2000,,,,,
2026-09-21,2026-09-21,CM,NSE,STK,17186,INE526E01018,SHRIPISTON,EQ,,,,,SPR AUTO TECHNOLOGIES LTD,4611.00,4622.90,4482.90,4508.70,4514.60,4576.60,,4508.73,,,64275,291610124.20,17380,F1,1,,,,,
2026-09-21,2026-09-21,CM,NSE,STK,757865,INE19QH01010,SPUNWEB,SM,,,,,SPUNWEB NONWOVEN LIMITED,100.00,102.90,100.00,102.90,102.90,99.00,,102.90,,,15600,1568280.00,7,F1,1200,,,,,
2026-09-21,2026-09-21,CM,NSE,STK,14582,INE917H01012,SRHHYPOLTD,EQ,,,,,SREE RAYALSEEMA HHP LTD.,525.00,627.70,519.80,627.70,627.70,523.10,,627.53,,,292484,173712758.85,9327,F1,1,,,,,
2026-09-21,2026-09-21,CM,NSE,STK,31841,INE099F01013,SREEL,BE,,,,,SREELEATHERS LIMITED,282.30,289.40,276.02,278.70,278.55,283.47,,278.74,,,9794,2742336.78,290,F1,1,,,,,
2026-09-21,2026-09-21,CM,NSE,STK,3273,INE647A01010,SRF,EQ,,,,,SRF LTD,2530.90,2563.00,2530.90,2540.00,2540.00,2512.00,,2540.03,,,103302,263685806.40,8722,F1,1,,,,,
2026-09-21,2026-09-21,CM,NSE,STK,18119,INE559N01010,SRGHFL,EQ,,,,,SRG HOUSING FINANCE L,128.80,134.80,126.00,132.50,132.10,128.15,,132.58,,,23224,3043180.25,457,F1,1,,,,,
2026-09-21,2026-09-21,CM,NSE,STK,7457,INE293B01029,HAVISHA,EQ,,,,,SRI HAVISHA HOSP & INFR L,1.33,1.35,1.31,1.34,1.34,1.33,,1.34,,,5848,7798.34,58,F1,1,,,,,
2026-09-21,2026-09-21,CM,NSE,STK,765168,INE009C01019,SRIKPRIND,BE,,,,,SRI KPR INDUSTRIES LTD.,29.18,29.18,27.25,28.54,28.64,27.98,,28.48,,,9916,278945.16,71,F1,1,,,,,
2026-09-21,2026-09-21,CM,NSE,STK,758147,INE0V9Q01010,LOTUSDEV,BE,,,,,SRI LOTUS DEVLPRS N RTY L,215.00,217.90,210.20,214.42,214.25,215.13,,214.09,,,613118,130839484.72,3425,F1,1,,,,,
2026-09-21,2026-09-21,CM,NSE,STK,761393,INE0TPJ01019,SPCON,SM,,,,,SRINIBAS PRADHAN CONST L,186.90,186.90,186.90,186.90,186.90,181.35,,186.90,,,1200,224280.00,1,F1,1200,,,,,
2026-09-21,2026-09-21,CM,NSE,STK,18059,INE0ON201012,SSFL,ST,,,,,SRIVARI SPICES N FOODS L,295.00,300.00,287.95,295.00,295.00,303.00,,295.00,,,9500,2768475.00,17,F1,500,,,,,
2026-09-21,2026-09-21,CM,NSE,STK,14416,INE0NPI01014,SRIVASAVI,ST,,,,,SRIVASAVI ADHESIVE TAPE L,74.00,74.00,73.95,74.00,74.00,73.05,,74.00,,,5000,369950.00,4,F1,1000,,,,,
2026-09-21,2026-09-21,CM,NSE,STK,23402,INE0R6Z01013,SRM,EQ,,,,,SRM CONTRACTORS LIMITED,424.40,425.20,418.30,421.00,419.00,423.85,,421.02,,,33287,14022319.75,1231,F1,1,,,,,
2026-09-21,2026-09-21,CM,NSE,STK,29205,INE0RYC01010,STALLION,BE,,,,,STALLION IND FLUOROCHEM L,231.51,231.51,230.51,231.50,231.51,220.49,,231.36,,,440410,101958542.27,1347,F1,1,,,,,
2026-09-21,2026-09-21,CM,NSE,STK,29075,INE0M4D01010,SETL,EQ,,,,,STANDARD ENGNG TCNLGY LTD,402.85,414.80,393.75,408.65,406.00,402.35,,408.69,,,842098,340849437.55,16075,F1,1,,,,,
2026-09-21,2026-09-21,CM,NSE,STK,11297,INE173A01025,SIL,EQ,,,,,STANDARD INDUSTRIES LTD.,16.48,16.58,15.64,15.70,15.77,16.13,,15.70,,,66522,1066246.06,479,F1,1,,,,,
2026-09-21,2026-09-21,CM,NSE,STK,24226,INE01A001028,STANLEY,EQ,,,,,STANLEY LIFESTYLES LTD,137.59,138.95,134.70,135.11,134.75,137.45,,135.12,,,100336,13608985.90,1601,F1,1,,,,,
2026-09-21,2026-09-21,CM,NSE,STK,21091,INE460H01021,STARCEMENT,EQ,,,,,STAR CEMENT LIMITED,194.50,196.42,192.76,193.50,193.00,194.25,,193.50,,,130269,25374533.47,3720,F1,1,,,,,
2026-09-21,2026-09-21,CM,NSE,STK,7083,INE575P01011,STARHEALTH,EQ,,,,,STAR HEALTH & AL INS CO L,543.90,549.10,540.65,542.90,543.50,547.05,,542.90,,,225057,122441947.75,16430,F1,1,,,,,
2026-09-21,2026-09-21,CM,NSE,STK,3291,INE733A01018,STARPAPER,EQ,,,,,STAR PAPER MILLS LTD,157.98,163.00,155.03,159.13,160.00,158.82,,159.13,,,5456,860792.49,166,F1,1,,,,,
2026-09-21,2026-09-21,CM,NSE,STK,9305,INE992I01013,STARTECK,EQ,,,,,STARTECK FINANCE LIMITED,238.05,258.95,230.00,251.85,240.00,240.00,,251.85,,,557,132593.70,31,F1,1,,,,,
2026-09-21,2026-09-21,CM,NSE,STK,3045,INE062A01020,SBIN,EQ,,,,,STATE BANK OF INDIA,993.60,997.50,989.10,996.00,996.00,996.20,,996.00,,,3590054,3567888810.20,89282,F1,1,,,,,
2026-09-21,2026-09-21,CM,NSE,STK,766065,INE0FRO01022,STEAMHOUSE,EQ,,,,,STEAMHOUSE INDIA LIMITED,98.60,107.48,97.51,105.05,107.25,97.98,,105.06,,,15807064,1613063216.83,79525,F1,1,,,,,
2026-09-21,2026-09-21,CM,NSE,STK,2963,INE114A01011,SAIL,EQ,,,,,STEEL AUTHORITY OF INDIA,178.00,179.80,175.10,177.30,177.30,177.33,,177.25,,,7044243,1246184031.33,35773,F1,1,,,,,
2026-09-21,2026-09-21,CM,NSE,STK,10406,INE395H01011,STEELCITY,EQ,,,,,STEEL CITY SECURITIES LTD,86.70,87.60,84.50,86.07,86.70,85.39,,86.07,,,9607,821628.64,162,F1,1,,,,,
2026-09-21,2026-09-21,CM,NSE,STK,21339,INE503B01021,STEELXIND,EQ,,,,,STEEL EXCHANGE INDIA LTD,11.54,11.71,11.19,11.22,11.24,11.74,,11.22,,,4542687,51679209.20,4057,F1,1,,,,,
2026-09-21,2026-09-21,CM,NSE,STK,765170,INE205F01016,STLSTRINF,EQ,,,,,STEEL STRIPS INFRA L,23.13,24.90,22.28,24.04,24.33,23.47,,24.04,,,10848,260537.55,154,F1,1,,,,,
2026-09-21,2026-09-21,CM,NSE,STK,11829,INE802C01033,SSWL,EQ,,,,,STEEL STRIPS WHEELS LTD.,375.00,375.00,360.00,361.75,363.00,372.40,,361.76,,,395944,144612990.90,15120,F1,1,,,,,
2026-09-21,2026-09-21,CM,NSE,STK,6803,INE124E01038,STEELCAS,EQ,,,,,STEELCAST LIMITED,320.80,324.00,314.80,317.45,318.00,319.90,,317.45,,,53864,17129666.70,2959,F1,1,,,,,
2026-09-21,2026-09-21,CM,NSE,STK,21484,INE577L01016,STEL,EQ,,,,,STEL HOLDINGS LIMITED,654.20,668.90,652.55,662.75,664.00,654.20,,662.78,,,14231,9387082.85,442,F1,1,,,,,
2026-09-21,2026-09-21,CM,NSE,STK,6188,INE334A01023,STERTOOLS,BE,,,,,STERLING TOOLS LIMITED,210.31,220.00,210.31,218.80,219.87,213.21,,218.91,,,20699,4502915.31,320,F1,1,,,,,
2026-09-21,2026-09-21,CM,NSE,STK,9313,INE089C01029,STLTECH,BE,,,,,STERLITE TECHNOLOGIES LTD,793.00,820.00,783.35,813.65,808.90,818.80,,813.37,,,1264712,1017043442.65,23936,F1,1,,,,,
2026-09-21,2026-09-21,CM,NSE,STK,13367,INE353H01010,SGL,EQ,,,,,STL GLOBAL LIMITED,9.24,9.98,9.24,9.43,9.31,9.35,,9.43,,,6094,58077.74,83,F1,1,,,,,
2026-09-21,2026-09-21,CM,NSE,STK,758958,INE1VXE01018,STLNETWORK,EQ,,,,,STL NETWORKS LIMITED,45.09,45.09,45.09,45.09,45.09,42.95,,45.09,,,1786378,80547784.02,1578,F1,1,,,,,
2026-09-21,2026-09-21,CM,NSE,STK,2107,INE00IN01015,STOVEKRAFT,EQ,,,,,STOVE KRAFT LIMITED,829.60,839.80,812.10,815.10,817.00,829.30,,815.13,,,54074,44431924.30,4804,F1,1,,,,,
2026-09-21,2026-09-21,CM,NSE,STK,761091,INE1XWN01017,STRIDERS,SM,,,,,STRIDERS IMPEX LIMITED,56.50,56.50,52.00,52.30,52.30,52.15,,52.30,,,35200,1928960.00,22,F1,1600,,,,,
2026-09-21,2026-09-21,CM,NSE,STK,7374,INE939A01011,STAR,EQ,,,,,STRIDES PHARMA SCI LTD,1230.00,1260.90,1217.40,1235.10,1227.10,1219.80,,1235.24,,,421704,523867851.70,25520,F1,1,,,,,
2026-09-21,2026-09-21,CM,NSE,STK,12489,INE00M201021,SWSOLAR,EQ,,,,,STRLNG & WIL REN ENE LTD,175.40,176.34,172.21,173.27,173.30,176.06,,173.27,,,972340,168881947.22,12349,F1,1,,,,,
2026-09-21,2026-09-21,CM,NSE,STK,759587,INE00Q601028,STUDDS,EQ,,,,,STUDDS ACCESSORIES LTD,409.00,457.50,407.00,430.50,425.55,407.10,,430.51,,,979709,432471737.05,32194,F1,1,,,,,
2026-09-21,2026-09-21,CM,NSE,STK,5186,INE239C01020,STYLAMIND,EQ,,,,,STYLAM INDUSTRIES LIMITED,3295.00,3295.00,3161.20,3195.50,3200.00,3295.50,,3195.39,,,54413,174996073.40,13222,F1,1,,,,,
2026-09-21,2026-09-21,CM,NSE,STK,19,INE189B01011,STYRENIX,EQ,,,,,STYRENIX PERFORMANCE LTD,2075.00,2135.00,2071.90,2096.10,2099.90,2067.90,,2096.07,,,29094,61321034.00,3454,F1,1,,,,,
2026-09-21,2026-09-21,CM,NSE,STK,760112,INE0RYR01018,SUBAHOTELS,SM,,,,,SUBA HOTELS LIMITED,90.70,91.00,89.10,89.45,89.10,92.00,,89.45,,,51600,4650720.00,37,F1,1200,,,,,
2026-09-21,2026-09-21,CM,NSE,STK,967,INE754A01055,SUBEXLTD,EQ,,,,,SUBEX LTD,20.20,20.45,19.52,19.61,19.58,20.11,,19.61,,,6353746,126319974.26,10638,F1,1,,,,,
2026-09-21,2026-09-21,CM,NSE,STK,3324,INE287B01021,SUBROS,EQ,,,,,SUBROS LIMITED,717.95,724.45,710.20,714.90,717.00,720.30,,714.78,,,21479,15414456.30,1711,F1,1,,,,,
2026-09-21,2026-09-21,CM,NSE,STK,3327,INE659A01023,SUDARSCHEM,EQ,,,,,SUDARSHAN CHEMICAL INDS L,1263.50,1274.90,1249.50,1257.90,1258.80,1263.50,,1257.77,,,126679,159772881.70,9758,F1,1,,,,,
2026-09-21,2026-09-21,CM,NSE,STK,715,INE492A01029,SUDARCOLOR,EQ,,,,,SUDARSHAN COLORNT IND LTD,379.45,411.00,373.00,402.00,404.00,379.60,,401.52,,,13352,5314672.60,711,F1,1,,,,,
2026-09-21,2026-09-21,CM,NSE,STK,760039,INE0QPI01025,SUDEEPPHRM,EQ,,,,,SUDEEP PHARMA LIMITED,1160.00,1165.00,1123.10,1144.00,1138.00,1155.00,,1144.01,,,99336,113416897.60,11206,F1,1,,,,,
2026-09-21,2026-09-21,CM,NSE,STK,11804,INE450E01029,SUKHJITS,EQ,,,,,SUKHJIT STARCH & CHEM LTD,163.89,168.40,162.01,163.31,162.01,161.95,,163.31,,,34664,5732022.67,1058,F1,1,,,,,
2026-09-21,2026-09-21,CM,NSE,STK,13218,INE142Q01026,SULA,EQ,,,,,SULA VINEYARDS LIMITED,132.60,135.59,132.60,134.46,134.60,134.49,,134.44,,,193406,26038230.40,3595,F1,1,,,,,
2026-09-21,2026-09-21,CM,NSE,STK,765507,INE11Z001019,SUMAX,SM,,,,,SUMAX ENGINEERING LIMITED,110.40,111.50,107.00,108.35,108.00,114.50,,108.35,,,114000,12447060.00,88,F1,1200,,,,,
2026-09-21,2026-09-21,CM,NSE,STK,765175,INE886B01012,SUMEDHA,EQ,,,,,SUMEDHA FISCAL SERVICES L,42.61,45.05,42.60,43.90,43.90,44.40,,43.98,,,232,10102.51,19,F1,1,,,,,
2026-09-21,2026-09-21,CM,NSE,STK,20790,INE235C01036,SUMEETINDS,EQ,,,,,SUMEET IND LIMITED,9.62,10.03,9.52,10.03,10.03,9.56,,10.03,,,2044872,20418728.96,1861,F1,1,,,,,
2026-09-21,2026-09-21,CM,NSE,STK,11140,INE748Z01013,SUMIT,EQ,,,,,SUMIT WOODS LIMITED,47.20,51.00,47.20,49.54,48.02,49.43,,49.54,,,29404,1419108.52,260,F1,1,,,,,
2026-09-21,2026-09-21,CM,NSE,STK,17105,INE258G01013,SUMICHEM,EQ,,,,,SUMITOMO CHEM INDIA LTD,459.80,464.50,450.60,454.55,451.15,460.85,,454.72,,,587566,269249571.45,25878,F1,1,,,,,
2026-09-21,2026-09-21,CM,NSE,STK,21275,INE519C01017,SUMMITSEC,EQ,,,,,SUMMIT SECURITIES LTD,1410.00,1410.00,1380.00,1388.50,1386.00,1412.00,,1388.50,,,2750,3833910.20,253,F1,1,,,,,
2026-09-21,2026-09-21,CM,NSE,STK,14788,INE232I01014,SPARC,EQ,,,,,SUN PHARMA ADV.RES.CO.LTD,193.92,198.33,193.00,196.10,197.08,193.92,,196.11,,,661924,129453926.32,11771,F1,1,,,,,
2026-09-21,2026-09-21,CM,NSE,STK,3351,INE044A01036,SUNPHARMA,EQ,,,,,SUN PHARMACEUTICAL IND L,1832.20,1891.50,1832.20,1868.90,1868.90,1837.30,,1868.90,,,2534364,4751472536.00,106581,F1,1,,,,,
2026-09-21,2026-09-21,CM,NSE,STK,13404,INE424H01027,SUNTV,EQ,,,,,SUN TV NETWORK LIMITED,451.70,460.75,447.20,457.55,457.00,451.70,,457.54,,,346139,157368377.95,13216,F1,1,,,,,
2026-09-21,2026-09-21,CM,NSE,STK,20956,INE0Q3R01026,SUNCLAY,EQ,,,,,SUNDARAM CLAYTON LIMITED,1254.80,1274.70,1250.00,1251.80,1251.10,1254.60,,1251.87,,,1759,2206790.80,231,F1,1,,,,,
2026-09-21,2026-09-21,CM,NSE,STK,3339,INE660A01013,SUNDARMFIN,EQ,,,,,SUNDARAM FINANCE LTD,4751.30,4751.30,4636.40,4679.50,4684.00,4730.60,,4679.36,,,18298,85567890.80,5393,F1,1,,,,,
2026-09-21,2026-09-21,CM,NSE,STK,18931,INE108E01023,SUNDARAM,EQ,,,,,SUNDARAM MULTI PAP LTD,1.21,1.21,1.16,1.17,1.16,1.16,,1.17,,,408031,481888.68,405,F1,1,,,,,
2026-09-21,2026-09-21,CM,NSE,STK,9848,INE073D01013,SUNDRMBRAK,BE,,,,,SUNDARAMBRAKE LININGS LTD,696.10,699.55,696.10,699.00,699.00,696.10,,704.00,,,5,3486.85,3,F1,1,,,,,
2026-09-21,2026-09-21,CM,NSE,STK,3345,INE387A01021,SUNDRMFAST,EQ,,,,,SUNDRAM FASTENERS LTD,1228.20,1236.30,1201.00,1207.40,1208.80,1228.20,,1207.40,,,88454,107387133.10,10941,F1,1,,,,,
2026-09-21,2026-09-21,CM,NSE,STK,761202,INE0CTB01014,SOCL,SM,,,,,SUNDREX OIL COMPANY LTD,28.70,28.70,28.70,28.70,28.70,28.50,,28.70,,,8000,229600.00,5,F1,1600,,,,,
2026-09-21,2026-09-21,CM,NSE,STK,1663,INE209A01019,SUNDROP,EQ,,,,,SUNDROP BRANDS LIMITED,653.00,714.40,653.00,707.95,711.05,663.40,,707.94,,,220799,153749026.20,5243,F1,1,,,,,
2026-09-21,2026-09-21,CM,NSE,STK,3348,INE947A01014,SUNFLAG,EQ,,,,,SUNFLAG IRON AND STEEL CO,348.90,357.60,345.40,352.85,353.90,345.10,,352.86,,,201915,71371359.05,5948,F1,1,,,,,
2026-09-21,2026-09-21,CM,NSE,STK,18264,INE0O3O01017,SEL,SM,,,,,SUNGARNER ENERGIES LTD,359.00,359.00,359.00,359.00,359.00,354.30,,359.00,,,200,71800.00,1,F1,200,,,,,
2026-09-21,2026-09-21,CM,NSE,STK,765180,INE671C01016,SUNLOC,EQ,,,,,SUNIL HEALTHCARE LTD.,72.10,73.00,72.00,73.00,73.00,73.49,,73.00,,,176,12735.00,7,F1,1,,,,,
2026-09-21,2026-09-21,CM,NSE,STK,24868,INE0U2N01013,SUNLITE,SM,,,,,SUNLITE RECYCLING IND LTD,663.95,677.95,650.00,657.50,655.00,644.90,,657.50,,,26400,17464500.00,81,F1,300,,,,,
2026-09-21,2026-09-21,CM,NSE,STK,764925,INE671K01027,SUNRAKSHAK,EQ,,,,,SUNRAKSHAKK INDUS IND L,366.00,369.80,364.00,365.00,365.00,368.50,,365.21,,,5230,1912295.30,214,F1,1,,,,,
2026-09-21,2026-09-21,CM,NSE,STK,20213,INE0PLZ01012,SUNREST,SM,,,,,SUNREST LIFESCIENCE LTD,37.85,37.85,36.50,36.75,36.75,37.35,,36.75,,,4800,177760.00,3,F1,1600,,,,,
2026-09-21,2026-09-21,CM,NSE,STK,764930,INE199E01014,SUNSHIEL,EQ,,,,,SUNSHIELD CHEMICALS LTD.,1236.00,1236.00,1200.00,1208.40,1200.00,1233.30,,1207.90,,,1192,1455705.40,142,F1,1,,,,,
2026-09-21,2026-09-21,CM,NSE,STK,765387,INE1B3O01011,SUNSHINE,EQ,,,,,SUNSHINE PICTURES LIMITED,401.90,432.00,385.25,430.10,429.50,398.30,,430.09,,,3745440,1524899873.85,31485,F1,1,,,,,
2026-09-21,2026-09-21,CM,NSE,STK,757763,INE0SGZ01016,SUNTECH,SM,,,,,SUNTECH INFRA SOLUTIONS L,38.60,38.60,38.60,38.60,38.60,36.80,,38.60,,,6400,247040.00,4,F1,1600,,,,,
2026-09-21,2026-09-21,CM,NSE,STK,17641,INE805D01034,SUNTECK,EQ,,,,,SUNTECK REALTY LIMITED,294.05,294.95,286.20,290.00,290.30,294.05,,290.00,,,96896,28060842.95,3722,F1,1,,,,,
2026-09-21,2026-09-21,CM,NSE,STK,8931,INE662A01027,SUPERSPIN,BE,,,,,SUPER SPINNING MILLS LTD,6.92,7.42,6.92,7.07,7.07,7.26,,6.97,,,15603,109099.89,38,F1,1,,,,,
2026-09-21,2026-09-21,CM,NSE,STK,764938,INE460D01038,SUPTANERY,BE,,,,,SUPER TANNERY LTD.,9.35,9.67,9.21,9.67,9.67,9.21,,9.83,,,232904,2217864.65,466,F1,1,,,,,
2026-09-21,2026-09-21,CM,NSE,STK,20616,INE712B01010,SUPERHOUSE,EQ,,,,,SUPERHOUSE LIMITED,165.10,170.45,164.55,169.49,170.00,165.10,,169.49,,,5695,953681.38,155,F1,1,,,,,
2026-09-21,2026-09-21,CM,NSE,STK,3147,INE843L01012,SIEL,EQ,,,,,SUPERIOR INDUSTRIAL ENT L,30.00,30.00,29.00,29.03,29.03,30.00,,30.31,,,20,587.30,6,F1,1,,,,,
2026-09-21,2026-09-21,CM,NSE,STK,11689,INE399C01030,SUPRAJIT,EQ,,,,,SUPRAJIT ENGINEERING LTD,501.50,502.00,479.65,480.85,482.90,499.05,,480.87,,,119711,58109861.45,6266,F1,1,,,,,
2026-09-21,2026-09-21,CM,NSE,STK,758997,INE319Z01021,SUPREMEENG,BZ,,,,,SUPREME ENGINEERING LTD,3.65,3.65,3.65,3.65,3.65,3.58,,3.65,,,1047871,3824729.15,124,F1,1,,,,,
2026-09-21,2026-09-21,CM,NSE,STK,28069,INE0U6N01014,SFML,SM,,,,,SUPREME FACILITY MGMT LTD,20.55,20.70,20.55,20.70,20.70,20.60,,20.70,,,4800,98960.00,3,F1,1600,,,,,
2026-09-21,2026-09-21,CM,NSE,STK,29439,INE822E01011,SUPREME,EQ,,,,,SUPREME HOLDIN N HOSP I L,32.64,32.64,31.51,31.96,32.45,32.00,,31.96,,,9585,308580.46,193,F1,1,,,,,
2026-09-21,2026-09-21,CM,NSE,STK,3363,INE195A01028,SUPREMEIND,EQ,,,,,SUPREME INDUSTRIES LTD,3500.00,3563.30,3488.80,3500.00,3500.00,3580.30,,3500.10,,,134302,473505704.20,15034,F1,1,,,,,
2026-09-21,2026-09-21,CM,NSE,STK,15002,INE550H01011,SUPREMEINF,EQ,,,,,SUPREME INFRA. LTD.,80.21,85.77,80.00,80.95,82.00,79.88,,80.93,,,76681,6338367.56,1082,F1,1,,,,,
2026-09-21,2026-09-21,CM,NSE,STK,9617,INE663A01033,SPLPETRO,EQ,,,,,SUPREME PETROCHEM LIMITED,871.35,878.80,851.10,865.60,865.90,865.70,,865.56,,,259805,225068167.05,19644,F1,1,,,,,
2026-09-21,2026-09-21,CM,NSE,STK,21067,INE0QHG01026,SUPREMEPWR,SM,,,,,SUPREME POWER EQUIPMENT L,212.40,212.40,207.45,210.50,211.00,207.35,,210.50,,,30500,6409675.00,60,F1,500,,,,,
2026-09-21,2026-09-21,CM,NSE,STK,7390,INE07RO01027,SUPRIYA,EQ,,,,,SUPRIYA LIFESCIENCE LTD,912.00,965.25,903.65,957.70,962.00,906.30,,957.71,,,538805,505317573.60,28072,F1,1,,,,,
2026-09-21,2026-09-21,CM,NSE,STK,20822,INE843S01025,SURAJEST,EQ,,,,,SURAJ ESTATE DEVELOPERS L,193.79,222.96,193.00,216.41,216.00,192.25,,216.43,,,2686641,583529688.97,38993,F1,1,,,,,
2026-09-21,2026-09-21,CM,NSE,STK,24966,INE713C01016,SURAJLTD,EQ,,,,,SURAJ LIMITED,200.79,200.79,195.02,198.00,198.00,200.79,,198.00,,,81,16039.66,10,F1,1,,,,,
2026-09-21,2026-09-21,CM,NSE,STK,27334,INE877V01027,SURAKSHA,EQ,,,,,SURAKSHA DIAGNOSTIC LTD,335.10,360.00,335.10,349.10,349.00,335.10,,349.21,,,289082,101611864.25,11072,F1,1,,,,,
2026-09-21,2026-09-21,CM,NSE,STK,21077,INE272L01022,SURANASOL,EQ,,,,,SURANA SOLAR LIMITED,25.61,26.31,25.36,26.03,25.90,25.50,,26.03,,,45295,1177305.00,663,F1,1,,,,,
2026-09-21,2026-09-21,CM,NSE,STK,10700,INE130B01031,SURANAT&P,EQ,,,,,SURANA TELECOM AND POW LT,16.11,16.45,16.05,16.10,16.25,16.39,,16.10,,,20949,339703.86,407,F1,1,,,,,
2026-09-21,2026-09-21,CM,NSE,STK,8513,INE01ZJ01015,SURANI,SM,,,,,SURANI STEEL TUBES LTD.,97.00,100.00,97.00,100.00,100.00,96.00,,100.00,,,3000,299400.00,2,F1,200,,,,,
2026-09-21,2026-09-21,CM,NSE,STK,14139,INE05ST01028,SBGLP,EQ,,,,,SURATWWALA BUS GROUP LTD,22.50,25.50,22.02,23.22,23.16,22.23,,23.23,,,609815,14627163.25,3449,F1,1,,,,,
2026-09-21,2026-09-21,CM,NSE,STK,3375,INE335A01020,SURYAROSNI,EQ,,,,,SURYA ROSHNI LTD,211.00,212.23,210.00,211.18,212.04,210.62,,211.18,,,273968,57814474.71,6137,F1,1,,,,,
2026-09-21,2026-09-21,CM,NSE,STK,11852,INE713B01026,SURYALAXMI,EQ,,,,,SURYALAKSHMI COT MIL LTD,57.76,58.47,56.00,57.74,57.75,57.76,,57.74,,,2980,169804.77,49,F1,1,,,,,
2026-09-21,2026-09-21,CM,NSE,STK,762924,INE132C01027,SURYALA,EQ,,,,,SURYALATA SPINNING MILL L,390.00,390.00,381.00,382.00,382.00,395.00,,382.00,,,2010,770880.75,60,F1,1,,,,,
2026-09-21,2026-09-21,CM,NSE,STK,2970,INE428Q01011,SURYODAY,EQ,,,,,SURYODAY SMALL FIN BK LTD,146.63,147.84,145.01,146.94,147.70,146.63,,146.94,,,178777,26086554.90,2182,F1,1,,,,,
2026-09-21,2026-09-21,CM,NSE,STK,13804,INE645H01027,SUTLEJTEX,BE,,,,,SUTLEJ TEXT & INDUS LTD,38.86,39.16,38.00,38.34,38.40,38.12,,38.39,,,13352,514041.88,64,F1,1,,,,,
2026-09-21,2026-09-21,CM,NSE,STK,11233,INE495B01038,SUVEN,EQ,,,,,SUVEN LIFE SCIENCES LTD,338.00,342.75,331.75,337.90,337.60,341.55,,337.91,,,586343,197674974.30,17886,F1,1,,,,,
2026-09-21,2026-09-21,CM,NSE,STK,2998,INE018401013,SUVIDHAA,EQ,,,,,SUVIDHAA INFOSERVE LTD,2.25,2.26,2.16,2.22,2.26,2.22,,2.22,,,82191,183511.37,217,F1,1,,,,,
2026-09-21,2026-09-21,CM,NSE,STK,24851,INE442P01014,SUYOG,EQ,,,,,SUYOG TELEMATICS LIMITED,647.45,655.00,644.00,648.20,650.00,649.40,,648.20,,,11834,7678085.35,1011,F1,1,,,,,
2026-09-21,2026-09-21,CM,NSE,STK,12018,INE040H01021,SUZLON,EQ,,,,,SUZLON ENERGY LIMITED,43.14,43.63,43.11,43.34,43.34,43.14,,43.35,,,26003443,1128004125.99,57404,F1,1,,,,,
2026-09-21,2026-09-21,CM,NSE,STK,5020,INE308E01029,SVPGLOB,EQ,,,,,SVP GLOBAL TEXTILES LTD,3.52,3.52,3.32,3.35,3.38,3.49,,3.35,,,80543,269548.21,96,F1,1,,,,,
2026-09-21,2026-09-21,CM,NSE,STK,27095,INE665A01038,SWANCORP,EQ,,,,,SWAN CORP LIMITED,294.70,306.70,291.20,302.20,301.40,294.95,,302.21,,,1484157,446304557.85,26763,F1,1,,,,,
2026-09-21,2026-09-21,CM,NSE,STK,29164,INE542F01020,SWANDEF,BE,,,,,SWAN DEFENCE N HEVY IND L,2746.00,2750.00,2671.00,2713.40,2720.00,2746.40,,2712.50,,,9627,26138734.80,855,F1,1,,,,,
2026-09-21,2026-09-21,CM,NSE,STK,3384,INE277A01016,SWARAJENG,EQ,,,,,SWARAJ ENGINES LTD,3629.00,3629.00,3558.20,3572.40,3579.90,3625.10,,3572.28,,,4769,17100029.00,1332,F1,1,,,,,
2026-09-21,2026-09-21,CM,NSE,STK,764496,INE0GMR01016,SWARAJ,BE,,,,,SWARAJ SUITING LIMITED,260.10,286.70,260.10,286.70,286.70,273.05,,286.70,,,713054,190985444.35,1804,F1,1,,,,,
2026-09-21,2026-09-21,CM,NSE,STK,765185,INE967A01012,SWARNSAR,EQ,,,,,SWARNSARITA JEWELS IND L,40.00,40.00,36.31,37.07,37.93,38.96,,37.17,,,8227,311975.45,99,F1,1,,,,,
2026-09-21,2026-09-21,CM,NSE,STK,11497,INE0DGC01025,SWASTIK,ST,,,,,SWASTIK PIPE LIMITED,16.95,16.95,16.95,16.95,16.95,16.60,,16.95,,,1200,20340.00,1,F1,1200,,,,,
2026-09-21,2026-09-21,CM,NSE,STK,11909,INE409B01013,SWELECTES,EQ,,,,,SWELECT ENERGY SYS LTD,558.35,578.00,556.05,572.60,575.05,556.80,,572.27,,,6196,3509953.35,538,F1,1,,,,,
2026-09-21,2026-09-21,CM,NSE,STK,27066,INE00H001014,SWIGGY,EQ,,,,,SWIGGY LIMITED,276.40,281.85,271.15,272.70,272.70,273.05,,272.70,,,20354755,5599201979.70,92406,F1,1,,,,,
2026-09-21,2026-09-21,CM,NSE,STK,765193,INE010C01025,SWISSMLTRY,BE,,,,,SWISS MILITARY CON GOOD L,14.60,15.08,14.21,14.34,14.45,14.78,,14.34,,,112884,1642717.42,349,F1,1,,,,,
2026-09-21,2026-09-21,CM,NSE,STK,24267,INE01IH01015,SYLVANPLY,SM,,,,,SYLVAN PLYBOARD (INDIA) L,52.00,52.00,52.00,52.00,52.00,52.00,,52.00,,,2000,104000.00,1,F1,2000,,,,,
2026-09-21,2026-09-21,CM,NSE,STK,765485,INE899I01028,SYMBIOTEC,EQ,,,,,SYMBIOTEC PHARMALAB LTD,1104.70,1171.00,1104.70,1156.05,1168.00,1095.10,,1156.18,,,1302847,1494518987.20,69332,F1,1,,,,,
2026-09-21,2026-09-21,CM,NSE,STK,24190,INE225D01027,SYMPHONY,EQ,,,,,SYMPHONY LIMITED,595.30,599.00,590.05,597.80,599.00,598.65,,597.79,,,46973,27972046.90,1835,F1,1,,,,,
2026-09-21,2026-09-21,CM,NSE,STK,11992,INE312C01025,SYNCOMF,EQ,,,,,SYNCOM FORMU (I) LTD,20.04,20.50,19.62,19.85,19.80,20.04,,19.85,,,6029044,120873858.20,12125,F1,1,,,,,
2026-09-21,2026-09-21,CM,NSE,STK,5114,INE00QT01015,SGIL,EQ,,,,,SYNERGY GREEN IND. LTD,589.00,609.20,589.00,598.10,608.50,589.30,,598.08,,,14075,8474491.85,510,F1,1,,,,,
2026-09-21,2026-09-21,CM,NSE,STK,10243,INE398R01022,SYNGENE,EQ,,,,,SYNGENE INTERNATIONAL LTD,369.95,387.05,360.40,385.15,382.70,369.05,,385.16,,,3622808,1366438373.25,109731,F1,1,,,,,
2026-09-21,2026-09-21,CM,NSE,STK,17206,INE0BTR01012,SYNOPTICS,ST,,,,,SYNOPTICS TECHNOLOGIES L,45.45,45.45,45.00,45.00,45.00,46.40,,45.00,,,1200,54270.00,2,F1,600,,,,,
2026-09-21,2026-09-21,CM,NSE,STK,10793,INE0DYJ01015,SYRMA,EQ,,,,,SYRMA SGS TECHNOLOGY LTD,1721.00,1727.40,1658.00,1713.30,1707.00,1728.90,,1713.28,,,1838433,3116580196.20,71691,F1,1,,,,,
2026-09-21,2026-09-21,CM,NSE,STK,14506,INE0O7R01011,SYSTANGO,SM,,,,,SYSTANGO TECHNOLOGIES LTD,222.40,224.45,219.85,220.70,220.05,222.65,,220.70,,,16400,3626580.00,37,F1,400,,,,,
2026-09-21,2026-09-21,CM,NSE,STK,759358,INE356B01024,SYSTMTXC,BE,,,,,SYSTEMATIX CORP SERVICE L,75.40,75.60,75.40,75.60,75.60,74.12,,75.86,,,12532,947286.60,22,F1,1,,,,,
2026-09-21,2026-09-21,CM,NSE,STK,764955,INE284B01028,TGVSL,EQ,,,,,T G V SRAAC LTD.,103.00,108.00,102.40,107.00,106.90,102.59,,106.97,,,321059,34059198.33,3466,F1,1,,,,,
2026-09-21,2026-09-21,CM,NSE,STK,14314,INE592B01024,TTL,EQ,,,,,T T LIMITED,7.36,7.50,7.13,7.42,7.50,7.24,,7.42,,,296583,2181940.01,428,F1,1,,,,,
2026-09-21,2026-09-21,CM,NSE,STK,762929,INE524T01011,TAALTECH,EQ,,,,,TAAL TECH LTD.,5500.00,5799.00,5500.00,5714.60,5740.00,5416.30,,5715.26,,,42768,244232152.60,8018,F1,1,,,,,
2026-09-21,2026-09-21,CM,NSE,STK,23441,INE0SOY01013,TAC,ST,,,,,TAC INFOSEC LIMITED,477.00,490.00,475.00,476.45,477.95,490.90,,476.45,,,22800,10897150.00,96,F1,200,,,,,
2026-09-21,2026-09-21,CM,NSE,STK,3396,INE123C01018,TAINWALCHM,EQ,,,,,TAINWALA CHEMICAL AND PLA,213.00,235.72,211.60,219.54,220.00,213.11,,219.55,,,30823,6927885.28,554,F1,1,,,,,
2026-09-21,2026-09-21,CM,NSE,STK,9354,INE586B01026,TAJGVK,EQ,,,,,TAJ GVK HOTELS & RESORTS,332.70,336.95,327.50,328.80,328.50,334.70,,328.81,,,50247,16657416.90,2097,F1,1,,,,,
2026-09-21,2026-09-21,CM,NSE,STK,14917,INE142I01023,TAKE,EQ,,,,,TAKE LIMITED,15.89,16.75,15.17,16.47,16.49,15.96,,16.47,,,387896,6401799.66,1083,F1,1,,,,,
2026-09-21,2026-09-21,CM,NSE,STK,13648,INE187D01029,TALBROAUTO,EQ,,,,,TALBROS AUTO. COMP. LTD,482.00,485.80,462.20,467.30,466.75,476.70,,467.26,,,382592,180750866.30,16999,F1,1,,,,,
2026-09-21,2026-09-21,CM,NSE,STK,762937,INE864J01012,TAMBOLIIN,BE,,,,,TAMBOLI INDUSTRIES LTD.,302.00,302.00,288.20,292.20,290.10,301.45,,292.20,,,2916,856706.55,40,F1,1,,,,,
2026-09-21,2026-09-21,CM,NSE,STK,10945,INE668A01016,TMB,EQ,,,,,TAMILNAD MERCA BANK LTD,900.00,905.00,882.35,886.35,885.00,895.75,,886.35,,,96755,86040116.25,10608,F1,1,,,,,
2026-09-21,2026-09-21,CM,NSE,STK,3980,INE107A01015,TNPL,EQ,,,,,TAMILNADU NEWSPRT & PAPER,148.35,149.50,144.99,145.48,145.12,148.34,,145.48,,,107767,15823102.20,2250,F1,1,,,,,
2026-09-21,2026-09-21,CM,NSE,STK,3509,INE148A01019,TNPETRO,EQ,,,,,TAMILNADU PETROPRODUCTS L,125.44,132.49,125.44,130.35,129.60,125.73,,130.37,,,1264954,165169310.90,17674,F1,1,,,,,
2026-09-21,2026-09-21,CM,NSE,STK,3512,INE141D01018,TNTELE,EQ,,,,,TAMILNADU TELECOMMUNICATI,8.77,9.40,8.77,9.24,9.37,8.86,,9.24,,,76872,703740.43,377,F1,1,,,,,
2026-09-21,2026-09-21,CM,NSE,STK,764945,INE692C01020,TANAA,EQ,,,,,TANEJA AEROSPACE & AVIA L,266.35,319.60,266.35,319.60,319.60,266.35,,319.75,,,226450,68950029.80,6011,F1,1,,,,,
2026-09-21,2026-09-21,CM,NSE,STK,756338,INE0Z7N01017,TANKUP,ST,,,,,TANKUP ENGINEERS LIMITED,1620.00,1620.00,1613.05,1613.05,1613.05,1645.95,,1613.05,,,500,808262.50,2,F1,250,,,,,
2026-09-21,2026-09-21,CM,NSE,STK,13976,INE483C01032,TANLA,EQ,,,,,TANLA PLATFORMS LIMITED,490.00,495.20,484.00,493.40,491.00,489.25,,493.38,,,340336,166991881.40,12925,F1,1,,,,,
2026-09-21,2026-09-21,CM,NSE,STK,23512,INE555Z01020,TARACHAND,EQ,,,,,TARA CHAND INFRA SOLN LTD,48.48,48.48,47.02,47.20,47.60,47.69,,47.20,,,21410,1016176.65,241,F1,1,,,,,
2026-09-21,2026-09-21,CM,NSE,STK,18827,INE747K01017,TARAPUR,EQ,,,,,TARAPUR TRANSFORMERS LTD,12.78,12.78,11.41,12.31,12.40,12.55,,12.30,,,49094,595981.90,278,F1,1,,,,,
2026-09-21,2026-09-21,CM,NSE,STK,1581,INE0EK901012,TARC,EQ,,,,,TARC LIMITED,133.09,133.82,129.50,129.97,129.50,133.09,,129.96,,,219430,28905175.48,2999,F1,1,,,,,
2026-09-21,2026-09-21,CM,NSE,STK,14771,INE924H01018,TARMAT,EQ,,,,,TARMAT LIMITED,57.76,58.63,52.98,54.76,54.55,57.76,,54.79,,,45062,2472849.66,858,F1,1,,,,,
2026-09-21,2026-09-21,CM,NSE,STK,6943,INE144Z01023,TARSONS,EQ,,,,,TARSONS PRODUCTS LIMITED,305.90,356.85,305.05,341.30,345.50,306.10,,341.25,,,5943251,2032850220.55,101592,F1,1,,,,,
2026-09-21,2026-09-21,CM,NSE,STK,20092,INE488B01017,TASTYBITE,EQ,,,,,TASTY BITE EATABLES LTD,9966.00,9966.00,9771.00,9798.00,9843.00,9901.00,,9797.43,,,1033,10163217.00,406,F1,1,,,,,
2026-09-21,2026-09-21,CM,NSE,STK,759265,INE976I01016,TATACAP,EQ,,,,,TATA CAPITAL LIMITED,350.00,351.00,341.05,343.70,343.50,351.35,,343.69,,,1938288,665477542.45,66117,F1,1,,,,,
2026-09-21,2026-09-21,CM,NSE,STK,3405,INE092A01019,TATACHEM,EQ,,,,,TATA CHEMICALS LTD,687.60,698.50,668.60,694.70,694.50,693.25,,694.70,,,3253162,2246678218.65,64002,F1,1,,,,,
2026-09-21,2026-09-21,CM,NSE,STK,3721,INE151A01013,TATACOMM,EQ,,,,,TATA COMMUNICATIONS LTD,1771.00,1789.60,1725.00,1732.70,1725.80,1780.10,,1732.70,,,110793,193898751.80,14200,F1,1,,,,,
2026-09-21,2026-09-21,CM,NSE,STK,11536,INE467B01029,TCS,EQ,,,,,TATA CONSULTANCY SERV LT,2090.00,2145.00,2075.30,2128.70,2128.70,2105.00,,2128.71,,,2330811,4947096582.70,99052,F1,1,,,,,
2026-09-21,2026-09-21,CM,NSE,STK,3432,INE192A01025,TATACONSUM,EQ,,,,,TATA CONSUMER PRODUCT LTD,998.90,1015.50,997.20,1000.60,1000.60,996.00,,1000.61,,,688026,693502823.30,40202,F1,1,,,,,
2026-09-21,2026-09-21,CM,NSE,STK,3411,INE670A01012,TATAELXSI,EQ,,,,,TATA ELXSI LIMITED,3306.90,3318.00,3266.70,3287.00,3287.00,3266.70,,3286.96,,,336930,1107422785.90,27305,F1,1,,,,,
2026-09-21,2026-09-21,CM,NSE,STK,1621,INE672A01026,TATAINVEST,EQ,,,,,TATA INVESTMENT CORP LTD,700.95,700.95,678.00,680.50,680.00,702.35,,680.50,,,591111,405863124.15,20416,F1,1,,,,,
2026-09-21,2026-09-21,CM,NSE,STK,759782,INE1TAE01010,TMCV,EQ,,,,,TATA MOTORS LIMITED,440.10,445.45,437.20,444.50,444.50,442.90,,444.50,,,4676841,2069466899.90,66216,F1,1,,,,,
2026-09-21,2026-09-21,CM,NSE,STK,3456,INE155A01022,TMPV,EQ,,,,,TATA MOTORS PASS VEH LTD,303.80,303.80,299.10,301.65,301.65,303.80,,301.65,,,8488497,2557049322.15,84058,F1,1,,,,,
2026-09-21,2026-09-21,CM,NSE,STK,3426,INE245A01021,TATAPOWER,EQ,,,,,TATA POWER CO LTD,367.30,369.60,365.65,367.15,367.15,374.80,,367.14,,,2875538,1054913311.80,37177,F1,1,,,,,
2026-09-21,2026-09-21,CM,NSE,STK,3499,INE081A01020,TATASTEEL,EQ,,,,,TATA STEEL LIMITED,184.55,186.87,183.34,183.40,183.40,185.54,,183.40,,,9933718,1834431086.92,74874,F1,1,,,,,
2026-09-21,2026-09-21,CM,NSE,STK,20293,INE142M01025,TATATECH,EQ,,,,,TATA TECHNOLOGIES LIMITED,717.60,730.60,706.85,724.90,723.00,722.45,,724.92,,,1034878,745304022.40,45653,F1,1,,,,,
2026-09-21,2026-09-21,CM,NSE,STK,8954,INE517B01013,TTML,EQ,,,,,TATA TELESERV(MAHARASTRA),35.80,35.92,35.26,35.36,35.40,35.73,,35.36,,,893060,31649404.36,5986,F1,1,,,,,
2026-09-21,2026-09-21,CM,NSE,STK,7838,INF277K015R5,NETF,EQ,,,,,TATAAML - NETF,255.42,255.90,252.55,254.72,254.72,254.15,,254.72,,,2142,545051.52,188,F1,1,,,,,
2026-09-21,2026-09-21,CM,NSE,STK,12978,INF277K010X4,NPBET,EQ,,,,,TATAAML - NPBET,284.56,284.86,283.81,283.81,283.81,283.00,,283.81,,,48,13656.06,12,F1,1,,,,,
2026-09-21,2026-09-21,CM,NSE,STK,8882,INF277KA1364,TNIDETF,EQ,,,,,TATAAML - TNIDETF,88.35,89.00,87.93,88.77,88.06,88.34,,88.77,,,22420,1981152.63,442,F1,1,,,,,
2026-09-21,2026-09-21,CM,NSE,STK,21401,INF277KA1976,TATAGOLD,EQ,,,,,TATAAML-TATAGOLD,14.85,14.86,14.75,14.76,14.77,14.85,,14.76,,,34757654,513884956.28,83793,F1,1,,,,,
2026-09-21,2026-09-21,CM,NSE,STK,21428,INF277KA1984,TATSILV,EQ,,,,,TATAAML-TATSILV,22.74,22.74,22.47,22.55,22.55,22.74,,22.55,,,33649809,759073182.43,49429,F1,1,,,,,
2026-09-21,2026-09-21,CM,NSE,STK,5162,INE0GK401011,TATVA,EQ,,,,,TATVA CHIN PHARM CHEM LTD,1760.00,1770.00,1707.70,1761.20,1768.00,1770.20,,1761.24,,,46562,81194399.20,5342,F1,1,,,,,
2026-09-21,2026-09-21,CM,NSE,STK,759759,INE0XWS01018,TAURIAN,ST,,,,,TAURIAN MPS LIMITED,525.00,543.10,525.00,535.25,536.00,517.25,,535.25,,,30400,16333200.00,35,F1,800,,,,,
2026-09-21,2026-09-21,CM,NSE,STK,11754,INE053F07835,753IRFC30,NJ,,,,,TAX FREE  7.53% SR. 103 A,1143.00,1143.00,1138.00,1138.08,1138.00,1137.57,,1138.08,,,634,721553.00,5,F1,1,,,,,
2026-09-21,2026-09-21,CM,NSE,STK,15168,INE053F07900,764IRFC31,NO,,,,,TAX FREE  7.64% SR. 108A,1150.95,1151.45,1150.95,1151.45,1151.45,1150.95,,1151.45,,,20,23024.00,2,F1,1,,,,,
2026-09-21,2026-09-21,CM,NSE,STK,14529,INE906B07EP5,769NHAI31,NE,,,,,TAX FREE 7.69% SR. IIB,1079.60,1082.00,1078.01,1082.00,1082.00,1079.42,,1082.00,,,437,471750.91,9,F1,1,,,,,
2026-09-21,2026-09-21,CM,NSE,STK,12003,INE906B07EJ8,76NHAI31,NA,,,,,TAX FREE7.60% SR.IIB,1114.05,1114.05,1109.99,1109.99,1110.00,1110.72,,1109.99,,,1524,1692290.09,19,F1,1,,,,,
2026-09-21,2026-09-21,CM,NSE,STK,24019,INE0N2D01013,TBI,SM,,,,,TBI CORN LIMITED,83.25,83.25,73.00,79.20,79.00,82.45,,79.20,,,67200,5295180.00,81,F1,600,,,,,
2026-09-21,2026-09-21,CM,NSE,STK,23740,INE673O01025,TBOTEK,EQ,,,,,TBO TEK LIMITED,1715.00,1723.60,1684.00,1704.90,1705.00,1710.60,,1704.90,,,181669,309252306.70,14651,F1,1,,,,,
2026-09-21,2026-09-21,CM,NSE,STK,761814,INE887D01024,TCC,EQ,,,,,TCC CONCEPT LIMITED,49.86,50.78,43.81,45.99,45.60,49.85,,45.96,,,929852,43816937.58,3741,F1,1,,,,,
2026-09-21,2026-09-21,CM,NSE,STK,19223,INE586V01016,TCIEXP,EQ,,,,,TCI EXPRESS LIMITED,481.50,493.45,481.45,482.60,481.75,485.35,,482.61,,,19535,9500748.50,2542,F1,1,,,,,
2026-09-21,2026-09-21,CM,NSE,STK,4771,INE911B01018,TCIFINANCE,EQ,,,,,TCI FINANCE LTD,15.58,15.70,15.11,15.41,15.48,15.58,,15.41,,,12625,194774.76,98,F1,1,,,,,
2026-09-21,2026-09-21,CM,NSE,STK,184,INE822C01015,TCPLPACK,EQ,,,,,TCPL PACKAGING LIMITED,3802.60,3969.00,3802.60,3881.10,3904.90,3844.20,,3881.92,,,4846,18860058.70,1620,F1,1,,,,,
2026-09-21,2026-09-21,CM,NSE,STK,25178,INE419M01035,TDPOWERSYS,EQ,,,,,TD POWER SYSTEMS LTD.,740.00,759.60,736.05,747.30,750.20,763.75,,747.26,,,1983807,1480678397.60,74580,F1,1,,,,,
2026-09-21,2026-09-21,CM,NSE,STK,10717,INE289C01025,TEAMGTY,EQ,,,,,TEAM INDIA GUARANTY LTD,236.12,242.99,235.00,241.90,241.90,238.50,,241.90,,,124,29417.36,14,F1,1,,,,,
2026-09-21,2026-09-21,CM,NSE,STK,12716,INE985S01024,TEAMLEASE,EQ,,,,,TEAMLEASE SERVICES LTD.,1219.00,1235.00,1211.20,1217.00,1235.00,1219.00,,1217.10,,,7485,9129029.70,1620,F1,1,,,,,
2026-09-21,2026-09-21,CM,NSE,STK,17000,INE065J01024,TPHQ,BE,,,,,TEAMO PRODUCTIONS HQ LTD,0.55,0.56,0.54,0.55,0.56,0.55,,0.55,,,720985,397119.27,266,F1,1,,,,,
2026-09-21,2026-09-21,CM,NSE,STK,763571,INE2OL601013,TEAMTECH,ST,,,,,TEAMTECH FORMWORK SOL LTD,133.85,133.85,130.00,130.00,130.00,131.90,,130.00,,,16000,2087700.00,6,F1,2000,,,,,
2026-09-21,2026-09-21,CM,NSE,STK,13538,INE669C01036,TECHM,EQ,,,,,TECH MAHINDRA LIMITED,1529.00,1560.60,1525.10,1558.50,1558.50,1537.10,,1558.50,,,970714,1506148446.10,31600,F1,1,,,,,
2026-09-21,2026-09-21,CM,NSE,STK,759138,INE0Y5H01014,TECHD,SM,,,,,TECHD CYBERSECURITY LTD,580.00,580.00,535.10,539.00,538.70,582.85,,539.00,,,84300,46074705.00,232,F1,300,,,,,
2026-09-21,2026-09-21,CM,NSE,STK,25652,INE0JQS01019,TECHERA,SM,,,,,TECHERA ENGINEER (IND) L,160.00,163.25,151.65,152.65,151.65,159.10,,152.65,,,65600,10244440.00,79,F1,800,,,,,
2026-09-21,2026-09-21,CM,NSE,STK,6445,INE285K01026,TECHNOE,EQ,,,,,TECHNO ELEC & ENG CO. LTD,1038.85,1057.25,1003.10,1012.25,1014.00,1030.45,,1012.29,,,260242,267343003.10,20340,F1,1,,,,,
2026-09-21,2026-09-21,CM,NSE,STK,14223,INE545H01011,TIIL,EQ,,,,,TECHNOCRAFT IND LTD,3050.00,3094.00,3035.00,3043.40,3048.00,3054.10,,3043.02,,,13134,40153470.50,3528,F1,1,,,,,
2026-09-21,2026-09-21,CM,NSE,STK,764532,INE1D0W01018,TECHNOCRAF,EQ,,,,,TECHNOCRAFT VENTURES LTD,442.40,446.95,431.10,437.65,439.70,440.80,,437.66,,,746751,328202506.70,16855,F1,1,,,,,
2026-09-21,2026-09-21,CM,NSE,STK,762939,INE314H01012,TECHNVISN,EQ,,,,,TECHNVISION VENTURES LTD.,4349.00,4494.50,4132.00,4154.50,4133.00,4349.00,,4159.06,,,611,2571275.50,199,F1,1,,,,,
2026-09-21,2026-09-21,CM,NSE,STK,3453,INE014B01011,TECILCHEM,EQ,,,,,TECIL CHEMICALS,9.80,10.25,9.30,9.46,9.46,9.77,,9.46,,,30565,290374.71,119,F1,1,,,,,
2026-09-21,2026-09-21,CM,NSE,STK,23530,INE0K6601012,TGL,ST,,,,,TEERTH GOPICON LIMITED,14.95,15.25,14.95,14.95,14.95,15.25,,14.95,,,6200,92810.00,20,F1,200,,,,,
2026-09-21,2026-09-21,CM,NSE,STK,7105,INE011K01018,TEGA,EQ,,,,,TEGA INDUSTRIES LIMITED,1950.00,2149.00,1933.30,2129.00,2135.60,1943.00,,2129.04,,,4580597,9577245464.10,203061,F1,1,,,,,
2026-09-21,2026-09-21,CM,NSE,STK,763825,INE0R1301019,TEJA,SM,,,,,TEJA ENGINEERING IND L,236.00,239.85,235.00,236.55,236.00,235.00,,236.55,,,18600,4401930.00,20,F1,600,,,,,
2026-09-21,2026-09-21,CM,NSE,STK,29723,INE17WC01013,TEJASCARGO,SM,,,,,TEJAS CARGO INDIA LIMITED,420.00,425.00,420.00,420.00,420.00,406.00,,420.00,,,21200,9004000.00,8,F1,400,,,,,
2026-09-21,2026-09-21,CM,NSE,STK,21131,INE010J01012,TEJASNET,EQ,,,,,TEJAS NETWORKS LIMITED,518.40,524.35,512.05,516.85,516.80,518.30,,516.85,,,1011267,523636477.35,25830,F1,1,,,,,
2026-09-21,2026-09-21,CM,NSE,STK,3275,INE869Y01028,TEMBO,EQ,,,,,TEMBO GLOBAL IND LTD,56.19,59.00,56.19,57.80,57.74,56.19,,57.80,,,1803580,104749008.24,8420,F1,1,,,,,
2026-09-21,2026-09-21,CM,NSE,STK,765426,INE1KZI01025,TEMPSENS,EQ,,,,,TEMPSENS INST (INDIA) LTD,534.00,540.80,521.50,526.85,527.00,531.60,,526.87,,,1206038,639236622.45,33339,F1,1,,,,,
2026-09-21,2026-09-21,CM,NSE,STK,759880,INE19RI01016,TENNIND,EQ,,,,,TENNECO CLEAN AIR INDIA L,520.40,524.55,510.00,514.10,514.15,517.90,,514.11,,,421176,216375972.25,18402,F1,1,,,,,
2026-09-21,2026-09-21,CM,NSE,STK,19292,INE482B01010,TERASOFT,EQ,,,,,TERA SOFTWARE LIMITED,253.00,253.00,239.95,248.65,245.00,236.60,,248.65,,,17978,4443268.95,1053,F1,1,,,,,
2026-09-21,2026-09-21,CM,NSE,STK,764950,INE390D01011,TERAI,EQ,,,,,TERAI TEA CO. LTD.,134.00,134.00,104.50,118.00,118.00,120.00,,118.76,,,565,67555.90,27,F1,1,,,,,
2026-09-21,2026-09-21,CM,NSE,STK,11549,INE435C01024,TEXINFRA,EQ,,,,,TEXMACO INFRA & HOLDG LTD,111.75,115.00,111.75,114.06,114.00,113.54,,114.06,,,49717,5660287.02,948,F1,1,,,,,
2026-09-21,2026-09-21,CM,NSE,STK,21828,INE621L01012,TEXRAIL,EQ,,,,,TEXMACO RAIL & ENG. LTD.,114.66,117.99,113.51,114.43,114.47,114.66,,114.43,,,1594208,184905246.71,15851,F1,1,,,,,
2026-09-21,2026-09-21,CM,NSE,STK,18214,INE141K01013,TEXMOPIPES,EQ,,,,,TEXMO PIPE & PRODUCTS LTD,62.07,62.50,60.40,60.67,60.79,61.49,,60.66,,,128122,7884409.03,1270,F1,1,,,,,
2026-09-21,2026-09-21,CM,NSE,STK,14607,INE797H01018,TGBHOTELS,EQ,,,,,TGB BANQUETS&HOTELS LTD,9.45,9.78,9.30,9.54,9.58,9.41,,9.54,,,3162,30009.29,53,F1,1,,,,,
2026-09-21,2026-09-21,CM,NSE,STK,22777,INE0QJL01014,TCL,SM,,,,,THAAI CASTING LIMITED,128.70,144.00,126.05,138.75,139.00,132.30,,138.75,,,190400,26379040.00,136,F1,800,,,,,
2026-09-21,2026-09-21,CM,NSE,STK,762944,INE077P01034,THACKER,EQ,,,,,THACKER & CO. LTD.,1090.00,1090.00,1077.90,1077.90,1077.90,1030.00,,1077.90,,,19,20692.85,13,F1,1,,,,,
2026-09-21,2026-09-21,CM,NSE,STK,762949,INE403F01017,THAKDEV,EQ,,,,,THAKKERS DEVELOPERS LTD.,127.51,127.51,115.10,118.42,124.99,127.51,,117.50,,,242,29101.71,27,F1,1,,,,,
2026-09-21,2026-09-21,CM,NSE,STK,18118,INE085J01014,THANGAMAYL,EQ,,,,,THANGAMAYIL JEWELLERY LTD,5010.50,5019.50,4885.00,4930.50,4930.00,5044.50,,4930.47,,,61957,305756783.00,10433,F1,1,,,,,
2026-09-21,2026-09-21,CM,NSE,STK,9014,INE294Z01018,ANUP,EQ,,,,,THE ANUP ENGINEERING LTD,1640.30,1655.00,1629.00,1632.10,1645.00,1638.30,,1632.11,,,12383,20296451.40,2401,F1,1,,,,,
2026-09-21,2026-09-21,CM,NSE,STK,7919,INE319B01014,BYKE,EQ,,,,,THE BYKE HOSPITALITY LTD,31.64,31.64,29.57,30.44,30.49,30.25,,30.44,,,51750,1597590.01,143,F1,1,,,,,
2026-09-21,2026-09-21,CM,NSE,STK,13776,INE017A01032,GESHIP,EQ,,,,,THE GE SHPG.LTD,1437.80,1487.80,1434.00,1485.00,1487.00,1432.10,,1484.99,,,1170270,1718576382.20,45001,F1,1,,,,,
2026-09-21,2026-09-21,CM,NSE,STK,17770,INE646C01018,GROBTEA,EQ,,,,,THE GROB TEA COMPANY LTD,921.90,956.10,901.00,910.00,910.00,921.90,,910.00,,,80,73042.55,24,F1,1,,,,,
2026-09-21,2026-09-21,CM,NSE,STK,8568,INE127B01011,HITECHGEAR,BE,,,,,THE HI-TECH GEARS LIMITED,540.00,548.00,529.00,540.05,541.00,540.00,,540.03,,,1441,769286.10,49,F1,1,,,,,
2026-09-21,2026-09-21,CM,NSE,STK,1515,INE383A01012,INDIACEM,EQ,,,,,THE INDIA CEMENTS LIMITED,344.70,347.30,340.00,345.00,345.50,344.80,,345.00,,,94362,32465946.20,4699,F1,1,,,,,
2026-09-21,2026-09-21,CM,NSE,STK,1512,INE053A01029,INDHOTEL,EQ,,,,,THE INDIAN HOTELS CO. LTD,748.05,755.00,741.00,745.00,745.00,732.75,,745.00,,,2983659,2230982154.65,58944,F1,1,,,,,
2026-09-21,2026-09-21,CM,NSE,STK,21427,INE924D01017,THEINVEST,EQ,,,,,THE INVEST TRUST OF IND L,94.27,96.00,93.62,95.39,96.00,94.27,,95.39,,,4410,418887.43,86,F1,1,,,,,
2026-09-21,2026-09-21,CM,NSE,STK,399,INE470Y01017,NIACL,EQ,,,,,THE NEW INDIA ASSU CO LTD,186.62,188.79,184.47,186.56,186.31,187.66,,186.57,,,2009703,375077920.82,19707,F1,1,,,,,
2026-09-21,2026-09-21,CM,NSE,STK,10318,INE431F01018,PKTEA,BE,,,,,THE P K TEA PROD CO LTD,905.00,955.50,890.00,950.40,955.50,910.00,,950.40,,,9455,8995508.35,215,F1,1,,,,,
2026-09-21,2026-09-21,CM,NSE,STK,14552,INE211B01039,PHOENIXLTD,EQ,,,,,THE PHOENIX MILLS LTD,1902.90,1942.00,1899.90,1929.00,1929.00,1877.90,,1929.00,,,344969,664597567.70,22076,F1,1,,,,,
2026-09-21,2026-09-21,CM,NSE,STK,2043,INE331A01037,RAMCOCEM,EQ,,,,,THE RAMCO CEMENTS LIMITED,884.90,898.00,874.30,885.10,885.00,869.75,,885.10,,,373061,330326593.95,20994,F1,1,,,,,
2026-09-21,2026-09-21,CM,NSE,STK,2939,INE301D01026,RUBYMILLS,EQ,,,,,THE RUBY MILLS LTD,477.95,490.00,458.10,462.30,458.90,467.10,,461.95,,,28552,13573640.05,1577,F1,1,,,,,
2026-09-21,2026-09-21,CM,NSE,STK,5948,INE683A01023,SOUTHBANK,EQ,,,,,THE SOUTH INDIAN BANK LTD,45.83,45.84,44.86,45.52,45.49,46.07,,45.52,,,12134977,550203400.07,34506,F1,1,,,,,
2026-09-21,2026-09-21,CM,NSE,STK,10948,INE655A01013,STCINDIA,EQ,,,,,THE STATE TRADING CORPN,112.00,112.64,110.96,111.04,111.51,111.54,,111.04,,,11730,1305067.05,302,F1,1,,,,,
2026-09-21,2026-09-21,CM,NSE,STK,19578,INE071E01023,UGARSUGAR,EQ,,,,,THE UGAR SUGAR WORKS LTD,56.79,58.28,54.53,55.80,56.01,56.79,,55.80,,,351249,19595053.57,3929,F1,1,,,,,
2026-09-21,2026-09-21,CM,NSE,STK,20481,INE215F01023,WIPL,EQ,,,,,THE WESTERN INDIA PLY LTD,166.50,166.50,165.21,165.44,165.21,165.21,,165.44,,,31,5148.71,9,F1,1,,,,,
2026-09-21,2026-09-21,CM,NSE,STK,19279,INE121N01019,THEJO,EQ,,,,,THEJO ENGINEERING LIMITED,2177.00,2210.00,2121.00,2141.80,2135.00,2199.70,,2141.80,,,14218,30751822.30,2133,F1,1,,,,,
2026-09-21,2026-09-21,CM,NSE,STK,14485,INE083B01024,THEMISMED,EQ,,,,,THEMIS MEDICARE LTD.,124.88,128.40,122.50,123.92,123.20,123.97,,123.92,,,89760,11334442.91,1974,F1,1,,,,,
2026-09-21,2026-09-21,CM,NSE,STK,3475,INE152A01029,THERMAX,EQ,,,,,THERMAX LTD,3537.00,3597.80,3492.30,3578.20,3568.60,3551.90,,3578.25,,,142451,506452011.60,36800,F1,1,,,,,
2026-09-21,2026-09-21,CM,NSE,STK,25651,INE0SHE01019,THESL,ST,,,,,THINKING HATS ENTER SOL L,13.05,13.25,13.05,13.25,13.25,12.65,,13.25,,,6000,78900.00,2,F1,3000,,,,,
2026-09-21,2026-09-21,CM,NSE,STK,3496,INE338A01024,TIRUMALCHM,EQ,,,,,THIRUMALAI CHEMICALS LTD,158.89,160.00,155.50,156.75,156.88,158.54,,156.75,,,237889,37380229.07,3441,F1,1,,,,,
2026-09-21,2026-09-21,CM,NSE,STK,3481,INE332A01027,THOMASCOOK,EQ,,,,,THOMAS COOK (INDIA) LTD,106.00,106.07,104.04,105.03,104.85,106.04,,105.03,,,409652,43065202.83,6118,F1,1,,,,,
2026-09-21,2026-09-21,CM,NSE,STK,31017,INE480M01011,THOMASCOTT,EQ,,,,,THOMAS SCOTT (INDIA) LTD,234.00,238.00,234.00,236.70,235.80,236.55,,236.70,,,30163,7108175.60,943,F1,1,,,,,
2026-09-21,2026-09-21,CM,NSE,STK,17032,INE594H01019,THYROCARE,EQ,,,,,THYROCARE TECH LTD,555.35,575.00,551.10,571.45,572.00,555.80,,571.45,,,350735,199164532.55,18158,F1,1,,,,,
2026-09-21,2026-09-21,CM,NSE,STK,759176,INE906O01029,TIGERLOGS,EQ,,,,,TIGER LOGISTICS (INDIA) L,26.00,26.94,25.00,25.66,25.98,26.13,,25.66,,,97602,2549985.71,797,F1,1,,,,,
2026-09-21,2026-09-21,CM,NSE,STK,25486,INE440L01017,TIJARIA,BE,,,,,TIJARIA POLYPIPES LTD,7.56,7.68,7.15,7.23,7.17,7.40,,7.23,,,34574,255713.49,132,F1,1,,,,,
2026-09-21,2026-09-21,CM,NSE,STK,9802,INE806C01018,TIL,BE,,,,,TIL LTD,256.00,260.00,252.45,256.69,257.90,257.51,,256.29,,,44680,11423022.64,324,F1,1,,,,,
2026-09-21,2026-09-21,CM,NSE,STK,19196,INE133E01013,TI,EQ,,,,,TILAKNAGAR INDUSTRIES LTD,570.00,583.00,561.80,579.55,581.50,568.70,,579.57,,,1306840,754557890.25,25951,F1,1,,,,,
2026-09-21,2026-09-21,CM,NSE,STK,14707,INE508G01029,TIMETECHNO,EQ,,,,,TIME TECHNOPLAST LTD.,180.10,181.90,178.21,180.23,181.50,179.24,,180.23,,,3679418,662917697.74,29693,F1,1,,,,,
2026-09-21,2026-09-21,CM,NSE,STK,7800,INE0IJY01014,TIMESCAN,SM,,,,,TIMESCAN LOGISTICS IND L,41.40,41.40,41.40,41.40,41.40,39.45,,41.40,,,2000,82800.00,1,F1,2000,,,,,
2026-09-21,2026-09-21,CM,NSE,STK,762954,INE064A01026,TIMEX,EQ,,,,,TIMEX GROUP INDIA LTD.,714.20,726.50,700.00,709.65,709.80,714.20,,709.66,,,923419,659963361.75,37360,F1,1,,,,,
2026-09-21,2026-09-21,CM,NSE,STK,14198,INE325A01013,TIMKEN,EQ,,,,,TIMKEN INDIA LTD.,3124.20,3161.80,3112.20,3136.80,3129.50,3124.20,,3136.72,,,15710,49231714.40,4378,F1,1,,,,,
2026-09-21,2026-09-21,CM,NSE,STK,756020,INE015C01016,TINNARUBR,EQ,,,,,TINNA RUBBER AND INFR LTD,1018.75,1035.00,1007.05,1029.35,1033.00,1018.75,,1029.37,,,23597,24147826.40,2964,F1,1,,,,,
2026-09-21,2026-09-21,CM,NSE,STK,11374,INE0LQS01015,TIPSFILMS,EQ,,,,,TIPS FILMS LIMITED,316.50,331.20,316.50,320.70,318.65,320.35,,320.01,,,1624,524548.45,165,F1,1,,,,,
2026-09-21,2026-09-21,CM,NSE,STK,9117,INE716B01029,TIPSMUSIC,EQ,,,,,TIPS MUSIC LIMITED,657.70,665.00,653.95,660.00,656.50,657.70,,659.99,,,194431,128521485.95,13335,F1,1,,,,,
2026-09-21,2026-09-21,CM,NSE,STK,22284,INE319Y01024,TIRUPATIFL,BE,,,,,TIRUPATI FORGE LIMITED,71.06,71.06,71.06,71.06,71.06,67.68,,71.06,,,120064,8531747.84,598,F1,1,,,,,
2026-09-21,2026-09-21,CM,NSE,STK,15414,INE615H01020,TITAGARH,EQ,,,,,TITAGARH RAIL SYSTEMS LTD,841.50,857.00,838.20,841.05,841.75,837.65,,841.03,,,378131,319779087.25,34590,F1,1,,,,,
2026-09-21,2026-09-21,CM,NSE,STK,3506,INE280A01028,TITAN,EQ,,,,,TITAN COMPANY LIMITED,4816.50,4880.00,4780.00,4875.00,4875.00,4798.50,,4875.00,,,665067,3222199601.00,46079,F1,1,,,,,
2026-09-21,2026-09-21,CM,NSE,STK,3837,INE932C01012,TOKYOPLAST,EQ,,,,,TOKYO PLAST INTL LTD,75.49,77.00,74.99,77.00,77.00,75.67,,77.00,,,1664,127029.74,20,F1,1,,,,,
2026-09-21,2026-09-21,CM,NSE,STK,25262,INE0RWQ01014,TOLINS,EQ,,,,,TOLINS TYRES LIMITED,88.61,90.77,87.73,89.39,88.91,88.02,,89.39,,,39906,3564718.14,917,F1,1,,,,,
2026-09-21,2026-09-21,CM,NSE,STK,3518,INE685A01028,TORNTPHARM,EQ,,,,,TORRENT PHARMACEUTICALS L,4860.00,4986.50,4848.50,4970.00,4970.00,4840.00,,4970.00,,,361244,1790420798.50,32462,F1,1,,,,,
2026-09-21,2026-09-21,CM,NSE,STK,13786,INE813H01021,TORNTPOWER,EQ,,,,,TORRENT POWER LTD,1250.00,1269.80,1250.00,1262.00,1264.80,1258.80,,1263.38,,,121302,153216200.30,8780,F1,1,,,,,
2026-09-21,2026-09-21,CM,NSE,STK,22425,INE336X01012,TOTAL,BE,,,,,TOTAL TRANSPORT SYS LTD,69.00,72.00,69.00,70.30,71.95,69.33,,70.30,,,1629,115343.74,24,F1,1,,,,,
2026-09-21,2026-09-21,CM,NSE,STK,16908,INE486Y01013,TOUCHWOOD,EQ,,,,,TOUCHWOOD ENTERTAIN LTD.,68.95,68.95,60.00,61.78,61.79,60.93,,61.78,,,1496,94036.88,33,F1,1,,,,,
2026-09-21,2026-09-21,CM,NSE,STK,3466,INE305A01023,TFCILTD,EQ,,,,,TOURISM FINANCE CORP. OF,140.00,142.31,139.54,140.06,140.00,139.62,,140.06,,,7478679,1051460431.15,13423,F1,1,,,,,
2026-09-21,2026-09-21,CM,NSE,STK,765195,INE457P01020,TOYAMSL,EQ,,,,,TOYAM SPORTS LTD.,0.80,0.80,0.79,0.80,0.80,0.77,,0.82,,,2102598,1681228.67,470,F1,1,,,,,
2026-09-21,2026-09-21,CM,NSE,STK,9219,INE413G01022,TPLPLASTEH,EQ,,,,,TPL PLASTECH LIMITED,65.90,66.19,64.87,65.03,65.55,65.34,,65.03,,,121925,7988481.09,1055,F1,1,,,,,
2026-09-21,2026-09-21,CM,NSE,STK,11582,INE0HMF01019,TRACXN,EQ,,,,,TRACXN TECHNOLOGIES LTD,30.20,32.73,30.01,31.98,32.00,31.00,,31.98,,,202599,6471423.02,2527,F1,1,,,,,
2026-09-21,2026-09-21,CM,NSE,STK,15174,INE763I01026,TARIL,EQ,,,,,TRANS & RECTI. LTD,280.15,282.70,276.80,278.25,278.40,279.85,,278.26,,,579858,161488496.05,13899,F1,1,,,,,
2026-09-21,2026-09-21,CM,NSE,STK,765200,INE330E01023,TRANSCOR,EQ,,,,,TRANSCORP INTERNATIONAL L,23.68,24.97,23.00,24.97,24.97,23.79,,24.16,,,1441,34586.95,25,F1,1,,,,,
2026-09-21,2026-09-21,CM,NSE,STK,17795,INE0O3901029,TREL,EQ,,,,,TRANSINDIA REAL ESTATE L,30.00,30.93,26.32,26.68,26.96,29.66,,26.68,,,730196,20404761.33,8606,F1,1,,,,,
2026-09-21,2026-09-21,CM,NSE,STK,7669,INE687A01016,TRANSPEK,BE,,,,,TRANSPEK INDUSTRIES LTD,1340.00,1380.00,1340.00,1374.60,1373.00,1359.40,,1374.60,,,3230,4363667.80,47,F1,1,,,,,
2026-09-21,2026-09-21,CM,NSE,STK,10580,INE688A01022,TCI,EQ,,,,,TRANSPORT CORPN OF INDIA,832.45,838.00,801.00,807.25,801.00,829.80,,807.24,,,54661,44572720.65,10536,F1,1,,,,,
2026-09-21,2026-09-21,CM,NSE,STK,28714,INE454P01035,TRANSRAILL,EQ,,,,,TRANSRAIL LIGHTING LTD,410.00,415.70,407.35,414.20,413.85,408.75,,414.20,,,230286,94884743.15,9359,F1,1,,,,,
2026-09-21,2026-09-21,CM,NSE,STK,19801,INE0NVI01020,TRANSTEEL,SM,,,,,TRANSTEEL SEATING TECH L,81.00,86.50,80.25,84.25,86.50,80.20,,84.25,,,37000,3044600.00,30,F1,1000,,,,,
2026-09-21,2026-09-21,CM,NSE,STK,14319,INE804H01012,TFL,EQ,,,,,TRANSWARRANTY FIN. LTD.,12.00,12.14,11.62,12.08,12.08,11.99,,11.71,,,3627,42994.60,37,F1,1,,,,,
2026-09-21,2026-09-21,CM,NSE,STK,8619,INE757B01015,TRANSWORLD,BE,,,,,TRANSWORLD SHIP LINES LTD,166.39,166.51,166.39,166.51,166.51,166.39,,165.91,,,16272,2708898.72,31,F1,1,,,,,
2026-09-21,2026-09-21,CM,NSE,STK,757545,INE103V01028,TRAVELFOOD,EQ,,,,,TRAVEL FOOD SERVICES LTD,1256.00,1256.00,1223.00,1228.50,1225.00,1256.10,,1228.51,,,18464,22805130.60,3479,F1,1,,,,,
2026-09-21,2026-09-21,CM,NSE,STK,25082,INE040M01013,TREEHOUSE,EQ,,,,,TREE HOUSE EDU LTD,5.88,6.15,5.80,5.84,5.81,5.87,,5.83,,,40526,238964.58,122,F1,1,,,,,
2026-09-21,2026-09-21,CM,NSE,STK,7518,INE00CA01015,TREJHARA,EQ,,,,,TREJHARA SOLUTIONS LTD,134.40,134.92,128.07,132.25,133.25,132.37,,132.44,,,12952,1708713.00,543,F1,1,,,,,
2026-09-21,2026-09-21,CM,NSE,STK,1964,INE849A01020,TRENT,EQ,,,,,TRENT LTD,2813.90,2836.90,2801.00,2815.50,2815.50,2824.00,,2815.49,,,592996,1672897069.10,35241,F1,1,,,,,
2026-09-21,2026-09-21,CM,NSE,STK,17987,INE391D01019,TRF,EQ,,,,,TRF LIMITED,215.00,219.50,214.01,216.43,216.00,215.25,,216.43,,,8163,1763607.97,196,F1,1,,,,,
2026-09-21,2026-09-21,CM,NSE,STK,27037,INE760L01018,TBZ,EQ,,,,,TRIB BHIMJI ZAVERI LTD,600.00,633.70,585.60,633.70,633.70,603.55,,633.70,,,817339,498995242.35,13226,F1,1,,,,,
2026-09-21,2026-09-21,CM,NSE,STK,9685,INE064C01022,TRIDENT,EQ,,,,,TRIDENT LIMITED,23.21,23.29,22.96,23.02,23.02,23.22,,23.02,,,2844566,65515832.48,10570,F1,1,,,,,
2026-09-21,2026-09-21,CM,NSE,STK,21078,INE0QD201012,TECHLABS,SM,,,,,TRIDENT TECHLABS LIMITED,126.75,128.00,122.00,126.65,127.00,122.65,,126.65,,,14375,1796106.25,79,F1,125,,,,,
2026-09-21,2026-09-21,CM,NSE,STK,17210,INE0LWY01029,TRIDHYA,SM,,,,,TRIDHYA TECH LIMITED,7.30,7.30,7.30,7.30,7.30,7.00,,7.30,,,6000,43800.00,2,F1,3000,,,,,
2026-09-21,2026-09-21,CM,NSE,STK,5428,INE948A01012,TRIGYN,EQ,,,,,TRIGYN TECHNOLOGIES LTD,54.10,57.98,53.81,56.02,55.20,53.56,,56.02,,,42782,2422764.83,806,F1,1,,,,,
2026-09-21,2026-09-21,CM,NSE,STK,764960,INE440G01017,TRITONV,EQ,,,,,TRITON VALVES LTD.,1078.50,1110.00,1051.30,1063.90,1051.30,1084.30,,1065.92,,,1541,1669854.20,343,F1,1,,,,,
2026-09-21,2026-09-21,CM,NSE,STK,13081,INE256C01024,TRIVENI,EQ,,,,,TRIVENI ENGG. & INDS. LTD,239.00,241.20,234.45,238.75,239.45,238.80,,238.75,,,471883,112601256.80,10257,F1,1,,,,,
2026-09-21,2026-09-21,CM,NSE,STK,25584,INE152M01016,TRITURBINE,EQ,,,,,TRIVENI TURBINE LIMITED,567.80,572.20,553.25,555.65,555.15,567.80,,555.65,,,298822,167493617.25,37281,F1,1,,,,,
2026-09-21,2026-09-21,CM,NSE,STK,24642,INE0SYV01018,TROM,SM,,,,,TROM INDUSTRIES LIMITED,53.70,54.95,53.65,54.95,54.95,53.50,,54.95,,,5400,292320.00,9,F1,600,,,,,
2026-09-21,2026-09-21,CM,NSE,STK,759210,INE0MWH01014,TRUALT,EQ,,,,,TRUALT BIOENERGY LIMITED,425.05,425.05,412.00,415.05,415.00,421.70,,415.05,,,279871,116905584.25,8054,F1,1,,,,,
2026-09-21,2026-09-21,CM,NSE,STK,9378,INE615R01029,TRU,EQ,,,,,TRUCAP FINANCE LIMITED,4.11,4.30,4.00,4.12,4.13,4.21,,4.12,,,122417,503360.37,377,F1,1,,,,,
2026-09-21,2026-09-21,CM,NSE,STK,23417,INE0SWN01019,TRUST,SM,,,,,TRUST FINTECH LIMITED,26.00,26.95,26.00,26.15,26.15,26.05,,26.15,,,10200,267810.00,10,F1,600,,,,,
2026-09-21,2026-09-21,CM,NSE,STK,757861,INE16VK01010,TSC,ST,,,,,TSC INDIA LIMITED,48.00,51.45,48.00,51.45,51.45,49.00,,51.45,,,16000,807200.00,6,F1,2000,,,,,
2026-09-21,2026-09-21,CM,NSE,STK,2183,INE202Z01029,TSFINV,EQ,,,,,TSF INVESTMENTS LIMITED,455.65,465.00,451.00,460.35,460.00,455.65,,460.35,,,114026,52493484.80,5964,F1,1,,,,,
2026-09-21,2026-09-21,CM,NSE,STK,27448,INE1C3207065,935TSI30,N0,,,,,TSI 9.35% 30 SR I-D,104790.00,104790.00,104790.00,104790.00,104790.00,103690.00,,104790.00,,,5,523950.00,2,F1,1,,,,,
2026-09-21,2026-09-21,CM,NSE,STK,11369,INE910C01018,TTKHLTCARE,EQ,,,,,TTK HEALTHCARE LIMITED,1046.00,1091.90,1045.00,1073.30,1067.10,1050.00,,1073.31,,,29530,31791451.30,3286,F1,1,,,,,
2026-09-21,2026-09-21,CM,NSE,STK,3546,INE690A01028,TTKPRESTIG,EQ,,,,,TTK PRESTIGE LTD,530.85,535.50,517.05,524.90,525.30,530.85,,524.92,,,117081,61358354.20,8115,F1,1,,,,,
2026-09-21,2026-09-21,CM,NSE,STK,312,INE974X01010,TIINDIA,EQ,,,,,TUBE INVEST OF INDIA LTD,2601.00,2614.20,2569.10,2588.00,2588.00,2600.00,,2587.98,,,95386,247450075.60,11983,F1,1,,,,,
2026-09-21,2026-09-21,CM,NSE,STK,24520,INE0OXV01027,TUNWAL,SM,,,,,TUNWAL E-MOTORS LIMITED,25.65,26.15,25.30,25.30,25.30,25.65,,25.30,,,38000,971300.00,18,F1,2000,,,,,
2026-09-21,2026-09-21,CM,NSE,STK,756090,INE0OC301013,TURTLEMINT,EQ,,,,,TURTLEMINT FINTECH SOLS L,134.12,135.40,130.40,131.17,131.25,134.12,,131.16,,,407901,53796875.51,6384,F1,1,,,,,
2026-09-21,2026-09-21,CM,NSE,STK,765205,INE400A01014,TUTIALKA,EQ,,,,,TUTICORIN ALKAL CH & FE L,56.56,57.90,55.33,56.56,57.59,56.56,,56.63,,,3395,191770.22,138,F1,1,,,,,
2026-09-21,2026-09-21,CM,NSE,STK,11275,INE038F01029,TVTODAY,EQ,,,,,TV TODAY NETWORK LTD,108.00,112.00,107.26,107.64,107.45,109.29,,107.64,,,33099,3574024.23,879,F1,1,,,,,
2026-09-21,2026-09-21,CM,NSE,STK,18508,INE871L01013,TVVISION,BE,,,,,TV VISION LIMITED,2.59,2.65,2.58,2.65,2.65,2.53,,2.65,,,67844,178622.97,63,F1,1,,,,,
2026-09-21,2026-09-21,CM,NSE,STK,11265,INE236G01019,TVSELECT,EQ,,,,,TVS ELECTRONICS LTD,403.15,407.00,395.00,396.00,395.00,403.15,,395.94,,,39019,15594422.15,1681,F1,1,,,,,
2026-09-21,2026-09-21,CM,NSE,STK,29008,INE105A01035,TVSHLTD,EQ,,,,,TVS HOLDINGS LIMITED,12875.00,12875.00,12581.00,12729.00,12743.00,12812.00,,12729.00,,,3141,39891406.00,1480,F1,1,,,,,
2026-09-21,2026-09-21,CM,NSE,STK,8479,INE494B01023,TVSMOTOR,EQ,,,,,TVS MOTOR COMPANY  LTD,4173.10,4208.10,4155.00,4155.00,4155.00,4171.30,,4155.00,,,183197,765590396.50,22856,F1,1,,,,,
2026-09-21,2026-09-21,CM,NSE,STK,14245,INE421C01016,TVSSRICHAK,EQ,,,,,TVS SRICHAKRA LIMITED,4850.00,4901.00,4513.50,4592.00,4595.00,4844.50,,4592.34,,,21008,96862970.00,5153,F1,1,,,,,
2026-09-21,2026-09-21,CM,NSE,STK,18151,INE395N01027,TVSSCS,EQ,,,,,TVS SUPPLY CHAIN SOL L,133.81,133.85,131.51,132.85,132.17,133.85,,132.82,,,415337,55065023.48,7119,F1,1,,,,,
2026-09-21,2026-09-21,CM,NSE,STK,19503,INE388G01026,TICL,BE,,,,,TWAMEV CONS AND INFRA LTD,6.00,6.14,5.60,5.78,5.85,5.85,,5.74,,,569267,3421128.86,354,F1,1,,,,,
2026-09-21,2026-09-21,CM,NSE,STK,764970,INE726E01014,UPHOT,EQ,,,,,U P HOTELS LTD.,1450.00,1450.00,1450.00,1450.00,1450.00,1500.00,,1450.00,,,1,1450.00,1,F1,1,,,,,
2026-09-21,2026-09-21,CM,NSE,STK,25629,INE152C01025,UYFINCORP,BE,,,,,U. Y. FINCORP LIMITED,19.30,19.75,19.10,19.38,19.41,19.29,,19.39,,,78469,1506556.07,227,F1,1,,,,,
2026-09-21,2026-09-21,CM,NSE,STK,7739,INE139B01016,UCAL,BE,,,,,UCAL LIMITED,144.00,145.05,142.00,145.05,145.05,138.15,,145.07,,,15680,2264009.21,210,F1,1,,,,,
2026-09-21,2026-09-21,CM,NSE,STK,756000,INE583D07604,1015UCL27,NF,,,,,UCL 10.15% SR III,999.00,999.00,999.00,999.00,999.00,1000.00,,999.00,,,30,29970.00,1,F1,1,,,,,
2026-09-21,2026-09-21,CM,NSE,STK,11223,INE691A01018,UCOBANK,EQ,,,,,UCO BANK,23.75,23.84,23.51,23.62,23.66,23.75,,23.62,,,3228395,76538181.88,9982,F1,1,,,,,
2026-09-21,2026-09-21,CM,NSE,STK,764965,INE551B01012,UDAYJEW,EQ,,,,,UDAY JEWELLERY INDS. LTD.,152.55,158.50,149.00,151.08,151.75,152.20,,151.09,,,30400,4638690.43,371,F1,1,,,,,
2026-09-21,2026-09-21,CM,NSE,STK,14871,INE0N0Y01013,USK,EQ,,,,,UDAYSHIVAKUMAR INFRA LTD,19.76,20.65,19.76,20.12,20.00,20.07,,20.16,,,24203,489110.16,243,F1,1,,,,,
2026-09-21,2026-09-21,CM,NSE,STK,1053,INE516A01017,UFLEX,EQ,,,,,UFLEX LIMITED,655.00,663.95,654.20,656.15,655.85,659.45,,656.15,,,40593,26709937.90,2372,F1,1,,,,,
2026-09-21,2026-09-21,CM,NSE,STK,9039,INE527H01019,UFO,EQ,,,,,UFO MOVIEZ INDIA LTD.,60.11,61.50,60.11,60.87,60.56,60.95,,60.88,,,25437,1546802.12,419,F1,1,,,,,
2026-09-21,2026-09-21,CM,NSE,STK,5313,INE583D01011,UGROCAP,EQ,,,,,UGRO CAPITAL LIMITED,84.29,85.27,81.88,82.29,82.05,83.74,,82.30,,,192175,15902244.36,1784,F1,1,,,,,
2026-09-21,2026-09-21,CM,NSE,STK,23507,INE899L01030,UEL,EQ,,,,,UJAAS ENERGY LIMITED,203.73,209.50,196.00,198.29,200.00,203.73,,198.33,,,24543,4955668.43,846,F1,1,,,,,
2026-09-21,2026-09-21,CM,NSE,STK,15228,INE551W01018,UJJIVANSFB,EQ,,,,,UJJIVAN SMALL FINANC BANK,65.02,65.25,64.10,64.79,64.88,65.02,,64.79,,,4816181,311243464.35,53228,F1,1,,,,,
2026-09-21,2026-09-21,CM,NSE,STK,762961,INE405A01021,ULTRAMAR,EQ,,,,,ULTRAMARINE & PIGMENTS L,430.00,438.50,424.65,435.00,433.00,424.40,,434.80,,,40322,17381297.85,1670,F1,1,,,,,
2026-09-21,2026-09-21,CM,NSE,STK,11532,INE481G01011,ULTRACEMCO,EQ,,,,,ULTRATECH CEMENT LIMITED,11014.00,11146.00,10983.00,11100.00,11100.00,11014.00,,11100.00,,,152231,1687001056.00,22879,F1,1,,,,,
2026-09-21,2026-09-21,CM,NSE,STK,8845,INE0GIU01018,UMAEXPORTS,BE,,,,,UMA EXPORTS LIMITED,19.81,19.81,19.62,19.62,19.62,20.02,,20.42,,,83752,1647499.74,144,F1,1,,,,,
2026-09-21,2026-09-21,CM,NSE,STK,8998,INE398B01018,UMIYA-MRO,EQ,,,,,UMIYA BUILDCON LIMITED,97.00,100.85,96.00,98.33,98.10,98.01,,98.08,,,5576,546493.93,211,F1,1,,,,,
2026-09-21,2026-09-21,CM,NSE,STK,3579,INE351A01035,UNICHEMLAB,EQ,,,,,UNICHEM LABORATORIES LTD,534.70,554.85,521.55,540.65,547.50,545.70,,540.62,,,72661,38869461.15,4023,F1,1,,,,,
2026-09-21,2026-09-21,CM,NSE,STK,24809,INE00U401027,UNIECOM,EQ,,,,,UNICOMMERCE ESOLUTIONS L,82.51,83.49,80.32,81.11,81.75,83.21,,81.11,,,388179,31601118.79,4036,F1,1,,,,,
2026-09-21,2026-09-21,CM,NSE,STK,18582,INE0PRF01011,UNIHEALTH,SM,,,,,UNIHEALTH HOSPITALS LTD,670.00,678.00,666.00,668.00,667.00,680.00,,668.00,,,9000,6042850.00,17,F1,500,,,,,
2026-09-21,2026-09-21,CM,NSE,STK,7791,INE481Z01011,UNIINFO,EQ,,,,,UNIINFO TELECOM SERVI LTD,11.23,11.46,10.90,11.33,11.34,11.23,,11.33,,,1365,15368.38,18,F1,1,,,,,
2026-09-21,2026-09-21,CM,NSE,STK,25633,INE0B2801011,UNILEX,SM,,,,,UNILEX COLOURS AND CHEM L,27.00,28.00,27.00,28.00,28.00,27.00,,28.00,,,3200,88000.00,2,F1,1600,,,,,
2026-09-21,2026-09-21,CM,NSE,STK,28960,INE0U3I01011,UNIMECH,EQ,,,,,UNIMECH AEROSPACE N MFG L,1591.30,1703.00,1570.00,1698.40,1702.00,1591.30,,1698.32,,,608531,1006645585.90,51287,F1,1,,,,,
2026-09-21,2026-09-21,CM,NSE,STK,10753,INE692A01016,UNIONBANK,EQ,,,,,UNION BANK OF INDIA,177.11,178.87,177.03,178.09,178.09,176.56,,178.08,,,4110898,730630538.91,45034,F1,1,,,,,
2026-09-21,2026-09-21,CM,NSE,STK,29687,INF582M01KS4,UNIONGOLD,EQ,,,,,UNIONAMC - UNIONGOLD,148.10,150.75,147.10,148.30,149.00,149.65,,148.30,,,1870,278263.70,142,F1,1,,,,,
2026-09-21,2026-09-21,CM,NSE,STK,13057,INE244O01017,UNIPARTS,EQ,,,,,UNIPARTS INDIA LIMITED,831.50,859.00,820.05,854.85,855.05,831.50,,854.85,,,121769,102636858.90,12345,F1,1,,,,,
2026-09-21,2026-09-21,CM,NSE,STK,11293,INE037A01022,UNIENTER,EQ,,,,,UNIPHOS ENTERPRISES LTD,90.72,92.00,90.71,91.82,92.00,90.71,,91.92,,,793,72681.27,34,F1,1,,,,,
2026-09-21,2026-09-21,CM,NSE,STK,3594,INE694A01020,UNITECH,EQ,,,,,UNITECH LTD,4.31,4.34,4.11,4.13,4.15,4.31,,4.13,,,3203657,13430472.75,2515,F1,1,,,,,
2026-09-21,2026-09-21,CM,NSE,STK,16713,INE686F01025,UBL,EQ,,,,,UNITED BREWERIES LTD,1251.50,1260.00,1225.00,1227.80,1225.00,1251.50,,1227.80,,,102377,126267610.10,9042,F1,1,,,,,
2026-09-21,2026-09-21,CM,NSE,STK,201,INE961D01019,UNIDT,EQ,,,,,UNITED DRILLING TOOLS LTD,222.01,229.68,220.60,222.44,220.60,224.01,,222.91,,,13261,2979211.02,378,F1,1,,,,,
2026-09-21,2026-09-21,CM,NSE,STK,3133,INE382M01027,UFBL,BE,,,,,UNITED FOODBRANDS LIMITED,690.10,720.00,687.10,716.15,720.00,692.45,,715.86,,,13146,9279242.80,1524,F1,1,,,,,
2026-09-21,2026-09-21,CM,NSE,STK,25938,INE0SMR01011,UHTL,ST,,,,,UNITED HEAT TRANSFER LTD,192.00,192.00,192.00,192.00,192.00,188.25,,192.00,,,6000,1152000.00,3,F1,2000,,,,,
2026-09-21,2026-09-21,CM,NSE,STK,17999,INE458F01011,UNITEDTEA,EQ,,,,,UNITED NILGIRI TEA LTD,438.90,438.90,418.60,430.05,430.00,431.65,,430.05,,,1273,548012.10,138,F1,1,,,,,
2026-09-21,2026-09-21,CM,NSE,STK,7560,INE368U01029,UNITEDPOLY,EQ,,,,,UNITED POLYFAB GUJ. LTD.,46.00,46.55,42.01,46.05,46.00,45.85,,45.99,,,681850,31028350.16,1717,F1,1,,,,,
2026-09-21,2026-09-21,CM,NSE,STK,10447,INE854D01024,UNITDSPR,EQ,,,,,UNITED SPIRITS LIMITED,1384.00,1411.00,1379.50,1397.00,1397.00,1371.00,,1397.11,,,773709,1084112700.80,22052,F1,1,,,,,
2026-09-21,2026-09-21,CM,NSE,STK,10366,INE275F01019,UNIVAFOODS,BE,,,,,UNIVA FOODS LIMITED,9.48,9.48,9.48,9.48,9.48,9.48,,9.29,,,2549,24164.52,7,F1,1,,,,,
2026-09-21,2026-09-21,CM,NSE,STK,18979,INE562X01013,UNIVASTU,BE,,,,,UNIVASTU INDIA LIMITED,156.05,156.05,146.00,150.82,151.50,152.26,,150.82,,,46819,7173751.84,436,F1,1,,,,,
2026-09-21,2026-09-21,CM,NSE,STK,3607,INE279A01012,UNIVCABLES,EQ,,,,,UNIVERSAL CABLES LTD,1476.50,1487.90,1434.10,1477.50,1487.00,1477.00,,1477.67,,,85373,124791665.20,11401,F1,1,,,,,
2026-09-21,2026-09-21,CM,NSE,STK,17661,INE03V001013,UNIVPHOTO,BE,,,,,UNIVERSUS IMAGINGS LTD,595.00,612.30,580.00,599.15,596.00,584.00,,599.16,,,6059,3613821.15,124,F1,1,,,,,
2026-09-21,2026-09-21,CM,NSE,STK,14154,INE405E01023,UNOMINDA,EQ,,,,,UNO MINDA LIMITED,1259.90,1259.90,1220.70,1227.50,1227.50,1284.00,,1227.54,,,716308,883502237.40,33224,F1,1,,,,,
2026-09-21,2026-09-21,CM,NSE,STK,2883,INE530B08110,IIFLZC28,NG,,,,,UNSE RE NCD 0% SR.III,1655.20,1655.20,1655.20,1655.20,1655.20,1667.50,,1658.28,,,160,264832.00,1,F1,1,,,,,
2026-09-21,2026-09-21,CM,NSE,STK,2877,INE530B08102,96IIFL28A,NF,,,,,UNSE RE NCD 9.6% SR.II,999.12,1000.50,998.00,1000.00,1000.00,999.12,,1000.08,,,1076,1075749.51,22,F1,1,,,,,
2026-09-21,2026-09-21,CM,NSE,STK,5212,INE477L08147,10IIFL28,N4,,,,,UNSEC RE NCD 10% SR.I,1006.00,1006.00,1000.00,1000.00,1000.00,1005.00,,1003.00,,,550,552877.90,8,F1,1,,,,,
2026-09-21,2026-09-21,CM,NSE,STK,5214,INE477L08154,96IIFL28,N5,,,,,UNSEC RE NCD 9.60% SR.II,999.55,1000.00,999.00,999.01,999.00,999.75,,999.17,,,1223,1222285.23,31,F1,1,,,,,
2026-09-21,2026-09-21,CM,NSE,STK,19113,INE851I01011,UDS,EQ,,,,,UPDATER SERVICES LIMITED,190.03,202.89,190.03,198.48,199.46,189.82,,198.46,,,166785,33074477.72,5286,F1,1,,,,,
2026-09-21,2026-09-21,CM,NSE,STK,11287,INE628A01036,UPL,EQ,,,,,UPL LIMITED,564.20,569.20,559.90,559.90,559.90,580.00,,559.90,,,2691176,1516450581.40,30997,F1,1,,,,,
2026-09-21,2026-09-21,CM,NSE,STK,17081,INE568Z01015,URAVIDEF,BE,,,,,URAVI DEFENCE &TECH LTD,107.50,107.50,105.90,105.90,105.90,108.00,,107.10,,,1327,140590.60,38,F1,1,,,,,
2026-09-21,2026-09-21,CM,NSE,STK,759084,INE0CAZ01013,URBANCO,EQ,,,,,URBAN COMPANY LIMITED,168.30,174.25,166.54,173.40,172.70,169.11,,173.42,,,6489690,1113906033.39,48000,F1,1,,,,,
2026-09-21,2026-09-21,CM,NSE,STK,16888,INE0O0201019,URBAN,SM,,,,,URBAN ENVIRO WASTE MGMT L,120.00,120.00,117.35,120.00,120.00,120.95,,120.00,,,5600,669520.00,7,F1,800,,,,,
2026-09-21,2026-09-21,CM,NSE,STK,20203,INE550C01020,URJA,EQ,,,,,URJA GLOBAL LIMITED,9.24,9.35,9.00,9.06,9.12,9.15,,9.06,,,565619,5172748.14,2243,F1,1,,,,,
2026-09-21,2026-09-21,CM,NSE,STK,25952,INE0LS001014,USHAFIN,SM,,,,,USHA FINANCIAL SERVICES L,50.00,52.00,50.00,51.00,51.00,51.00,,51.00,,,36800,1883280.00,17,F1,1600,,,,,
2026-09-21,2026-09-21,CM,NSE,STK,19142,INE240C01028,UMESLTD,EQ,,,,,USHA MARTIN EDU & SOL LTD,4.58,4.82,4.06,4.25,4.34,4.39,,4.26,,,83442,364726.07,337,F1,1,,,,,
2026-09-21,2026-09-21,CM,NSE,STK,8840,INE228A01035,USHAMART,EQ,,,,,USHA MARTIN LTD.,510.00,542.60,505.20,533.90,537.45,507.20,,533.99,,,3336342,1766523657.20,73521,F1,1,,,,,
2026-09-21,2026-09-21,CM,NSE,STK,4214,INE00NI01015,UCL,ST,,,,,USHANTI COLOUR CHEM LTD,225.90,225.90,225.90,225.90,225.90,230.50,,225.90,,,190000,42921000.00,4,F1,2000,,,,,
2026-09-21,2026-09-21,CM,NSE,STK,527,INE094J01016,UTIAMC,EQ,,,,,UTI ASSET MNGMT CO LTD,890.05,928.00,890.05,924.80,925.50,895.00,,924.78,,,129186,118147261.60,10321,F1,1,,,,,
2026-09-21,2026-09-21,CM,NSE,STK,764180,INF789F1AG68,LIQUIDBETA,EQ,,,,,UTIAMC - LIQUIDBETA,1008.81,1008.83,1008.81,1008.83,1008.83,1008.29,,1008.83,,,503,507431.49,3,F1,1,,,,,
2026-09-21,2026-09-21,CM,NSE,STK,765431,INF789F1AG76,NIF500BETA,EQ,,,,,UTIAMC - NIF500BETA,37.57,37.57,36.71,36.76,36.76,36.66,,36.69,,,54731,2012179.51,22,F1,1,,,,,
2026-09-21,2026-09-21,CM,NSE,STK,766104,INF789F1AH42,SECLEDBETA,EQ,,,,,UTIAMC - SECLEDBETA,14.45,14.70,14.35,14.38,14.38,14.25,,14.38,,,13378,193082.99,22,F1,1,,,,,
2026-09-21,2026-09-21,CM,NSE,STK,22440,INF789F1AUV1,BANKBETA,EQ,,,,,UTIAMC-BANKBETA,58.37,58.59,58.24,58.42,58.37,58.37,,58.42,,,45066,2630744.98,867,F1,1,,,,,
2026-09-21,2026-09-21,CM,NSE,STK,22524,INF789F1AZF3,GILT10BETA,EQ,,,,,UTIAMC-GILT10BETA,26.66,26.66,26.14,26.64,26.64,26.66,,26.64,,,185,4895.55,20,F1,1,,,,,
2026-09-21,2026-09-21,CM,NSE,STK,22521,INF789F1AZE6,GILT5BETA,EQ,,,,,UTIAMC-GILT5BETA,66.60,66.60,65.61,66.46,66.46,66.59,,66.46,,,166,10908.78,5,F1,1,,,,,
2026-09-21,2026-09-21,CM,NSE,STK,22488,INF789F1AZD8,ITBETA,EQ,,,,,UTIAMC-ITBETA,302.94,304.51,300.22,304.29,304.29,302.55,,304.29,,,299,90381.61,33,F1,1,,,,,
2026-09-21,2026-09-21,CM,NSE,STK,18347,INF789F1AYX9,MIDCAPBETA,EQ,,,,,UTIAMC-MIDCAPBETA,229.75,231.64,229.75,230.76,230.76,230.90,,231.15,,,2371,546531.81,36,F1,1,,,,,
2026-09-21,2026-09-21,CM,NSE,STK,21478,INF789F1AUW9,NEXT50BETA,EQ,,,,,UTIAMC-NEXT50BETA,77.80,78.25,77.12,78.02,78.20,77.88,,78.02,,,106078,8270211.08,667,F1,1,,,,,
2026-09-21,2026-09-21,CM,NSE,STK,10511,INF789F1AZC0,NIFTYBETA,EQ,,,,,UTIAMC-NIFTYBETA,253.27,262.37,253.27,260.56,260.73,259.77,,260.56,,,24189,6292718.58,596,F1,1,,,,,
2026-09-21,2026-09-21,CM,NSE,STK,10515,INF789FB1X58,SENSEXBETA,EQ,,,,,UTIAMC-SENSEXBETA,837.03,837.03,826.76,829.42,832.24,832.87,,829.42,,,1062,879738.15,114,F1,1,,,,,
2026-09-21,2026-09-21,CM,NSE,STK,15085,INF789F1AYK6,SILVERBETA,EQ,,,,,UTIAMC-SILVERBETA,225.98,225.98,223.50,224.32,224.10,226.15,,224.32,,,550300,123493512.36,3160,F1,1,,,,,
2026-09-21,2026-09-21,CM,NSE,STK,9168,INF789F1AUU3,SNXT50BETA,EQ,,,,,UTIAMC-SNXT50BETA,90.53,95.38,90.53,94.34,94.47,92.86,,94.34,,,11653,1100551.53,137,F1,1,,,,,
2026-09-21,2026-09-21,CM,NSE,STK,14535,INF789F1AUX7,GOLDBETA,EQ,,,,,UTIAMC-UTIGOLDBETA,128.60,128.65,127.70,127.90,127.95,128.60,,127.90,,,670062,85777869.50,2778,F1,1,,,,,
2026-09-21,2026-09-21,CM,NSE,STK,751580,INE1V1R01014,UTKAL,SM,,,,,UTKAL SPEC INDUS INDIA L,50.50,50.50,48.00,48.00,48.00,48.10,,48.00,,,14000,697000.00,6,F1,2000,,,,,
2026-09-21,2026-09-21,CM,NSE,STK,17358,INE735W01017,UTKARSHBNK,EQ,,,,,UTKARSH SMALL FIN BANK L,14.23,14.24,13.93,14.00,14.05,14.17,,14.00,,,4746656,66729107.73,5670,F1,1,,,,,
2026-09-21,2026-09-21,CM,NSE,STK,24726,INE06IJ01010,UTSSAV,SM,,,,,UTSSAV CZ GOLD JEWELS LTD,659.75,668.45,650.00,653.00,653.00,653.25,,653.00,,,25200,16571040.00,37,F1,600,,,,,
2026-09-21,2026-09-21,CM,NSE,STK,13376,INE786F01031,UTTAMSUGAR,EQ,,,,,UTTAM SUGAR MILLS LTD.,259.45,261.15,253.10,256.05,257.50,260.25,,256.06,,,131313,33585451.25,3982,F1,1,,,,,
2026-09-21,2026-09-21,CM,NSE,STK,3188,INE0GXK01018,VMARCIND,SM,,,,,V MARC INDIA LIMITED,347.85,348.00,318.05,322.10,320.00,346.75,,322.10,,,396000,130748925.00,252,F1,1500,,,,,
2026-09-21,2026-09-21,CM,NSE,STK,765220,INE222F01029,VTMLTD,EQ,,,,,V T M LTD.,47.50,49.00,45.51,46.26,46.98,47.50,,46.27,,,37450,1769650.88,292,F1,1,,,,,
2026-09-21,2026-09-21,CM,NSE,STK,15362,INE951I01027,VGUARD,EQ,,,,,V-GUARD IND LTD.,325.40,328.45,322.10,324.95,325.50,325.40,,324.95,,,255648,83086491.55,12344,F1,1,,,,,
2026-09-21,2026-09-21,CM,NSE,STK,24606,INE0QXL01015,VLINFRA,SM,,,,,V.L.INFRAPROJECTS LIMITED,25.65,25.70,25.65,25.65,25.65,25.90,,25.65,,,4500,115500.00,3,F1,1500,,,,,
2026-09-21,2026-09-21,CM,NSE,STK,14766,INE945H01021,V2RETAIL,EQ,,,,,V2 RETAIL LIMITED,212.90,214.44,210.00,210.85,210.01,214.03,,210.86,,,707901,149801608.78,19625,F1,1,,,,,
2026-09-21,2026-09-21,CM,NSE,STK,20188,INE956G01038,WABAG,EQ,,,,,VA TECH WABAG LTD,2126.00,2155.70,2085.10,2099.50,2101.00,2132.60,,2099.50,,,393829,830172625.90,25849,F1,1,,,,,
2026-09-21,2026-09-21,CM,NSE,STK,764975,INE693D01018,VADILENT,EQ,,,,,VADILAL ENTERPRISES LTD.,10570.00,10570.00,10500.00,10500.00,10500.00,10540.00,,10457.33,,,57,598671.00,14,F1,1,,,,,
2026-09-21,2026-09-21,CM,NSE,STK,24196,INE694D01016,VADILALIND,EQ,,,,,VADILAL INDUSTRIES LTD,7350.00,7650.00,7310.50,7415.00,7440.00,7362.00,,7415.49,,,16279,121991198.50,4566,F1,1,,,,,
2026-09-21,2026-09-21,CM,NSE,STK,20973,INE551Q01028,VSCL,SM,,,,,VADIVARHE SPCLTY CHEM LTD,19.20,20.75,19.20,20.75,20.75,19.80,,20.75,,,9000,177600.00,3,F1,3000,,,,,
2026-09-21,2026-09-21,CM,NSE,STK,11364,INE884A01027,VAIBHAVGBL,EQ,,,,,VAIBHAV GLOBAL LIMITED,208.42,211.35,207.12,208.01,207.87,209.90,,208.01,,,183735,38333987.40,4491,F1,1,,,,,
2026-09-21,2026-09-21,CM,NSE,STK,8262,INE0JR301013,MADHAVBAUG,ST,,,,,VAIDYA SANE AYUR LAB LTD,155.00,161.00,155.00,159.95,160.00,155.90,,159.95,,,40400,6447340.00,26,F1,400,,,,,
2026-09-21,2026-09-21,CM,NSE,STK,16589,INE972X01022,VAISHALI,EQ,,,,,VAISHALI PHARMA LIMITED,9.09,9.12,8.16,8.24,8.35,8.79,,8.24,,,464234,3930272.49,801,F1,1,,,,,
2026-09-21,2026-09-21,CM,NSE,STK,13342,INE051B01021,VAKRANGEE,EQ,,,,,VAKRANGEE LIMITED,5.35,5.35,5.11,5.16,5.16,5.30,,5.16,,,1936392,10053048.33,2495,F1,1,,,,,
2026-09-21,2026-09-21,CM,NSE,STK,19220,INE0JWS01017,VALIANTLAB,BE,,,,,VALIANT LABORATORIES LTD,122.05,129.30,118.05,127.08,127.99,123.26,,127.19,,,126186,15907869.09,605,F1,1,,,,,
2026-09-21,2026-09-21,CM,NSE,STK,330,INE565V01010,VALIANTORG,EQ,,,,,VALIANT ORGANICS LIMITED,432.40,442.10,412.20,422.95,421.00,426.65,,422.95,,,125042,53381914.30,2693,F1,1,,,,,
2026-09-21,2026-09-21,CM,NSE,STK,18124,INE879I01012,DBREALTY,EQ,,,,,VALOR ESTATE LIMITED,96.43,97.36,95.00,95.29,95.55,95.68,,95.29,,,851636,81757981.16,7028,F1,1,,,,,
2026-09-21,2026-09-21,CM,NSE,STK,763304,INE1E7Y01018,VALUE360,SM,,,,,VALUE 360 COMMUNICATION L,66.00,66.00,62.00,65.30,65.30,65.55,,65.30,,,15600,993180.00,13,F1,1200,,,,,
2026-09-21,2026-09-21,CM,NSE,STK,13403,INE116G01013,VARDHACRLC,BE,,,,,VARDHAMAN ACRYLICS LTD,44.00,45.20,43.72,44.56,44.50,44.50,,44.56,,,36606,1610138.62,189,F1,1,,,,,
2026-09-21,2026-09-21,CM,NSE,STK,11892,INE701A01023,VHL,EQ,,,,,VARDHMAN HOLDINGS LIMITED,3350.00,3410.00,3331.00,3339.10,3342.90,3377.10,,3339.58,,,459,1540726.80,134,F1,1,,,,,
2026-09-21,2026-09-21,CM,NSE,STK,3646,INE835A01029,VARDMNPOLY,EQ,,,,,VARDHMAN POLYTEX LTD.,5.79,5.96,5.70,5.79,5.78,5.69,,5.80,,,136697,798992.61,341,F1,1,,,,,
2026-09-21,2026-09-21,CM,NSE,STK,27067,INE050M01012,VSSL,EQ,,,,,VARDHMAN SPC STEEL LTD,404.70,417.05,402.00,410.80,410.00,404.70,,410.79,,,146996,60325886.75,5938,F1,1,,,,,
2026-09-21,2026-09-21,CM,NSE,STK,2073,INE825A01020,VTL,EQ,,,,,VARDHMAN TEXTILES LIMITED,575.70,576.90,552.15,554.15,555.10,578.05,,554.17,,,235586,132194547.95,15574,F1,1,,,,,
2026-09-21,2026-09-21,CM,NSE,STK,3857,INE665L01035,VARROC,EQ,,,,,VARROC ENGINEERING LTD.,864.80,879.90,854.80,872.55,873.85,861.55,,872.55,,,233688,203531671.65,16173,F1,1,,,,,
2026-09-21,2026-09-21,CM,NSE,STK,18921,INE200M01039,VBL,EQ,,,,,VARUN BEVERAGES LIMITED,422.00,431.15,422.00,425.00,425.00,421.95,,425.01,,,4940296,2115476269.85,48143,F1,1,,,,,
2026-09-21,2026-09-21,CM,NSE,STK,13771,INE273D01027,VGL,EQ,,,,,VARVEE GLOBAL LIMITED,66.70,71.49,66.70,69.03,68.77,66.27,,69.09,,,478309,33039119.76,2846,F1,1,,,,,
2026-09-21,2026-09-21,CM,NSE,STK,16454,INE0N5801013,DENTALKART,SM,,,,,VASA DENTICITY LIMITED,417.85,419.30,400.00,412.95,419.30,420.40,,412.95,,,22000,8943000.00,48,F1,250,,,,,
2026-09-21,2026-09-21,CM,NSE,STK,18110,INE893I01013,VASCONEQ,EQ,,,,,VASCON ENGINEERS LTD,30.00,32.81,30.00,32.18,32.11,30.35,,32.18,,,1379202,44198880.14,5483,F1,1,,,,,
2026-09-21,2026-09-21,CM,NSE,STK,25340,INE590L01019,VASWANI,EQ,,,,,VASWANI IND LTD,48.30,48.30,45.11,46.10,47.57,46.47,,46.22,,,14873,683330.29,369,F1,1,,,,,
2026-09-21,2026-09-21,CM,NSE,STK,9027,INE098201036,VCL,BE,,,,,VAXTEX COTFAB LIMITED,1.59,1.65,1.58,1.60,1.63,1.61,,1.60,,,435076,698457.69,252,F1,1,,,,,
2026-09-21,2026-09-21,CM,NSE,STK,758533,INE04HY07302,118VCCL27A,N0,,,,,VCCL 11.8% 2027 SR B,99999.99,99999.99,99999.99,99999.99,99999.99,96000.00,,99999.99,,,1,99999.99,1,F1,1,,,,,
2026-09-21,2026-09-21,CM,NSE,STK,759394,INE04HY07336,118VCCL27B,N0,,,,,VCCL 11.8% 2027 SR B,100000.00,100205.85,100000.00,100205.85,100205.85,98000.00,,100205.85,,,2,200205.85,2,F1,1,,,,,
2026-09-21,2026-09-21,CM,NSE,STK,760558,INE04HY08011,125VCCL31,N0,,,,,VCCL 12.5% 2031,97000.00,97000.00,97000.00,97000.00,97000.00,97700.00,,97000.00,,,1,97000.00,1,F1,1,,,,,
2026-09-21,2026-09-21,CM,NSE,STK,25054,INE0U2M01015,VDEAL,SM,,,,,VDEAL SYSTEM LIMITED,121.85,128.40,116.00,124.85,128.40,115.00,,124.85,,,34800,4214640.00,44,F1,600,,,,,
2026-09-21,2026-09-21,CM,NSE,STK,8167,INE825V01034,MANYAVAR,EQ,,,,,VEDANT FASHIONS LIMITED,539.90,551.10,533.80,536.70,537.00,544.25,,536.74,,,168703,91098623.70,15933,F1,1,,,,,
2026-09-21,2026-09-21,CM,NSE,STK,750174,INE1CDF01017,VAML,EQ,,,,,VEDANTA ALUMINIUM METAL L,415.15,422.00,411.75,413.05,413.10,416.50,,413.05,,,9228590,3847086031.35,141597,F1,1,,,,,
2026-09-21,2026-09-21,CM,NSE,STK,750290,INE1CLE01013,VISL,EQ,,,,,VEDANTA IRON AND STEEL L,30.70,31.30,30.60,30.68,30.84,30.91,,30.68,,,14393797,445711753.60,41390,F1,1,,,,,
2026-09-21,2026-09-21,CM,NSE,STK,3063,INE205A01025,VEDL,EQ,,,,,VEDANTA LIMITED,264.50,264.50,259.00,260.50,260.50,267.60,,260.50,,,6600043,1721718846.95,60737,F1,1,,,,,
2026-09-21,2026-09-21,CM,NSE,STK,750368,INE704J01044,VOGL,EQ,,,,,VEDANTA OIL AND GAS LTD,34.50,34.53,33.81,33.87,33.85,34.26,,33.87,,,14800747,504301142.97,45190,F1,1,,,,,
2026-09-21,2026-09-21,CM,NSE,STK,750518,INE694L01019,VEDPOWER,EQ,,,,,VEDANTA POWER LIMITED,31.17,31.25,30.70,30.78,30.86,31.17,,30.78,,,5959497,184226558.40,30070,F1,1,,,,,
2026-09-21,2026-09-21,CM,NSE,STK,764980,INE359B01010,VEDAVAAG,EQ,,,,,VEDAVAAG SYSTEMS LTD.,23.00,23.67,21.70,22.85,23.00,22.21,,22.84,,,65171,1473245.24,499,F1,1,,,,,
2026-09-21,2026-09-21,CM,NSE,STK,14019,INE484C01030,VEEDOL,EQ,,,,,VEEDOL CORPORATION LTD,1377.70,1389.70,1355.00,1357.00,1362.00,1377.70,,1357.06,,,9774,13337793.50,1045,F1,1,,,,,
2026-09-21,2026-09-21,CM,NSE,STK,766098,INE1JTV01015,VEEGALAND,BE,,,,,VEEGALAND DEVELOPERS LTD,142.00,143.02,138.99,141.84,141.00,146.30,,141.81,,,1107338,155383317.50,5970,F1,1,,,,,
2026-09-21,2026-09-21,CM,NSE,STK,10710,INE0KTW01013,VEEKAYEM,SM,,,,,VEEKAYEM FASH & APP LTD,97.10,97.10,97.10,97.10,97.10,102.20,,97.10,,,2000,194200.00,4,F1,500,,,,,
2026-09-21,2026-09-21,CM,NSE,STK,762969,INE232E01013,VELJAN,BE,,,,,VELJAN DENISON LTD.,1942.00,1999.00,1938.20,1987.40,1951.00,1941.40,,1987.55,,,594,1178734.70,55,F1,1,,,,,
2026-09-21,2026-09-21,CM,NSE,STK,3757,INE398A01010,VENKEYS,EQ,,,,,VENKY S (INDIA) LIMITED,1659.90,1659.90,1632.00,1640.30,1639.00,1646.80,,1640.37,,,42692,70189537.40,5125,F1,1,,,,,
2026-09-21,2026-09-21,CM,NSE,STK,28847,INE781S01027,VENTIVE,EQ,,,,,VENTIVE HOSPITALITY LTD,555.05,561.00,554.00,556.75,554.50,557.35,,556.66,,,24379,13573888.55,1153,F1,1,,,,,
2026-09-21,2026-09-21,CM,NSE,STK,9592,INE0JA001018,VENUSPIPES,EQ,,,,,VENUS PIPES & TUBES LTD,2287.00,2347.90,2211.10,2231.20,2220.10,2282.90,,2231.19,,,488921,1116722475.70,48748,F1,1,,,,,
2026-09-21,2026-09-21,CM,NSE,STK,13859,INE411B01019,VENUSREM,EQ,,,,,VENUS REMEDIES LIMITED,1570.10,1645.30,1560.00,1593.20,1565.10,1582.20,,1593.29,,,33871,54253165.10,2908,F1,1,,,,,
2026-09-21,2026-09-21,CM,NSE,STK,8890,INE0IQ001011,VERANDA,EQ,,,,,VERANDA LEARNING SOL LTD,223.00,232.50,218.43,229.17,230.00,221.76,,229.22,,,339186,77440610.16,5863,F1,1,,,,,
2026-09-21,2026-09-21,CM,NSE,STK,23775,INE0SRI01019,VERITAAS,SM,,,,,VERITAAS ADVERTISING LTD,25.20,25.20,25.20,25.20,25.20,26.50,,25.20,,,1200,30240.00,1,F1,1200,,,,,
2026-09-21,2026-09-21,CM,NSE,STK,10757,INE0KXY23015,VERTIS,IV,,,,,VERTIS INFRASTRUCTURE TST,114.00,114.00,113.90,113.90,113.90,114.50,,113.90,,,50000,5697500.00,2,F1,25000,,,,,
2026-09-21,2026-09-21,CM,NSE,STK,18863,INE188Y01031,VERTOZ,EQ,,,,,VERTOZ LIMITED,36.20,39.70,36.20,36.93,37.35,37.04,,36.93,,,34552,1278845.59,425,F1,1,,,,,
2026-09-21,2026-09-21,CM,NSE,STK,3676,INE386A01023,VESUVIUS,EQ,,,,,VESUVIUS INDIA LTD,404.00,406.80,397.05,397.75,397.30,405.95,,397.54,,,43139,17288333.80,3130,F1,1,,,,,
2026-09-21,2026-09-21,CM,NSE,STK,8652,INE918N01018,VETO,EQ,,,,,VETO SWITCHGEAR CABLE LTD,143.80,147.38,140.10,143.78,142.50,139.15,,143.75,,,365390,52822000.05,3768,F1,1,,,,,
2026-09-21,2026-09-21,CM,NSE,STK,14316,INE0MO401019,VIAZ,SM,,,,,VIAZ TYRES LIMITED,76.40,76.40,76.40,76.40,76.40,76.50,,76.40,,,18000,1375200.00,9,F1,2000,,,,,
2026-09-21,2026-09-21,CM,NSE,STK,22730,INE0QTF01015,VSTL,EQ,,,,,VIBHOR STEEL TUBES LTD,113.45,115.95,110.66,114.48,115.75,113.54,,114.48,,,6093,689946.76,207,F1,1,,,,,
2026-09-21,2026-09-21,CM,NSE,STK,765252,INE761Q01015,VGCL,EQ,,,,,VIBRANT GLOBAL CAPITAL L,50.29,50.29,46.55,47.14,46.55,48.42,,46.62,,,2795,134676.96,87,F1,1,,,,,
2026-09-21,2026-09-21,CM,NSE,STK,23386,INE048C01025,VHLTD,BE,,,,,VICEROY HOTELS LIMITED,130.38,132.40,125.00,128.32,127.10,126.31,,128.98,,,91880,11876122.05,543,F1,1,,,,,
2026-09-21,2026-09-21,CM,NSE,STK,760691,INE0F8901022,VICTORYEV,SM,,,,,VICTORY ELEC VEHICL INT L,13.50,14.30,13.50,14.20,14.20,14.90,,14.20,,,21000,293250.00,7,F1,3000,,,,,
2026-09-21,2026-09-21,CM,NSE,STK,13536,INE632C01026,VIDHIING,EQ,,,,,VIDHI SPCLTY F INGRDNTS L,340.60,356.95,340.25,354.45,355.00,344.55,,354.45,,,48745,17096761.40,1448,F1,1,,,,,
2026-09-21,2026-09-21,CM,NSE,STK,760224,INE14UN01029,VIDYAWIRES,EQ,,,,,VIDYA WIRES LIMITED,87.48,87.63,84.90,85.45,85.32,86.87,,85.45,,,473456,40573246.40,4713,F1,1,,,,,
2026-09-21,2026-09-21,CM,NSE,STK,758898,INE1DM601016,VIGOR,SM,,,,,VIGOR PLAST INDIA LIMITED,104.00,104.35,101.20,102.05,102.50,99.05,,102.05,,,12800,1318480.00,8,F1,1600,,,,,
2026-09-21,2026-09-21,CM,NSE,STK,764985,INE362D01010,VIJSOLX,EQ,,,,,VIJAY SOLVEX LTD.,631.00,634.95,615.20,634.95,634.95,631.50,,630.78,,,121,76081.90,17,F1,1,,,,,
2026-09-21,2026-09-21,CM,NSE,STK,5585,INE043W01024,VIJAYA,EQ,,,,,VIJAYA DIAGNOSTIC CEN LTD,1555.30,1573.90,1543.30,1556.10,1546.00,1558.90,,1556.20,,,107149,167027959.50,13195,F1,1,,,,,
2026-09-21,2026-09-21,CM,NSE,STK,17695,INE159N01027,VIJIFIN,BE,,,,,VIJI FINANCE LIMITED,15.30,15.30,15.30,15.30,15.30,15.00,,15.40,,,596493,9126342.90,267,F1,1,,,,,
2026-09-21,2026-09-21,CM,NSE,STK,25756,INE806A01020,VIKASECO,EQ,,,,,VIKAS ECOTECH LIMITED,1.05,1.06,1.04,1.04,1.04,1.04,,1.04,,,1076975,1130469.43,1019,F1,1,,,,,
2026-09-21,2026-09-21,CM,NSE,STK,9931,INE161L01027,VIKASLIFE,EQ,,,,,VIKAS LIFECARE LIMITED,1.21,1.28,1.21,1.23,1.23,1.21,,1.23,,,2362237,2907262.59,7540,F1,1,,,,,
2026-09-21,2026-09-21,CM,NSE,STK,759453,INE078V01014,VIKRAMSOLR,EQ,,,,,VIKRAM SOLAR LIMITED,166.00,167.75,163.50,163.75,163.90,165.42,,163.76,,,1112179,183787453.12,12262,F1,1,,,,,
2026-09-21,2026-09-21,CM,NSE,STK,758973,INE01R501028,VIKRAN,EQ,,,,,VIKRAN ENGINEERING LTD,56.30,56.99,55.90,56.16,56.17,56.31,,56.17,,,653079,36790783.85,3640,F1,1,,,,,
2026-09-21,2026-09-21,CM,NSE,STK,23909,INE0AZY01017,VILAS,SM,,,,,VILAS TRANSCORE LIMITED,376.95,380.00,359.95,368.40,360.05,372.40,,368.40,,,62500,23152962.50,160,F1,250,,,,,
2026-09-21,2026-09-21,CM,NSE,STK,16960,INE0L4V01013,VILINBIO,ST,,,,,VILIN BIO MED LIMITED,55.10,55.10,55.10,55.10,55.10,58.00,,55.10,,,16000,881600.00,4,F1,4000,,,,,
2026-09-21,2026-09-21,CM,NSE,STK,13101,INE579C01029,VIMTALABS,EQ,,,,,VIMTA LABS LIMITED,601.50,629.00,597.30,616.05,616.50,603.10,,616.05,,,276255,170428211.00,13847,F1,1,,,,,
2026-09-21,2026-09-21,CM,NSE,STK,17364,INE410B01037,VINATIORGA,EQ,,,,,VINATI ORGANICS LTD,1230.10,1240.10,1215.80,1222.10,1229.00,1234.90,,1222.17,,,62279,76137597.80,8290,F1,1,,,,,
2026-09-21,2026-09-21,CM,NSE,STK,3694,INE707A01012,VINDHYATEL,EQ,,,,,VINDHYA TELELINKS LTD,2709.00,2895.00,2700.00,2853.20,2880.00,2660.00,,2853.19,,,171023,481344609.20,17530,F1,1,,,,,
2026-09-21,2026-09-21,CM,NSE,STK,3807,INE505Y01010,VINEETLAB,EQ,,,,,VINEET LABORATORIES LTD,37.27,37.27,34.95,35.54,35.82,36.78,,35.54,,,94270,3381508.84,626,F1,1,,,,,
2026-09-21,2026-09-21,CM,NSE,STK,763821,INE27V201011,VMOBILE,SM,,,,,VINIT MOBILE LIMITED,57.50,57.50,57.20,57.20,57.20,60.20,,57.20,,,12000,687600.00,15,F1,800,,,,,
2026-09-21,2026-09-21,CM,NSE,STK,12490,INE01KI01027,VINNY,EQ,,,,,VINNY OVERSEAS LIMITED,0.98,0.98,0.93,0.93,0.93,0.96,,0.93,,,565418,534211.90,380,F1,1,,,,,
2026-09-21,2026-09-21,CM,NSE,STK,766064,INE1A5U01014,VINOD,ST,,,,,VINOD TEXWORLD LIMITED,80.65,80.65,80.65,80.65,80.65,84.85,,80.65,,,2400,193560.00,2,F1,1200,,,,,
2026-09-21,2026-09-21,CM,NSE,STK,17905,INE0OSJ01014,VINSYS,ST,,,,,VINSYS IT SERVICES IND LT,581.00,598.00,575.00,589.70,590.00,580.00,,589.70,,,21250,12481525.00,29,F1,250,,,,,
2026-09-21,2026-09-21,CM,NSE,STK,25835,INE498Q01014,VINCOFE,EQ,,,,,VINTAGE COFFEE N BVRGS L,174.00,178.00,172.50,176.33,176.30,174.19,,176.35,,,1599235,280890565.36,21294,F1,1,,,,,
2026-09-21,2026-09-21,CM,NSE,STK,19206,INE0OLS01010,VINYAS,SM,,,,,VINYAS INNOVATIVE TECH L,1425.20,1520.00,1425.20,1503.40,1500.30,1432.35,,1503.40,,,9500,14112075.00,75,F1,100,,,,,
2026-09-21,2026-09-21,CM,NSE,STK,16821,INE250B01029,VINYLINDIA,EQ,,,,,VINYL CHEMICALS (I) LTD.,225.00,225.00,215.29,216.69,219.98,222.68,,217.23,,,6663,1457888.47,429,F1,1,,,,,
2026-09-21,2026-09-21,CM,NSE,STK,14843,INE450G01024,VIPCLOTHNG,EQ,,,,,VIP CLOTHING LIMITED,21.32,21.47,20.80,21.25,21.46,20.80,,21.25,,,66170,1399447.35,197,F1,1,,,,,
2026-09-21,2026-09-21,CM,NSE,STK,3703,INE054A01027,VIPIND,EQ,,,,,VIP INDUSTRIES LTD,302.20,304.50,294.10,295.90,296.00,299.10,,295.90,,,238038,70956832.00,4660,F1,1,,,,,
2026-09-21,2026-09-21,CM,NSE,STK,8437,INE946H01037,VIPULLTD,BE,,,,,VIPUL LIMITED,12.01,12.86,11.95,12.05,12.02,12.25,,12.05,,,216086,2725609.24,428,F1,1,,,,,
2026-09-21,2026-09-21,CM,NSE,STK,764990,INE467D01017,VIRAT,EQ,,,,,VIRAT INDUSTRIES LTD.,387.00,396.45,365.00,371.95,376.00,390.85,,372.50,,,8187,3118543.60,389,F1,1,,,,,
2026-09-21,2026-09-21,CM,NSE,STK,15295,INE539B01017,VIRINCHI,EQ,,,,,VIRINCHI LIMITED,14.02,14.23,13.82,13.98,14.03,14.17,,13.98,,,28467,397902.87,145,F1,1,,,,,
2026-09-21,2026-09-21,CM,NSE,STK,757060,INE0VRH01015,VGINFOTECH,SM,,,,,VIRTUAL GALAXY INFOTECH L,140.00,143.00,136.55,137.50,137.50,140.10,,137.50,,,31000,4302250.00,29,F1,1000,,,,,
2026-09-21,2026-09-21,CM,NSE,STK,765218,INE247C01023,VIRTUALG,BE,,,,,VIRTUAL GLOBAL EDU LTD,0.46,0.47,0.45,0.45,0.46,0.47,,0.45,,,365019,166684.02,205,F1,1,,,,,
2026-09-21,2026-09-21,CM,NSE,STK,761916,INE0I0T01010,VOEPL,EQ,,,,,VIRTUOSO OPTOELECTRONIC L,510.05,514.15,490.20,494.40,492.50,506.75,,494.45,,,36231,18039025.75,1742,F1,1,,,,,
2026-09-21,2026-09-21,CM,NSE,STK,13295,INE286H01012,VISACHROME,EQ,,,,,VISA CHROME LIMITED,31.23,31.59,29.50,31.59,31.59,30.09,,31.80,,,38525,1192937.55,160,F1,1,,,,,
2026-09-21,2026-09-21,CM,NSE,STK,29877,INE370E01029,VIVIDHA,EQ,,,,,VISAGAR POLYTEX LTD,0.51,0.53,0.51,0.52,0.52,0.51,,0.52,,,231678,121456.80,165,F1,1,,,,,
2026-09-21,2026-09-21,CM,NSE,STK,4221,INE392A01021,VISAKAIND,EQ,,,,,VISAKA INDUSTRIES LIMITED,97.36,98.00,95.00,95.42,95.89,97.36,,95.42,,,198835,19101516.59,3079,F1,1,,,,,
2026-09-21,2026-09-21,CM,NSE,STK,24274,INE0BHK01012,VISAMAN,SM,,,,,VISAMAN GLOBAL SALES LTD,36.95,36.95,36.95,36.95,36.95,38.85,,36.95,,,1000,36950.00,1,F1,1000,,,,,
2026-09-21,2026-09-21,CM,NSE,STK,18708,INE0OWX01025,VISDEM,SM,,,,,VISDEM TECHNOSYS LIMITED,82.70,82.70,82.70,82.70,82.70,85.45,,82.70,,,2400,198480.00,2,F1,1200,,,,,
2026-09-21,2026-09-21,CM,NSE,STK,11773,INE755Q01025,VISHAL,EQ,,,,,VISHAL FABRICS LTD.,18.27,18.47,18.04,18.17,18.17,18.22,,18.17,,,26263,477597.35,371,F1,1,,,,,
2026-09-21,2026-09-21,CM,NSE,STK,27969,INE01EA01019,VMM,EQ,,,,,VISHAL MEGA MART LIMITED,101.70,102.48,100.55,101.65,101.65,102.65,,101.65,,,6538236,665935170.92,21027,F1,1,,,,,
2026-09-21,2026-09-21,CM,NSE,STK,6908,INE270I01022,VISHNU,EQ,,,,,VISHNU CHEMICALS LIMITED,725.95,729.90,710.90,716.50,721.00,722.15,,716.50,,,64952,46708781.90,4286,F1,1,,,,,
2026-09-21,2026-09-21,CM,NSE,STK,18341,INE0AE001013,VPRPL,EQ,,,,,VISHNU PRAKASH R PUNGLI L,34.72,35.40,33.78,33.96,34.09,34.72,,33.96,,,319837,10968228.68,1946,F1,1,,,,,
2026-09-21,2026-09-21,CM,NSE,STK,19300,INE0PQ001012,VISHNUINFR,SM,,,,,VISHNUSURYA PROJ N INFR L,150.05,154.00,150.05,153.95,154.00,150.55,,153.95,,,5000,760775.00,8,F1,500,,,,,
2026-09-21,2026-09-21,CM,NSE,STK,13702,INE430N01022,VISHWARAJ,EQ,,,,,VISHWARAJ SUGAR IND LTD,5.45,5.45,5.26,5.27,5.26,5.31,,5.27,,,196853,1042867.85,546,F1,1,,,,,
2026-09-21,2026-09-21,CM,NSE,STK,25231,INE0TR001017,VIESL,SM,,,,,VISION INFRA EQUIP SOL L,395.00,397.00,373.00,373.00,373.00,393.00,,373.00,,,15200,5920440.00,16,F1,800,,,,,
2026-09-21,2026-09-21,CM,NSE,STK,761148,INE0L4K01016,VITAL,EQ,,,,,VITAL CHEMTECH LIMITED,56.95,56.95,53.21,54.90,55.95,55.40,,54.90,,,3023,166206.21,21,F1,1,,,,,
2026-09-21,2026-09-21,CM,NSE,STK,763636,INE0MEG01014,VIVIANA,EQ,,,,,VIVIANA POWER TECH LTD,701.10,742.95,701.10,732.60,730.50,718.80,,732.60,,,39938,28844651.35,2294,F1,1,,,,,
2026-09-21,2026-09-21,CM,NSE,STK,761768,INE24H301028,VIVIDEL,SM,,,,,VIVID ELECTROMECH LIMITED,1899.85,1899.85,1825.00,1838.75,1844.00,1869.30,,1838.75,,,12000,22229676.00,47,F1,240,,,,,
2026-09-21,2026-09-21,CM,NSE,STK,11968,INE526G01021,VIVIMEDLAB,BE,,,,,VIVIMED LABS LIMITED,5.47,5.69,5.47,5.47,5.47,5.58,,5.48,,,10645,59548.32,42,F1,1,,,,,
2026-09-21,2026-09-21,CM,NSE,STK,764995,INE380K01017,VIVOBIOT,EQ,,,,,VIVO BIO TECH LTD.,16.36,16.98,16.02,16.21,16.70,16.77,,16.23,,,13414,219946.94,140,F1,1,,,,,
2026-09-21,2026-09-21,CM,NSE,STK,14296,INE807F01027,VIYASH,EQ,,,,,VIYASH SCIENTIFIC LIMITED,249.90,252.70,247.00,251.65,250.80,249.65,,251.65,,,1602344,401114984.40,27169,F1,1,,,,,
2026-09-21,2026-09-21,CM,NSE,STK,18012,INE03HW01020,VLEGOV,EQ,,,,,VL E GOV AND IT SOL LTD,10.19,10.50,10.05,10.09,10.05,10.19,,10.09,,,47887,487397.85,282,F1,1,,,,,
2026-09-21,2026-09-21,CM,NSE,STK,3715,INE709A01018,VLSFINANCE,EQ,,,,,VLS FINANCE LTD,234.65,243.00,231.85,238.14,238.20,238.20,,238.14,,,2499,598478.44,130,F1,1,,,,,
2026-09-21,2026-09-21,CM,NSE,STK,29284,INE665J01013,VMART,EQ,,,,,VMART RETAIL LTD,805.40,818.00,798.65,808.80,805.15,808.15,,808.64,,,71017,57591952.50,7443,F1,1,,,,,
2026-09-21,2026-09-21,CM,NSE,STK,759152,INE0SJA01013,VMSTMT,EQ,,,,,VMS TMT LIMITED,49.50,50.50,48.30,48.62,48.50,49.64,,48.61,,,41216,2022033.51,461,F1,1,,,,,
2026-09-21,2026-09-21,CM,NSE,STK,14366,INE669E01016,IDEA,EQ,,,,,VODAFONE IDEA LIMITED,14.02,14.14,13.82,13.84,13.84,13.92,,13.84,,,298632816,4170214669.96,499317,F1,1,,,,,
2026-09-21,2026-09-21,CM,NSE,STK,765000,INE285C01015,VOITHPAPR,EQ,,,,,VOITH PAPER FABRICS IND L,1445.10,1445.10,1429.00,1432.40,1437.00,1457.50,,1432.61,,,1522,2190155.40,152,F1,1,,,,,
2026-09-21,2026-09-21,CM,NSE,STK,29658,INE241X01014,VOLERCAR,SM,,,,,VOLER CAR LIMITED,225.25,231.95,225.10,231.95,231.95,233.00,,231.95,,,4800,1091440.00,5,F1,800,,,,,
2026-09-21,2026-09-21,CM,NSE,STK,13577,INE540H01012,VOLTAMP,EQ,,,,,VOLTAMP TRANSFORMERS LTD,10825.00,10969.00,10721.00,10802.00,10801.00,10879.00,,10801.97,,,11529,124728953.00,5519,F1,1,,,,,
2026-09-21,2026-09-21,CM,NSE,STK,3718,INE226A01021,VOLTAS,EQ,,,,,VOLTAS LTD,1125.00,1158.80,1125.00,1142.10,1142.10,1110.90,,1142.10,,,887002,1016942160.80,28617,F1,1,,,,,
2026-09-21,2026-09-21,CM,NSE,STK,24321,INE0S2V01010,VRAJ,EQ,,,,,VRAJ IRON AND STEEL LTD,131.94,132.30,127.00,128.65,129.45,127.74,,128.73,,,27611,3566235.02,888,F1,1,,,,,
2026-09-21,2026-09-21,CM,NSE,STK,8696,INE366I01010,VRLLOG,EQ,,,,,VRL LOGISTICS LIMITED,293.55,294.45,291.00,292.25,292.00,293.60,,292.25,,,96495,28225799.40,4334,F1,1,,,,,
2026-09-21,2026-09-21,CM,NSE,STK,3724,INE710A01016,VSTIND,EQ,,,,,VST INDUSTRIES LTD,208.70,208.70,206.12,206.76,206.55,208.92,,206.76,,,77120,15956788.49,2620,F1,1,,,,,
2026-09-21,2026-09-21,CM,NSE,STK,24292,INE764D01017,VSTTILLERS,EQ,,,,,VST TILLERS TRACTORS LTD,4261.20,4324.10,4192.20,4290.70,4315.00,4240.00,,4290.69,,,11400,48429192.90,2602,F1,1,,,,,
2026-09-21,2026-09-21,CM,NSE,STK,765005,INE855A01019,WHBRADY,EQ,,,,,W H BRADY & CO. LTD.,475.00,571.25,415.00,472.55,470.10,476.05,,472.55,,,467,224178.00,53,F1,1,,,,,
2026-09-21,2026-09-21,CM,NSE,STK,762978,INE765D01022,WPIL,EQ,,,,,W P I L LTD.,426.10,450.45,426.10,446.95,444.80,433.70,,446.95,,,209534,93265457.40,6408,F1,1,,,,,
2026-09-21,2026-09-21,CM,NSE,STK,14828,INE100D01014,WSI,EQ,,,,,W.S.INDUSTRIES (I) LTD.,58.59,59.60,56.01,57.32,57.00,58.59,,57.32,,,20228,1158223.46,453,F1,1,,,,,
2026-09-21,2026-09-21,CM,NSE,STK,25907,INE377N01017,WAAREEENER,EQ,,,,,WAAREE ENERGIES LIMITED,2546.30,2553.60,2495.00,2499.00,2499.00,2560.70,,2499.17,,,492008,1234639953.40,34909,F1,1,,,,,
2026-09-21,2026-09-21,CM,NSE,STK,756038,INE299N01021,WAAREERTL,EQ,,,,,WAAREE RENEWABLE TECH LTD,814.95,817.25,807.00,813.90,812.00,819.65,,813.89,,,85244,69190288.75,7245,F1,1,,,,,
2026-09-21,2026-09-21,CM,NSE,STK,760259,INE0E7301029,WAKEFIT,EQ,,,,,WAKEFIT INNOVATIONS LTD,147.19,148.29,145.30,146.66,147.00,146.85,,146.65,,,144051,21101885.74,2335,F1,1,,,,,
2026-09-21,2026-09-21,CM,NSE,STK,3736,INE711A01022,WALCHANNAG,EQ,,,,,WALCHANDNAGAR INDUSTRIES,203.50,205.80,200.70,201.18,200.80,202.71,,201.18,,,281568,57075852.53,6471,F1,1,,,,,
2026-09-21,2026-09-21,CM,NSE,STK,5013,INE0G2G01015,WALPAR,SM,,,,,WALPAR NUTRITIONS LIMITED,23.10,23.10,23.10,23.10,23.10,22.00,,23.10,,,2000,46200.00,1,F1,2000,,,,,
2026-09-21,2026-09-21,CM,NSE,STK,14063,INE107F01022,WANBURY,EQ,,,,,WANBURY LIMITED,222.75,231.95,220.25,227.55,227.55,222.75,,227.56,,,165372,37554430.70,5212,F1,1,,,,,
2026-09-21,2026-09-21,CM,NSE,STK,765225,INE945P01024,WARDINMOBI,EQ,,,,,WARDWIZARD INNO & MOB L,5.79,5.79,5.60,5.61,5.65,5.72,,5.63,,,282494,1599371.63,680,F1,1,,,,,
2026-09-21,2026-09-21,CM,NSE,STK,3745,INE054C01015,WATERBASE,EQ,,,,,WATERBASE LTD.,46.62,47.00,44.49,44.99,45.08,45.96,,44.88,,,37593,1718191.70,400,F1,1,,,,,
2026-09-21,2026-09-21,CM,NSE,STK,762163,INE0LZF01039,CORDELIA,EQ,,,,,WATERWAYS LEISURE TOUR L,115.72,118.53,112.54,113.67,113.20,115.15,,113.66,,,1540969,176907654.75,15505,F1,1,,,,,
2026-09-21,2026-09-21,CM,NSE,STK,9862,INE082W01014,WEWIN,EQ,,,,,WE WIN LIMITED,42.15,44.40,42.15,42.40,42.50,43.00,,42.40,,,1839,79377.59,34,F1,1,,,,,
2026-09-21,2026-09-21,CM,NSE,STK,760482,INF2F0001370,TWCGOLDETF,EQ,,,,,WEALTH - TWCGOLDETF,151.10,154.80,150.16,151.46,151.54,152.54,,151.46,,,2676,406279.07,326,F1,1,,,,,
2026-09-21,2026-09-21,CM,NSE,STK,1923,INE658T01017,WEALTH,EQ,,,,,WEALTH FRST PORT. MG. LTD,841.00,856.00,811.50,822.55,824.00,841.55,,822.56,,,1198,1000203.85,168,F1,1,,,,,
2026-09-21,2026-09-21,CM,NSE,STK,14602,INE855C01023,WEBELSOLAR,EQ,,,,,WEBSOL ENERGY SYSTEM LTD,73.66,73.84,71.16,72.03,72.20,72.94,,72.03,,,1266424,91230262.24,10428,F1,1,,,,,
2026-09-21,2026-09-21,CM,NSE,STK,3748,INE080A01014,WEIZMANIND,EQ,,,,,WEIZMANN LTD,74.00,74.00,71.00,71.76,72.00,71.48,,71.76,,,1520,109772.61,34,F1,1,,,,,
2026-09-21,2026-09-21,CM,NSE,STK,11821,INE191B01025,WELCORP,EQ,,,,,WELSPUN CORP LIMITED,2758.00,2797.60,2666.20,2762.70,2755.00,2660.10,,2762.68,,,2544698,6936108206.20,149011,F1,1,,,,,
2026-09-21,2026-09-21,CM,NSE,STK,11626,INE625G01013,WELENT,EQ,,,,,WELSPUN ENTERPRISES LTD.,830.00,841.90,772.00,784.70,786.95,823.35,,784.71,,,2139760,1692006869.15,42810,F1,1,,,,,
2026-09-21,2026-09-21,CM,NSE,STK,19804,INE389K01018,WELINV,BE,,,,,WELSPUN INV & COMM LTD,2331.00,2366.40,2295.00,2366.40,2366.40,2320.00,,2366.40,,,173,405781.80,20,F1,1,,,,,
2026-09-21,2026-09-21,CM,NSE,STK,11253,INE192B01031,WELSPUNLIV,EQ,,,,,WELSPUN LIVING LIMITED,215.00,218.20,214.28,215.87,215.60,214.66,,215.88,,,2702207,583894022.70,29238,F1,1,,,,,
2026-09-21,2026-09-21,CM,NSE,STK,762971,INE731F01037,WELSPLSOL,EQ,,,,,WELSPUN SPECIALTY SOL L,56.97,57.94,55.00,55.74,55.90,55.65,,55.74,,,658809,36776024.74,4542,F1,1,,,,,
2026-09-21,2026-09-21,CM,NSE,STK,4235,INE274C01019,WENDT,EQ,,,,,WENDT (INDIA) LIMITED,8767.50,8888.50,8615.00,8640.50,8655.00,8767.50,,8640.70,,,5926,51424050.00,1838,F1,1,,,,,
2026-09-21,2026-09-21,CM,NSE,STK,3799,INE976A01021,WSTCSTPAPR,EQ,,,,,WEST COAST PAPER MILLS LT,777.00,777.00,755.00,760.25,757.00,768.30,,759.92,,,192861,147198413.10,14875,F1,1,,,,,
2026-09-21,2026-09-21,CM,NSE,STK,25403,INE0CJF01024,WCIL,EQ,,,,,WESTERN CARRIERS (IND) L,95.86,97.71,94.75,95.59,95.89,96.86,,95.59,,,244766,23648605.48,2619,F1,1,,,,,
2026-09-21,2026-09-21,CM,NSE,STK,11580,INE274F01020,WESTLIFE,EQ,,,,,WESTLIFE FOODWORLD LTD,568.50,568.50,551.20,564.10,559.35,564.40,,564.09,,,84362,47445765.30,4951,F1,1,,,,,
2026-09-21,2026-09-21,CM,NSE,STK,759434,INE085001019,WEWORK,EQ,,,,,WEWORK INDIA MANAGEMENT L,681.00,695.40,667.60,672.35,670.00,681.20,,672.33,,,210715,142272070.00,19280,F1,1,,,,,
2026-09-21,2026-09-21,CM,NSE,STK,3766,INE715A01015,WHEELS,EQ,,,,,WHEELS INDIA LTD,2209.00,2247.00,2130.00,2174.90,2174.00,2175.70,,2174.84,,,153183,334930410.10,12989,F1,1,,,,,
2026-09-21,2026-09-21,CM,NSE,STK,18011,INE716A01013,WHIRLPOOL,EQ,,,,,WHIRLPOOL OF INDIA LTD,725.60,741.00,720.05,723.65,723.00,717.70,,723.68,,,316569,230643323.25,16229,F1,1,,,,,
2026-09-21,2026-09-21,CM,NSE,STK,3772,INE210A01017,WILLAMAGOR,EQ,,,,,WILLIAMSON MAGOR,24.89,24.89,23.40,23.67,24.34,24.36,,23.67,,,2097,49439.14,61,F1,1,,,,,
2026-09-21,2026-09-21,CM,NSE,STK,5366,INE0H5O01029,WINDLAS,EQ,,,,,WINDLAS BIOTECH LIMITED,1111.00,1140.00,1085.60,1129.40,1124.00,1109.45,,1129.41,,,132476,148025525.15,14385,F1,1,,,,,
2026-09-21,2026-09-21,CM,NSE,STK,24969,INE052A01021,WINDMACHIN,EQ,,,,,WINDSOR MACHINES LIMITED,303.05,303.05,294.00,295.85,299.45,300.05,,295.67,,,17092,5087015.55,543,F1,1,,,,,
2026-09-21,2026-09-21,CM,NSE,STK,23714,INE0S3D01016,WINSOL,SM,,,,,WINSOL ENGINEERS LIMITED,114.00,114.00,107.15,111.90,111.90,112.75,,111.90,,,4800,524700.00,10,F1,400,,,,,
2026-09-21,2026-09-21,CM,NSE,STK,3787,INE075A01022,WIPRO,EQ,,,,,WIPRO LTD,165.24,165.50,163.34,164.55,164.55,166.83,,164.56,,,9282035,1526328975.55,67278,F1,1,,,,,
2026-09-21,2026-09-21,CM,NSE,STK,22725,INE623Y01011,WTICAB,SM,,,,,WISE TRAVEL INDIA LIMITED,102.50,102.50,100.00,102.50,102.50,103.45,,102.50,,,15000,1524375.00,23,F1,500,,,,,
2026-09-21,2026-09-21,CM,NSE,STK,7506,INE049B01025,WOCKPHARMA,EQ,,,,,WOCKHARDT LIMITED,2096.00,2225.00,2090.00,2187.30,2187.00,2086.10,,2187.31,,,1771282,3867308772.90,94467,F1,1,,,,,
2026-09-21,2026-09-21,CM,NSE,STK,25602,INE0OO201011,WOL3D,SM,,,,,WOL 3D INDIA LIMITED,135.00,135.00,135.00,135.00,135.00,133.00,,135.00,,,1000,135000.00,1,F1,1000,,,,,
2026-09-21,2026-09-21,CM,NSE,STK,19632,INE0Q9601016,WOMANCART,ST,,,,,WOMANCART LIMITED,104.60,109.80,103.10,105.20,105.70,106.05,,105.20,,,5200,550320.00,13,F1,400,,,,,
2026-09-21,2026-09-21,CM,NSE,STK,7835,INE02WG01024,WEL,EQ,,,,,WONDER ELECTRICALS LTD,74.89,76.58,74.27,76.58,76.58,72.94,,76.73,,,430400,32772283.37,2047,F1,1,,,,,
2026-09-21,2026-09-21,CM,NSE,STK,3002,INE066O01014,WONDERLA,EQ,,,,,WONDERLA HOLIDAYS LTD.,527.85,529.40,509.95,511.95,510.25,527.85,,511.94,,,74597,38481459.60,5368,F1,1,,,,,
2026-09-21,2026-09-21,CM,NSE,STK,22277,INE196Y01018,WORTHPERI,EQ,,,,,WORTH PERIPHERALS LIMITED,149.99,153.00,146.04,148.33,148.01,147.52,,148.33,,,2150,319783.32,89,F1,1,,,,,
2026-09-21,2026-09-21,CM,NSE,STK,11705,INE692G01013,XCHANGING,EQ,,,,,XCHANGING SOLUTIONS LTD,62.95,62.95,61.10,61.31,61.26,62.16,,61.29,,,61650,3792418.33,734,F1,1,,,,,
2026-09-21,2026-09-21,CM,NSE,STK,8477,INE01P501012,XELPMOC,EQ,,,,,XELPMOC DESIGN & TECH LTD,75.70,75.70,72.50,73.88,74.50,74.39,,73.86,,,9857,726389.97,204,F1,1,,,,,
2026-09-21,2026-09-21,CM,NSE,STK,11407,INE445C01015,XPROINDIA,EQ,,,,,XPRO INDIA LIMITED,1228.90,1228.90,1185.00,1195.10,1185.20,1223.00,,1195.07,,,65058,78262246.70,6453,F1,1,,,,,
2026-09-21,2026-09-21,CM,NSE,STK,25235,INE547B01028,XTGLOBAL,EQ,,,,,XTGLOBAL INFOTECH LIMITED,28.95,30.79,28.95,30.01,29.35,29.54,,29.99,,,35773,1072896.02,255,F1,1,,,,,
2026-09-21,2026-09-21,CM,NSE,STK,764312,INE0NG701011,XTRANET,EQ,,,,,XTRANET TECHNOLOGIES LTD,314.88,343.37,311.67,341.43,343.37,312.16,,341.47,,,2349427,780900296.88,37883,F1,1,,,,,
2026-09-21,2026-09-21,CM,NSE,STK,760870,INE0U0J01015,YAAP,SM,,,,,YAAP DIGITAL LIMITED,124.25,124.25,118.00,123.00,123.00,126.30,,123.00,,,26000,3185250.00,22,F1,1000,,,,,
2026-09-21,2026-09-21,CM,NSE,STK,23451,INE0TO601017,YASHOPTICS,SM,,,,,YASH OPTICS & LENS LTD,134.70,134.70,130.00,131.05,131.05,133.90,,131.05,,,8800,1156360.00,9,F1,800,,,,,
2026-09-21,2026-09-21,CM,NSE,STK,18131,INE616Z01012,YASHO,EQ,,,,,YASHO INDUSTRIES LIMITED,4050.80,4050.80,3933.70,3945.80,3940.00,4002.00,,3945.99,,,11108,44132686.20,2868,F1,1,,,,,
2026-09-21,2026-09-21,CM,NSE,STK,17738,INE0JO301016,YATHARTH,EQ,,,,,YATHARTH HOSP & TRA C S L,1139.50,1147.50,1112.90,1125.30,1129.90,1139.50,,1125.20,,,558832,629830625.00,27481,F1,1,,,,,
2026-09-21,2026-09-21,CM,NSE,STK,18760,INE0JR601024,YATRA,EQ,,,,,YATRA ONLINE LIMITED,105.10,105.40,103.11,103.69,104.00,104.83,,103.69,,,338002,35184973.72,3353,F1,1,,,,,
2026-09-21,2026-09-21,CM,NSE,STK,11915,INE528G01035,YESBANK,EQ,,,,,YES BANK LIMITED,22.95,23.28,22.93,23.17,23.17,22.72,,23.17,,,52755958,1221600269.79,93804,F1,1,,,,,
2026-09-21,2026-09-21,CM,NSE,STK,765010,INE290E01011,YOGI,EQ,,,,,YOGI LTD.,162.00,162.00,162.00,162.00,162.00,163.98,,162.50,,,70,11340.00,4,F1,1,,,,,
2026-09-21,2026-09-21,CM,NSE,STK,18040,INE09FA01019,YUDIZ,SM,,,,,YUDIZ SOLUTIONS LIMITED,23.00,23.00,23.00,23.00,23.00,23.10,,23.00,,,2400,55200.00,3,F1,800,,,,,
2026-09-21,2026-09-21,CM,NSE,STK,5501,INE384C01016,YUKEN,EQ,,,,,YUKEN INDIA LIMITED,1149.90,1149.90,1102.55,1125.80,1120.00,1139.20,,1125.72,,,15947,17904803.20,1606,F1,1,,,,,
2026-09-21,2026-09-21,CM,NSE,STK,4229,INE116C01012,ZFSTEERING,EQ,,,,,Z F STEERING GEAR (I) LTD,711.85,711.85,682.20,693.65,690.20,697.85,,693.64,,,4044,2798243.15,378,F1,1,,,,,
2026-09-21,2026-09-21,CM,NSE,STK,23976,INE0ISZ01012,ZTECH,SM,,,,,Z-TECH (INDIA) LIMITED,397.60,405.00,385.00,397.00,396.00,412.25,,397.00,,,27300,10815330.00,86,F1,300,,,,,
2026-09-21,2026-09-21,CM,NSE,STK,18608,INE07K301024,ZAGGLE,EQ,,,,,ZAGGLE PREPA OCEAN SER L,178.56,185.57,178.56,180.01,180.90,178.56,,180.02,,,1280485,232772745.68,16421,F1,1,,,,,
2026-09-21,2026-09-21,CM,NSE,STK,17766,INE0PPS01018,ZEAL,SM,,,,,ZEAL GLOBAL SERVICES LTD,75.50,78.00,75.50,77.60,77.60,80.00,,77.60,,,6000,463470.00,10,F1,600,,,,,
2026-09-21,2026-09-21,CM,NSE,STK,3812,INE256A01028,ZEEL,EQ,,,,,ZEE ENTERTAINMENT ENT LTD,78.62,79.00,77.25,77.68,77.50,78.62,,77.68,,,9517177,740265021.89,36165,F1,1,,,,,
2026-09-21,2026-09-21,CM,NSE,STK,20852,INE565L01011,ZEELEARN,EQ,,,,,ZEE LEARN LIMITED,6.80,7.00,6.71,6.77,6.78,6.86,,6.78,,,185411,1262387.96,422,F1,1,,,,,
2026-09-21,2026-09-21,CM,NSE,STK,14003,INE966H01019,ZEEMEDIA,EQ,,,,,ZEE MEDIA CORPORATION LTD,7.32,7.46,7.25,7.31,7.32,7.32,,7.31,,,770808,5638514.56,1179,F1,1,,,,,
2026-09-21,2026-09-21,CM,NSE,STK,7508,INE251B01027,ZENTEC,EQ,,,,,ZEN TECHNOLOGIES LIMITED,1699.00,1701.00,1657.70,1687.20,1686.10,1687.40,,1687.21,,,166893,280683321.30,16018,F1,1,,,,,
2026-09-21,2026-09-21,CM,NSE,STK,22803,INE0QWN01013,ZENITHDRUG,SM,,,,,ZENITH DRUGS LIMITED,42.10,42.65,41.80,42.00,42.00,43.25,,42.00,,,7200,303080.00,9,F1,800,,,,,
2026-09-21,2026-09-21,CM,NSE,STK,4176,INE058B01018,ZENITHEXPO,EQ,,,,,ZENITH EXPORTS LTD,196.50,197.00,196.00,197.00,197.00,203.95,,197.00,,,200,39299.50,9,F1,1,,,,,
2026-09-21,2026-09-21,CM,NSE,STK,14562,INE318D01020,ZENITHSTL,EQ,,,,,ZENITH STEEL PIP IND LTD,5.51,5.71,5.11,5.31,5.35,5.58,,5.31,,,255470,1356116.12,617,F1,1,,,,,
2026-09-21,2026-09-21,CM,NSE,STK,1076,INE520A01027,ZENSARTECH,EQ,,,,,ZENSAR TECHNOLOGIES  LTD,437.00,437.95,431.60,436.40,436.95,436.45,,436.38,,,914306,396853278.95,21192,F1,1,,,,,
2026-09-21,2026-09-21,CM,NSE,STK,22901,INF0R8F01042,GOLDCASE,EQ,,,,,ZERODHAAMC - GOLDCASE,24.07,24.12,23.90,23.91,23.93,24.07,,23.91,,,9562302,229110249.96,12860,F1,1,,,,,
2026-09-21,2026-09-21,CM,NSE,STK,21750,INF0R8F01034,LIQUIDCASE,EQ,,,,,ZERODHAAMC - LIQUIDCASE,116.02,116.02,116.00,116.01,116.02,116.00,,116.01,,,17997111,2087853087.58,19835,F1,1,,,,,
2026-09-21,2026-09-21,CM,NSE,STK,758705,INF0R8F01133,LTGILTCASE,EQ,,,,,ZERODHAAMC - LTGILTCASE,30.90,30.90,30.27,30.30,30.31,30.29,,30.30,,,314405,9528848.64,292,F1,1,,,,,
2026-09-21,2026-09-21,CM,NSE,STK,24077,INF0R8F01059,MID150CASE,EQ,,,,,ZERODHAAMC - MID150CASE,11.55,11.56,11.37,11.52,11.51,11.51,,11.52,,,990181,11403866.41,4731,F1,1,,,,,
2026-09-21,2026-09-21,CM,NSE,STK,759302,INF0R8F01166,NIFTYCASE,EQ,,,,,ZERODHAAMC - NIFTYCASE,9.60,9.60,9.37,9.41,9.42,9.37,,9.41,,,761751,7169526.50,2028,F1,1,,,,,
2026-09-21,2026-09-21,CM,NSE,STK,30274,INF0R8F01091,SILVERCASE,EQ,,,,,ZERODHAAMC - SILVERCASE,23.68,23.69,23.48,23.56,23.57,23.73,,23.56,,,4882618,115076106.76,7380,F1,1,,,,,
2026-09-21,2026-09-21,CM,NSE,STK,758955,INF0R8F01141,SML100CASE,EQ,,,,,ZERODHAAMC - SML100CASE,11.55,11.55,11.26,11.28,11.27,11.32,,11.28,,,1335443,15087671.92,1658,F1,1,,,,,
2026-09-21,2026-09-21,CM,NSE,STK,24081,INF0R8F01067,TOP100CASE,EQ,,,,,ZERODHAAMC - TOP100CASE,10.51,10.51,10.30,10.35,10.36,10.30,,10.35,,,512640,5300997.93,1220,F1,1,,,,,
2026-09-21,2026-09-21,CM,NSE,STK,16915,INE342J01019,ZFCVINDIA,EQ,,,,,ZF COM VE CTR SYS IND LTD,2394.00,2394.00,2341.00,2362.60,2362.90,2387.00,,2362.56,,,123925,293255277.60,28743,F1,1,,,,,
2026-09-21,2026-09-21,CM,NSE,STK,12384,INE518E01015,ZIMLAB,EQ,,,,,ZIM LABORATORIES LIMITED,134.00,136.52,130.55,133.65,136.00,135.51,,133.67,,,101668,13510916.44,1655,F1,1,,,,,
2026-09-21,2026-09-21,CM,NSE,STK,3821,INE206B01013,ZODIACLOTH,EQ,,,,,ZODIAC CLOTHING CO. LTD.,69.86,70.89,69.32,69.51,69.32,69.52,,69.51,,,3194,223055.80,61,F1,1,,,,,
2026-09-21,2026-09-21,CM,NSE,STK,7129,INE761Y01019,ZODIAC,EQ,,,,,ZODIAC ENERGY LIMITED,226.00,233.07,225.00,230.26,232.80,222.25,,230.36,,,16631,3831844.74,1141,F1,1,,,,,
2026-09-21,2026-09-21,CM,NSE,STK,11394,INE358U01012,ZOTA,EQ,,,,,ZOTA HEALTH CARE LIMITED,1160.00,1324.40,1138.90,1287.80,1315.00,1144.50,,1287.80,,,401249,497078576.10,23253,F1,1,,,,,
2026-09-21,2026-09-21,CM,NSE,STK,29050,INE840M01016,ZUARI,EQ,,,,,ZUARI AGRO CHEMICALS LTD,221.00,224.50,218.25,222.84,222.00,220.77,,222.88,,,70147,15556231.40,1938,F1,1,,,,,
2026-09-21,2026-09-21,CM,NSE,STK,3827,INE217A01012,ZUARIIND,EQ,,,,,ZUARI INDUSTRIES LIMITED,258.05,281.80,258.05,272.60,273.00,262.45,,272.51,,,115028,31018294.30,2905,F1,1,,,,,
2026-09-21,2026-09-21,CM,NSE,STK,7929,INE010B01027,ZYDUSLIFE,EQ,,,,,ZYDUS LIFESCIENCES LTD,1155.00,1173.50,1152.10,1161.00,1161.00,1160.00,,1161.00,,,864429,1004323177.80,21058,F1,1,,,,,
2026-09-21,2026-09-21,CM,NSE,STK,17635,INE768C01028,ZYDUSWELL,EQ,,,,,ZYDUS WELLNESS LIMITED,522.70,533.35,520.00,530.45,529.10,522.25,,530.44,,,131531,69222616.50,8728,F1,1,,,,,
