TradDt,BizDt,Sgmt,Src,FinInstrmTp,FinInstrmId,ISIN,TckrSymb,SctySrs,XpryDt,FininstrmActlXpryDt,StrkPric,OptnTp,FinInstrmNm,OpnPric,HghPric,LwPric,ClsPric,LastPric,PrvsClsgPric,UndrlygPric,SttlmPric,OpnIntrst,ChngInOpnIntrst,TtlTradgVol,TtlTrfVal,TtlNbOfTxsExctd,SsnId,NewBrdLotQty,Rmks,Rsvd1,Rsvd2,Rsvd3,Rsvd4
2026-09-30,2026-09-30,CM,NSE,STK,19078,IN0020200104,SGBJUN28,GB,,,,,2.5%GOLDBONDS2028SR-III,14701.01,14850.00,14690.00,14765.55,14848.00,14700.00,,14765.55,,,150,2211880.36,38,F1,1,,,,,
2026-09-30,2026-09-30,CM,NSE,STK,1342,IN0020200286,SGBN28VIII,GB,,,,,2.5%GOLDBONDS2028SR-VIII,14752.51,14855.00,14751.50,14855.00,14855.00,14726.50,,14855.00,,,44,650408.05,15,F1,1,,,,,
2026-09-30,2026-09-30,CM,NSE,STK,3742,IN0020210053,SGBMAY29I,GB,,,,,2.5%GOLDBONDS2029SR-I,14760.00,14879.00,14731.83,14839.71,14879.00,14731.83,,14839.93,,,788,11671848.58,97,F1,1,,,,,
2026-09-30,2026-09-30,CM,NSE,STK,3743,IN0020210061,SGBJUN29II,GB,,,,,2.5%GOLDBONDS2029SR-II,14770.00,14840.00,14740.01,14805.00,14840.00,14723.14,,14805.00,,,133,1963756.33,39,F1,1,,,,,
2026-09-30,2026-09-30,CM,NSE,STK,3800,IN0020210087,SGBJU29III,GB,,,,,2.5%GOLDBONDS2029SR-III,14720.50,14839.99,14720.50,14839.99,14839.99,14700.71,,14839.99,,,499,7388165.51,33,F1,1,,,,,
2026-09-30,2026-09-30,CM,NSE,STK,5575,IN0020210145,SGBSEP29VI,GB,,,,,2.5%GOLDBONDS2029SR-VI,14855.00,14949.00,14612.00,14788.54,14800.00,14810.50,,14788.00,,,506,7461268.34,91,F1,1,,,,,
2026-09-30,2026-09-30,CM,NSE,STK,6518,IN0020210178,SGBNV29VII,GB,,,,,2.5%GOLDBONDS2029SR-VII,14847.00,14850.00,14793.00,14822.12,14825.00,14749.38,,14822.12,,,330,4892057.34,61,F1,1,,,,,
2026-09-30,2026-09-30,CM,NSE,STK,5960,IN0020180249,SGBOCT26,GB,,,,,2.50%GOLDBONDS2026SR-II,14800.00,14855.00,14800.00,14855.00,14855.00,14750.00,,14855.00,,,25,370055.00,3,F1,1,,,,,
2026-09-30,2026-09-30,CM,NSE,STK,6355,IN0020180314,SGBNOV26,GB,,,,,2.50%GOLDBONDS2026SR-III,14899.98,14899.98,14870.00,14870.00,14870.00,14625.00,,14870.00,,,7,104119.98,2,F1,1,,,,,
2026-09-30,2026-09-30,CM,NSE,STK,10261,IN0020190073,SGBJUN27,GB,,,,,2.50%GOLDBONDS2027SR-I,14745.00,14799.99,14745.00,14799.99,14799.99,14745.00,,14804.99,,,4,59144.97,3,F1,1,,,,,
2026-09-30,2026-09-30,CM,NSE,STK,11154,IN0020190081,SGBJUL27,GB,,,,,2.50%GOLDBONDS2027SR-II,14699.70,14800.00,14699.70,14777.18,14769.00,14650.00,,14777.18,,,15,221348.72,7,F1,1,,,,,
2026-09-30,2026-09-30,CM,NSE,STK,12904,IN0020190107,SGBAUG27,GB,,,,,2.50%GOLDBONDS2027SR-III,14949.00,14949.00,14710.01,14765.00,14765.00,14693.05,,14763.33,,,7,103483.02,7,F1,1,,,,,
2026-09-30,2026-09-30,CM,NSE,STK,13209,IN0020190115,SGBSEP27,GB,,,,,2.50%GOLDBONDS2027SR-IV,14671.05,14671.05,14671.05,14671.05,14671.05,14670.00,,14671.05,,,1,14671.05,1,F1,1,,,,,
2026-09-30,2026-09-30,CM,NSE,STK,8308,IN0020180462,SGBJAN27,GB,,,,,2.50%GOLDBONDS2027SR-V,14610.11,14799.00,14610.11,14799.00,14799.00,15249.99,,14799.00,,,4,58818.22,3,F1,1,,,,,
2026-09-30,2026-09-30,CM,NSE,STK,13981,IN0020190370,SGBOCT27,GB,,,,,2.50%GOLDBONDS2027SR-V,14800.00,14801.50,14800.00,14801.50,14801.50,14700.00,,14801.50,,,89,1317230.00,3,F1,1,,,,,
2026-09-30,2026-09-30,CM,NSE,STK,8766,IN0020180561,SGBFEB27,GB,,,,,2.50%GOLDBONDS2027SR-VI,14651.01,14749.90,14651.01,14749.90,14749.90,14610.00,,14749.90,,,16,235207.28,3,F1,1,,,,,
2026-09-30,2026-09-30,CM,NSE,STK,15432,IN0020190461,SGBDC27VII,GB,,,,,2.50%GOLDBONDS2027SR-VII,14900.00,14994.00,14900.00,14947.25,14994.00,14801.00,,14947.25,,,3,44794.50,3,F1,1,,,,,
2026-09-30,2026-09-30,CM,NSE,STK,18862,IN0020200062,SGBAPR28I,GB,,,,,2.50%GOLDBONDS2028SR-I,14750.20,14888.00,14750.20,14854.02,14820.00,14739.41,,14868.17,,,204,3020620.69,47,F1,1,,,,,
2026-09-30,2026-09-30,CM,NSE,STK,18972,IN0020200088,SGBMAY28,GB,,,,,2.50%GOLDBONDS2028SR-II,14731.50,14825.00,14731.00,14822.93,14822.00,14724.00,,14824.82,,,67,990703.36,16,F1,1,,,,,
2026-09-30,2026-09-30,CM,NSE,STK,22242,IN0020200146,SGBJUL28IV,GB,,,,,2.50%GOLDBONDS2028SR-IV,14673.00,14779.99,14654.97,14775.24,14779.00,14654.97,,14775.24,,,387,5689028.25,59,F1,1,,,,,
2026-09-30,2026-09-30,CM,NSE,STK,17664,IN0020190545,SGBFEB28IX,GB,,,,,2.50%GOLDBONDS2028SR-IX,14675.00,14675.00,14675.00,14675.00,14675.00,14638.00,,14685.00,,,1,14675.00,1,F1,1,,,,,
2026-09-30,2026-09-30,CM,NSE,STK,22385,IN0020200161,SGBAUG28V,GB,,,,,2.50%GOLDBONDS2028SR-V,14777.00,14898.99,14750.00,14812.77,14788.02,14766.95,,14813.25,,,662,9796835.03,103,F1,1,,,,,
2026-09-30,2026-09-30,CM,NSE,STK,149,IN0020200195,SGBSEP28VI,GB,,,,,2.50%GOLDBONDS2028SR-VI,14690.00,14850.00,14690.00,14799.86,14800.00,14805.13,,14799.86,,,200,2955786.42,46,F1,1,,,,,
2026-09-30,2026-09-30,CM,NSE,STK,834,IN0020200203,SGBOC28VII,GB,,,,,2.50%GOLDBONDS2028SR-VII,14900.00,14900.00,14821.00,14886.37,14887.00,14725.06,,14886.37,,,80,1191523.00,8,F1,1,,,,,
2026-09-30,2026-09-30,CM,NSE,STK,17110,IN0020190537,SGBJ28VIII,GB,,,,,2.50%GOLDBONDS2028SR-VIII,14799.99,14799.99,14635.42,14799.99,14799.99,14740.00,,14799.99,,,17,251270.69,3,F1,1,,,,,
2026-09-30,2026-09-30,CM,NSE,STK,18451,IN0020190552,SGBMAR28X,GB,,,,,2.50%GOLDBONDS2028SR-X,14740.00,14740.00,14740.00,14740.00,14740.00,14740.00,,14740.00,,,1,14740.00,1,F1,1,,,,,
2026-09-30,2026-09-30,CM,NSE,STK,5113,IN0020210111,SGBJUL29IV,GB,,,,,2.50%GOLDBONDS2029SR-IV,14706.01,14997.97,14649.65,14806.89,14775.00,14723.27,,14840.35,,,55,812181.95,28,F1,1,,,,,
2026-09-30,2026-09-30,CM,NSE,STK,1920,IN0020200377,SGBJAN29IX,GB,,,,,2.50%GOLDBONDS2029SR-IX,14799.00,14815.00,14789.50,14800.00,14800.00,14713.19,,14800.00,,,63,932159.51,17,F1,1,,,,,
2026-09-30,2026-09-30,CM,NSE,STK,5455,IN0020210129,SGBAUG29V,GB,,,,,2.50%GOLDBONDS2029SR-V,14811.00,15094.00,14780.01,14830.00,14830.00,14756.66,,14865.00,,,26,387853.02,14,F1,1,,,,,
2026-09-30,2026-09-30,CM,NSE,STK,7098,IN0020210228,SGBD29VIII,GB,,,,,2.50%GOLDBONDS2029SR-VIII,14825.00,14975.00,14775.00,14837.68,14850.00,14766.86,,14837.21,,,38,565081.98,19,F1,1,,,,,
2026-09-30,2026-09-30,CM,NSE,STK,2003,IN0020200385,SGBJAN29X,GB,,,,,2.50%GOLDBONDS2029SR-X,14737.01,14998.00,14737.01,14810.00,14810.00,14736.05,,14810.00,,,133,1970794.52,23,F1,1,,,,,
2026-09-30,2026-09-30,CM,NSE,STK,2200,IN0020200393,SGBFEB29XI,GB,,,,,2.50%GOLDBONDS2029SR-XI,14712.00,14980.00,14712.00,14751.50,14751.50,14769.00,,14725.75,,,21,311546.49,14,F1,1,,,,,
2026-09-30,2026-09-30,CM,NSE,STK,2810,IN0020200427,SGBMR29XII,GB,,,,,2.50%GOLDBONDS2029SR-XII,14705.55,14835.00,14701.01,14797.50,14825.00,14682.26,,14797.50,,,170,2507050.92,40,F1,1,,,,,
2026-09-30,2026-09-30,CM,NSE,STK,10232,IN0020220045,SGBJUN30,GB,,,,,2.50%GOLDBONDS2030SR-I,14980.00,15199.00,14960.00,14979.05,14960.00,14970.12,,14979.05,,,53,795461.88,18,F1,1,,,,,
2026-09-30,2026-09-30,CM,NSE,STK,11192,IN0020220078,SGBAUG30,GB,,,,,2.50%GOLDBONDS2030SR-II,15056.01,15076.03,14900.00,14940.10,14955.00,15048.26,,14943.64,,,305,4582440.24,102,F1,1,,,,,
2026-09-30,2026-09-30,CM,NSE,STK,13642,IN0020220110,SGBDE30III,GB,,,,,2.50%GOLDBONDS2030SR-III,15010.02,15100.00,15010.02,15047.58,15025.50,14980.50,,15047.58,,,141,2122073.80,28,F1,1,,,,,
2026-09-30,2026-09-30,CM,NSE,STK,7879,IN0020210236,SGBJAN30IX,GB,,,,,2.50%GOLDBONDS2030SR-IX,14951.01,14975.51,14900.00,14975.06,14975.00,14951.50,,14975.06,,,35,522817.09,7,F1,1,,,,,
2026-09-30,2026-09-30,CM,NSE,STK,8401,IN0020210319,SGBMAR30X,GB,,,,,2.50%GOLDBONDS2030SR-X,14875.00,15099.99,14875.00,14941.03,14920.00,14951.33,,14941.03,,,62,926322.67,20,F1,1,,,,,
2026-09-30,2026-09-30,CM,NSE,STK,17202,IN0020230069,SGBJUN31I,GB,,,,,2.50%GOLDBONDS2031SR-I,15150.00,15250.00,15081.03,15136.89,15130.00,15042.52,,15134.10,,,351,5321781.56,77,F1,1,,,,,
2026-09-30,2026-09-30,CM,NSE,STK,19456,IN0020230093,SGBSEP31II,GB,,,,,2.50%GOLDBONDS2031SR-II,15299.00,15299.00,15006.01,15073.39,15080.00,15035.85,,15073.39,,,2141,32346557.34,285,F1,1,,,,,
2026-09-30,2026-09-30,CM,NSE,STK,22476,IN0020230168,SGBDE31III,GB,,,,,2.50%GOLDBONDS2031SR-III,15249.43,15338.99,15173.18,15313.14,15310.00,15249.43,,15312.94,,,874,13362997.07,184,F1,1,,,,,
2026-09-30,2026-09-30,CM,NSE,STK,14598,IN0020220169,SGBMAR31IV,GB,,,,,2.50%GOLDBONDS2031SR-IV,15103.00,15196.00,15103.00,15111.14,15112.00,14994.60,,15114.48,,,61,924557.52,27,F1,1,,,,,
2026-09-30,2026-09-30,CM,NSE,STK,22886,IN0020230184,SGBFEB32IV,GB,,,,,2.50%GOLDBONDS2032SR-IV,15670.00,15774.99,15606.01,15633.84,15651.00,15627.81,,15635.89,,,1377,21591444.70,374,F1,1,,,,,
2026-09-30,2026-09-30,CM,NSE,STK,16921,INE144J01027,20MICRONS,EQ,,,,,20 MICRONS LTD,211.29,221.80,211.29,214.59,214.00,212.80,,214.57,,,76779,16667663.27,3229,F1,1,,,,,
2026-09-30,2026-09-30,CM,NSE,STK,4,INE253B01015,21STCENMGM,EQ,,,,,21ST CENTURY MGMT SERVICE,40.00,40.00,38.59,38.67,38.69,39.37,,38.67,,,901,35620.04,24,F1,1,,,,,
2026-09-30,2026-09-30,CM,NSE,STK,13061,INE466L01038,360ONE,EQ,,,,,360 ONE WAM LIMITED,1029.20,1047.00,1029.00,1030.00,1030.00,1029.20,,1030.00,,,1348986,1402757919.70,46749,F1,1,,,,,
2026-09-30,2026-09-30,CM,NSE,STK,30105,INF579M01BB5,GOLD360,EQ,,,,,360ONEAMC - GOLD360,142.10,144.60,142.10,143.60,144.00,142.05,,144.65,,,7494,1077016.95,415,F1,1,,,,,
2026-09-30,2026-09-30,CM,NSE,STK,763602,INF579M01BP5,MSCI360,EQ,,,,,360ONEAMC - MSCI360,9.88,9.95,9.56,9.56,9.84,9.77,,9.56,,,10900,104815.82,119,F1,1,,,,,
2026-09-30,2026-09-30,CM,NSE,STK,756150,INF579M01BC3,SILVER360,EQ,,,,,360ONEAMC - SILVER360,215.68,218.23,215.24,216.12,216.10,215.68,,216.12,,,7906,1711527.57,298,F1,1,,,,,
2026-09-30,2026-09-30,CM,NSE,STK,762518,INE994E01018,3BBLACKBIO,EQ,,,,,3B BLACKBIO DX LTD.,1615.10,1740.00,1610.50,1710.40,1691.50,1622.70,,1708.72,,,67737,115451737.90,8071,F1,1,,,,,
2026-09-30,2026-09-30,CM,NSE,STK,6240,INE748C01038,3IINFOLTD,BE,,,,,3I INFOTECH LIMITED,23.35,23.60,22.40,22.52,22.75,23.36,,22.52,,,173804,3977399.57,767,F1,1,,,,,
2026-09-30,2026-09-30,CM,NSE,STK,474,INE470A01017,3MINDIA,EQ,,,,,3M INDIA LIMITED,31890.00,32695.00,31890.00,32160.00,31905.00,31890.00,,32158.63,,,3548,114749275.00,2370,F1,1,,,,,
2026-09-30,2026-09-30,CM,NSE,STK,2595,INE105C01023,3PLAND,EQ,,,,,3P LAND HOLDINGS LIMITED,32.00,32.00,30.90,31.01,31.00,31.87,,31.01,,,1104,34224.95,55,F1,1,,,,,
2026-09-30,2026-09-30,CM,NSE,STK,445,INE618L01018,5PAISA,EQ,,,,,5PAISA CAPITAL LIMITED,304.05,309.70,302.35,305.20,305.20,304.90,,305.18,,,19885,6081317.65,1019,F1,1,,,,,
2026-09-30,2026-09-30,CM,NSE,STK,11868,INE111B01023,63MOONS,EQ,,,,,63 MOONS TECHNOLOGIES LTD,809.95,839.00,807.65,811.05,808.10,810.80,,811.10,,,138349,113967268.70,7691,F1,1,,,,,
2026-09-30,2026-09-30,CM,NSE,STK,29312,INE031A07865,751HUDCO28,N5,,,,,7.51 NCD 16FEB28 TR1 SR2,1071.00,1072.00,1071.00,1071.08,1071.00,1070.50,,1071.08,,,200,214208.00,6,F1,1,,,,,
2026-09-30,2026-09-30,CM,NSE,STK,19928,INE031A07AO5,764HUDCO31,N8,,,,,7.64% TAX FREETRI SR2B,1127.99,1127.99,1127.99,1127.99,1127.99,1127.99,,1127.99,,,1,1127.99,1,F1,1,,,,,
2026-09-30,2026-09-30,CM,NSE,STK,19930,INE031A07AT4,769HUDCO31,N9,,,,,7.69% TAX FREETRII SR2B,1139.00,1139.00,1139.00,1139.00,1139.00,1137.05,,1139.00,,,74,84286.00,3,F1,1,,,,,
2026-09-30,2026-09-30,CM,NSE,STK,31240,INE031A07840,82HUDCO27,N2,,,,,8.20 NCD05MAR27 FV 1000,1055.50,1055.80,1055.00,1055.01,1055.01,1054.28,,1054.96,,,221,233297.21,5,F1,1,,,,,
2026-09-30,2026-09-30,CM,NSE,STK,20022,INE134E07208,830PFCL27,N5,,,,,8.30% TAX FREE NCD,1004.49,1004.49,1003.00,1003.09,1003.03,1004.49,,1003.09,,,1610,1615276.56,38,F1,1,,,,,
2026-09-30,2026-09-30,CM,NSE,STK,192,INE906B07DF8,875NHAI29,N6,,,,,8.75% TAX FREE TR I S IIB,1124.00,1129.98,1118.49,1120.72,1118.49,1124.00,,1120.32,,,289,324729.25,13,F1,1,,,,,
2026-09-30,2026-09-30,CM,NSE,STK,19968,INE031A07949,876HUDCO28,ND,,,,,8.76% TAX FREETRI SR2B,1147.85,1148.95,1144.00,1144.02,1148.95,1144.00,,1144.02,,,1037,1187635.14,13,F1,1,,,,,
2026-09-30,2026-09-30,CM,NSE,STK,20058,INE787H07370,891IIFCL34,N4,,,,,8.91% TAX FREE NCD,1268.00,1268.00,1268.00,1268.00,1268.00,1264.92,,1268.00,,,5,6340.00,1,F1,1,,,,,
2026-09-30,2026-09-30,CM,NSE,STK,31768,INE733E07JJ9,891NTPC33,N6,,,,,8.91%S-R-NCD SERIES 3B,1289.00,1289.00,1278.05,1283.00,1283.00,1281.33,,1283.00,,,771,987992.30,20,F1,1,,,,,
2026-09-30,2026-09-30,CM,NSE,STK,31487,INE848E07567,892NHPC33,N6,,,,,8.92% SEC RED BOND S3B,1250.00,1264.00,1250.00,1264.00,1264.00,1270.00,,1264.00,,,450,563900.00,3,F1,1,,,,,
2026-09-30,2026-09-30,CM,NSE,STK,20028,INE134E07463,892PFCL33,N8,,,,,8.92% TAX FREE NCD,1289.90,1289.90,1286.00,1286.31,1288.00,1290.00,,1287.50,,,339,436077.90,5,F1,1,,,,,
2026-09-30,2026-09-30,CM,NSE,STK,759130,INE08PH01015,ABCOTS,EQ,,,,,A B COTSPIN INDIA LIMITED,204.50,204.50,192.70,196.49,197.39,198.84,,196.49,,,2630,518428.59,146,F1,1,,,,,
2026-09-30,2026-09-30,CM,NSE,STK,27016,INE00YB01025,ABINFRA,BE,,,,,A B INFRABUILD LIMITED,12.56,12.79,12.25,12.71,12.79,12.50,,12.71,,,316291,3988451.18,213,F1,1,,,,,
2026-09-30,2026-09-30,CM,NSE,STK,762528,INE850B01026,ABMKNO,EQ,,,,,A B M KNOWLEDGEWARE LTD.,169.50,187.80,161.55,170.98,170.00,168.59,,170.98,,,12784,2230821.04,408,F1,1,,,,,
2026-09-30,2026-09-30,CM,NSE,STK,762536,INE366C01021,ACSTECH,BE,,,,,A C S TECHNOLOGIES LTD.,79.43,79.43,79.43,79.43,79.43,81.05,,79.63,,,10015,795491.45,67,F1,1,,,,,
2026-09-30,2026-09-30,CM,NSE,STK,762538,INE701G01012,AKCAPIT,EQ,,,,,A K CAPITAL SERVICES LTD.,1745.30,1751.90,1704.10,1706.30,1735.00,1728.10,,1706.29,,,305,525170.00,79,F1,1,,,,,
2026-09-30,2026-09-30,CM,NSE,STK,20906,INE619I01012,A2ZINFRA,EQ,,,,,A2Z INFRA ENGINEERING LTD,14.50,15.15,14.36,14.93,14.90,14.51,,14.94,,,277855,4139645.93,585,F1,1,,,,,
2026-09-30,2026-09-30,CM,NSE,STK,12533,INE0D0U01013,AAATECH,EQ,,,,,AAA TECHNOLOGIES LIMITED,99.95,103.57,91.56,94.73,94.94,99.94,,94.73,,,72253,7063264.93,1731,F1,1,,,,,
2026-09-30,2026-09-30,CM,NSE,STK,23729,INE883F01010,AADHARHFC,EQ,,,,,AADHAR HOUSING FINANCE L,432.50,438.00,427.55,436.00,435.75,432.50,,435.98,,,338639,146477985.05,19904,F1,1,,,,,
2026-09-30,2026-09-30,CM,NSE,STK,757579,INE1GYP01013,AAKAAR,SM,,,,,AAKAAR MEDICAL TECHNO LTD,70.00,70.35,63.75,65.95,65.90,67.00,,65.95,,,20800,1405040.00,13,F1,1600,,,,,
2026-09-30,2026-09-30,CM,NSE,STK,235,INE087Z01024,AAKASH,EQ,,,,,AAKASH EXPLORATION SER L,8.79,8.79,8.30,8.44,8.43,8.59,,8.44,,,71888,607940.50,408,F1,1,,,,,
2026-09-30,2026-09-30,CM,NSE,STK,758216,INE124401014,AARADHYA,ST,,,,,AARADHYA DISPOSAL INDUS L,127.50,127.50,125.05,125.35,125.35,128.05,,125.35,,,12000,1510020.00,9,F1,1200,,,,,
2026-09-30,2026-09-30,CM,NSE,STK,5245,INE198H01019,AAREYDRUGS,EQ,,,,,AAREY DRUGS & PHARM LTD,100.18,103.69,99.22,102.72,102.10,99.92,,102.71,,,392668,39494578.37,1923,F1,1,,,,,
2026-09-30,2026-09-30,CM,NSE,STK,761824,INE750R01016,AARNAV,BE,,,,,AARNAV FASHIONS LIMITED,34.00,36.49,34.00,36.00,36.49,35.16,,35.88,,,22618,808727.90,77,F1,1,,,,,
2026-09-30,2026-09-30,CM,NSE,STK,1030,INE721Z01010,AARON,EQ,,,,,AARON INDUSTRIES LIMITED,122.01,126.00,122.01,124.68,126.00,122.01,,124.68,,,13823,1720073.95,270,F1,1,,,,,
2026-09-30,2026-09-30,CM,NSE,STK,17164,INE01C001026,AARTECH,BE,,,,,AARTECH SOLONICS LIMITED,50.01,51.79,50.01,50.14,50.30,50.01,,50.14,,,12880,646973.41,76,F1,1,,,,,
2026-09-30,2026-09-30,CM,NSE,STK,4481,INE767A01016,AARTIDRUGS,EQ,,,,,AARTI DRUGS LTD.,429.80,439.00,429.60,430.90,433.90,428.60,,430.88,,,145119,62951628.80,5239,F1,1,,,,,
2026-09-30,2026-09-30,CM,NSE,STK,7,INE769A01020,AARTIIND,EQ,,,,,AARTI INDUSTRIES LTD,472.00,489.95,471.40,475.70,475.15,469.90,,475.71,,,723013,347849843.40,29822,F1,1,,,,,
2026-09-30,2026-09-30,CM,NSE,STK,13868,INE0LRU01027,AARTIPHARM,EQ,,,,,AARTI PHARMALABS LIMITED,983.50,1002.40,943.00,953.75,954.00,972.80,,953.69,,,951362,921938256.75,56867,F1,1,,,,,
2026-09-30,2026-09-30,CM,NSE,STK,19263,INE09EO01013,AARTISURF,BE,,,,,AARTI SURFACTANTS LIMITED,487.75,504.05,485.00,493.20,491.00,489.20,,493.64,,,10560,5199498.90,252,F1,1,,,,,
2026-09-30,2026-09-30,CM,NSE,STK,19073,INE754X01016,AARVI,EQ,,,,,AARVI ENCON LIMITED,135.10,138.00,135.10,136.83,137.00,136.21,,136.87,,,2281,311552.02,102,F1,1,,,,,
2026-09-30,2026-09-30,CM,NSE,STK,763800,INE2FMX01012,AASTHA,EQ,,,,,AASTHA SPINTEX LIMITED,36.61,36.90,33.96,34.15,34.04,37.53,,34.16,,,1212077,42849458.30,8367,F1,1,,,,,
2026-09-30,2026-09-30,CM,NSE,STK,16961,INE0OB201016,AATMAJ,SM,,,,,AATMAJ HEALTHCARE LIMITED,20.45,22.75,20.00,20.00,20.00,20.45,,20.00,,,28000,602200.00,14,F1,2000,,,,,
2026-09-30,2026-09-30,CM,NSE,STK,5385,INE216P01012,AAVAS,EQ,,,,,AAVAS FINANCIERS LIMITED,1240.00,1250.80,1206.00,1211.90,1208.00,1248.40,,1212.01,,,80671,98669065.70,16879,F1,1,,,,,
2026-09-30,2026-09-30,CM,NSE,STK,7759,INE421A01028,ABAN,BE,,,,,ABAN OFFSHORE LTD.,14.63,14.63,14.63,14.63,14.63,14.35,,14.63,,,47186,690331.18,45,F1,1,,,,,
2026-09-30,2026-09-30,CM,NSE,STK,762523,INE365O01028,ABANSENT,EQ,,,,,ABANS ENTERPRISES LTD.,26.33,26.96,26.30,26.46,26.96,26.87,,26.42,,,4977,131954.29,131,F1,1,,,,,
2026-09-30,2026-09-30,CM,NSE,STK,13288,INE00ZE01026,AFSL,EQ,,,,,ABANS FINANCIAL SRVCS LTD,201.04,201.78,201.00,201.00,201.00,201.04,,201.00,,,9448,1899397.82,130,F1,1,,,,,
2026-09-30,2026-09-30,CM,NSE,STK,13,INE117A01022,ABB,EQ,,,,,ABB INDIA LIMITED,6801.00,6927.50,6771.00,6776.00,6776.00,6660.50,,6775.54,,,229223,1571344469.50,35422,F1,1,,,,,
2026-09-30,2026-09-30,CM,NSE,STK,17903,INE358A01014,ABBOTINDIA,EQ,,,,,ABBOTT INDIA LIMITED,27270.00,27495.00,27015.00,27125.00,27175.00,27270.00,,27125.64,,,5645,153807130.00,2987,F1,1,,,,,
2026-09-30,2026-09-30,CM,NSE,STK,755944,INE860H07IT4,805ABCL28,N5,,,,,ABCL 8.05% SR III,1011.00,1011.00,1007.99,1007.99,1007.99,1011.90,,1007.99,,,149,150362.97,8,F1,1,,,,,
2026-09-30,2026-09-30,CM,NSE,STK,765463,INE1R2M01019,ABH,SM,,,,,ABH HEALTHCARE LIMITED,42.80,42.80,41.25,41.30,41.25,42.40,,41.30,,,28800,1193520.00,22,F1,1200,,,,,
2026-09-30,2026-09-30,CM,NSE,STK,27284,INE0UYG01015,ABHAPOWER,SM,,,,,ABHA POWER N STEEL LTD,22.15,24.45,22.15,23.40,23.40,23.10,,23.40,,,9600,223040.00,6,F1,1600,,,,,
2026-09-30,2026-09-30,CM,NSE,STK,5551,INE251C01025,ABMINTLLTD,BE,,,,,ABM INTERNATIONAL LTD,45.20,45.20,45.20,45.20,45.20,45.20,,45.20,,,61,2757.20,4,F1,1,,,,,
2026-09-30,2026-09-30,CM,NSE,STK,23783,INE0QRV01016,ABSMARINE,SM,,,,,ABS MARINE SERVICES LTD,318.35,360.00,318.35,345.95,345.00,318.35,,345.95,,,233500,81073675.00,384,F1,500,,,,,
2026-09-30,2026-09-30,CM,NSE,STK,22,INE012A01025,ACC,EQ,,,,,ACC LIMITED,1205.00,1224.00,1200.80,1204.10,1203.50,1202.60,,1204.12,,,63787,77162316.40,8898,F1,1,,,,,
2026-09-30,2026-09-30,CM,NSE,STK,7053,INE793A01012,ACCELYA,EQ,,,,,ACCELYA SOLN INDIA LTD,1090.00,1111.90,1085.20,1090.30,1086.30,1095.40,,1090.38,,,8286,9083001.90,792,F1,1,,,,,
2026-09-30,2026-09-30,CM,NSE,STK,20488,INE0Q5D01013,ACCENTMIC,SM,,,,,ACCENT MICROCELL LIMITED,671.25,680.00,671.25,674.65,674.35,674.00,,674.65,,,13500,9149850.00,24,F1,500,,,,,
2026-09-30,2026-09-30,CM,NSE,STK,757024,INE0T8T01010,ACCPL,ST,,,,,ACCRETION PHARMA LIMITED,210.95,220.00,208.70,214.00,214.00,210.95,,214.00,,,44400,9428460.00,17,F1,1200,,,,,
2026-09-30,2026-09-30,CM,NSE,STK,1472,INE648Z01023,ACCURACY,BE,,,,,ACCURACY SHIPPING LIMITED,4.25,4.30,4.20,4.26,4.28,4.25,,4.26,,,29571,126004.27,127,F1,1,,,,,
2026-09-30,2026-09-30,CM,NSE,STK,11779,INE543V01017,ACEINTEG,EQ,,,,,ACE INTEGRATED SOLU. LTD.,16.71,17.00,16.40,16.77,16.84,16.40,,16.77,,,1622,27047.56,43,F1,1,,,,,
2026-09-30,2026-09-30,CM,NSE,STK,27061,INE622W01025,ACMESOLAR,EQ,,,,,ACME SOLAR HOLDINGS LTD,441.30,444.60,436.00,439.00,440.00,437.95,,439.04,,,1108840,487723056.10,39095,F1,1,,,,,
2026-09-30,2026-09-30,CM,NSE,STK,13587,INE731H01025,ACE,EQ,,,,,ACTION CONST EQUIP LTD,1205.90,1245.60,1205.00,1232.00,1233.00,1205.80,,1231.97,,,343169,421616022.90,27857,F1,1,,,,,
2026-09-30,2026-09-30,CM,NSE,STK,30464,INE0KLO01025,ACTIVEINFR,SM,,,,,ACTIVE INFRASTRUCTURES L,181.25,181.25,181.25,181.25,181.25,181.25,,181.25,,,600,108750.00,1,F1,600,,,,,
2026-09-30,2026-09-30,CM,NSE,STK,5578,INE00FF01025,ACUTAAS,EQ,,,,,ACUTAAS CHEMICALS LIMITED,3334.10,3344.00,3255.00,3279.40,3269.00,3304.10,,3279.40,,,349433,1152582582.90,49944,F1,1,,,,,
2026-09-30,2026-09-30,CM,NSE,STK,10217,INE931S01010,ADANIENSOL,EQ,,,,,ADANI ENERGY SOLUTION LTD,1319.00,1340.80,1308.90,1314.60,1314.60,1305.80,,1314.60,,,1154073,1526981276.90,49075,F1,1,,,,,
2026-09-30,2026-09-30,CM,NSE,STK,25,INE423A01024,ADANIENT,EQ,,,,,ADANI ENTERPRISES LIMITED,2910.00,2957.60,2880.00,2903.40,2903.40,2972.90,,2903.40,,,1663023,4838753003.90,69848,F1,1,,,,,
2026-09-30,2026-09-30,CM,NSE,STK,3563,INE364U01010,ADANIGREEN,EQ,,,,,ADANI GREEN ENERGY LTD,1250.40,1284.80,1250.40,1278.00,1278.00,1260.00,,1277.99,,,1452231,1849463322.90,38289,F1,1,,,,,
2026-09-30,2026-09-30,CM,NSE,STK,15083,INE742F01042,ADANIPORTS,EQ,,,,,ADANI PORT & SEZ LTD,1793.50,1803.20,1775.40,1798.30,1798.30,1822.00,,1798.27,,,3199507,5723548458.80,110981,F1,1,,,,,
2026-09-30,2026-09-30,CM,NSE,STK,17388,INE814H01029,ADANIPOWER,EQ,,,,,ADANI POWER LTD,198.69,204.49,198.65,204.00,204.00,196.30,,204.00,,,21070859,4266486345.14,107193,F1,1,,,,,
2026-09-30,2026-09-30,CM,NSE,STK,6066,INE399L01023,ATGL,EQ,,,,,ADANI TOTAL GAS LIMITED,589.90,602.95,589.05,593.90,592.00,588.40,,593.85,,,616167,367644540.55,27162,F1,1,,,,,
2026-09-30,2026-09-30,CM,NSE,STK,764563,INE757C01021,ADDIND,EQ,,,,,ADDI INDUSTRIES LTD.,78.40,82.20,78.40,78.74,78.40,78.40,,79.23,,,378,29868.52,16,F1,1,,,,,
2026-09-30,2026-09-30,CM,NSE,STK,22471,INE0RDH01021,ADDICTIVE,ST,,,,,ADDICTIVE LEARNING TECH L,44.25,44.25,42.00,42.05,42.00,43.20,,42.05,,,12000,508025.00,11,F1,500,,,,,
2026-09-30,2026-09-30,CM,NSE,STK,19761,INE982B01027,ADFFOODS,EQ,,,,,ADF FOODS LIMITED,268.30,274.95,263.10,273.10,273.00,268.30,,273.14,,,59409,16150070.45,2924,F1,1,,,,,
2026-09-30,2026-09-30,CM,NSE,STK,763156,INE20PL01012,ADISOFT,SM,,,,,ADISOFT TECHNOLOGIES LTD,259.00,271.95,254.00,256.60,257.00,260.15,,256.60,,,220000,57939560.00,173,F1,800,,,,,
2026-09-30,2026-09-30,CM,NSE,STK,6018,INE404A01024,ABSLAMC,EQ,,,,,ADIT BIRL SUN LIF AMC LTD,955.90,1033.90,947.90,995.30,995.00,955.90,,995.24,,,214646,208947996.20,27548,F1,1,,,,,
2026-09-30,2026-09-30,CM,NSE,STK,21614,INE674K01013,ABCAPITAL,EQ,,,,,ADITYA BIRLA CAPITAL LTD.,380.15,385.55,379.95,380.60,380.60,378.00,,380.60,,,3567531,1362612842.10,56195,F1,1,,,,,
2026-09-30,2026-09-30,CM,NSE,STK,30108,INE647O01011,ABFRL,EQ,,,,,ADITYA BIRLA FASHION & RT,46.60,47.29,45.97,46.32,46.20,46.24,,46.32,,,3805401,177944824.70,16117,F1,1,,,,,
2026-09-30,2026-09-30,CM,NSE,STK,756843,INE14LE01019,ABLBL,EQ,,,,,ADITYA BIRLA LIFES BRAN L,77.39,77.80,76.11,76.52,76.35,76.98,,76.52,,,2517738,193181011.55,22249,F1,1,,,,,
2026-09-30,2026-09-30,CM,NSE,STK,15239,INE865C01022,BIRLAMONEY,EQ,,,,,ADITYA BIRLA MONEY LTD,114.29,116.50,114.29,114.78,114.53,114.29,,114.81,,,18729,2155217.87,610,F1,1,,,,,
2026-09-30,2026-09-30,CM,NSE,STK,625,INE055A01016,ABREL,EQ,,,,,ADITYA BIRLA REAL EST LTD,1169.90,1183.00,1122.10,1130.70,1131.00,1160.60,,1130.70,,,276535,317027339.20,27438,F1,1,,,,,
2026-09-30,2026-09-30,CM,NSE,STK,758858,INE819V01029,CPPLUS,EQ,,,,,ADITYA INFOTECH LIMITED,3840.10,3950.00,3766.00,3846.50,3795.00,3817.60,,3846.29,,,237687,916845388.90,25666,F1,1,,,,,
2026-09-30,2026-09-30,CM,NSE,STK,25984,INE679V01027,AVL,EQ,,,,,ADITYA VISION LIMITED,591.00,599.80,576.30,594.35,599.25,585.80,,594.22,,,107338,63260406.00,8204,F1,1,,,,,
2026-09-30,2026-09-30,CM,NSE,STK,23804,INF209KB18D3,BSLGOLDETF,EQ,,,,,ADITYBIRLA SL GOLD ETF-GR,128.69,130.00,128.69,129.46,130.00,128.49,,129.46,,,650112,84109818.20,1528,F1,1,,,,,
2026-09-30,2026-09-30,CM,NSE,STK,24781,INF209KB19D1,BSLNIFTY,EQ,,,,,ADITYBIRLA SL NIF ETF-GR,27.73,28.00,26.56,26.85,27.33,27.06,,26.85,,,4493220,120227686.06,11337,F1,1,,,,,
2026-09-30,2026-09-30,CM,NSE,STK,34,INE045A01017,ADOR,EQ,,,,,ADOR WELDING LTD,1625.10,1625.10,1585.20,1591.80,1585.20,1612.00,,1591.77,,,15859,25428237.50,2869,F1,1,,,,,
2026-09-30,2026-09-30,CM,NSE,STK,766274,INE505M01015,ADROITIND,BE,,,,,ADROIT INDUSTRIES (I) LTD,235.00,248.39,235.00,248.39,248.39,134.00,,248.39,,,3804148,913561281.46,23789,F1,1,,,,,
2026-09-30,2026-09-30,CM,NSE,STK,4953,INE737B01033,ADROITINFO,EQ,,,,,ADROIT INFOTECH LIMITED,14.69,15.84,14.26,14.67,14.69,14.23,,14.67,,,1779133,26958233.25,5839,F1,1,,,,,
2026-09-30,2026-09-30,CM,NSE,STK,760657,INE0ALI01010,ADVAIT,EQ,,,,,ADVAIT ENRGY TRANSITION L,1915.20,1935.20,1863.40,1901.80,1874.00,1903.60,,1901.39,,,33345,63047592.20,5847,F1,1,,,,,
2026-09-30,2026-09-30,CM,NSE,STK,759402,INE1B0W01010,ADVANCE,EQ,,,,,ADVANCE AGROLIFE LIMITED,120.19,125.45,120.00,121.19,121.88,120.19,,121.17,,,261919,32194094.93,4046,F1,1,,,,,
2026-09-30,2026-09-30,CM,NSE,STK,18039,INE837H01020,ADVENZYMES,EQ,,,,,ADVANCED ENZYME TECH LTD,282.10,287.50,280.25,281.60,283.00,282.15,,281.55,,,122182,34673641.90,5118,F1,1,,,,,
2026-09-30,2026-09-30,CM,NSE,STK,14745,INE199C01026,ADVANIHOTR,EQ,,,,,ADVANI HOT.& RES.(I) LTD,47.78,48.98,47.20,48.01,48.04,47.40,,48.01,,,10655,509911.90,314,F1,1,,,,,
2026-09-30,2026-09-30,CM,NSE,STK,759769,INE28GN01010,ADVENTHTL,EQ,,,,,ADVENT HOTELS INTERNATI L,125.74,130.50,123.90,126.32,127.00,124.70,,126.38,,,194445,24528752.99,2922,F1,1,,,,,
2026-09-30,2026-09-30,CM,NSE,STK,765015,INE178T01024,ADVIKCA,EQ,,,,,ADVIK CAPITAL LTD.,0.96,1.07,0.86,1.00,0.99,0.97,,1.00,,,1451821,1431202.00,563,F1,1,,,,,
2026-09-30,2026-09-30,CM,NSE,STK,762227,INE1SJO01012,RAMBHAJO,EQ,,,,,ADVIT JEWELS LIMITED,296.00,300.00,282.50,285.98,286.50,290.97,,285.97,,,654381,190231453.90,12419,F1,1,,,,,
2026-09-30,2026-09-30,CM,NSE,STK,40,INE208C01025,AEGISLOG,EQ,,,,,AEGIS LOGISTICS LIMITED,1312.50,1400.00,1312.50,1380.10,1380.00,1299.80,,1380.03,,,1090547,1494622091.20,56469,F1,1,,,,,
2026-09-30,2026-09-30,CM,NSE,STK,757336,INE0INX01018,AEGISVOPAK,EQ,,,,,AEGIS VOPAK TERMINALS LTD,296.00,299.50,294.05,296.80,297.00,294.25,,296.79,,,532792,158337610.35,17028,F1,1,,,,,
2026-09-30,2026-09-30,CM,NSE,STK,761341,INE423A07500,AEL12126,NI,,,,,AEL 0% 2028 SR II,1048.95,1049.00,1048.95,1048.99,1049.00,1051.95,,1048.99,,,50,52449.90,2,F1,1,,,,,
2026-09-30,2026-09-30,CM,NSE,STK,761340,INE423A07484,860AEL28,NH,,,,,AEL 8.60% 2028 SR I,1057.80,1057.80,1057.80,1057.80,1057.80,1057.80,,1057.80,,,100,105780.00,1,F1,1,,,,,
2026-09-30,2026-09-30,CM,NSE,STK,761345,INE423A07518,862AEL31,NM,,,,,AEL 8.62% 2031 SR VI,1012.00,1020.00,1001.00,1020.00,1020.00,1016.00,,1062.55,,,642,644089.50,13,F1,1,,,,,
2026-09-30,2026-09-30,CM,NSE,STK,761343,INE423A07534,875AEL29,NK,,,,,AEL 8.75% 2029 SR IV,1054.00,1054.00,1053.00,1054.00,1054.00,1053.00,,1054.00,,,130,136975.00,4,F1,1,,,,,
2026-09-30,2026-09-30,CM,NSE,STK,761346,INE423A07526,890AEL31,NN,,,,,AEL 8.90% 2031 SR VII,1065.00,1065.00,1065.00,1065.00,1065.00,1059.98,,1065.00,,,5,5325.00,1,F1,1,,,,,
2026-09-30,2026-09-30,CM,NSE,STK,757874,INE423A07443,9AEL30,NE,,,,,AEL 9% 2030 SR VI,1054.30,1054.30,1054.30,1054.30,1054.30,1030.01,,1054.30,,,1,1054.30,1,F1,1,,,,,
2026-09-30,2026-09-30,CM,NSE,STK,757872,INE423A07435,915AEL28,NC,,,,,AEL 9.15% 2028 SR IV,1029.00,1029.00,1023.00,1023.71,1023.55,1023.38,,1023.76,,,75,76893.50,6,F1,1,,,,,
2026-09-30,2026-09-30,CM,NSE,STK,757875,INE423A07393,930AEL30,NF,,,,,AEL 9.3% 2030 SR VII,1042.00,1045.00,1042.00,1045.00,1045.00,1042.00,,1045.00,,,214,223350.00,7,F1,1,,,,,
2026-09-30,2026-09-30,CM,NSE,STK,760234,INE947N01017,AEQUS,EQ,,,,,AEQUS LIMITED,274.64,285.95,273.21,279.48,280.00,271.63,,279.48,,,11216835,3146845942.25,120225,F1,1,,,,,
2026-09-30,2026-09-30,CM,NSE,STK,12015,INE065D01027,AEROENTER,EQ,,,,,AEROFLEX ENTERPRISES LTD,125.50,126.99,122.71,124.00,123.53,124.70,,124.02,,,231674,28918594.54,3688,F1,1,,,,,
2026-09-30,2026-09-30,CM,NSE,STK,18268,INE024001021,AEROFLEX,EQ,,,,,AEROFLEX INDUSTRIES LTD,539.60,553.50,527.55,536.60,535.75,539.60,,536.59,,,981031,528177106.15,24494,F1,1,,,,,
2026-09-30,2026-09-30,CM,NSE,STK,13689,INE035801013,AERONEU,EQ,,,,,AEROFLEX NEU LIMITED,74.46,74.46,69.75,70.84,70.25,72.98,,70.84,,,47313,3388777.77,909,F1,1,,,,,
2026-09-30,2026-09-30,CM,NSE,STK,25065,INE0WL801011,AERON,SM,,,,,AERON COMPOSITE LIMITED,81.10,82.40,80.80,81.60,82.40,83.00,,81.60,,,4000,325400.00,3,F1,1000,,,,,
2026-09-30,2026-09-30,CM,NSE,STK,9810,INE0BWX01014,AETHER,EQ,,,,,AETHER INDUSTRIES LIMITED,1758.20,1758.20,1685.60,1699.30,1691.90,1749.90,,1699.27,,,292457,501625311.00,28788,F1,1,,,,,
2026-09-30,2026-09-30,CM,NSE,STK,25977,INE101I01011,AFCONS,EQ,,,,,AFCONS INFRASTRUCTURE LTD,246.50,250.05,246.50,247.80,248.30,245.10,,247.82,,,370681,92056568.80,9599,F1,1,,,,,
2026-09-30,2026-09-30,CM,NSE,STK,11343,INE00WC01027,AFFLE,EQ,,,,,AFFLE 3I LIMITED,1511.00,1547.00,1502.10,1511.00,1504.50,1501.00,,1511.00,,,216326,330593468.40,27747,F1,1,,,,,
2026-09-30,2026-09-30,CM,NSE,STK,25855,INE692Z01013,AFFORDABLE,EQ,,,,,AFFORD ROBO & AUTO LTD,176.20,176.85,168.00,171.10,171.99,173.52,,171.10,,,23394,4051176.63,586,F1,1,,,,,
2026-09-30,2026-09-30,CM,NSE,STK,763044,INE916Y07081,1125AFIL29,N0,,,,,AFIL 11.25% 2029,9965.00,9965.00,9881.00,9881.00,9881.00,9855.00,,9881.00,,,94,929088.00,5,F1,1,,,,,
2026-09-30,2026-09-30,CM,NSE,STK,759446,INE916Y07032,12AFIL27,N0,,,,,AFIL 12% 2027 SR 1,10000.00,10000.00,9995.29,9995.29,9995.29,10000.59,,9995.29,,,7,69971.74,3,F1,1,,,,,
2026-09-30,2026-09-30,CM,NSE,STK,759283,INE916Y07057,12AFIL28,N0,,,,,AFIL 12% 2028,10000.00,10000.00,9401.00,9970.97,9970.97,10000.00,,9970.97,,,10,96494.65,5,F1,1,,,,,
2026-09-30,2026-09-30,CM,NSE,STK,14263,INE0MLA01012,AGARWALFT,SM,,,,,AGARWAL FLOAT GLASS I LTD,26.10,28.30,26.00,28.30,28.30,27.05,,28.30,,,6000,163050.00,4,F1,1500,,,,,
2026-09-30,2026-09-30,CM,NSE,STK,3389,INE204E01012,AGARIND,EQ,,,,,AGARWAL INDS CORP LTD.,394.00,398.90,390.00,391.95,395.50,391.20,,392.07,,,12498,4923957.95,1034,F1,1,,,,,
2026-09-30,2026-09-30,CM,NSE,STK,27309,INE0P8X01016,AGARWALTUF,SM,,,,,AGARWAL TOUGH GLASS IND L,170.05,170.05,165.00,165.75,166.50,169.60,,165.75,,,36000,6029940.00,30,F1,1200,,,,,
2026-09-30,2026-09-30,CM,NSE,STK,11033,INE753W01010,AGASTYAEN,BE,,,,,AGASTYA ENE AND INFRA LTD,70.96,70.96,70.96,70.96,70.96,69.57,,70.96,,,139171,9875574.16,229,F1,1,,,,,
2026-09-30,2026-09-30,CM,NSE,STK,1412,INE415A01038,AGI,EQ,,,,,AGI GREENPAC LIMITED,791.90,816.00,790.05,804.40,802.00,792.90,,804.55,,,112338,90524703.90,9248,F1,1,,,,,
2026-09-30,2026-09-30,CM,NSE,STK,24445,INE976R01033,AGIIL,EQ,,,,,AGI INFRA LIMITED,265.00,268.95,262.55,264.70,264.10,264.85,,264.69,,,319369,84795552.70,5338,F1,1,,,,,
2026-09-30,2026-09-30,CM,NSE,STK,10491,INE0LF301013,AGNI,SM,,,,,AGNI GREEN POWER LTD,15.45,15.50,15.00,15.05,15.00,15.65,,15.05,,,22500,341250.00,5,F1,2500,,,,,
2026-09-30,2026-09-30,CM,NSE,STK,11072,INE449G01018,AGRITECH,EQ,,,,,AGRI-TECH (INDIA) LIMITED,97.20,97.20,90.50,91.17,91.00,93.19,,91.23,,,6729,621685.24,210,F1,1,,,,,
2026-09-30,2026-09-30,CM,NSE,STK,9046,INE740V01019,AGROPHOS,EQ,,,,,AGRO PHOS INDIA LIMITED,23.81,24.11,23.10,23.48,23.95,23.96,,23.48,,,22366,527587.58,189,F1,1,,,,,
2026-09-30,2026-09-30,CM,NSE,STK,759202,INE583L01014,AGSTRA,BZ,,,,,AGS TRANSACT TECH LTD,2.69,2.69,2.59,2.59,2.59,2.64,,2.59,,,448982,1190243.22,504,F1,1,,,,,
2026-09-30,2026-09-30,CM,NSE,STK,2004,INE00PV01013,AHLADA,EQ,,,,,AHLADA ENGINEERS LIMITED,37.90,38.74,37.05,37.09,37.06,37.15,,37.09,,,2221,83356.80,50,F1,1,,,,,
2026-09-30,2026-09-30,CM,NSE,STK,17833,INE758C01029,AHLUCONT,EQ,,,,,AHLUWALIA CONT IND LTD,552.05,563.70,542.80,550.05,550.00,551.55,,550.05,,,77719,42825844.90,5552,F1,1,,,,,
2026-09-30,2026-09-30,CM,NSE,STK,13086,INE212H01026,AIAENG,EQ,,,,,AIA ENGINEERING LIMITED,3850.00,3910.90,3804.20,3869.00,3903.60,3835.70,,3868.82,,,51956,199923739.00,14419,F1,1,,,,,
2026-09-30,2026-09-30,CM,NSE,STK,23984,INE0RUV01018,AIMTRON,SM,,,,,AIMTRON ELECTRONICS LTD,1900.00,2010.00,1900.00,1950.25,1959.50,1873.40,,1950.25,,,89000,174881230.00,363,F1,200,,,,,
2026-09-30,2026-09-30,CM,NSE,STK,9878,INE805A01014,GOLDTECH,BE,,,,,AION-TECH SOLUTIONS LTD,44.68,44.68,44.68,44.68,44.68,45.59,,44.79,,,954,42624.72,23,F1,1,,,,,
2026-09-30,2026-09-30,CM,NSE,STK,9897,INE645W01026,AIRAN,EQ,,,,,AIRAN LIMITED,16.40,16.85,16.06,16.18,16.24,16.40,,16.18,,,22565,369413.54,240,F1,1,,,,,
2026-09-30,2026-09-30,CM,NSE,STK,6068,INE801L01010,AIROLAM,EQ,,,,,AIRO LAM LIMITED,89.00,96.00,89.00,92.85,93.00,89.06,,92.85,,,5335,497256.51,92,F1,1,,,,,
2026-09-30,2026-09-30,CM,NSE,STK,8124,INE031B01049,AJANTPHARM,EQ,,,,,AJANTA PHARMA LIMITED,3570.00,3758.90,3567.10,3620.80,3592.60,3557.50,,3620.67,,,344068,1261398797.30,56917,F1,1,,,,,
2026-09-30,2026-09-30,CM,NSE,STK,29624,INE274Y01021,AJAXENGG,EQ,,,,,AJAX ENGINEERING LIMITED,591.65,597.00,586.00,587.00,589.00,591.65,,587.00,,,41369,24446071.00,3471,F1,1,,,,,
2026-09-30,2026-09-30,CM,NSE,STK,17307,INE298G01035,AJMERA,EQ,,,,,AJMERA REALTY & INF I LTD,120.15,121.09,117.45,118.74,117.88,120.16,,118.72,,,165082,19648191.10,2324,F1,1,,,,,
2026-09-30,2026-09-30,CM,NSE,STK,3403,INE820Y01021,AJOONI,EQ,,,,,AJOONI BIOTECH LIMITED,3.16,3.16,3.10,3.13,3.13,3.14,,3.13,,,140753,440009.01,331,F1,1,,,,,
2026-09-30,2026-09-30,CM,NSE,STK,21121,INE0PCY01014,AKANKSHA,SM,,,,,AKANKSHA POWER N INFRA L,174.75,175.60,168.55,173.25,173.90,167.60,,173.25,,,78000,13541100.00,67,F1,1000,,,,,
2026-09-30,2026-09-30,CM,NSE,STK,13510,INE737W01013,AKASH,EQ,,,,,AKASH INFRA-PROJECTS LTD,25.83,25.83,24.60,24.94,24.81,25.32,,24.94,,,4302,107893.02,57,F1,1,,,,,
2026-09-30,2026-09-30,CM,NSE,STK,2176,INE00Y801016,AKG,EQ,,,,,AKG EXIM LIMITED,9.89,9.89,9.60,9.74,9.75,9.80,,9.74,,,13934,135389.27,113,F1,1,,,,,
2026-09-30,2026-09-30,CM,NSE,STK,14895,INE642Z01026,AKI,BE,,,,,AKI INDIA LIMITED,6.21,6.40,6.00,6.14,6.15,6.15,,6.14,,,45609,281274.88,205,F1,1,,,,,
2026-09-30,2026-09-30,CM,NSE,STK,24304,INE0PMR01017,AKIKO,SM,,,,,AKIKO GLOBAL SERVICES L,423.05,428.75,420.05,427.45,427.95,433.95,,427.45,,,13600,5784280.00,15,F1,800,,,,,
2026-09-30,2026-09-30,CM,NSE,STK,24159,INE916Y01027,AFIL,EQ,,,,,AKME FINTRADE (INDIA) LTD,7.98,8.05,7.86,7.93,7.86,7.85,,7.93,,,529863,4207227.23,484,F1,1,,,,,
2026-09-30,2026-09-30,CM,NSE,STK,8595,INE523B01011,AKSHOPTFBR,BE,,,,,AKSH OPTIFIBRE  LTD,7.11,7.23,6.90,6.97,7.01,7.11,,6.98,,,201391,1408705.35,306,F1,1,,,,,
2026-09-30,2026-09-30,CM,NSE,STK,9558,INE256Z01025,AKSHAR,EQ,,,,,AKSHAR SPINTEX LIMITED,0.41,0.43,0.41,0.42,0.43,0.41,,0.42,,,1069940,445608.31,225,F1,1,,,,,
2026-09-30,2026-09-30,CM,NSE,STK,20194,INE542B01011,AKSHARCHEM,BE,,,,,AKSHARCHEM INDIA LIMITED,376.55,394.85,372.15,388.10,387.00,376.55,,384.88,,,7060,2742815.10,137,F1,1,,,,,
2026-09-30,2026-09-30,CM,NSE,STK,24715,INE09XN01023,AKUMS,EQ,,,,,AKUMS DRUGS AND PHARMA L,828.20,828.20,811.10,818.50,814.00,819.55,,818.49,,,196569,161142528.75,15646,F1,1,,,,,
2026-09-30,2026-09-30,CM,NSE,STK,9921,INE914E01040,ALANKIT,EQ,,,,,ALANKIT LIMITED,7.68,7.94,7.56,7.83,7.84,7.56,,7.83,,,128910,1005834.96,515,F1,1,,,,,
2026-09-30,2026-09-30,CM,NSE,STK,17256,INE155C01010,ALBERTDAVD,EQ,,,,,ALBERT DAVID LIMITED,894.40,894.40,870.05,872.25,870.70,876.35,,872.18,,,6427,5650153.90,337,F1,1,,,,,
2026-09-30,2026-09-30,CM,NSE,STK,79,INE426A01027,ALEMBICLTD,EQ,,,,,ALEMBIC LIMITED,109.10,110.59,106.11,107.23,108.00,108.44,,107.24,,,819580,88461035.30,10010,F1,1,,,,,
2026-09-30,2026-09-30,CM,NSE,STK,25328,INE901L01018,APLLTD,EQ,,,,,ALEMBIC PHARMA LTD,866.00,876.40,821.70,825.45,825.00,861.50,,825.46,,,266145,224518377.65,29192,F1,1,,,,,
2026-09-30,2026-09-30,CM,NSE,STK,761270,INE598D01035,ALGOQUANT,EQ,,,,,ALGOQUANT FINTECH LIMITED,65.15,69.10,65.15,66.03,65.80,65.64,,66.03,,,1174607,78551561.07,6939,F1,1,,,,,
2026-09-30,2026-09-30,CM,NSE,STK,13656,INE062D01024,ALICON,EQ,,,,,ALICON CASTALLOY LIMITED,730.15,869.80,726.05,869.80,869.80,724.85,,869.98,,,953310,792210345.15,31946,F1,1,,,,,
2026-09-30,2026-09-30,CM,NSE,STK,5265,INE03Q201024,ALIVUS,EQ,,,,,ALIVUS LIFE SCIENCES LTD,1350.00,1390.00,1350.00,1379.30,1380.00,1356.80,,1379.29,,,186612,257169703.90,25149,F1,1,,,,,
2026-09-30,2026-09-30,CM,NSE,STK,16963,INE773I01017,ALKALI,BE,,,,,ALKALI METALS LTD,92.75,95.00,90.16,91.43,91.90,92.79,,91.43,,,8088,749144.71,119,F1,1,,,,,
2026-09-30,2026-09-30,CM,NSE,STK,11703,INE540L01014,ALKEM,EQ,,,,,ALKEM LABORATORIES LTD.,5249.50,5276.50,5135.00,5163.50,5163.50,5250.00,,5162.99,,,146577,758986218.50,19951,F1,1,,,,,
2026-09-30,2026-09-30,CM,NSE,STK,4487,INE150B01039,ALKYLAMINE,EQ,,,,,ALKYL AMINES CHEM. LTD,1781.30,1818.80,1751.30,1761.70,1767.10,1781.30,,1761.70,,,31646,56043809.30,8382,F1,1,,,,,
2026-09-30,2026-09-30,CM,NSE,STK,13203,INE0M2X01012,ALLETEC,SM,,,,,ALL E TECHNOLOGIES LTD,124.50,124.50,120.25,122.25,122.00,120.85,,122.25,,,25200,3070680.00,54,F1,400,,,,,
2026-09-30,2026-09-30,CM,NSE,STK,758448,INE0GV601021,ALLTIME,EQ,,,,,ALL TIME PLASTICS LIMITED,193.90,197.85,192.15,194.00,193.50,193.18,,194.00,,,31339,6090122.31,1062,F1,1,,,,,
2026-09-30,2026-09-30,CM,NSE,STK,763784,INE1YPB01014,AGL,EQ,,,,,ALLCARGO GLOBAL LIMITED,13.03,13.40,13.01,13.13,13.24,13.19,,13.13,,,885567,11694215.74,2110,F1,1,,,,,
2026-09-30,2026-09-30,CM,NSE,STK,13501,INE418H01029,ALLCARGO,EQ,,,,,ALLCARGO LOGISTICS LTD,10.78,10.78,10.05,10.13,10.10,10.53,,10.13,,,7854276,81393735.10,8586,F1,1,,,,,
2026-09-30,2026-09-30,CM,NSE,STK,17778,INE0NN701020,ATL,EQ,,,,,ALLCARGO TERMINALS LTD,24.30,25.00,24.12,24.44,24.38,24.47,,24.47,,,119329,2928556.16,877,F1,1,,,,,
2026-09-30,2026-09-30,CM,NSE,STK,11798,INE835G01018,ALLDIGI,EQ,,,,,ALLDIGI TECH LIMITED,779.65,786.00,762.50,767.25,765.10,775.80,,767.25,,,8379,6473732.15,691,F1,1,,,,,
2026-09-30,2026-09-30,CM,NSE,STK,24308,INE552Z01027,ABDL,EQ,,,,,ALLIED BLEND N DISTILS L,716.50,729.00,711.65,718.90,716.00,716.50,,718.91,,,319559,229875026.25,19067,F1,1,,,,,
2026-09-30,2026-09-30,CM,NSE,STK,14813,INE102I01027,ADSL,EQ,,,,,ALLIED DIGITAL SERV. LTD,110.80,113.37,108.00,108.53,108.16,109.99,,108.54,,,187491,20682811.97,2877,F1,1,,,,,
2026-09-30,2026-09-30,CM,NSE,STK,16723,INE326B01035,ALMONDZ,BE,,,,,ALMONDZ GLOBAL SEC LTD,20.50,20.50,19.50,20.00,20.00,20.06,,20.00,,,279934,5618425.18,484,F1,1,,,,,
2026-09-30,2026-09-30,CM,NSE,STK,17675,INE270A01029,ALOKINDS,EQ,,,,,ALOK INDUSTRIES LIMITED,7.10,7.24,7.07,7.09,7.11,7.06,,7.08,,,12343099,88285203.71,7987,F1,1,,,,,
2026-09-30,2026-09-30,CM,NSE,STK,14848,INE385I01010,ALPA,EQ,,,,,ALPA LABORATORIES LTD,59.76,61.50,59.25,59.51,59.51,59.76,,59.51,,,8263,499205.53,107,F1,1,,,,,
2026-09-30,2026-09-30,CM,NSE,STK,22688,INE0R4701017,ALPEXSOLAR,SM,,,,,ALPEX SOLAR LIMITED,876.00,876.15,838.15,847.10,849.00,865.30,,847.10,,,27800,23676185.00,204,F1,100,,,,,
2026-09-30,2026-09-30,CM,NSE,STK,14601,INE137C01018,ALPHAGEO,BE,,,,,ALPHAGEO (INDIA) LIMITED,259.00,265.90,252.20,256.50,258.00,259.15,,256.49,,,6932,1798356.35,211,F1,1,,,,,
2026-09-30,2026-09-30,CM,NSE,STK,764186,INE1JCQ01037,ALPINETEX,EQ,,,,,ALPINE TEXWORLD LIMITED,49.70,49.70,47.53,47.80,47.60,48.95,,47.81,,,111760,5392827.82,1816,F1,1,,,,,
2026-09-30,2026-09-30,CM,NSE,STK,764578,INE058F01019,ALUFLUOR,EQ,,,,,ALUFLUORIDE LTD.,640.00,645.00,622.30,632.70,632.00,632.55,,632.76,,,19252,12128220.05,754,F1,1,,,,,
2026-09-30,2026-09-30,CM,NSE,STK,23474,INE0STM01017,ALUWIND,SM,,,,,ALUWIND INFRA-TECH LTD,49.80,49.80,49.75,49.75,49.75,49.80,,49.75,,,4500,224025.00,3,F1,1500,,,,,
2026-09-30,2026-09-30,CM,NSE,STK,760740,INE121R01077,AMAGI,EQ,,,,,AMAGI MEDIA LABS LIMITED,560.00,568.45,541.30,549.45,545.15,563.85,,549.41,,,281619,156730451.10,10606,F1,1,,,,,
2026-09-30,2026-09-30,CM,NSE,STK,764583,INE841D01013,AMAL,EQ,,,,,AMAL LTD.,671.30,700.00,671.30,684.50,695.00,682.10,,686.74,,,6607,4539109.95,611,F1,1,,,,,
2026-09-30,2026-09-30,CM,NSE,STK,758910,INE084K01015,AMANTA,BE,,,,,AMANTA HEALTHCARE LIMITED,190.39,190.39,190.39,190.39,190.39,186.66,,189.75,,,16960,3229014.40,85,F1,1,,,,,
2026-09-30,2026-09-30,CM,NSE,STK,100,INE885A01032,ARE&M,EQ,,,,,AMARA RAJA ENERGY MOB LTD,768.95,781.65,750.00,754.55,753.00,766.30,,754.60,,,706708,539823676.50,31738,F1,1,,,,,
2026-09-30,2026-09-30,CM,NSE,STK,764588,INE484D01012,AMARJOTHI,EQ,,,,,AMARJOTHI SPINNING MILL L,152.00,152.00,147.05,149.00,149.00,152.00,,149.17,,,342,50847.78,25,F1,1,,,,,
2026-09-30,2026-09-30,CM,NSE,STK,763256,INE293601014,AMBAAUTO,SM,,,,,AMBA AUTO SALES AND SER L,97.50,104.55,97.50,104.55,104.55,99.60,,104.55,,,28000,2855800.00,27,F1,1000,,,,,
2026-09-30,2026-09-30,CM,NSE,STK,762546,INE432A01017,AMBALALSA,BE,,,,,AMBALAL SARABHAI ENT L,39.50,40.94,39.00,39.54,39.30,39.04,,39.53,,,57944,2303782.20,149,F1,1,,,,,
2026-09-30,2026-09-30,CM,NSE,STK,4083,INE00C501018,AMBANIORGO,SM,,,,,AMBANI ORGOCHEM LIMITED,115.00,115.00,115.00,115.00,115.00,114.95,,115.00,,,50000,5750000.00,1,F1,1000,,,,,
2026-09-30,2026-09-30,CM,NSE,STK,1185,INE371P01015,AMBER,EQ,,,,,AMBER ENTERPRISES (I) LTD,6639.00,6786.00,6617.00,6672.50,6672.50,6606.50,,6672.71,,,224400,1513297307.50,32872,F1,1,,,,,
2026-09-30,2026-09-30,CM,NSE,STK,11496,INE792B01012,AMBICAAGAR,EQ,,,,,AMBICA AGAR & AROMAINDLTD,24.50,25.12,24.14,24.40,24.93,24.37,,24.16,,,13549,333336.82,122,F1,1,,,,,
2026-09-30,2026-09-30,CM,NSE,STK,15234,INE540G01014,AMBIKCO,EQ,,,,,AMBIKA COTTON MILL LTD.,1531.00,1545.90,1516.20,1520.60,1522.40,1527.10,,1520.56,,,5265,8030270.60,645,F1,1,,,,,
2026-09-30,2026-09-30,CM,NSE,STK,1270,INE079A01024,AMBUJACEM,EQ,,,,,AMBUJA CEMENTS LTD,369.00,376.65,368.65,374.00,374.00,365.75,,373.99,,,3219926,1201040911.35,92368,F1,1,,,,,
2026-09-30,2026-09-30,CM,NSE,STK,14402,INE005I01014,AMDIND,BE,,,,,AMD INDUSTRIES LIMITED,53.10,54.48,53.10,53.45,53.45,54.00,,53.44,,,19423,1045530.11,107,F1,1,,,,,
2026-09-30,2026-09-30,CM,NSE,STK,10898,INE0KT901015,AMEYA,SM,,,,,AMEYA PRECISION ENG LTD,153.50,153.50,153.50,153.50,153.50,146.20,,153.50,,,12000,1842000.00,12,F1,1000,,,,,
2026-09-30,2026-09-30,CM,NSE,STK,19867,INE275D01022,AMNPLST,EQ,,,,,AMINES & PLASTICIZERS LTD,174.90,174.90,168.56,171.57,170.05,170.18,,171.57,,,2629,451702.94,79,F1,1,,,,,
2026-09-30,2026-09-30,CM,NSE,STK,761670,INE05TO01019,AEROPLANE,EQ,,,,,AMIR CHAND JAG KUM (E) L,205.00,210.00,200.00,206.57,207.00,202.08,,206.59,,,776058,159017244.98,6305,F1,1,,,,,
2026-09-30,2026-09-30,CM,NSE,STK,2598,INE606A01024,AMJLAND,EQ,,,,,AMJ LAND HOLDINGS LIMITED,38.04,38.58,37.40,37.62,37.50,38.04,,37.66,,,3327,126122.23,54,F1,1,,,,,
2026-09-30,2026-09-30,CM,NSE,STK,17547,INE098F01031,AMRUTANJAN,EQ,,,,,AMRUTAJAN HEALTH LTD,505.25,522.20,505.25,514.75,514.00,505.25,,514.75,,,62878,32473753.55,3205,F1,1,,,,,
2026-09-30,2026-09-30,CM,NSE,STK,759956,INE549H01021,ARSSBL,EQ,,,,,ANAND RATHI SH N STK BR L,503.10,525.80,502.90,515.10,515.05,500.45,,515.11,,,370040,191320963.75,10604,F1,1,,,,,
2026-09-30,2026-09-30,CM,NSE,STK,7145,INE463V01026,ANANDRATHI,EQ,,,,,ANAND RATHI WEALTH LTD,2111.10,2127.60,2072.00,2120.00,2120.00,2100.60,,2119.77,,,552945,1163493958.70,36823,F1,1,,,,,
2026-09-30,2026-09-30,CM,NSE,STK,13620,INE242C01024,ANANTRAJ,EQ,,,,,ANANT RAJ LIMITED,605.00,611.00,597.00,598.90,603.00,602.30,,598.90,,,1122020,677159061.10,28222,F1,1,,,,,
2026-09-30,2026-09-30,CM,NSE,STK,759363,INE1UA823019,ANANTAM,IV,,,,,ANANTAM HIGHWAYS TRUST,106.00,106.00,103.80,103.92,103.86,104.28,,103.92,,,133507,13912929.76,200,F1,1,,,,,
2026-09-30,2026-09-30,CM,NSE,STK,764446,INE1J5V01013,ANAWIL,SM,,,,,ANAWIL WIRE AND ENGIN LTD,514.05,540.00,470.00,478.50,474.55,509.00,,478.50,,,469600,238622000.00,1061,F1,400,,,,,
2026-09-30,2026-09-30,CM,NSE,STK,758427,INE0VG001016,AMCL,SM,,,,,ANB METAL CAST LIMITED,345.00,349.00,345.00,349.00,349.00,346.90,,349.00,,,19600,6832240.00,10,F1,400,,,,,
2026-09-30,2026-09-30,CM,NSE,STK,15420,INE666E01020,ACL,EQ,,,,,ANDHRA CEMENTS LIMITED,39.96,40.39,38.71,39.33,39.70,39.56,,39.19,,,9813,386942.16,358,F1,1,,,,,
2026-09-30,2026-09-30,CM,NSE,STK,166,INE435A01051,ANDHRAPAP,EQ,,,,,ANDHRA PAPER LIMITED,72.00,73.93,72.00,72.68,72.25,72.32,,72.68,,,240993,17570073.94,5183,F1,1,,,,,
2026-09-30,2026-09-30,CM,NSE,STK,136,INE715B01021,ANDHRSUGAR,EQ,,,,,ANDHRA SUGARS LTD,94.40,95.95,92.70,93.15,92.80,94.40,,93.15,,,186327,17580873.79,15215,F1,1,,,,,
2026-09-30,2026-09-30,CM,NSE,STK,5206,INE449C01025,ANDREWYU,EQ,,,,,ANDREW YULE & CO. LTD.,25.85,27.90,25.85,26.02,26.00,25.84,,26.00,,,44656,1172660.16,415,F1,1,,,,,
2026-09-30,2026-09-30,CM,NSE,STK,324,INE732I01021,ANGELONE,EQ,,,,,ANGEL ONE LIMITED,274.25,278.20,273.25,274.00,274.00,273.50,,274.00,,,2439788,673236701.50,24996,F1,1,,,,,
2026-09-30,2026-09-30,CM,NSE,STK,482,INE635Y01015,AISL,SM,,,,,ANI INTEGRATED SERV LTD.,63.70,63.70,63.70,63.70,63.70,60.70,,63.70,,,25200,1605240.00,15,F1,600,,,,,
2026-09-30,2026-09-30,CM,NSE,STK,16657,INE087B01017,ANIKINDS,EQ,,,,,ANIK INDUSTRIES LTD,44.89,44.89,43.80,44.45,44.47,43.98,,44.47,,,2550,113011.94,88,F1,1,,,,,
2026-09-30,2026-09-30,CM,NSE,STK,20453,INE071F01012,APCL,EQ,,,,,ANJANI PORTLAND CEM LTD,95.86,98.89,92.00,94.22,93.01,94.92,,94.22,,,7847,734065.57,327,F1,1,,,,,
2026-09-30,2026-09-30,CM,NSE,STK,25878,INE106I01010,ANKITMETAL,BZ,,,,,ANKIT MET & POW LTD,1.97,1.97,1.97,1.97,1.97,1.94,,1.97,,,19735,38877.95,17,F1,1,,,,,
2026-09-30,2026-09-30,CM,NSE,STK,758968,INE0Y8W01025,AHCL,EQ,,,,,ANLON HEALTHCARE LIMITED,37.17,37.24,34.58,34.58,34.58,36.39,,34.58,,,18707312,655680325.01,19886,F1,1,,,,,
2026-09-30,2026-09-30,CM,NSE,STK,13657,INE0LR101013,ANLON,SM,,,,,ANLON TECHNOLOGY SOL LTD,750.00,818.00,739.95,816.35,814.50,744.95,,816.35,,,10000,7827160.00,25,F1,400,,,,,
2026-09-30,2026-09-30,CM,NSE,STK,3732,INE02AR01019,ANMOL,BE,,,,,ANMOL INDIA LIMITED,14.05,14.26,13.45,13.71,13.72,13.77,,13.70,,,19776,274734.26,115,F1,1,,,,,
2026-09-30,2026-09-30,CM,NSE,STK,764471,INE0MGM01017,ANNAPURNA,EQ,,,,,ANNAPURNA SWADISHT LTD,126.05,141.94,126.05,131.00,131.20,127.22,,131.00,,,115324,15436151.54,1016,F1,1,,,,,
2026-09-30,2026-09-30,CM,NSE,STK,765502,INE103001017,ANNU,EQ,,,,,ANNU PROJECTS LIMITED,47.85,50.20,47.85,48.22,48.47,47.84,,48.23,,,585399,28785737.50,5717,F1,1,,,,,
2026-09-30,2026-09-30,CM,NSE,STK,758740,INE0VTV01012,ANONDITA,SM,,,,,ANONDITA MEDICARE LIMITED,1101.95,1102.00,1073.15,1084.60,1090.00,1094.75,,1084.60,,,60600,65896350.00,280,F1,200,,,,,
2026-09-30,2026-09-30,CM,NSE,STK,765020,INE030C01015,ANSALBU,EQ,,,,,ANSAL BUILDWELL LTD.,87.43,95.40,86.00,87.75,88.35,85.96,,87.91,,,9005,812425.14,233,F1,1,,,,,
2026-09-30,2026-09-30,CM,NSE,STK,19677,INE436A01026,ANSALAPI,BZ,,,,,ANSAL PROP & INFRA LTD,4.16,4.16,4.00,4.16,4.16,4.08,,4.13,,,71384,296205.18,139,F1,1,,,,,
2026-09-30,2026-09-30,CM,NSE,STK,5194,INE414B01021,ANTGRAPHIC,EQ,,,,,ANTARCTICA LTD,0.71,0.72,0.70,0.71,0.72,0.70,,0.71,,,89758,63749.57,150,F1,1,,,,,
2026-09-30,2026-09-30,CM,NSE,STK,13598,INE818A01017,ANTELOPUS,EQ,,,,,ANTELOPUS SELAN ENRGY LTD,1174.15,1178.15,1119.00,1125.90,1120.00,1162.50,,1125.89,,,316480,362053026.75,16736,F1,1,,,,,
2026-09-30,2026-09-30,CM,NSE,STK,757885,INE0CZ201020,ANTHEM,EQ,,,,,ANTHEM BIOSCIENCES LTD,871.00,878.20,855.05,858.60,857.90,869.75,,858.43,,,189868,164381724.35,17615,F1,1,,,,,
2026-09-30,2026-09-30,CM,NSE,STK,1797,INE01BK01022,AWHCL,EQ,,,,,ANTONY WASTE HDG CELL LTD,364.35,371.70,361.05,364.55,363.65,364.35,,364.53,,,68038,24815023.75,3602,F1,1,,,,,
2026-09-30,2026-09-30,CM,NSE,STK,28314,INE489G01022,ANUHPHR,EQ,,,,,ANUH PHARMA LIMITED,90.31,91.05,87.00,87.40,87.30,89.68,,87.42,,,70318,6220344.07,2068,F1,1,,,,,
2026-09-30,2026-09-30,CM,NSE,STK,2829,INE930P01018,ANURAS,EQ,,,,,ANUPAM RASAYAN INDIA LTD,1181.00,1188.50,1169.00,1181.00,1183.50,1177.80,,1181.00,,,133965,157693474.90,8879,F1,1,,,,,
2026-09-30,2026-09-30,CM,NSE,STK,28983,INE0SI601032,ANYA,SM,,,,,ANYA POLYTECH & FERTI LTD,18.00,18.00,17.80,17.95,18.00,17.55,,17.95,,,85000,1521250.00,10,F1,5000,,,,,
2026-09-30,2026-09-30,CM,NSE,STK,11945,INE0MIZ23019,ANZEN,IV,,,,,ANZEN IND ENE YLD PLU TRU,128.50,128.90,128.50,128.90,128.90,127.00,,128.90,,,50000,6435000.00,2,F1,25000,,,,,
2026-09-30,2026-09-30,CM,NSE,STK,758904,INF1J2R01114,AONEGOLD,EQ,,,,,AONEAMC - AONEGOLD,13.84,13.84,13.68,13.72,13.75,13.62,,13.72,,,251762,3462012.95,1525,F1,1,,,,,
2026-09-30,2026-09-30,CM,NSE,STK,30472,INF1J2R01056,AONELIQUID,EQ,,,,,AONEAMC - AONELIQUID,1079.00,1079.02,1079.00,1079.00,1079.00,1078.86,,1079.00,,,7508,8101216.22,85,F1,1,,,,,
2026-09-30,2026-09-30,CM,NSE,STK,757096,INF1J2R01064,AONENIFTY,EQ,,,,,AONEAMC - AONENIFTY,9.65,9.65,9.35,9.37,9.40,9.42,,9.37,,,165786,1558000.23,1179,F1,1,,,,,
2026-09-30,2026-09-30,CM,NSE,STK,760193,INF1J2R01171,AONESILVER,EQ,,,,,AONEAMC - AONESILVER,8.44,8.49,8.35,8.36,8.40,8.40,,8.36,,,1239764,10438032.39,1351,F1,1,,,,,
2026-09-30,2026-09-30,CM,NSE,STK,759992,INF1J2R01148,AONETMMQ50,EQ,,,,,AONEAMC - AONETMMQ50,10.15,10.15,9.90,9.95,9.95,9.95,,9.95,,,90255,897748.34,219,F1,1,,,,,
2026-09-30,2026-09-30,CM,NSE,STK,29975,INF1J2R01015,AONETOTAL,EQ,,,,,AONEAMC - AONETOTAL,11.60,11.60,11.30,11.37,11.38,11.37,,11.37,,,120405,1368063.49,909,F1,1,,,,,
2026-09-30,2026-09-30,CM,NSE,STK,11491,INE372A01015,APARINDS,EQ,,,,,APAR INDUSTRIES LTD.,17804.00,17882.00,17291.00,17384.00,17420.00,17803.00,,17384.02,,,116165,2032649999.00,36893,F1,1,,,,,
2026-09-30,2026-09-30,CM,NSE,STK,154,INE116A01032,APCOTEXIND,EQ,,,,,APCOTEX INDUSTRIES LIMITE,600.00,607.40,592.00,595.60,597.60,595.45,,595.57,,,40627,24398623.65,2567,F1,1,,,,,
2026-09-30,2026-09-30,CM,NSE,STK,27291,INE0T4V01015,APEXECO,ST,,,,,APEX ECOTECH LIMITED,270.00,275.00,267.70,269.35,267.70,263.95,,269.35,,,30400,8234800.00,33,F1,800,,,,,
2026-09-30,2026-09-30,CM,NSE,STK,21623,INE346W01013,APEX,EQ,,,,,APEX FROZEN FOODS LIMITED,343.10,348.30,335.00,336.50,336.90,343.10,,336.54,,,66125,22591613.45,3517,F1,1,,,,,
2026-09-30,2026-09-30,CM,NSE,STK,25780,INE702C01027,APLAPOLLO,EQ,,,,,APL APOLLO TUBES LTD,2201.90,2224.50,2181.60,2190.10,2190.10,2188.60,,2190.09,,,587352,1294200556.20,31657,F1,1,,,,,
2026-09-30,2026-09-30,CM,NSE,STK,757184,INE0TLC07077,930APMD30,N0,,,,,APMD 9.30% 2030 STRPP D,105000.00,105000.00,105000.00,105000.00,105000.00,104401.00,,105000.00,,,10,1050000.00,1,F1,1,,,,,
2026-09-30,2026-09-30,CM,NSE,STK,157,INE437A01024,APOLLOHOSP,EQ,,,,,APOLLO HOSPITALS ENTER. L,8582.00,8659.00,8053.00,8165.50,8165.50,8659.00,,8165.19,,,2108531,17304819644.00,203998,F1,1,,,,,
2026-09-30,2026-09-30,CM,NSE,STK,1134,INE713T01028,APOLLO,EQ,,,,,APOLLO MICRO SYSTEMS LTD,402.90,410.70,401.70,403.45,403.50,402.60,,403.43,,,4344769,1765198827.35,47514,F1,1,,,,,
2026-09-30,2026-09-30,CM,NSE,STK,14361,INE126J01016,APOLLOPIPE,EQ,,,,,APOLLO PIPES LIMITED,516.90,525.00,505.00,507.85,505.20,513.70,,507.85,,,166142,85730459.10,3931,F1,1,,,,,
2026-09-30,2026-09-30,CM,NSE,STK,6302,INE451F01024,APOLSINHOT,EQ,,,,,APOLLO SINDOORI HOTEL LTD,1156.10,1189.90,1156.10,1162.60,1160.50,1166.20,,1162.60,,,1022,1194308.10,163,F1,1,,,,,
2026-09-30,2026-09-30,CM,NSE,STK,163,INE438A01022,APOLLOTYRE,EQ,,,,,APOLLO TYRES LTD,412.90,412.95,402.00,404.70,403.20,406.75,,404.69,,,684149,277509572.45,28464,F1,1,,,,,
2026-09-30,2026-09-30,CM,NSE,STK,764593,INE217S01014,APOORVA,EQ,,,,,APOORVA LEAS F & INV C L,33.00,33.00,31.35,33.00,33.00,33.00,,33.51,,,103,3250.50,6,F1,1,,,,,
2026-09-30,2026-09-30,CM,NSE,STK,24638,INE0LQG01010,APRAMEYA,SM,,,,,APRAMEYA ENGINEERING LTD,102.00,107.50,100.00,104.50,104.50,105.00,,104.50,,,18500,1919125.00,29,F1,500,,,,,
2026-09-30,2026-09-30,CM,NSE,STK,760372,INE0M2307388,915APSBC31,N0,,,,,APSBC 9.15% 2031 STRPP F,104800.00,104800.00,104800.00,104800.00,104800.00,104200.00,,104800.00,,,2,209600.00,1,F1,1,,,,,
2026-09-30,2026-09-30,CM,NSE,STK,761435,INE1OOJ01011,APSISAERO,ST,,,,,APSIS AEROCOM LIMITED,575.00,585.00,570.50,571.80,570.50,600.00,,571.80,,,52800,30629640.00,18,F1,1200,,,,,
2026-09-30,2026-09-30,CM,NSE,STK,10755,INE266F01018,APTECHT,EQ,,,,,APTECH LIMITED,89.49,90.00,87.73,88.26,88.74,88.61,,88.24,,,53672,4758057.06,959,F1,1,,,,,
2026-09-30,2026-09-30,CM,NSE,STK,5435,INE852O01025,APTUS,EQ,,,,,APTUS VALUE HSG FIN I LTD,235.00,236.87,230.00,232.53,231.00,233.34,,232.53,,,1838844,429723949.90,43677,F1,1,,,,,
2026-09-30,2026-09-30,CM,NSE,STK,23365,INE416A01051,AQYLON,EQ,,,,,AQYLON NEXUS LIMITED,17.11,17.39,16.26,16.26,16.26,17.11,,16.26,,,476188,7843059.64,1728,F1,1,,,,,
2026-09-30,2026-09-30,CM,NSE,STK,19253,INE08NJ01024,ARABIAN,SM,,,,,ARABIAN PETROLEUM LIMITED,88.00,88.00,88.00,88.00,88.00,88.00,,88.00,,,2000,176000.00,1,F1,2000,,,,,
2026-09-30,2026-09-30,CM,NSE,STK,758670,INE0YDV01010,ARCIIL,SM,,,,,ARC INSULATION & INSU LTD,32.00,32.00,32.00,32.00,32.00,32.00,,32.00,,,2000,64000.00,2,F1,1000,,,,,
2026-09-30,2026-09-30,CM,NSE,STK,12024,INE128X01021,ACI,EQ,,,,,ARCHEAN CHEMICAL IND LTD,487.00,496.45,481.50,485.85,488.70,490.60,,485.90,,,231287,112636842.05,11646,F1,1,,,,,
2026-09-30,2026-09-30,CM,NSE,STK,245,INE0CHO01012,ADL,EQ,,,,,ARCHIDPLY DECOR LIMITED,78.00,80.00,67.33,77.60,80.00,70.00,,77.52,,,6985,527665.70,117,F1,1,,,,,
2026-09-30,2026-09-30,CM,NSE,STK,16795,INE877I01016,ARCHIDPLY,EQ,,,,,ARCHIDPLY IND. LTD,101.11,104.99,99.52,103.50,103.51,101.98,,103.50,,,33170,3399347.32,286,F1,1,,,,,
2026-09-30,2026-09-30,CM,NSE,STK,5688,INE731A01020,ARCHIES,EQ,,,,,ARCHIES LTD,12.73,12.73,12.33,12.39,12.39,12.43,,12.39,,,7581,94465.02,81,F1,1,,,,,
2026-09-30,2026-09-30,CM,NSE,STK,764598,INE372M01010,ARCL,EQ,,,,,ARCL ORGANICS LTD.,233.00,242.00,232.95,241.90,241.90,233.00,,243.72,,,351,83326.32,21,F1,1,,,,,
2026-09-30,2026-09-30,CM,NSE,STK,764480,INE0XNF01022,ARDEE,EQ,,,,,ARDEE INDUSTRIES LIMITED,51.55,52.95,50.40,50.77,50.62,51.17,,50.78,,,3252521,168596632.24,23905,F1,1,,,,,
2026-09-30,2026-09-30,CM,NSE,STK,758700,INE784R01023,ARFIN,EQ,,,,,ARFIN INDIA LIMITED,88.05,91.00,88.05,89.19,88.90,88.16,,89.18,,,916404,82435639.16,4981,F1,1,,,,,
2026-09-30,2026-09-30,CM,NSE,STK,13092,INE0L2Y01011,ARHAM,SM,,,,,ARHAM TECHNOLOGIES LTD,219.85,221.75,218.55,220.10,220.00,214.90,,220.10,,,34000,7499200.00,30,F1,1000,,,,,
2026-09-30,2026-09-30,CM,NSE,STK,15208,INE298I01015,ARIES,BE,,,,,ARIES AGRO LTD.,471.05,484.80,471.05,480.55,478.50,474.80,,480.55,,,9875,4720089.80,199,F1,1,,,,,
2026-09-30,2026-09-30,CM,NSE,STK,13340,INE0NCC01015,ARIHANTACA,SM,,,,,ARIHANT ACADEMY LIMITED,480.00,530.00,480.00,515.00,530.00,491.00,,515.00,,,3600,1840140.00,9,F1,400,,,,,
2026-09-30,2026-09-30,CM,NSE,STK,3813,INE420B01036,ARIHANTCAP,EQ,,,,,ARIHANT CAPITAL MKTS LTD,90.58,92.55,88.98,89.74,89.50,90.58,,89.74,,,513589,46515031.83,3957,F1,1,,,,,
2026-09-30,2026-09-30,CM,NSE,STK,13885,INE413D01011,ARIHANT,EQ,,,,,ARIHANT FOUN & HOU LTD,884.90,920.40,855.55,900.70,900.00,888.90,,900.70,,,2591,2311183.50,157,F1,1,,,,,
2026-09-30,2026-09-30,CM,NSE,STK,20159,INE643K01018,ARIHANTSUP,EQ,,,,,ARIHANT SUPERSTRUCT LTD,230.00,231.60,221.35,222.85,227.45,230.25,,222.85,,,1653,372468.95,179,F1,1,,,,,
2026-09-30,2026-09-30,CM,NSE,STK,757614,INE0H9P01028,ARIS,EQ,,,,,ARISINFRA SOLUTIONS LTD,140.00,146.40,136.79,143.88,142.55,135.00,,143.88,,,4654571,661013511.81,42677,F1,1,,,,,
2026-09-30,2026-09-30,CM,NSE,STK,13926,INE082101010,ARISTO,SM,,,,,ARISTO BIO T AND LIFESC L,95.00,95.00,95.00,95.00,95.00,95.60,,95.00,,,1600,152000.00,1,F1,800,,,,,
2026-09-30,2026-09-30,CM,NSE,STK,25398,INE0QRL01017,ARKADE,EQ,,,,,ARKADE DEVELOPERS LIMITED,122.50,123.48,119.00,119.39,120.99,121.92,,119.39,,,136891,16539687.48,2303,F1,1,,,,,
2026-09-30,2026-09-30,CM,NSE,STK,17263,INE109C01017,ARMANFIN,EQ,,,,,ARMAN FIN SERV LTD,1711.40,1756.70,1707.10,1744.20,1752.10,1711.40,,1743.81,,,31160,54176871.40,3980,F1,1,,,,,
2026-09-30,2026-09-30,CM,NSE,STK,766295,INE0TWE01016,ARMEE,EQ,,,,,ARMEE INFOTECH LIMITED,375.00,375.00,300.00,300.00,300.00,375.00,,296.55,,,10736790,3541249142.90,151708,F1,1,,,,,
2026-09-30,2026-09-30,CM,NSE,STK,760752,INE0TZX01019,ARMOUR,ST,,,,,ARMOUR SECURITY (INDIA) L,23.25,23.25,21.05,21.10,21.10,22.15,,21.10,,,66000,1464100.00,25,F1,2000,,,,,
2026-09-30,2026-09-30,CM,NSE,STK,14557,INE210C01013,AROGRANITE,EQ,,,,,ARO GRANITE IND. LTD.,23.00,23.89,22.20,23.28,23.62,22.81,,23.32,,,1925,44291.14,43,F1,1,,,,,
2026-09-30,2026-09-30,CM,NSE,STK,9260,INE570D01018,ARROWGREEN,EQ,,,,,ARROW GREENTECH LIMITED,876.50,886.95,840.15,856.05,869.95,872.50,,855.94,,,48123,41272685.10,4285,F1,1,,,,,
2026-09-30,2026-09-30,CM,NSE,STK,29015,INE968D01022,ARSHIYA,BZ,,,,,ARSHIYA LIMITED,0.79,0.82,0.79,0.81,0.82,0.79,,0.81,,,154611,126524.54,73,F1,1,,,,,
2026-09-30,2026-09-30,CM,NSE,STK,6156,INE738V01013,ARTNIRMAN,EQ,,,,,ART NIRMAN LIMITED,37.85,41.80,37.75,40.24,40.70,36.52,,40.24,,,6656,266746.11,75,F1,1,,,,,
2026-09-30,2026-09-30,CM,NSE,STK,761330,INE757T01025,AEPL,EQ,,,,,ARTEMIS ELECTRICALS & P L,14.26,15.58,14.26,15.18,15.18,14.72,,15.31,,,17337,255425.63,175,F1,1,,,,,
2026-09-30,2026-09-30,CM,NSE,STK,16913,INE025R01021,ARTEMISMED,EQ,,,,,ARTEMIS MED SERVICE LTD,368.95,370.10,342.10,345.55,346.90,366.60,,345.55,,,1002073,352958239.55,33048,F1,1,,,,,
2026-09-30,2026-09-30,CM,NSE,STK,756896,INE0TTG01017,ARUNAYA,SM,,,,,ARUNAYA ORGANICS LIMITED,14.75,14.75,14.05,14.20,14.20,14.75,,14.20,,,12000,171700.00,6,F1,2000,,,,,
2026-09-30,2026-09-30,CM,NSE,STK,2814,INE006Z01016,ARVEE,EQ,,,,,ARVEE LABORATORIES I LTD,233.99,235.79,222.20,225.16,226.40,232.85,,225.16,,,5986,1362961.28,308,F1,1,,,,,
2026-09-30,2026-09-30,CM,NSE,STK,9111,INE955V01021,ARVINDFASN,EQ,,,,,ARVIND FASHIONS LIMITED,407.10,411.35,386.00,387.45,389.50,410.15,,387.50,,,332564,131782825.60,17552,F1,1,,,,,
2026-09-30,2026-09-30,CM,NSE,STK,193,INE034A01011,ARVIND,EQ,,,,,ARVIND LIMITED,545.00,549.95,535.75,539.90,541.00,545.45,,539.89,,,644224,350705041.10,39792,F1,1,,,,,
2026-09-30,2026-09-30,CM,NSE,STK,10457,INE034S01021,ARVSMART,EQ,,,,,ARVIND SMARTSPACES LTD,615.80,615.80,596.65,601.75,600.00,609.70,,601.77,,,40388,24432500.35,1881,F1,1,,,,,
2026-09-30,2026-09-30,CM,NSE,STK,764603,INE032E01017,ARYAMAN,EQ,,,,,ARYAMAN FINANCIAL SERV L,630.00,630.00,630.00,630.00,630.00,620.00,,618.40,,,5,3150.00,5,F1,1,,,,,
2026-09-30,2026-09-30,CM,NSE,STK,5378,INE439A01020,ASAHIINDIA,EQ,,,,,ASAHI INDIA GLASS LIMITED,956.10,974.70,956.10,958.85,965.40,957.95,,958.87,,,85211,82107553.10,9275,F1,1,,,,,
2026-09-30,2026-09-30,CM,NSE,STK,25092,INE228I01012,ASAHISONG,BE,,,,,ASAHI SONGWON COLOR LTD,385.10,394.95,379.00,389.15,389.00,384.20,,389.31,,,10809,4207926.65,116,F1,1,,,,,
2026-09-30,2026-09-30,CM,NSE,STK,24711,INE0LAA01017,ASHALOG,SM,,,,,ASHAPURA LOGISTICS LTD,55.25,61.00,55.25,61.00,61.00,60.50,,61.00,,,11000,662050.00,9,F1,1000,,,,,
2026-09-30,2026-09-30,CM,NSE,STK,203,INE348A01023,ASHAPURMIN,EQ,,,,,ASHAPURA MINECHEM LTD,526.60,526.60,502.50,504.15,504.00,518.80,,504.16,,,261585,134077006.30,10952,F1,1,,,,,
2026-09-30,2026-09-30,CM,NSE,STK,24403,INE365D01021,ASHIANA,EQ,,,,,ASHIANA HOUSING LTD,389.30,397.95,382.95,386.00,385.15,390.55,,386.03,,,34947,13637597.50,1610,F1,1,,,,,
2026-09-30,2026-09-30,CM,NSE,STK,762551,INE094B01013,ASHIKAG,BE,,,,,ASHIKA GLOBAL SEC LTD,398.35,404.80,396.10,397.85,398.00,398.35,,397.85,,,21935,8789132.90,191,F1,1,,,,,
2026-09-30,2026-09-30,CM,NSE,STK,206,INE440A01010,ASHIMASYN,EQ,,,,,ASHIMA LTD,16.15,16.20,15.91,15.98,15.95,16.08,,15.98,,,37084,594060.13,225,F1,1,,,,,
2026-09-30,2026-09-30,CM,NSE,STK,212,INE208A01029,ASHOKLEY,EQ,,,,,ASHOK LEYLAND LTD,154.41,156.19,153.35,154.19,154.19,153.44,,154.19,,,17703276,2741624587.49,124940,F1,1,,,,,
2026-09-30,2026-09-30,CM,NSE,STK,20182,INE442H01029,ASHOKA,EQ,,,,,ASHOKA BUILDCON LTD,108.74,111.83,107.31,107.75,107.60,108.53,,107.76,,,413067,44914987.62,5889,F1,1,,,,,
2026-09-30,2026-09-30,CM,NSE,STK,16943,INE760Y01011,ASHOKAMET,EQ,,,,,ASHOKA METCAST LIMITED,15.00,15.68,15.00,15.18,15.30,15.15,,15.18,,,15455,234947.69,112,F1,1,,,,,
2026-09-30,2026-09-30,CM,NSE,STK,765573,INE19FR01012,ASHUTOSH,SM,,,,,ASHUTOSH FIBRE LIMITED,167.00,174.50,149.95,153.50,152.00,163.35,,153.50,,,620400,100152300.00,482,F1,1200,,,,,
2026-09-30,2026-09-30,CM,NSE,STK,760418,INE1A6Q01010,ASHWINI,SM,,,,,ASHWINI CONTAINER MOVER L,165.00,166.00,165.00,166.00,166.00,167.00,,166.00,,,3000,496000.00,3,F1,1000,,,,,
2026-09-30,2026-09-30,CM,NSE,STK,7030,INE276G01015,ASIANENE,EQ,,,,,ASIAN ENERGY SERVICES LTD,479.10,482.45,463.00,471.85,471.00,478.25,,471.85,,,211572,99701241.55,9420,F1,1,,,,,
2026-09-30,2026-09-30,CM,NSE,STK,14889,INE022I01019,ASIANTILES,EQ,,,,,ASIAN GRANITO IND. LTD.,51.00,51.00,49.26,49.68,49.55,50.10,,49.75,,,1065834,53388117.43,2772,F1,1,,,,,
2026-09-30,2026-09-30,CM,NSE,STK,19438,INE926K01017,AHLEAST,EQ,,,,,ASIAN HOTELS (EAST) LTD,135.00,135.53,134.25,134.44,134.25,134.54,,133.94,,,200,26920.30,17,F1,1,,,,,
2026-09-30,2026-09-30,CM,NSE,STK,18422,INE363A01022,ASIANHOTNR,EQ,,,,,ASIAN HOTELS (NORTH) LTD,365.00,369.00,339.30,354.80,347.05,361.35,,354.74,,,28570,9952731.10,1149,F1,1,,,,,
2026-09-30,2026-09-30,CM,NSE,STK,19370,INE915K01010,AHLWEST,BE,,,,,ASIAN HOTELS (WEST) LTD,533.10,553.90,533.10,535.05,535.05,529.00,,535.05,,,438,236590.35,16,F1,1,,,,,
2026-09-30,2026-09-30,CM,NSE,STK,236,INE021A01026,ASIANPAINT,EQ,,,,,ASIAN PAINTS LIMITED,2410.00,2430.50,2390.00,2402.60,2402.60,2415.00,,2402.61,,,553695,1331515414.30,48522,F1,1,,,,,
2026-09-30,2026-09-30,CM,NSE,STK,762553,INE194D01017,ASTAR,EQ,,,,,ASIAN STAR CO. LTD.,700.00,705.00,665.00,679.70,684.90,685.35,,677.14,,,123,83773.25,41,F1,1,,,,,
2026-09-30,2026-09-30,CM,NSE,STK,765025,INE822B01017,ASIANTNE,EQ,,,,,ASIAN TEA & EXPORTS LTD.,9.02,9.43,8.75,9.22,9.22,9.02,,9.22,,,22821,210767.92,71,F1,1,,,,,
2026-09-30,2026-09-30,CM,NSE,STK,20152,INE491J01022,ASKAUTOLTD,EQ,,,,,ASK AUTOMOTIVE LIMITED,621.95,652.20,614.75,640.10,634.00,619.85,,640.12,,,479507,305717941.20,25467,F1,1,,,,,
2026-09-30,2026-09-30,CM,NSE,STK,17270,INE991I01015,ASPINWALL,EQ,,,,,ASPINWALL & CO LTD,242.50,250.15,240.00,241.85,241.05,242.50,,241.85,,,2012,489030.60,74,F1,1,,,,,
2026-09-30,2026-09-30,CM,NSE,STK,23396,INE0S7801010,ASPIRE,SM,,,,,ASPIRE & INNOVATIVE ADV L,15.40,15.65,14.25,14.25,14.25,14.95,,14.25,,,38000,563000.00,17,F1,2000,,,,,
2026-09-30,2026-09-30,CM,NSE,STK,765237,INE165G01010,ASSAMENT,EQ,,,,,ASSAM ENTRADE LIMITED,741.00,818.00,741.00,818.00,818.00,780.00,,818.00,,,15,11231.00,4,F1,1,,,,,
2026-09-30,2026-09-30,CM,NSE,STK,766072,INE148G01016,ARCIL,EQ,,,,,ASSET RECONSTRUC CO (I) L,143.51,149.27,143.32,144.59,144.99,142.51,,144.59,,,1943689,285060472.60,28804,F1,1,,,,,
2026-09-30,2026-09-30,CM,NSE,STK,17598,INE073G01016,ASALCBR,EQ,,,,,ASSO ALCOHOLS & BREW LTD,634.60,636.45,615.10,615.45,615.15,634.60,,615.45,,,44141,27421075.20,3632,F1,1,,,,,
2026-09-30,2026-09-30,CM,NSE,STK,17728,INE563J01010,ASTEC,EQ,,,,,ASTEC LIFESCIENCES LTD,699.00,787.80,699.00,722.75,716.00,696.25,,722.73,,,1100746,835314219.70,49298,F1,1,,,,,
2026-09-30,2026-09-30,CM,NSE,STK,1508,INE914M01019,ASTERDM,EQ,,,,,ASTER DM QUALITY CARE LTD,735.05,739.55,691.75,697.15,696.00,733.95,,696.43,,,2346216,1648242015.70,124155,F1,1,,,,,
2026-09-30,2026-09-30,CM,NSE,STK,11618,INE386C01029,ASTRAMICRO,EQ,,,,,ASTRA MICROWAVE LTD,1651.40,1663.60,1621.00,1636.70,1636.00,1652.60,,1636.66,,,270444,444409518.80,23824,F1,1,,,,,
2026-09-30,2026-09-30,CM,NSE,STK,14418,INE006I01046,ASTRAL,EQ,,,,,ASTRAL LIMITED,1376.00,1384.10,1366.00,1370.40,1370.40,1375.00,,1370.43,,,258131,354464405.50,23989,F1,1,,,,,
2026-09-30,2026-09-30,CM,NSE,STK,5610,INE203A01020,ASTRAZEN,EQ,,,,,ASTRAZENECA PHARMA IND LT,6210.00,6289.00,6120.50,6186.00,6186.00,6254.50,,6186.01,,,56730,350941189.50,7273,F1,1,,,,,
2026-09-30,2026-09-30,CM,NSE,STK,764445,INE646X01014,ASTRON,BZ,,,,,ASTRON PAPER BORD MIL LTD,2.99,2.99,2.80,2.80,2.80,2.93,,2.80,,,28543,80904.04,84,F1,1,,,,,
2026-09-30,2026-09-30,CM,NSE,STK,15649,INE0ALR01029,ATALREAL,EQ,,,,,ATAL REALTECH LIMITED,11.88,12.63,11.70,12.58,12.62,12.03,,12.57,,,2281142,27619676.56,2902,F1,1,,,,,
2026-09-30,2026-09-30,CM,NSE,STK,15404,INE09KD01013,ATAM,EQ,,,,,ATAM VALVES LIMITED,56.01,58.60,55.01,56.34,57.20,54.91,,56.34,,,12689,731056.89,251,F1,1,,,,,
2026-09-30,2026-09-30,CM,NSE,STK,756402,INE0V0Q01019,ATCENERGY,SM,,,,,ATC ENERGIES SYSTEM LTD,20.10,23.35,20.10,22.85,22.85,22.05,,22.85,,,9600,214680.00,7,F1,1200,,,,,
2026-09-30,2026-09-30,CM,NSE,STK,757645,INE0LEZ01016,ATHERENERG,EQ,,,,,ATHER ENERGY LIMITED,1416.50,1441.00,1405.00,1425.00,1425.00,1407.00,,1425.01,,,3085289,4407931520.50,97640,F1,1,,,,,
2026-09-30,2026-09-30,CM,NSE,STK,760953,IN90NN701011,ATLPP,E1,,,,,ATL RE.0.50 PPD UP,8.90,9.89,8.60,9.20,9.20,9.00,,9.21,,,526,4657.88,12,F1,1,,,,,
2026-09-30,2026-09-30,CM,NSE,STK,759007,INE0Z4F01028,ATLANTAELE,EQ,,,,,ATLANTA ELECTRICALS LTD,1615.00,1652.50,1600.00,1608.10,1604.90,1634.20,,1608.01,,,85264,138936483.40,10323,F1,1,,,,,
2026-09-30,2026-09-30,CM,NSE,STK,13585,INE285H01022,ATLANTAA,EQ,,,,,ATLANTAA LIMITED,36.70,38.00,36.00,37.25,37.32,36.69,,37.29,,,154317,5725924.56,709,F1,1,,,,,
2026-09-30,2026-09-30,CM,NSE,STK,4568,INE446A01025,ATLASCYCLE,EQ,,,,,ATLAS CYCLE (HARYANA) LTD,95.00,97.00,93.05,93.53,93.11,94.86,,93.53,,,4894,461446.22,181,F1,1,,,,,
2026-09-30,2026-09-30,CM,NSE,STK,22785,INE05DH01017,ATMASTCO,SM,,,,,ATMASTCO LIMITED,115.05,115.80,114.00,114.00,114.00,115.05,,114.00,,,8000,920800.00,17,F1,400,,,,,
2026-09-30,2026-09-30,CM,NSE,STK,30023,INE951D01028,ATULAUTO,EQ,,,,,ATUL AUTO LIMITED,440.00,454.00,440.00,448.15,452.35,438.75,,448.19,,,83527,37247681.45,3833,F1,1,,,,,
2026-09-30,2026-09-30,CM,NSE,STK,263,INE100A01010,ATUL,EQ,,,,,ATUL LTD,5980.00,6064.50,5881.00,5915.50,5903.00,5982.50,,5916.02,,,61199,365587003.00,8170,F1,1,,,,,
2026-09-30,2026-09-30,CM,NSE,STK,21238,INE949L01017,AUBANK,EQ,,,,,AU SMALL FINANCE BANK LTD,1001.90,1015.10,995.20,1010.30,1010.30,1005.20,,1010.30,,,1358165,1366730984.40,59306,F1,1,,,,,
2026-09-30,2026-09-30,CM,NSE,STK,765451,INE16W401027,AUGMONT,EQ,,,,,AUGMONT ENTERPRISES LTD,1074.00,1138.50,1014.30,1086.55,1098.00,1062.20,,1086.80,,,2989279,3156296720.05,102537,F1,1,,,,,
2026-09-30,2026-09-30,CM,NSE,STK,12022,INE132H01018,AURIONPRO,EQ,,,,,AURIONPRO SOLN LTD,639.50,645.00,620.00,622.10,621.50,634.20,,622.13,,,128401,80811059.85,8530,F1,1,,,,,
2026-09-30,2026-09-30,CM,NSE,STK,15918,INE0NUL01018,AUROIMPEX,ST,,,,,AURO IMPEX & CHEMICALS L,43.00,43.00,40.85,40.85,40.85,43.00,,40.85,,,14400,595120.00,9,F1,1600,,,,,
2026-09-30,2026-09-30,CM,NSE,STK,275,INE406A01037,AUROPHARMA,EQ,,,,,AUROBINDO PHARMA LTD,1696.00,1707.20,1649.30,1672.00,1672.00,1697.70,,1671.98,,,1138610,1909194039.20,53421,F1,1,,,,,
2026-09-30,2026-09-30,CM,NSE,STK,10310,INE898S01029,AURUM,EQ,,,,,AURUM PROPTECH LIMITED,221.80,238.54,220.06,232.37,231.00,220.31,,232.37,,,461824,106808672.12,9784,F1,1,,,,,
2026-09-30,2026-09-30,CM,NSE,STK,31468,INE142K01011,AURUS,EQ,,,,,AURUS GEM CORP LIMITED,4.77,4.77,4.36,4.43,4.62,4.57,,4.43,,,43033,198504.64,268,F1,1,,,,,
2026-09-30,2026-09-30,CM,NSE,STK,4037,INE218C01016,AUSOMENT,EQ,,,,,AUSOM ENTERPRISE LIMITED,142.31,145.90,139.01,140.68,145.90,143.75,,140.46,,,4187,589590.38,582,F1,1,,,,,
2026-09-30,2026-09-30,CM,NSE,STK,764608,INE759F01012,AUSTENG,EQ,,,,,AUSTIN ENGINEERING CO. L,159.72,176.45,155.50,171.52,172.00,158.00,,171.50,,,54150,9164288.51,1484,F1,1,,,,,
2026-09-30,2026-09-30,CM,NSE,STK,21451,INE0P0001010,APS,SM,,,,,AUSTRALIAN PREM SOLAR I L,234.50,237.35,225.00,227.30,227.90,229.60,,227.30,,,23750,5430837.50,86,F1,250,,,,,
2026-09-30,2026-09-30,CM,NSE,STK,23553,INE206F01022,AIIL,EQ,,,,,AUTHUM INVEST & INFRA LTD,542.85,559.00,541.00,546.60,542.15,541.80,,546.65,,,158568,87307221.30,15600,F1,1,,,,,
2026-09-30,2026-09-30,CM,NSE,STK,14106,INE718H01014,AUTOIND,EQ,,,,,AUTOLINE INDUSTRIES LTD,81.11,84.25,81.11,82.66,81.75,81.99,,82.65,,,106738,8852542.02,2023,F1,1,,,,,
2026-09-30,2026-09-30,CM,NSE,STK,764558,INE451C01013,ACGL,EQ,,,,,AUTOMOBILE CORPN OF GOA L,1630.00,1674.90,1630.00,1638.00,1636.00,1633.50,,1636.80,,,339,558005.80,77,F1,1,,,,,
2026-09-30,2026-09-30,CM,NSE,STK,278,INE449A01011,AUTOAXLES,EQ,,,,,AUTOMOTIVE AXLES LIMITED,1682.00,1717.00,1680.00,1706.50,1714.00,1699.60,,1706.40,,,2884,4895266.30,293,F1,1,,,,,
2026-09-30,2026-09-30,CM,NSE,STK,10634,INE900C01027,ASAL,EQ,,,,,AUTOMOTIVE STAMPINGS & AS,430.00,439.85,430.00,433.50,432.05,428.00,,433.37,,,7089,3082506.00,577,F1,1,,,,,
2026-09-30,2026-09-30,CM,NSE,STK,21406,INE349W01017,AVADHSUGAR,EQ,,,,,AVADH SUG & ENERGY LTD,793.45,817.10,786.60,800.20,797.55,793.45,,800.23,,,100923,81366022.50,7819,F1,1,,,,,
2026-09-30,2026-09-30,CM,NSE,STK,15058,INE0LCL01028,AVALON,EQ,,,,,AVALON TECHNOLOGIES LTD,2205.00,2319.50,2180.00,2296.70,2311.00,2302.00,,2296.61,,,2010767,4502229122.40,81519,F1,1,,,,,
2026-09-30,2026-09-30,CM,NSE,STK,760736,INE1KU201016,AVANA,ST,,,,,AVANA ELECTROSYSTEMS LTD,130.00,130.00,126.50,129.95,129.95,130.00,,129.95,,,14000,1785900.00,7,F1,2000,,,,,
2026-09-30,2026-09-30,CM,NSE,STK,765030,INE758A01072,AVANCE,EQ,,,,,AVANCE TECHNOLOGIES LTD.,0.85,0.86,0.82,0.82,0.83,0.85,,0.82,,,8121839,6751587.87,1339,F1,1,,,,,
2026-09-30,2026-09-30,CM,NSE,STK,24610,INE005B01027,AVANTEL,EQ,,,,,AVANTEL LIMITED,149.02,156.50,149.00,154.06,154.50,149.22,,154.06,,,1744909,269081723.32,19583,F1,1,,,,,
2026-09-30,2026-09-30,CM,NSE,STK,7936,INE871C01038,AVANTIFEED,EQ,,,,,AVANTI FEEDS LIMITED,751.00,759.10,715.00,717.80,722.00,747.50,,717.83,,,468691,340842340.40,31016,F1,1,,,,,
2026-09-30,2026-09-30,CM,NSE,STK,20503,INE617I01024,AVATAR,ST,,,,,AVATAR INDUSTRIES LIMITED,160.75,160.75,160.75,160.75,160.75,169.20,,160.75,,,4000,643000.00,2,F1,2000,,,,,
2026-09-30,2026-09-30,CM,NSE,STK,19913,INE192R01011,DMART,EQ,,,,,AVENUE SUPERMARTS LIMITED,3769.50,3865.00,3769.50,3801.40,3801.40,3750.00,,3801.40,,,620771,2379785236.70,39138,F1,1,,,,,
2026-09-30,2026-09-30,CM,NSE,STK,16249,INE483S01020,CCAVENUE,EQ,,,,,AVENUESAI LIMITED,15.31,15.52,15.08,15.12,15.11,15.36,,15.12,,,7376759,112467215.26,12429,F1,1,,,,,
2026-09-30,2026-09-30,CM,NSE,STK,15638,INE680Z01018,AVG,BE,,,,,AVG LOGISTICS LIMITED,164.53,170.00,163.35,167.23,168.00,164.53,,167.23,,,9678,1620039.43,86,F1,1,,,,,
2026-09-30,2026-09-30,CM,NSE,STK,25520,INE0TFB01017,AVIANSH,SM,,,,,AVI ANSH TEXTILE LIMITED,100.00,100.50,100.00,100.50,100.50,100.00,,100.50,,,2000,200500.00,2,F1,1000,,,,,
2026-09-30,2026-09-30,CM,NSE,STK,755092,INE0V9I01017,AVIENCE,SM,,,,,AVIENCE BIOMEDICALS LTD,368.00,374.95,355.50,359.70,361.95,361.65,,359.70,,,45600,16726440.00,73,F1,600,,,,,
2026-09-30,2026-09-30,CM,NSE,STK,14064,INE855F01042,ASMS,EQ,,,,,AVIO SMART MRKT STACK LTD,6.20,6.49,5.81,6.06,5.96,6.08,,6.06,,,557356,3399026.26,932,F1,1,,,,,
2026-09-30,2026-09-30,CM,NSE,STK,13557,INE323B01024,AVONMORE,EQ,,,,,AVONMORE CAP&MGT SERV LTD,13.42,13.42,12.75,12.94,12.98,12.99,,12.95,,,106930,1401453.84,829,F1,1,,,,,
2026-09-30,2026-09-30,CM,NSE,STK,23159,INE0R9401019,AVPINFRA,SM,,,,,AVP INFRACON LIMITED,58.00,60.30,57.50,59.55,59.50,55.00,,59.55,,,76800,4533560.00,87,F1,800,,,,,
2026-09-30,2026-09-30,CM,NSE,STK,8827,INE652Z01025,AVROIND,EQ,,,,,AVRO INDIA LIMITED,7.13,7.18,6.80,6.83,6.94,6.98,,6.83,,,93679,649784.11,322,F1,1,,,,,
2026-09-30,2026-09-30,CM,NSE,STK,14008,INE488D01021,AVTNPL,EQ,,,,,AVT NATURAL PRODUCTS LTD,93.00,93.49,90.41,91.29,92.15,92.20,,91.27,,,232448,21351837.20,3360,F1,1,,,,,
2026-09-30,2026-09-30,CM,NSE,STK,23864,INE108V01019,AWFIS,EQ,,,,,AWFIS SPACE SOLUTIONS LTD,249.35,250.70,242.60,244.10,243.60,247.10,,244.11,,,196593,48270996.15,6779,F1,1,,,,,
2026-09-30,2026-09-30,CM,NSE,STK,8110,INE699H01024,AWL,EQ,,,,,AWL AGRI BUSINESS LIMITED,178.95,181.30,177.11,177.68,177.40,178.75,,177.68,,,910512,162576267.20,22903,F1,1,,,,,
2026-09-30,2026-09-30,CM,NSE,STK,766238,INE16J201028,AXIOMGAS,ST,,,,,AXIOM GAS ENGINEERING LTD,46.40,46.40,46.40,46.40,46.40,48.80,,46.40,,,346000,16054400.00,61,F1,2000,,,,,
2026-09-30,2026-09-30,CM,NSE,STK,5900,INE238A01034,AXISBANK,EQ,,,,,AXIS BANK LIMITED,1201.10,1237.10,1201.10,1226.00,1226.00,1212.10,,1226.00,,,6178741,7569427800.20,133668,F1,1,,,,,
2026-09-30,2026-09-30,CM,NSE,STK,765499,INF846KA1598,ENERGYAXIS,EQ,,,,,AXISAMC - ENERGYAXIS,18.43,18.69,18.35,18.40,18.40,18.43,,18.35,,,7782,143585.33,57,F1,1,,,,,
2026-09-30,2026-09-30,CM,NSE,STK,1044,INF846K01X63,BNKETFAXIS,EQ,,,,,AXISAMC-BNKETFAXIS,564.54,618.00,564.49,575.31,583.67,562.34,,575.31,,,689,393851.45,39,F1,1,,,,,
2026-09-30,2026-09-30,CM,NSE,STK,5732,INF846K016C7,CONSUMAXIS,EQ,,,,,AXISAMC-CONSUMAXIS,115.58,116.90,113.90,113.93,116.90,115.71,,113.93,,,2958,338189.10,45,F1,1,,,,,
2026-09-30,2026-09-30,CM,NSE,STK,20532,INF846K01W80,GOLDAXIS,EQ,,,,,AXISAMC-GOLDAXIS,122.04,123.09,121.86,122.48,122.58,121.37,,122.48,,,1574920,193143419.68,4012,F1,1,,,,,
2026-09-30,2026-09-30,CM,NSE,STK,3608,INF846K01Z12,HEALTHAXIS,EQ,,,,,AXISAMC-HEALTHAXIS,168.43,169.21,164.00,164.49,164.62,168.43,,165.13,,,5086,841817.51,184,F1,1,,,,,
2026-09-30,2026-09-30,CM,NSE,STK,3010,INF846K01Y96,ITAXIS,EQ,,,,,AXISAMC-ITAXIS,311.45,313.81,305.01,305.64,305.01,311.83,,305.34,,,6846,2113930.34,74,F1,1,,,,,
2026-09-30,2026-09-30,CM,NSE,STK,21252,INF846K01W98,NIFTYAXIS,EQ,,,,,AXISAMC-NIFTYAXIS,250.00,255.99,250.00,251.36,255.99,252.45,,251.36,,,22464,5665856.65,204,F1,1,,,,,
2026-09-30,2026-09-30,CM,NSE,STK,14742,INF846K010Q0,SENSEXAXIS,EQ,,,,,AXISAMC-SENSEXAXIS,76.37,76.37,75.32,75.32,75.32,75.45,,75.32,,,6927,524190.51,53,F1,1,,,,,
2026-09-30,2026-09-30,CM,NSE,STK,11193,INF846K011K1,SILVERAXIS,EQ,,,,,AXISAMC-SILVERAXIS,218.00,219.65,217.69,217.94,218.10,217.68,,217.94,,,177368,38752496.37,1444,F1,1,,,,,
2026-09-30,2026-09-30,CM,NSE,STK,30155,INF846KA1119,VALUEAXIS,EQ,,,,,AXISAMC-VALUEAXIS,31.48,31.88,31.19,31.36,31.40,31.19,,31.36,,,80182,2529188.85,393,F1,1,,,,,
2026-09-30,2026-09-30,CM,NSE,STK,9436,INE555B01013,AXISCADES,EQ,,,,,AXISCADES TECH LTD,2070.00,2274.10,2070.00,2231.20,2221.00,2067.40,,2231.08,,,1248290,2759327469.90,96015,F1,1,,,,,
2026-09-30,2026-09-30,CM,NSE,STK,9902,INE02EZ01022,AXITA,EQ,,,,,AXITA COTTON LIMITED,7.84,7.86,7.70,7.71,7.71,7.81,,7.71,,,504922,3926720.22,715,F1,1,,,,,
2026-09-30,2026-09-30,CM,NSE,STK,764613,INE767C01012,AXTEL,EQ,,,,,AXTEL INDUSTRIES LTD.,447.50,447.50,438.20,440.80,441.00,443.65,,440.53,,,5897,2600038.00,340,F1,1,,,,,
2026-09-30,2026-09-30,CM,NSE,STK,760981,INE501X01029,AYE,EQ,,,,,AYE FINANCE LIMITED,160.70,161.29,155.00,155.89,156.00,159.70,,155.88,,,864881,136442581.95,23593,F1,1,,,,,
2026-09-30,2026-09-30,CM,NSE,STK,10285,INE193B01039,AYMSYNTEX,EQ,,,,,AYM SYNTEX LIMITED,292.35,300.25,290.05,292.15,295.75,285.95,,292.14,,,44125,13041257.05,1639,F1,1,,,,,
2026-09-30,2026-09-30,CM,NSE,STK,20905,INE02IJ01035,AZAD,EQ,,,,,AZAD ENGINEERING LIMITED,2941.00,3127.90,2875.60,2963.20,2990.00,2914.20,,2963.39,,,5708538,17139646708.70,324803,F1,1,,,,,
2026-09-30,2026-09-30,CM,NSE,STK,765035,INE566M01017,AZADIND,EQ,,,,,AZAD INDIA MOBILITY LTD.,80.84,88.10,80.01,84.60,83.89,80.62,,84.43,,,77601,6531120.74,1302,F1,1,,,,,
2026-09-30,2026-09-30,CM,NSE,STK,12153,INE01EE01011,BBTCL,EQ,,,,,B&B TRIPLEWALL CONT LTD,233.30,233.30,225.62,228.67,228.50,228.15,,228.67,,,627,143243.08,97,F1,1,,,,,
2026-09-30,2026-09-30,CM,NSE,STK,11226,INE116D01028,BAGFILMS,EQ,,,,,B.A.G FILMS AND MEDIA LTD,4.02,4.23,3.90,4.10,4.11,4.10,,4.10,,,61189,247473.85,148,F1,1,,,,,
2026-09-30,2026-09-30,CM,NSE,STK,759420,INE17CQ01015,BAGDIGITAL,SM,,,,,B.A.G.CONVERGENCE LIMITED,102.05,102.05,100.00,100.75,100.00,103.85,,100.75,,,12800,1298240.00,8,F1,1600,,,,,
2026-09-30,2026-09-30,CM,NSE,STK,13290,INE350H01032,BLKASHYAP,EQ,,,,,B.L.KASHYAP & SON LTD,50.61,53.44,50.00,50.36,50.50,50.90,,50.36,,,421044,21669733.39,3073,F1,1,,,,,
2026-09-30,2026-09-30,CM,NSE,STK,25114,INE01FR01028,STYLEBAAZA,EQ,,,,,BAAZAR STYLE RETAIL LTD,409.00,409.00,384.75,384.75,384.75,405.00,,384.75,,,1886372,732116781.10,10513,F1,1,,,,,
2026-09-30,2026-09-30,CM,NSE,STK,20141,INE0QW501012,BABAFP,SM,,,,,BABA FOOD PROCESSING,22.40,22.40,22.20,22.20,22.20,22.40,,22.20,,,3200,71360.00,2,F1,1600,,,,,
2026-09-30,2026-09-30,CM,NSE,STK,17735,INE878I01022,BAFNAPH,BE,,,,,BAFNA PHARMACEUTICALS LTD,371.40,371.40,371.35,371.35,371.35,364.15,,377.70,,,546,202783.60,9,F1,1,,,,,
2026-09-30,2026-09-30,CM,NSE,STK,763363,INE2OVN25015,BAGMANE,RR,,,,,BAGMANE PRIME OFFICE REIT,106.80,110.20,106.52,108.48,108.30,106.31,,108.48,,,1136468,123407768.72,6280,F1,1,,,,,
2026-09-30,2026-09-30,CM,NSE,STK,12989,INE029Q01017,BAHETI,SM,,,,,BAHETI RECYCLING IND LTD,771.00,775.00,746.00,748.50,749.00,765.00,,748.50,,,15375,11634487.50,35,F1,375,,,,,
2026-09-30,2026-09-30,CM,NSE,STK,13794,INE020D01022,BAIDFIN,EQ,,,,,BAID FINSERV LIMITED,10.26,10.70,10.26,10.38,10.35,10.45,,10.38,,,74200,773204.30,316,F1,1,,,,,
2026-09-30,2026-09-30,CM,NSE,STK,16669,INE917I01010,BAJAJ-AUTO,EQ,,,,,BAJAJ AUTO LIMITED,10779.00,10953.00,10779.00,10874.00,10874.00,10811.00,,10873.98,,,313712,3414738099.00,53624,F1,1,,,,,
2026-09-30,2026-09-30,CM,NSE,STK,19531,INE933K01021,BAJAJCON,EQ,,,,,BAJAJ CONSUMER CARE LTD,499.00,503.90,493.45,495.55,497.00,493.00,,495.54,,,260252,129474716.80,9466,F1,1,,,,,
2026-09-30,2026-09-30,CM,NSE,STK,15034,INE193E01025,BAJAJELEC,EQ,,,,,BAJAJ ELECT.LTD,309.00,315.00,302.15,303.40,303.55,309.85,,303.41,,,155806,47874833.85,6099,F1,1,,,,,
2026-09-30,2026-09-30,CM,NSE,STK,317,INE296A01032,BAJFINANCE,EQ,,,,,BAJAJ FINANCE LIMITED,981.50,981.50,955.80,959.40,959.40,973.80,,959.40,,,6625616,6382770033.00,120781,F1,1,,,,,
2026-09-30,2026-09-30,CM,NSE,STK,16675,INE918I01026,BAJAJFINSV,EQ,,,,,BAJAJ FINSERV LTD.,1742.40,1748.00,1702.10,1731.00,1731.00,1742.40,,1731.00,,,1086211,1870730470.60,60017,F1,1,,,,,
2026-09-30,2026-09-30,CM,NSE,STK,6863,INE411U01027,BAJAJHCARE,EQ,,,,,BAJAJ HEALTHCARE LIMITED,337.80,338.00,325.15,327.20,326.80,335.00,,327.16,,,84330,27866171.00,2455,F1,1,,,,,
2026-09-30,2026-09-30,CM,NSE,STK,308,INE306A01021,BAJAJHIND,EQ,,,,,BAJAJ HINDUSTHAN SUGAR LT,20.09,20.51,19.41,19.54,19.54,19.98,,19.54,,,12481018,249828698.48,15311,F1,1,,,,,
2026-09-30,2026-09-30,CM,NSE,STK,305,INE118A01012,BAJAJHLDNG,EQ,,,,,BAJAJ HOLDINGS & INVS LTD,10686.00,10805.00,10655.00,10788.00,10788.00,10600.00,,10788.00,,,40117,430913453.00,11919,F1,1,,,,,
2026-09-30,2026-09-30,CM,NSE,STK,25270,INE377Y01014,BAJAJHFL,EQ,,,,,BAJAJ HOUSING FINANCE LTD,81.33,83.40,81.33,82.00,82.00,81.26,,82.00,,,4275068,351076233.71,28912,F1,1,,,,,
2026-09-30,2026-09-30,CM,NSE,STK,762563,INE704G01024,BAJAJST,EQ,,,,,BAJAJ STEEL INDS. LTD.,345.10,347.75,340.00,345.45,344.00,345.10,,345.39,,,7198,2475622.35,303,F1,1,,,,,
2026-09-30,2026-09-30,CM,NSE,STK,20531,INE0KQN01018,BAJEL,EQ,,,,,BAJEL PROJECTS LIMITED,168.93,172.56,163.50,164.90,164.00,170.20,,164.92,,,199105,33205288.88,3017,F1,1,,,,,
2026-09-30,2026-09-30,CM,NSE,STK,13441,INE083D01012,BALPHARMA,EQ,,,,,BAL PHARMA LTD.,112.44,113.38,109.00,109.53,109.58,112.11,,109.53,,,41420,4596323.56,1090,F1,1,,,,,
2026-09-30,2026-09-30,CM,NSE,STK,14501,INE050E01027,BALAMINES,EQ,,,,,BALAJI AMINES LIMITED,2143.00,2179.00,2095.00,2118.50,2122.10,2142.10,,2118.47,,,117148,248849004.40,14147,F1,1,,,,,
2026-09-30,2026-09-30,CM,NSE,STK,9158,INE794B01026,BALAJITELE,EQ,,,,,BALAJI TELEFILMS LIMITED.,91.74,93.78,90.71,91.26,90.75,91.74,,91.27,,,130429,11990266.71,1534,F1,1,,,,,
2026-09-30,2026-09-30,CM,NSE,STK,11309,INE618N01022,BALAXI,EQ,,,,,BALAXI PHARMA LTD,23.40,23.40,22.55,22.78,22.70,23.02,,22.78,,,11994,273462.95,207,F1,1,,,,,
2026-09-30,2026-09-30,CM,NSE,STK,335,INE787D01026,BALKRISIND,EQ,,,,,BALKRISHNA IND. LTD,2121.60,2155.00,2105.70,2117.00,2116.10,2126.20,,2117.03,,,119706,254647009.90,21025,F1,1,,,,,
2026-09-30,2026-09-30,CM,NSE,STK,10181,INE875R01011,BALKRISHNA,EQ,,,,,BALKRISHNA PAPER MILLS L,15.88,16.49,15.76,16.29,16.40,15.87,,16.29,,,4016,65083.83,45,F1,1,,,,,
2026-09-30,2026-09-30,CM,NSE,STK,338,INE164A01016,BALMLAWRIE,EQ,,,,,BALMER LAWRIE & CO LTD,161.00,165.65,161.00,161.16,161.25,161.59,,161.16,,,90994,14741428.38,1905,F1,1,,,,,
2026-09-30,2026-09-30,CM,NSE,STK,762603,INE525F01025,BLIL,EQ,,,,,BALMER LAWRIE INVSTS. L,65.17,65.78,64.91,65.23,65.25,64.91,,65.24,,,45185,2955627.54,1347,F1,1,,,,,
2026-09-30,2026-09-30,CM,NSE,STK,341,INE119A01028,BALRAMCHIN,EQ,,,,,BALRAMPUR CHINI MILLS LTD,678.00,688.40,654.00,662.85,664.70,672.90,,662.85,,,1285691,865439879.20,33873,F1,1,,,,,
2026-09-30,2026-09-30,CM,NSE,STK,23607,INE011E01029,BALUFORGE,EQ,,,,,BALU FORGE INDUSTRIES LTD,505.00,511.95,493.50,496.35,495.70,501.15,,496.37,,,310853,156422264.80,11700,F1,1,,,,,
2026-09-30,2026-09-30,CM,NSE,STK,347,INE655B01011,BANARBEADS,EQ,,,,,BANARAS BEADS LTD,115.25,124.70,115.00,120.75,124.70,115.25,,120.69,,,3639,434497.76,94,F1,1,,,,,
2026-09-30,2026-09-30,CM,NSE,STK,13880,INE213C01025,BANCOINDIA,EQ,,,,,BANCO PRODUCTS (I) LTD,598.30,617.45,598.30,606.30,609.85,595.65,,606.23,,,110117,67171221.65,7561,F1,1,,,,,
2026-09-30,2026-09-30,CM,NSE,STK,2263,INE545U01014,BANDHANBNK,EQ,,,,,BANDHAN BANK LIMITED,184.01,184.37,177.26,178.23,178.23,185.31,,178.23,,,13031625,2343520135.03,68285,F1,1,,,,,
2026-09-30,2026-09-30,CM,NSE,STK,760325,INF194KB1KJ7,GOLDBND,EQ,,,,,BANDHANAMC - GOLDBND,146.25,147.75,146.25,147.19,147.31,146.11,,147.08,,,47342,6966540.47,149,F1,1,,,,,
2026-09-30,2026-09-30,CM,NSE,STK,18783,INF194KA1U07,IDFNIFTYET,EQ,,,,,BANDHANAMC - IDFNIFTYET,255.00,255.00,249.95,254.93,254.95,250.81,,254.93,,,1087,276312.27,46,F1,1,,,,,
2026-09-30,2026-09-30,CM,NSE,STK,760328,INF194KB1KI9,SILVERBND,EQ,,,,,BANDHANAMC - SILVERBND,220.98,221.94,219.18,220.06,219.74,219.43,,219.95,,,19241,4238152.41,132,F1,1,,,,,
2026-09-30,2026-09-30,CM,NSE,STK,15303,INE863I01016,BANG,EQ,,,,,BANG OVERSEAS LTD.,31.53,32.80,30.92,32.27,31.50,31.68,,32.27,,,21308,671050.43,265,F1,1,,,,,
2026-09-30,2026-09-30,CM,NSE,STK,4668,INE028A01039,BANKBARODA,EQ,,,,,BANK OF BARODA,230.40,235.70,230.29,230.55,230.55,227.68,,230.55,,,10920670,2547722371.32,73271,F1,1,,,,,
2026-09-30,2026-09-30,CM,NSE,STK,4745,INE084A01016,BANKINDIA,EQ,,,,,BANK OF INDIA,130.89,132.73,130.24,130.24,130.24,130.11,,130.24,,,5018149,659177448.04,29248,F1,1,,,,,
2026-09-30,2026-09-30,CM,NSE,STK,11377,INE457A01014,MAHABANK,EQ,,,,,BANK OF MAHARASHTRA,80.00,81.50,79.37,79.37,79.37,79.16,,79.37,,,19568168,1569431208.56,70421,F1,1,,,,,
2026-09-30,2026-09-30,CM,NSE,STK,822,INE862Y01015,BANKA,EQ,,,,,BANKA BIOLOO LIMITED,70.52,72.00,70.00,70.00,70.00,70.52,,70.00,,,918,64848.23,25,F1,1,,,,,
2026-09-30,2026-09-30,CM,NSE,STK,12037,INE186H01022,BASML,BE,,,,,BANNARI AM SPIN MILL LTD.,23.48,23.74,22.99,23.00,23.10,23.41,,23.00,,,38632,898020.44,196,F1,1,,,,,
2026-09-30,2026-09-30,CM,NSE,STK,350,INE459A01010,BANARISUG,EQ,,,,,BANNARI AMMAN SUGARS LTD,3245.10,3329.20,3245.10,3300.20,3300.00,3305.00,,3300.20,,,308,1018079.40,110,F1,1,,,,,
2026-09-30,2026-09-30,CM,NSE,STK,24386,INE0B9K01025,BANSALWIRE,EQ,,,,,BANSAL WIRE INDUSTRIES L,330.35,333.95,322.00,323.45,323.50,327.65,,323.50,,,109681,35867549.35,6805,F1,1,,,,,
2026-09-30,2026-09-30,CM,NSE,STK,14511,INE629D01020,BANSWRAS,EQ,,,,,BANSWARA SYNTEX LIMITED,110.43,110.43,107.27,108.61,108.60,107.31,,108.61,,,7017,760277.28,206,F1,1,,,,,
2026-09-30,2026-09-30,CM,NSE,STK,15073,INE139I01011,BVCL,EQ,,,,,BARAK VALLEY CEM. LTD.,41.50,44.38,41.47,43.02,43.00,40.87,,43.02,,,72324,3111420.51,867,F1,1,,,,,
2026-09-30,2026-09-30,CM,NSE,STK,29176,INE0QX401014,BARFLEX,SM,,,,,BARFLEX POLYFILMS LIMITED,51.00,51.00,49.25,49.25,49.25,51.00,,49.25,,,12000,606300.00,6,F1,2000,,,,,
2026-09-30,2026-09-30,CM,NSE,STK,24117,INF251K01TL6,BBNPNBETF,EQ,,,,,BARODABNP - BBNPNBETF,54.89,55.69,54.89,55.39,55.39,53.73,,55.32,,,794,43983.45,19,F1,1,,,,,
2026-09-30,2026-09-30,CM,NSE,STK,20547,INF251K01SU9,BBNPPGOLD,EQ,,,,,BARODABNP - BBNPPGOLD,141.80,143.45,141.60,142.05,142.80,141.10,,142.05,,,17548,2492226.55,58,F1,1,,,,,
2026-09-30,2026-09-30,CM,NSE,STK,368,INE373A01013,BASF,EQ,,,,,BASF INDIA LTD,3445.00,3515.80,3438.60,3447.80,3450.20,3435.60,,3447.83,,,10894,37757258.30,2998,F1,1,,,,,
2026-09-30,2026-09-30,CM,NSE,STK,18442,INE0OCC01013,BASILIC,SM,,,,,BASILIC FLY STUDIO LTD,178.00,178.00,165.10,171.65,171.65,175.05,,171.65,,,13800,2333940.00,35,F1,300,,,,,
2026-09-30,2026-09-30,CM,NSE,STK,371,INE176A01028,BATAINDIA,EQ,,,,,BATA INDIA LTD,620.40,627.00,617.05,618.75,617.20,620.35,,618.75,,,59998,37345428.95,7848,F1,1,,,,,
2026-09-30,2026-09-30,CM,NSE,STK,762568,INE177C01022,BATLIBOI,EQ,,,,,BATLIBOI LTD.,85.85,86.90,82.58,82.95,82.77,85.24,,83.06,,,26225,2205536.60,1046,F1,1,,,,,
2026-09-30,2026-09-30,CM,NSE,STK,22571,INE0JFJ01011,BAWEJA,SM,,,,,BAWEJA STUDIOS LIMITED,25.65,25.65,25.65,25.65,25.65,26.00,,25.65,,,1600,41040.00,1,F1,800,,,,,
2026-09-30,2026-09-30,CM,NSE,STK,17927,INE462A01022,BAYERCROP,EQ,,,,,BAYER CROPSCIENCE LTD,3615.00,3665.80,3615.00,3627.60,3620.30,3602.70,,3627.61,,,21117,76833471.30,4637,F1,1,,,,,
2026-09-30,2026-09-30,CM,NSE,STK,2513,INE412G01024,BCLIND,EQ,,,,,BCL INDUSTRIES LIMITED,32.42,32.74,31.51,31.79,31.86,32.42,,31.79,,,223784,7199481.42,2206,F1,1,,,,,
2026-09-30,2026-09-30,CM,NSE,STK,761494,INE00SW01015,BCPL,EQ,,,,,BCPL RAILWAY INFRA LTD,67.80,71.90,65.40,68.86,68.74,68.12,,68.84,,,28331,1975189.64,444,F1,1,,,,,
2026-09-30,2026-09-30,CM,NSE,STK,23922,INE639X01027,BEACON,SM,,,,,BEACON TRUSTEESHIP LTD,85.50,85.50,85.50,85.50,85.50,85.00,,85.50,,,1000,85500.00,1,F1,1000,,,,,
2026-09-30,2026-09-30,CM,NSE,STK,17933,INE520H01022,BEARDSELL,EQ,,,,,BEARDSELL LIMITED,24.44,24.44,22.02,22.43,22.45,23.32,,22.43,,,82174,1851571.03,661,F1,1,,,,,
2026-09-30,2026-09-30,CM,NSE,STK,20196,INE844K01012,BEDMUTHA,EQ,,,,,BEDMUTHA INDUST LTD,109.20,111.97,105.10,109.96,107.81,107.46,,109.96,,,7028,763515.02,125,F1,1,,,,,
2026-09-30,2026-09-30,CM,NSE,STK,762573,INE213D01015,BEEKAY,EQ,,,,,BEEKAY STEEL INDS. LTD.,433.35,480.00,433.35,452.95,459.95,433.30,,455.34,,,12184,5588796.35,411,F1,1,,,,,
2026-09-30,2026-09-30,CM,NSE,STK,765291,INE1EEM01017,BLEL,EQ,,,,,BEHARI LAL ENGINEERING L,451.90,529.95,449.60,485.60,485.30,447.05,,485.61,,,15601996,7837875696.25,280390,F1,1,,,,,
2026-09-30,2026-09-30,CM,NSE,STK,757938,INE344T01014,BELLACASA,EQ,,,,,BELLA CASA FASH AND RET L,260.62,268.00,243.51,246.61,243.51,255.51,,246.45,,,10056,2507601.94,638,F1,1,,,,,
2026-09-30,2026-09-30,CM,NSE,STK,757102,INE894V01022,BELRISE,EQ,,,,,BELRISE INDUSTRIES LTD,240.50,244.14,240.00,240.36,240.50,240.52,,240.35,,,1036662,250559924.49,22495,F1,1,,,,,
2026-09-30,2026-09-30,CM,NSE,STK,15067,INE0N7W01012,BLAL,EQ,,,,,BEML LAND ASSETS LIMITED,162.38,163.09,159.01,160.26,160.08,163.65,,160.27,,,23426,3768986.29,667,F1,1,,,,,
2026-09-30,2026-09-30,CM,NSE,STK,395,INE258A01024,BEML,EQ,,,,,BEML LIMITED,1956.60,2002.80,1956.60,1992.40,1995.00,1966.60,,1992.39,,,204724,406735799.60,22987,F1,1,,,,,
2026-09-30,2026-09-30,CM,NSE,STK,764618,INE664D01019,BENARAS,EQ,,,,,BENARES HOTELS LTD.,10205.00,10288.00,10200.00,10215.00,10215.00,10215.00,,10207.63,,,24,245737.00,20,F1,1,,,,,
2026-09-30,2026-09-30,CM,NSE,STK,762578,INE083K01017,BENGALASM,EQ,,,,,BENGAL & ASSAM CO. LTD.,6109.50,6138.00,6051.00,6103.00,6125.00,6161.50,,6113.82,,,246,1504390.00,206,F1,1,,,,,
2026-09-30,2026-09-30,CM,NSE,STK,404,INE463A01038,BERGEPAINT,EQ,,,,,BERGER PAINTS (I) LTD,451.15,458.75,449.25,455.45,456.50,448.20,,455.43,,,302319,137715448.70,33761,F1,1,,,,,
2026-09-30,2026-09-30,CM,NSE,STK,2306,INE052T01021,BESTAGRO,EQ,,,,,BEST AGROLIFE LIMITED,17.74,18.25,17.33,17.53,17.60,17.86,,17.53,,,672928,11996860.70,1698,F1,1,,,,,
2026-09-30,2026-09-30,CM,NSE,STK,759842,INE351Y01019,BETA,EQ,,,,,BETA DRUGS LIMITED,2079.90,2095.00,2026.60,2053.00,2050.00,2064.90,,2053.00,,,7218,14896533.00,1270,F1,1,,,,,
2026-09-30,2026-09-30,CM,NSE,STK,5662,INE0HQI01014,BEWLTD,SM,,,,,BEW ENGINEERING LIMITED,60.95,61.90,60.20,60.50,60.50,60.95,,60.50,,,19000,1158025.00,23,F1,500,,,,,
2026-09-30,2026-09-30,CM,NSE,STK,21113,INE878K01010,BFINVEST,EQ,,,,,BF INVESTMENT LIMITED,436.15,443.45,433.00,434.05,433.00,436.15,,433.95,,,13108,5715596.60,700,F1,1,,,,,
2026-09-30,2026-09-30,CM,NSE,STK,14567,INE243D01012,BFUTILITIE,EQ,,,,,BF UTILITIES LIMITED,512.00,525.00,504.00,507.75,505.10,508.90,,507.78,,,73546,37919345.00,2783,F1,1,,,,,
2026-09-30,2026-09-30,CM,NSE,STK,764183,INF0QA701CI0,BANK10BETF,EQ,,,,,BFAM - BANK10BETF,19.45,20.48,19.36,19.89,19.77,19.45,,19.89,,,10012558,199435774.82,167,F1,1,,,,,
2026-09-30,2026-09-30,CM,NSE,STK,21986,INF0QA701714,BANKBETF,EQ,,,,,BFAM - BANKBETF,55.43,56.50,54.93,55.60,56.00,55.43,,55.60,,,6730,374915.07,272,F1,1,,,,,
2026-09-30,2026-09-30,CM,NSE,STK,23915,INF0QA701854,LIQUIDBETF,EQ,,,,,BFAM - LIQUIDBETF,1100.88,1100.90,1100.88,1100.89,1100.88,1100.75,,1100.89,,,175302,192988383.07,86,F1,1,,,,,
2026-09-30,2026-09-30,CM,NSE,STK,21959,INF0QA701722,NIFTYBETF,EQ,,,,,BFAM - NIFTYBETF,237.04,237.04,232.62,234.06,233.50,234.69,,234.08,,,2663,624353.81,103,F1,1,,,,,
2026-09-30,2026-09-30,CM,NSE,STK,15193,INE661I01014,BGRENERGY,BE,,,,,BGR ENERGY SYSTEMS LTD,242.13,242.13,242.13,242.13,242.13,254.87,,241.18,,,35590,8617406.70,278,F1,1,,,,,
2026-09-30,2026-09-30,CM,NSE,STK,758228,INE0ZRC01017,BHADORA,ST,,,,,BHADORA INDUSTRIES LTD,140.25,140.25,140.25,140.25,140.25,133.60,,140.25,,,21600,3029400.00,15,F1,1200,,,,,
2026-09-30,2026-09-30,CM,NSE,STK,13400,INE354C01027,BHAGERIA,EQ,,,,,BHAGERIA INDUSTRIES LTD,382.00,413.50,378.00,406.45,407.00,377.85,,406.37,,,364825,146357266.20,10427,F1,1,,,,,
2026-09-30,2026-09-30,CM,NSE,STK,6164,INE414D01027,BHAGCHEM,EQ,,,,,BHAGIRADHA CHEM & INDS L,240.00,242.75,235.05,238.55,236.60,240.25,,238.54,,,78136,18689765.60,1669,F1,1,,,,,
2026-09-30,2026-09-30,CM,NSE,STK,20776,INE458B01036,BHAGYANGR,EQ,,,,,BHAGYANAGAR INDIA LIMITED,405.00,422.00,400.05,411.15,416.00,408.10,,411.25,,,87639,36305240.30,3978,F1,1,,,,,
2026-09-30,2026-09-30,CM,NSE,STK,19556,INE474E01029,BHANDARI,EQ,,,,,BHANDARI HOSIERY EXP LTD,2.90,2.93,2.88,2.89,2.90,2.90,,2.89,,,96957,280965.63,207,F1,1,,,,,
2026-09-30,2026-09-30,CM,NSE,STK,419,INE922A01025,BEPL,EQ,,,,,BHANSALI ENG. POLYMERS LT,124.00,127.19,123.75,124.40,124.26,124.00,,124.41,,,743884,93234763.04,6943,F1,1,,,,,
2026-09-30,2026-09-30,CM,NSE,STK,13761,INE464A01036,BBL,EQ,,,,,BHARAT BIJLEE LTD,2129.40,2163.70,2091.60,2095.20,2095.00,2123.70,,2095.24,,,13884,29390467.40,2751,F1,1,,,,,
2026-09-30,2026-09-30,CM,NSE,STK,760726,INE05XR01022,BHARATCOAL,EQ,,,,,BHARAT COKING COAL LTD,33.49,33.55,32.45,32.80,32.60,33.50,,32.80,,,4485549,147911776.79,15751,F1,1,,,,,
2026-09-30,2026-09-30,CM,NSE,STK,2144,INE171Z01026,BDL,EQ,,,,,BHARAT DYNAMICS LIMITED,1091.00,1127.60,1091.00,1110.10,1110.10,1085.10,,1109.89,,,1193043,1329029329.00,41801,F1,1,,,,,
2026-09-30,2026-09-30,CM,NSE,STK,383,INE263A01024,BEL,EQ,,,,,BHARAT ELECTRONICS LTD,386.40,391.00,385.00,388.30,388.30,387.75,,388.30,,,9671143,3756738197.70,131702,F1,1,,,,,
2026-09-30,2026-09-30,CM,NSE,STK,422,INE465A01025,BHARATFORG,EQ,,,,,BHARAT FORGE LTD,1931.00,1944.90,1891.60,1926.00,1926.00,1942.00,,1925.99,,,1059256,2040165863.70,50648,F1,1,,,,,
2026-09-30,2026-09-30,CM,NSE,STK,9397,INE561C01019,BHARATGEAR,BE,,,,,BHARAT GEARS LTD,100.29,102.30,99.50,101.43,102.00,100.29,,101.44,,,8952,907814.84,97,F1,1,,,,,
2026-09-30,2026-09-30,CM,NSE,STK,764623,INE365Y01019,BPLPHARMA,EQ,,,,,BHARAT PARENTERALS LTD.,1945.00,1948.00,1756.40,1792.80,1782.00,1926.00,,1792.86,,,15982,29664913.90,1759,F1,1,,,,,
2026-09-30,2026-09-30,CM,NSE,STK,526,INE029A01011,BPCL,EQ,,,,,BHARAT PETROLEUM CORP  LT,301.95,308.25,301.10,303.20,303.20,299.35,,303.20,,,5525502,1678796398.20,81269,F1,1,,,,,
2026-09-30,2026-09-30,CM,NSE,STK,3834,INE838B01021,BHARATRAS,EQ,,,,,BHARAT RASAYAN LTD,1008.10,1030.00,998.50,1003.90,1000.10,1005.70,,1003.91,,,28003,28259861.70,2769,F1,1,,,,,
2026-09-30,2026-09-30,CM,NSE,STK,21683,INE727S01012,BRNL,EQ,,,,,BHARAT ROAD NETWORK LTD,16.15,16.90,15.67,15.84,15.80,16.45,,15.87,,,34022,557981.98,265,F1,1,,,,,
2026-09-30,2026-09-30,CM,NSE,STK,30244,INE415D01024,BHARATSE,EQ,,,,,BHARAT SEATS LIMITED,216.13,217.12,210.50,212.38,211.10,213.61,,212.47,,,50392,10780477.58,6899,F1,1,,,,,
2026-09-30,2026-09-30,CM,NSE,STK,16123,INE316L01019,BHARATWIRE,EQ,,,,,BHARAT WIRE ROPES LTD.,166.95,169.66,164.00,164.36,164.00,167.18,,164.37,,,98885,16365009.40,2407,F1,1,,,,,
2026-09-30,2026-09-30,CM,NSE,STK,10604,INE397D01024,BHARTIARTL,EQ,,,,,BHARTI AIRTEL LIMITED,1775.20,1779.50,1753.70,1757.00,1757.00,1771.20,,1757.00,,,8080358,14235352951.20,148867,F1,1,,,,,
2026-09-30,2026-09-30,CM,NSE,STK,23489,INE343G01021,BHARTIHEXA,EQ,,,,,BHARTI HEXACOM LIMITED,1409.40,1438.00,1401.00,1424.50,1402.00,1409.40,,1424.84,,,102458,146160087.50,16269,F1,1,,,,,
2026-09-30,2026-09-30,CM,NSE,STK,7848,INE828A01016,BIL,EQ,,,,,BHARTIYA INTERNATIONAL,1030.00,1030.00,952.95,995.10,999.95,1000.70,,995.10,,,7093,7070423.15,441,F1,1,,,,,
2026-09-30,2026-09-30,CM,NSE,STK,438,INE257A01026,BHEL,EQ,,,,,BHEL,415.10,421.80,411.70,415.50,415.50,413.35,,415.50,,,8153812,3382789625.25,67769,F1,1,,,,,
2026-09-30,2026-09-30,CM,NSE,STK,762621,INE274K01012,BTTL,BE,,,,,BHILWARA TECHNICAL TEXT L,40.76,41.50,38.25,40.98,40.98,39.96,,40.98,,,1488,57726.60,13,F1,1,,,,,
2026-09-30,2026-09-30,CM,NSE,STK,18431,INE412U01025,BIGBLOC,EQ,,,,,BIGBLOC CONSTRUCTION LTD,39.77,40.00,38.80,39.79,39.95,38.64,,39.76,,,23838,944438.53,491,F1,1,,,,,
2026-09-30,2026-09-30,CM,NSE,STK,11966,INE00E101023,BIKAJI,EQ,,,,,BIKAJI FOODS INTERN LTD,530.00,543.00,516.00,521.80,518.70,531.15,,521.79,,,174430,92134166.50,13075,F1,1,,,,,
2026-09-30,2026-09-30,CM,NSE,STK,25527,INE0SQH01013,BIKEWO,ST,,,,,BIKEWO GREEN TECH LIMITED,119.70,119.70,119.70,119.70,119.70,117.40,,119.70,,,58000,6942600.00,19,F1,2000,,,,,
2026-09-30,2026-09-30,CM,NSE,STK,13622,INE071A01013,BILVYAPAR,BE,,,,,BIL VYAPAR LIMITED,4.27,4.27,4.16,4.25,4.25,4.29,,4.25,,,1571,6598.30,9,F1,1,,,,,
2026-09-30,2026-09-30,CM,NSE,STK,762586,INE986A01012,BI,BE,,,,,BILCARE LTD.,98.67,98.67,98.67,98.67,98.67,100.68,,98.47,,,5190,512097.30,12,F1,1,,,,,
2026-09-30,2026-09-30,CM,NSE,STK,759806,INE0HOQ01053,GROWW,EQ,,,,,BILLIONBRAINS GARAGE VN L,184.10,187.65,183.08,183.91,183.80,183.52,,183.91,,,24545475,4542536150.06,129898,F1,1,,,,,
2026-09-30,2026-09-30,CM,NSE,STK,762588,INE469A01019,BIMETAL,EQ,,,,,BIMETAL BEARINGS LTD.,638.00,649.95,637.00,648.95,649.00,635.65,,642.90,,,250,159988.85,29,F1,1,,,,,
2026-09-30,2026-09-30,CM,NSE,STK,763598,INE1BKA01015,BMLL,SM,,,,,BIO MEDICA LABORATORIES L,158.00,164.00,158.00,164.00,164.00,155.35,,164.00,,,11000,1781850.00,8,F1,1000,,,,,
2026-09-30,2026-09-30,CM,NSE,STK,11373,INE376G01013,BIOCON,EQ,,,,,BIOCON LIMITED.,378.00,381.20,370.30,370.30,370.30,377.00,,370.30,,,1849491,693706843.40,35761,F1,1,,,,,
2026-09-30,2026-09-30,CM,NSE,STK,4136,INE829A01014,BIOFILCHEM,EQ,,,,,BIOFIL CHEM & PHARMA LTD,30.51,31.81,29.60,30.38,30.27,31.52,,30.36,,,18556,570633.93,288,F1,1,,,,,
2026-09-30,2026-09-30,CM,NSE,STK,760942,INE0XW001014,BIOPOL,SM,,,,,BIOPOL CHEMICALS LIMITED,54.00,54.00,54.00,54.00,54.00,51.45,,54.00,,,4800,259200.00,4,F1,1200,,,,,
2026-09-30,2026-09-30,CM,NSE,STK,477,INE800A01015,BIRLACABLE,EQ,,,,,BIRLA CABLE LIMITED,372.00,387.35,371.45,381.15,381.90,368.95,,381.18,,,654414,250230338.45,10126,F1,1,,,,,
2026-09-30,2026-09-30,CM,NSE,STK,480,INE340A01012,BIRLACORPN,EQ,,,,,BIRLA CORPORATION LTD,850.00,857.80,839.00,840.05,840.10,849.90,,840.06,,,20629,17386002.10,3521,F1,1,,,,,
2026-09-30,2026-09-30,CM,NSE,STK,762596,INE372E01025,BIRLAPREC,BE,,,,,BIRLA PRECISION TECH L,54.80,55.95,54.00,54.91,54.50,54.80,,54.91,,,76920,4251415.04,288,F1,1,,,,,
2026-09-30,2026-09-30,CM,NSE,STK,1455,INE557A01011,BIRLANU,EQ,,,,,BIRLANU LIMITED,1406.00,1426.50,1394.10,1400.10,1400.00,1406.00,,1400.30,,,6563,9250856.90,1130,F1,1,,,,,
2026-09-30,2026-09-30,CM,NSE,STK,24404,INF209KC1134,ABGSEC,EQ,,,,,BIRLASLAMC - ABGSEC,112.92,113.68,112.92,113.58,113.58,112.92,,113.58,,,115,12989.98,4,F1,1,,,,,
2026-09-30,2026-09-30,CM,NSE,STK,760247,INF209KC1670,ABSL10BANK,EQ,,,,,BIRLASLAMC - ABSL10BANK,161.00,163.62,161.00,162.51,162.47,160.58,,162.51,,,1230,200620.79,19,F1,1,,,,,
2026-09-30,2026-09-30,CM,NSE,STK,13987,INF209KB17D5,ABSLBANETF,EQ,,,,,BIRLASLAMC - ABSLBANETF,56.95,56.95,55.60,56.04,56.00,55.83,,56.04,,,12244,687723.93,193,F1,1,,,,,
2026-09-30,2026-09-30,CM,NSE,STK,14518,INF209KB18T9,ABSLLIQUID,EQ,,,,,BIRLASLAMC - ABSLLIQUID,999.99,1000.01,999.99,1000.00,1000.00,999.99,,1000.00,,,3737,3737000.66,20,F1,1,,,,,
2026-09-30,2026-09-30,CM,NSE,STK,761066,INF209KC1662,ABSLMSCIN,EQ,,,,,BIRLASLAMC - ABSLMSCIN,28.35,29.21,27.93,28.33,27.93,28.21,,28.33,,,195,5475.35,12,F1,1,,,,,
2026-09-30,2026-09-30,CM,NSE,STK,7339,INF209KB16D7,ABSLNN50ET,EQ,,,,,BIRLASLAMC - ABSLNN50ET,74.85,74.93,73.04,73.58,73.60,74.11,,73.55,,,6636,490419.74,200,F1,1,,,,,
2026-09-30,2026-09-30,CM,NSE,STK,5957,INF209KB10E8,BSLSENETFG,EQ,,,,,BIRLASLAMC - BSLSENETFG,72.29,74.20,72.29,73.09,73.28,73.03,,73.09,,,907,66706.93,83,F1,1,,,,,
2026-09-30,2026-09-30,CM,NSE,STK,24847,INF209KC1142,GSEC10ABSL,EQ,,,,,BIRLASLAMC - GSEC10ABSL,111.87,111.90,111.87,111.90,111.90,111.92,,111.48,,,7,783.15,2,F1,1,,,,,
2026-09-30,2026-09-30,CM,NSE,STK,6297,INF209KB10C2,HEALTHY,EQ,,,,,BIRLASLAMC - HEALTHY,17.14,17.38,16.50,16.58,16.68,17.14,,16.58,,,7501875,124945691.21,2833,F1,1,,,,,
2026-09-30,2026-09-30,CM,NSE,STK,10693,INF209KB14K7,MOMENTUM,EQ,,,,,BIRLASLAMC - MOMENTUM,30.01,30.79,29.94,30.01,30.02,30.01,,30.01,,,12414,372873.80,160,F1,1,,,,,
2026-09-30,2026-09-30,CM,NSE,STK,10690,INF209KB15K4,NIFTYQLITY,EQ,,,,,BIRLASLAMC - NIFTYQLITY,20.07,20.45,19.73,19.94,20.05,20.07,,19.95,,,55131,1100864.06,331,F1,1,,,,,
2026-09-30,2026-09-30,CM,NSE,STK,8003,INF209KB19F6,SILVER,EQ,,,,,BIRLASLAMC - SILVER,218.98,220.59,218.72,218.96,218.98,218.64,,218.96,,,734070,161150616.71,5527,F1,1,,,,,
2026-09-30,2026-09-30,CM,NSE,STK,6462,INF209KB11D8,TECH,EQ,,,,,BIRLASLAMC - TECH,31.80,31.80,30.05,30.53,30.46,31.29,,30.53,,,34421,1051554.08,225,F1,1,,,,,
2026-09-30,2026-09-30,CM,NSE,STK,23806,INF209KB19Z4,ABSLPSE,EQ,,,,,BIRLASLAMC-ABSLPSE,9.73,10.14,9.73,9.78,9.85,9.82,,9.78,,,71398,701758.31,456,F1,1,,,,,
2026-09-30,2026-09-30,CM,NSE,STK,6994,INE836A01035,BSOFT,EQ,,,,,BIRLASOFT LIMITED,270.00,280.30,269.90,271.70,271.50,269.05,,271.70,,,1727416,477372317.00,39782,F1,1,,,,,
2026-09-30,2026-09-30,CM,NSE,STK,3435,INE676A01027,BBOX,EQ,,,,,BLACK BOX LIMITED,820.00,854.60,800.25,804.80,807.50,812.80,,804.80,,,1137619,941471797.40,55428,F1,1,,,,,
2026-09-30,2026-09-30,CM,NSE,STK,762598,INE761G01016,BLACKROSE,EQ,,,,,BLACK ROSE INDS. LTD.,115.25,118.28,112.00,115.79,114.90,113.25,,115.77,,,54925,6344669.16,901,F1,1,,,,,
2026-09-30,2026-09-30,CM,NSE,STK,27144,INE0UIZ01018,BLACKBUCK,EQ,,,,,BLACKBUCK LIMITED,628.00,634.00,606.00,607.90,607.60,622.40,,607.92,,,471558,292287016.05,22685,F1,1,,,,,
2026-09-30,2026-09-30,CM,NSE,STK,8132,INE791A01024,BLBLIMITED,EQ,,,,,BLB LIMITED,16.60,17.19,16.60,16.73,16.75,16.84,,16.73,,,47532,801054.81,244,F1,1,,,,,
2026-09-30,2026-09-30,CM,NSE,STK,19269,INE416D01022,BLISSGVS,BE,,,,,BLISS GVS PHARMA LTD,709.95,722.00,690.00,694.45,691.00,710.90,,694.51,,,209856,147490958.90,2606,F1,1,,,,,
2026-09-30,2026-09-30,CM,NSE,STK,22566,INE0NLT01010,BLSE,EQ,,,,,BLS E-SERVICES LIMITED,323.00,332.00,321.10,328.60,326.00,321.10,,328.60,,,445285,145663659.25,6718,F1,1,,,,,
2026-09-30,2026-09-30,CM,NSE,STK,17279,INE153T01027,BLS,EQ,,,,,BLS INTL SERVS LTD,219.55,223.93,217.23,218.26,218.37,219.55,,218.26,,,602312,132600608.29,18598,F1,1,,,,,
2026-09-30,2026-09-30,CM,NSE,STK,765040,INE373T01047,BLUECLOUDS,EQ,,,,,BLUE CLOUD SOFTECH SOLU L,20.35,20.82,19.56,19.90,20.23,20.23,,19.90,,,4389309,88764177.56,9818,F1,1,,,,,
2026-09-30,2026-09-30,CM,NSE,STK,7480,INE472B01011,BLUECOAST,EQ,,,,,BLUE COAST HOTELS LIMITED,22.70,23.80,22.01,22.07,22.06,22.70,,22.07,,,3112,70786.74,23,F1,1,,,,,
2026-09-30,2026-09-30,CM,NSE,STK,495,INE233B01017,BLUEDART,EQ,,,,,BLUE DART EXPRESS LTD,4574.90,4654.20,4539.30,4629.00,4636.00,4576.00,,4628.83,,,14406,66370271.10,3316,F1,1,,,,,
2026-09-30,2026-09-30,CM,NSE,STK,19686,INE0KBH01020,BLUEJET,EQ,,,,,BLUE JET HEALTHCARE LTD,555.00,562.35,535.00,538.05,535.05,549.60,,538.12,,,399671,217722415.60,17575,F1,1,,,,,
2026-09-30,2026-09-30,CM,NSE,STK,23413,INE0SAK01011,BLUEPEBBLE,ST,,,,,BLUE PEBBLE LIMITED,65.00,65.00,65.00,65.00,65.00,67.00,,65.00,,,1200,78000.00,2,F1,400,,,,,
2026-09-30,2026-09-30,CM,NSE,STK,8311,INE472A01039,BLUESTARCO,EQ,,,,,BLUE STAR LIMITED,1525.00,1541.10,1502.10,1518.00,1518.00,1529.50,,1518.00,,,615606,935100431.40,30048,F1,1,,,,,
2026-09-30,2026-09-30,CM,NSE,STK,758185,INE0X3M01010,BLUEWATER,ST,,,,,BLUE WATER LOGISTICS LTD,594.70,594.70,551.10,571.75,580.00,580.00,,571.75,,,19000,10819500.00,18,F1,1000,,,,,
2026-09-30,2026-09-30,CM,NSE,STK,759291,INE304W01038,BLUESTONE,EQ,,,,,BLUESTONE JEWEL LFSTL LTD,806.20,812.00,782.00,794.85,790.50,806.05,,794.90,,,805919,643962189.80,36320,F1,1,,,,,
2026-09-30,2026-09-30,CM,NSE,STK,757520,INE0U4101014,BLUSPRING,EQ,,,,,BLUSPRING ENTERPRISES LTD,145.80,147.80,140.10,141.74,143.00,143.11,,141.73,,,149662,21409430.85,2835,F1,1,,,,,
2026-09-30,2026-09-30,CM,NSE,STK,759256,INE965W01036,BMWVENTLTD,EQ,,,,,BMW VENTURES LIMITED,51.13,51.89,51.12,51.50,51.50,51.49,,51.50,,,27684,1423657.32,480,F1,1,,,,,
2026-09-30,2026-09-30,CM,NSE,STK,762608,INE00HZ01011,BNAGROCHEM,EQ,,,,,BN AGROCHEM LTD.,215.00,217.60,210.10,217.60,217.60,207.24,,217.60,,,102349,22015862.24,398,F1,1,,,,,
2026-09-30,2026-09-30,CM,NSE,STK,25021,INE338D01028,BODALCHEM,BE,,,,,BODAL CHEMICALS LTD,191.99,200.50,182.40,198.35,197.01,191.99,,198.23,,,789248,152091362.74,3516,F1,1,,,,,
2026-09-30,2026-09-30,CM,NSE,STK,14150,INE0EEJ01023,BTML,EQ,,,,,BODHI TREE MULTIMEDIA LTD,6.91,7.44,6.91,6.97,7.05,7.03,,6.97,,,91799,647612.90,276,F1,1,,,,,
2026-09-30,2026-09-30,CM,NSE,STK,11640,INE802W01023,BOHRAIND,EQ,,,,,BOHRA INDUSTRIES LIMITED,15.03,15.76,14.80,15.51,15.66,15.01,,15.51,,,26872,413442.48,78,F1,1,,,,,
2026-09-30,2026-09-30,CM,NSE,STK,380,INE050A01025,BBTC,EQ,,,,,BOMBAY BURMAH TRADING COR,1362.40,1378.80,1350.00,1357.40,1354.70,1355.00,,1357.61,,,24685,33741549.10,3174,F1,1,,,,,
2026-09-30,2026-09-30,CM,NSE,STK,513,INE032A01023,BOMDYEING,EQ,,,,,BOMBAY DYEING & MFG. CO L,106.75,107.84,105.00,105.62,105.02,106.70,,105.63,,,316532,33735241.65,3562,F1,1,,,,,
2026-09-30,2026-09-30,CM,NSE,STK,6052,INE0I3Y01014,BMETRICS,SM,,,,,BOMBAY METRICS S C LTD,37.05,41.00,37.05,38.60,38.60,44.20,,38.60,,,16800,669760.00,18,F1,800,,,,,
2026-09-30,2026-09-30,CM,NSE,STK,809,INE032Z01020,BSHSL,EQ,,,,,BOMBAY SUPER HYBRID SEEDS,85.80,86.75,83.50,86.10,85.20,85.90,,86.40,,,3551,302247.91,70,F1,1,,,,,
2026-09-30,2026-09-30,CM,NSE,STK,31128,INE053F07538,810IRFC27,N2,,,,,BOND 8.10% PA TAX FREE S2,1015.00,1015.00,1002.52,1003.50,1003.50,1085.00,,1003.26,,,3233,3244243.03,35,F1,1,,,,,
2026-09-30,2026-09-30,CM,NSE,STK,31040,INE906B07CB9,830NHAI27,N2,,,,,BOND 8.30% PA TAX FREE S2,1006.80,1006.80,1005.01,1005.02,1005.27,1005.10,,1005.03,,,1742,1752488.46,21,F1,1,,,,,
2026-09-30,2026-09-30,CM,NSE,STK,31966,INE557F07090,863NHB29,N2,,,,,BOND 8.63%PA TF TR-I S 2A,5661.00,5661.00,5661.00,5661.00,5661.00,5608.00,,5661.00,,,619,3504159.00,6,F1,1,,,,,
2026-09-30,2026-09-30,CM,NSE,STK,603,INE053F07686,865IRFC29,NA,,,,,BOND 8.65% PA TF TI-SIIB,1114.95,1114.95,1103.21,1106.00,1106.00,1114.95,,1106.00,,,1915,2120413.62,23,F1,1,,,,,
2026-09-30,2026-09-30,CM,NSE,STK,30990,INE020B07HS2,871REC28,N9,,,,,BOND 8.71% TAX FREE S2B,1126.01,1129.80,1126.01,1128.00,1128.00,1125.70,,1129.00,,,1290,1456289.15,7,F1,1,,,,,
2026-09-30,2026-09-30,CM,NSE,STK,1999,INE053F07744,888IRFC29,NE,,,,,BOND 8.88% PA TF TII-SIIB,1124.75,1124.75,1124.75,1124.75,1124.75,1124.00,,1124.75,,,2,2249.50,2,F1,1,,,,,
2026-09-30,2026-09-30,CM,NSE,STK,31970,INE557F07132,901NHB34,N6,,,,,BOND 9.01%PA TF TR-I S 3B,6400.00,6400.00,6390.00,6395.00,6400.00,6400.00,,6395.00,,,30,191900.00,3,F1,1,,,,,
2026-09-30,2026-09-30,CM,NSE,STK,2947,INE020B07IG5,888REC29,NF,,,,,BOND8.88% PA TF TR II S2B,1142.20,1142.20,1142.20,1142.20,1142.20,1144.00,,1142.20,,,445,508279.00,1,F1,1,,,,,
2026-09-30,2026-09-30,CM,NSE,STK,761056,INE0B9A01018,BONLON,EQ,,,,,BONLON INDUSTRIES LIMITED,41.00,41.90,38.01,40.21,40.56,40.16,,40.23,,,38309,1558903.28,523,F1,1,,,,,
2026-09-30,2026-09-30,CM,NSE,STK,757919,INE16SF01016,BORANA,EQ,,,,,BORANA WEAVES LIMITED,297.80,297.80,275.00,278.20,277.00,296.40,,278.23,,,66407,18813728.60,2356,F1,1,,,,,
2026-09-30,2026-09-30,CM,NSE,STK,19401,INE02PY01013,BOROLTD,EQ,,,,,BOROSIL LIMITED,282.00,300.00,279.41,293.38,294.04,276.21,,293.40,,,1096443,320189712.41,23204,F1,1,,,,,
2026-09-30,2026-09-30,CM,NSE,STK,3149,INE666D01022,BORORENEW,EQ,,,,,BOROSIL RENEWABLES LTD,452.95,470.80,452.95,458.15,459.80,452.50,,458.16,,,523400,243005412.15,24431,F1,1,,,,,
2026-09-30,2026-09-30,CM,NSE,STK,24014,INE02L001032,BOROSCI,EQ,,,,,BOROSIL SCIENTIFIC LTD,114.84,116.77,113.16,113.91,114.00,114.84,,113.92,,,54494,6268241.46,1071,F1,1,,,,,
2026-09-30,2026-09-30,CM,NSE,STK,4491,INE782A01015,BOSCH-HCIL,EQ,,,,,BOSCH HOME COMFRT IND LTD,1950.10,1979.00,1851.20,1876.70,1879.00,1934.40,,1876.85,,,72922,140868623.80,10773,F1,1,,,,,
2026-09-30,2026-09-30,CM,NSE,STK,2181,INE323A01026,BOSCHLTD,EQ,,,,,BOSCH LIMITED,45960.00,47545.00,45960.00,47100.00,47100.00,45700.00,,47100.00,,,30394,1431814960.00,14514,F1,1,,,,,
2026-09-30,2026-09-30,CM,NSE,STK,530,INE110A01019,BPL,EQ,,,,,BPL LTD,46.78,46.85,45.32,45.59,45.35,46.50,,45.59,,,37403,1716882.25,852,F1,1,,,,,
2026-09-30,2026-09-30,CM,NSE,STK,24905,INE0R4Z01018,BRACEPORT,SM,,,,,BRACE PORT LOGISTICS LTD,62.00,64.30,62.00,64.30,64.30,64.00,,64.30,,,3200,202080.00,2,F1,1600,,,,,
2026-09-30,2026-09-30,CM,NSE,STK,764628,INE320I01017,BRAHMINFRA,EQ,,,,,BRAHMAPUTRA INFRA L,158.20,159.00,146.15,148.08,147.15,149.26,,148.16,,,41533,6291768.65,603,F1,1,,,,,
2026-09-30,2026-09-30,CM,NSE,STK,24814,INE02RE01045,FIRSTCRY,EQ,,,,,BRAINBEES SOLUTIONS LTD,184.37,187.00,178.35,179.94,179.50,184.37,,179.97,,,2624709,480278770.27,22467,F1,1,,,,,
2026-09-30,2026-09-30,CM,NSE,STK,7780,INE977Y01011,BCONCEPTS,EQ,,,,,BRAND CONCEPTS LIMITED,144.90,145.77,136.50,140.66,140.55,139.25,,140.66,,,6718,959740.69,322,F1,1,,,,,
2026-09-30,2026-09-30,CM,NSE,STK,760972,INE0XUD01014,BRANDMAN,SM,,,,,BRANDMAN RETAIL LIMITED,163.05,169.95,163.05,164.00,164.00,163.05,,164.00,,,12800,2140320.00,13,F1,800,,,,,
2026-09-30,2026-09-30,CM,NSE,STK,15184,INE791I01019,BRIGADE,EQ,,,,,BRIGADE ENTER. LTD,559.10,586.85,559.10,575.25,573.40,563.05,,575.26,,,566667,325979782.30,41508,F1,1,,,,,
2026-09-30,2026-09-30,CM,NSE,STK,757794,INE03NU01014,BRIGHOTEL,EQ,,,,,BRIGADE HOTEL VENTURE LTD,55.85,57.80,55.85,56.96,56.80,56.14,,56.96,,,282041,16100335.10,6869,F1,1,,,,,
2026-09-30,2026-09-30,CM,NSE,STK,764633,INE630D01010,BRIGHTBR,EQ,,,,,BRIGHT BROTHERS LTD.,254.00,254.00,246.00,252.90,252.70,248.85,,252.90,,,1978,498807.55,49,F1,1,,,,,
2026-09-30,2026-09-30,CM,NSE,STK,8833,INE425B01027,BCG,EQ,,,,,BRIGHTCOM GROUP LIMITED,9.20,9.42,9.20,9.22,9.23,9.28,,9.22,,,3466176,32150829.41,3536,F1,1,,,,,
2026-09-30,2026-09-30,CM,NSE,STK,547,INE216A01030,BRITANNIA,EQ,,,,,BRITANNIA INDUSTRIES LTD,4830.00,4830.50,4758.00,4830.00,4830.00,4835.00,,4829.97,,,485651,2328100425.00,34926,F1,1,,,,,
2026-09-30,2026-09-30,CM,NSE,STK,2203,INE0FDU25010,BIRET,RR,,,,,BROOKFIELD INDIA RET,332.00,338.76,332.00,336.03,333.00,333.85,,336.03,,,1306720,440499742.58,12072,F1,1,,,,,
2026-09-30,2026-09-30,CM,NSE,STK,25136,INE650L01011,BROOKS,EQ,,,,,BROOKS LAB LIMITED,56.80,57.61,55.02,55.80,55.05,56.51,,55.80,,,46499,2612048.74,546,F1,1,,,,,
2026-09-30,2026-09-30,CM,NSE,STK,19585,INE118H01025,BSE,EQ,,,,,BSE LIMITED,3138.90,3149.00,3075.00,3092.00,3092.00,3200.00,,3092.00,,,6411793,19888486245.10,272876,F1,1,,,,,
2026-09-30,2026-09-30,CM,NSE,STK,559,INE594B01012,BSL,EQ,,,,,BSL LTD,118.16,121.49,117.50,118.28,118.28,118.16,,118.28,,,909,108228.00,43,F1,1,,,,,
2026-09-30,2026-09-30,CM,NSE,STK,2716,INE295F01017,BUTTERFLY,EQ,,,,,BTRFLY GANDHI APPL LTD,564.30,565.35,551.55,552.75,551.55,561.25,,552.77,,,12112,6751169.95,858,F1,1,,,,,
2026-09-30,2026-09-30,CM,NSE,STK,24704,INE0SZ301012,BULKCORP,ST,,,,,BULKCORP INTERNATIONAL L,81.95,81.95,81.80,81.85,81.80,79.70,,81.85,,,9600,786000.00,8,F1,1200,,,,,
2026-09-30,2026-09-30,CM,NSE,STK,15198,INE817H01022,BURNPUR,BE,,,,,BURNPUR CEMENT LIMITED,13.69,14.00,13.15,13.16,13.43,13.84,,13.18,,,47764,636203.49,368,F1,1,,,,,
2026-09-30,2026-09-30,CM,NSE,STK,764643,INE084D01010,CGVAK,EQ,,,,,C G V A K SOFTWARE & EX L,151.50,151.50,145.31,145.69,149.91,148.97,,145.79,,,1492,221483.30,57,F1,1,,,,,
2026-09-30,2026-09-30,CM,NSE,STK,760854,INE0SMX01019,CKKRETAIL,SM,,,,,C K K RETAIL MART LIMITED,174.50,174.50,174.50,174.50,174.50,169.90,,174.50,,,800,139600.00,1,F1,800,,,,,
2026-09-30,2026-09-30,CM,NSE,STK,7227,INE0BV301023,MAPMYINDIA,EQ,,,,,C.E. INFO SYSTEMS LIMITED,854.00,873.40,849.10,858.10,854.00,845.20,,858.16,,,121081,104173632.90,10248,F1,1,,,,,
2026-09-30,2026-09-30,CM,NSE,STK,27274,INE0U7V01015,C2C,SM,,,,,C2C ADVANCED SYSTEMS LTD,199.70,218.80,195.75,209.30,209.00,194.55,,209.30,,,403950,84087540.00,1764,F1,150,,,,,
2026-09-30,2026-09-30,CM,NSE,STK,21823,INE090Y01013,CADSYS,SM,,,,,CADSYS (INDIA) LIMITED,40.50,40.50,39.90,39.90,39.90,41.55,,39.90,,,1000,40200.00,2,F1,500,,,,,
2026-09-30,2026-09-30,CM,NSE,STK,764255,INE11XY01018,CMLL,EQ,,,,,CALIBER MINING AND LOG L,547.05,553.55,529.00,532.05,534.00,542.90,,532.08,,,314749,170509751.85,11311,F1,1,,,,,
2026-09-30,2026-09-30,CM,NSE,STK,8400,INE526B01014,CALSOFT,BE,,,,,CALIFORNIA SOFTWARE CO LT,33.37,35.11,32.07,35.11,35.11,33.44,,35.11,,,151774,5127439.60,661,F1,1,,,,,
2026-09-30,2026-09-30,CM,NSE,STK,14222,INE627H01017,CTE,BE,,,,,CAMBRIDGE TECH ENTER LTD,40.00,41.40,39.30,40.39,40.39,41.34,,40.39,,,11833,468778.45,67,F1,1,,,,,
2026-09-30,2026-09-30,CM,NSE,STK,6216,INE052I01032,CAMLINFINE,EQ,,,,,CAMLIN FINE SCIENCES LTD,93.80,95.79,92.91,93.15,93.25,93.17,,93.15,,,369269,34702874.71,3653,F1,1,,,,,
2026-09-30,2026-09-30,CM,NSE,STK,9362,INE278Y01022,CAMPUS,EQ,,,,,CAMPUS ACTIVEWEAR LIMITED,210.00,211.36,207.52,208.83,207.72,209.76,,208.83,,,196106,41100110.30,5958,F1,1,,,,,
2026-09-30,2026-09-30,CM,NSE,STK,583,INE477A01020,CANFINHOME,EQ,,,,,CAN FIN HOMES LTD,733.00,739.80,715.00,719.20,719.00,731.70,,719.21,,,235321,170690118.70,22349,F1,1,,,,,
2026-09-30,2026-09-30,CM,NSE,STK,10794,INE476A01022,CANBK,EQ,,,,,CANARA BANK,119.70,121.48,119.44,119.44,119.44,119.51,,119.44,,,12579795,1518041726.20,57941,F1,1,,,,,
2026-09-30,2026-09-30,CM,NSE,STK,759477,INE01TY01017,CANHLIFE,EQ,,,,,CANARA HSBC LIFE INS CO L,149.87,149.87,147.15,148.51,147.15,149.62,,148.52,,,225185,33432703.00,6761,F1,1,,,,,
2026-09-30,2026-09-30,CM,NSE,STK,759311,INE218I01013,CRAMC,EQ,,,,,CANARA ROBECO AMC LIMITED,224.45,227.00,224.00,224.70,224.50,223.55,,224.73,,,247677,55756050.55,5266,F1,1,,,,,
2026-09-30,2026-09-30,CM,NSE,STK,19368,INE0QG301017,CANARYS,SM,,,,,CANARYS AUTOMATIONS LTD,28.30,28.80,27.65,27.75,27.75,28.05,,27.75,,,68000,1923200.00,17,F1,4000,,,,,
2026-09-30,2026-09-30,CM,NSE,STK,20160,INE068L01024,CANTABIL,EQ,,,,,CANTABIL RETAIL LTD,232.20,233.99,229.30,231.22,233.80,232.50,,231.21,,,69587,16100017.92,1392,F1,1,,,,,
2026-09-30,2026-09-30,CM,NSE,STK,21749,INE264T01014,CAPACITE,EQ,,,,,CAPACITE INFRAPROJECT LTD,182.70,186.63,182.40,182.89,182.43,182.61,,182.89,,,95782,17668627.82,2634,F1,1,,,,,
2026-09-30,2026-09-30,CM,NSE,STK,759867,INE0ILV01024,CAPILLARY,EQ,,,,,CAPILLARY TECHNO INDIA L,569.00,574.00,553.15,560.45,566.00,568.05,,560.31,,,69748,39214543.25,3241,F1,1,,,,,
2026-09-30,2026-09-30,CM,NSE,STK,756015,INE345H01024,CIFL,EQ,,,,,CAPITAL INDIA FINANCE LTD,20.63,21.85,20.63,21.34,21.38,21.36,,21.34,,,72960,1558477.28,1415,F1,1,,,,,
2026-09-30,2026-09-30,CM,NSE,STK,29157,INE0Z8Z23013,CAPINVIT,IV,,,,,CAPITAL INFRA TRUST,76.99,77.30,76.50,77.01,76.97,76.68,,77.01,,,164511,12649639.46,2205,F1,1,,,,,
2026-09-30,2026-09-30,CM,NSE,STK,22675,INE646H01017,CAPITALSFB,EQ,,,,,CAPITAL SMALL FIN BANK L,278.00,298.00,278.00,288.60,291.95,279.65,,288.57,,,137229,40063064.85,3496,F1,1,,,,,
2026-09-30,2026-09-30,CM,NSE,STK,19451,INE707C01018,CAPTRUST,BE,,,,,CAPITAL TRUST LIMITED,17.65,18.42,16.90,18.28,18.42,17.55,,18.30,,,27829,504429.08,73,F1,1,,,,,
2026-09-30,2026-09-30,CM,NSE,STK,3906,INE475E01026,CAPLIPOINT,EQ,,,,,CAPLIN POINT LAB LTD.,2760.10,2797.80,2663.30,2716.40,2710.00,2744.00,,2716.12,,,156298,422709374.50,23175,F1,1,,,,,
2026-09-30,2026-09-30,CM,NSE,STK,20329,INE180C01042,CGCL,EQ,,,,,CAPRI GLOBAL CAPITAL LTD,249.30,252.75,246.50,247.45,246.50,246.90,,247.45,,,1406907,349589897.35,20924,F1,1,,,,,
2026-09-30,2026-09-30,CM,NSE,STK,764203,INE536P01021,CPL,EQ,,,,,CAPTAIN POLYPLAST LIMITED,61.69,64.07,61.69,63.27,63.95,62.16,,63.27,,,27672,1749827.53,1396,F1,1,,,,,
2026-09-30,2026-09-30,CM,NSE,STK,595,INE120A01034,CARBORUNIV,EQ,,,,,CARBORUNDUM UNIVERSAL LTD,1206.50,1269.90,1204.40,1252.50,1250.00,1200.50,,1252.49,,,475133,592918098.60,36400,F1,1,,,,,
2026-09-30,2026-09-30,CM,NSE,STK,29113,INE752H01013,CARERATING,EQ,,,,,CARE RATINGS LIMITED,1637.00,1652.80,1611.00,1616.70,1611.00,1637.80,,1616.68,,,51390,83593984.70,7311,F1,1,,,,,
2026-09-30,2026-09-30,CM,NSE,STK,758941,INE0P6P01016,CPEDU,EQ,,,,,CAREER POINT EDUTECH LTD,178.00,181.00,177.20,177.45,177.25,179.60,,177.45,,,4608,828642.14,52,F1,1,,,,,
2026-09-30,2026-09-30,CM,NSE,STK,28879,INE0V7W01012,CARRARO,EQ,,,,,CARRARO INDIA LIMITED,520.00,530.45,515.00,527.50,526.00,520.80,,527.50,,,352593,185075235.20,7465,F1,1,,,,,
2026-09-30,2026-09-30,CM,NSE,STK,5407,INE290S01011,CARTRADE,EQ,,,,,CARTRADE TECH LIMITED,2922.00,2949.50,2888.00,2899.80,2909.00,2907.50,,2899.79,,,191607,557027921.30,17742,F1,1,,,,,
2026-09-30,2026-09-30,CM,NSE,STK,1879,INE482D01024,CARYSIL,EQ,,,,,CARYSIL LIMITED,1046.10,1060.40,1020.00,1036.10,1035.00,1056.50,,1036.10,,,149256,154806125.10,10366,F1,1,,,,,
2026-09-30,2026-09-30,CM,NSE,STK,758129,INE0WL201014,CUDML,SM,,,,,CASH UR DRIVE MARKETING L,106.00,106.00,106.00,106.00,106.00,106.00,,106.00,,,1000,106000.00,1,F1,1000,,,,,
2026-09-30,2026-09-30,CM,NSE,STK,1250,INE172A01027,CASTROLIND,EQ,,,,,CASTROL INDIA LIMITED,199.83,202.75,199.83,200.52,200.40,199.83,,200.51,,,2564891,515512682.44,32544,F1,1,,,,,
2026-09-30,2026-09-30,CM,NSE,STK,11452,INE421D01022,CCL,EQ,,,,,CCL PRODUCTS (I) LTD,1002.00,1031.00,991.40,1019.50,1029.00,1006.20,,1019.49,,,146634,149517464.90,18926,F1,1,,,,,
2026-09-30,2026-09-30,CM,NSE,STK,15254,INE482A01020,CEATLTD,EQ,,,,,CEAT LIMITED,3242.30,3320.90,3242.30,3264.40,3284.00,3240.00,,3264.42,,,46666,153220845.70,10979,F1,1,,,,,
2026-09-30,2026-09-30,CM,NSE,STK,757690,INE11J101017,CEDAAR,ST,,,,,CEDAAR TEXTILE LIMITED,11.75,11.75,10.85,10.85,10.85,11.40,,10.85,,,4000,44350.00,4,F1,1000,,,,,
2026-09-30,2026-09-30,CM,NSE,STK,24742,INE0AG901020,CEIGALL,EQ,,,,,CEIGALL INDIA LIMITED,383.80,385.90,375.10,382.75,384.10,377.55,,382.77,,,305558,116187139.35,8342,F1,1,,,,,
2026-09-30,2026-09-30,CM,NSE,STK,761037,INE016Q01014,CEINSYS,EQ,,,,,CEINSYS TECH LIMITED,676.15,690.00,666.00,666.85,666.10,681.85,,666.95,,,44612,30039261.90,3116,F1,1,,,,,
2026-09-30,2026-09-30,CM,NSE,STK,13162,INE185H01016,CELEBRITY,EQ,,,,,CELEBRITY FASHIONS LTD,6.74,6.74,6.36,6.66,6.70,6.46,,6.66,,,13125,87134.48,60,F1,1,,,,,
2026-09-30,2026-09-30,CM,NSE,STK,16950,INE0O0001013,CELLPOINT,SM,,,,,CELL POINT (INDIA) LTD,14.00,14.00,13.90,13.95,13.95,13.95,,13.95,,,7200,100440.00,3,F1,1200,,,,,
2026-09-30,2026-09-30,CM,NSE,STK,18806,INE0OMO01025,CELLECOR,SM,,,,,CELLECOR GADGETS LIMITED,29.25,29.55,28.00,28.35,28.00,29.55,,28.35,,,309000,8949750.00,89,F1,3000,,,,,
2026-09-30,2026-09-30,CM,NSE,STK,19795,INE0LMW01024,CELLO,EQ,,,,,CELLO WORLD LIMITED,330.00,337.55,324.10,325.55,324.10,333.35,,325.55,,,174282,57552809.75,10280,F1,1,,,,,
2026-09-30,2026-09-30,CM,NSE,STK,5622,INE686A01026,CEMPRO,EQ,,,,,CEMINDIA PROJECTS LIMITED,1226.30,1249.00,1182.60,1192.20,1191.00,1223.30,,1192.23,,,242505,293431008.90,14896,F1,1,,,,,
2026-09-30,2026-09-30,CM,NSE,STK,14894,INE483A01010,CENTRALBK,EQ,,,,,CENTRAL BANK OF INDIA,30.07,30.84,30.07,30.46,30.53,30.04,,30.46,,,4973027,151933662.07,18306,F1,1,,,,,
2026-09-30,2026-09-30,CM,NSE,STK,21174,INE736A01011,CDSL,EQ,,,,,CENTRAL DEPO SER (I) LTD,1270.00,1286.50,1262.50,1264.00,1264.00,1261.90,,1264.00,,,871860,1110848076.50,39644,F1,1,,,,,
2026-09-30,2026-09-30,CM,NSE,STK,761581,INE05HV01027,CMPDI,EQ,,,,,CENTRAL MINE P N D INST L,213.10,214.89,207.50,209.21,208.20,213.12,,209.17,,,726889,153349962.57,14087,F1,1,,,,,
2026-09-30,2026-09-30,CM,NSE,STK,2454,INE660C01027,CENTRUM,EQ,,,,,CENTRUM CAPITAL LIMITED,20.95,21.35,19.00,19.61,19.60,20.56,,19.61,,,765145,15477539.07,1439,F1,1,,,,,
2026-09-30,2026-09-30,CM,NSE,STK,14982,INE320B01020,CENTUM,EQ,,,,,CENTUM ELECTRONICS LTD,4915.80,4925.00,4738.40,4797.90,4800.00,4920.70,,4798.34,,,90214,435317222.20,15782,F1,1,,,,,
2026-09-30,2026-09-30,CM,NSE,STK,619,INE485A01015,CENTENKA,EQ,,,,,CENTURY ENKA LTD,552.00,569.30,551.55,554.60,554.10,549.50,,554.45,,,24863,13950580.30,2242,F1,1,,,,,
2026-09-30,2026-09-30,CM,NSE,STK,11511,INE281A01026,CENTEXT,EQ,,,,,CENTURY EXTRUSIONS LTD,18.20,19.07,18.20,18.62,18.75,18.16,,18.62,,,121183,2274904.93,718,F1,1,,,,,
2026-09-30,2026-09-30,CM,NSE,STK,766164,INE281A20018,CENTEXT-RE,BE,,,,,CENTURY EXTRUSIONS LTD,3.88,3.88,3.00,3.62,3.70,2.79,,3.62,,,305177,1069401.41,728,F1,1,,,,,
2026-09-30,2026-09-30,CM,NSE,STK,13305,INE348B01021,CENTURYPLY,EQ,,,,,CENTURY PLYBOARDS (I) LTD,663.05,686.00,663.05,681.85,684.50,665.00,,681.88,,,64964,44362557.90,9441,F1,1,,,,,
2026-09-30,2026-09-30,CM,NSE,STK,15039,INE739E01017,CERA,EQ,,,,,CERA SANITARYWARE LTD,5125.00,5199.50,5037.00,5088.00,5184.00,5124.50,,5090.27,,,25540,130962222.50,5626,F1,1,,,,,
2026-09-30,2026-09-30,CM,NSE,STK,628,INE486A01021,CESC,EQ,,,,,CESC LTD,133.95,136.39,133.61,133.85,134.02,133.87,,133.85,,,1540893,208055938.84,30798,F1,1,,,,,
2026-09-30,2026-09-30,CM,NSE,STK,760,INE067A01029,CGPOWER,EQ,,,,,CG POWER AND IND SOL LTD,866.45,876.80,854.20,854.20,854.20,858.05,,854.21,,,2404620,2078634450.90,56946,F1,1,,,,,
2026-09-30,2026-09-30,CM,NSE,STK,8546,INE427F01016,CHALET,EQ,,,,,CHALET HOTELS LIMITED,849.90,861.95,831.00,845.20,841.45,840.75,,845.20,,,132305,112298007.20,12441,F1,1,,,,,
2026-09-30,2026-09-30,CM,NSE,STK,3482,INE419D01026,CLSEL,EQ,,,,,CHAMAN LAL SETIA EXP LTD,282.20,295.50,282.20,284.15,285.50,282.25,,284.14,,,68524,19777746.85,2513,F1,1,,,,,
2026-09-30,2026-09-30,CM,NSE,STK,13731,INE06PV01010,CMNL,SM,,,,,CHAMAN METALLICS LIMITED,111.00,123.00,109.50,116.85,123.00,111.00,,116.85,,,15750,1820325.00,19,F1,750,,,,,
2026-09-30,2026-09-30,CM,NSE,STK,637,INE085A01013,CHAMBLFERT,EQ,,,,,CHAMBAL FERTILIZERS LTD,414.35,417.45,408.40,409.25,408.95,413.55,,409.25,,,384509,158324145.10,19186,F1,1,,,,,
2026-09-30,2026-09-30,CM,NSE,STK,29541,INE11HG01018,CHAMUNDA,SM,,,,,CHAMUNDA ELECTRICAL LTD,44.95,44.95,44.95,44.95,44.95,40.00,,44.95,,,3000,134850.00,1,F1,3000,,,,,
2026-09-30,2026-09-30,CM,NSE,STK,29633,INE0B2N01016,CHANDAN,SM,,,,,CHANDAN HEALTHCARE LTD,234.50,241.00,232.00,232.50,232.50,237.65,,232.50,,,24800,5870120.00,30,F1,800,,,,,
2026-09-30,2026-09-30,CM,NSE,STK,18667,INE0PT101017,CHAVDA,ST,,,,,CHAVDA INFRA LIMITED,65.25,65.25,62.10,63.00,63.05,65.35,,63.00,,,238000,15042500.00,20,F1,2000,,,,,
2026-09-30,2026-09-30,CM,NSE,STK,757991,INE0TGX01019,CHEMBONDCH,BE,,,,,CHEMBOND CHEMICAL LIMITED,230.00,237.45,218.80,225.50,227.00,230.30,,225.50,,,25729,5768191.25,343,F1,1,,,,,
2026-09-30,2026-09-30,CM,NSE,STK,14618,INE995D01025,CHEMBOND,EQ,,,,,CHEMBOND MATERIALTECH LTD,182.50,189.44,181.62,182.73,182.00,182.87,,182.89,,,12149,2259116.85,507,F1,1,,,,,
2026-09-30,2026-09-30,CM,NSE,STK,270,INE03YM01018,CHEMCON,EQ,,,,,CHEMCON SPECIAL CHEM LTD,212.10,221.37,212.10,217.28,218.70,213.81,,217.34,,,27761,6043170.34,847,F1,1,,,,,
2026-09-30,2026-09-30,CM,NSE,STK,765045,INE298W01016,CHEMCRUX,EQ,,,,,CHEMCRUX ENTERPRISES LTD.,79.80,80.20,77.51,78.62,77.75,78.01,,78.62,,,6413,509600.43,98,F1,1,,,,,
2026-09-30,2026-09-30,CM,NSE,STK,2799,INE783X01023,CHEMFAB,EQ,,,,,CHEMFAB ALKALIS LIMITED,359.80,359.80,335.00,335.90,335.40,343.50,,335.76,,,4381,1487779.50,369,F1,1,,,,,
2026-09-30,2026-09-30,CM,NSE,STK,5449,INE488A01050,CHEMPLASTS,EQ,,,,,CHEMPLAST SANMAR LIMITED,192.26,196.79,184.50,185.92,185.32,192.35,,185.98,,,278500,52511607.83,6726,F1,1,,,,,
2026-09-30,2026-09-30,CM,NSE,STK,2049,INE178A01016,CHENNPETRO,EQ,,,,,CHENNAI PETROLEUM CORP LT,1447.90,1502.30,1428.00,1436.30,1432.00,1436.90,,1436.29,,,1709133,2504128288.40,76429,F1,1,,,,,
2026-09-30,2026-09-30,CM,NSE,STK,24625,INE0U1T01012,CHETANA,SM,,,,,CHETANA EDUCATION LIMITED,41.80,41.80,40.05,41.50,41.50,41.85,,41.50,,,8000,326240.00,4,F1,1600,,,,,
2026-09-30,2026-09-30,CM,NSE,STK,9879,INE974B01016,CHEVIOT,EQ,,,,,CHEVIOT COMPANY LIMITED,1194.90,1199.90,1175.40,1183.20,1180.50,1176.00,,1183.02,,,642,766154.60,120,F1,1,,,,,
2026-09-30,2026-09-30,CM,NSE,STK,8866,INE102B01014,CHOICEIN,EQ,,,,,CHOICE INTERNATIONAL LTD,741.05,749.40,721.20,726.25,727.00,741.15,,726.24,,,401169,293934529.60,10413,F1,1,,,,,
2026-09-30,2026-09-30,CM,NSE,STK,759610,INF2KCX01012,CHOICEGOLD,EQ,,,,,CHOICEAMC - CHOICEGOLD,145.20,147.12,145.20,145.54,145.49,145.05,,145.54,,,10811,1577127.16,155,F1,1,,,,,
2026-09-30,2026-09-30,CM,NSE,STK,21740,INE149A01033,CHOLAHLDNG,EQ,,,,,CHOLAMANDALAM FIN HOL LTD,1361.00,1400.00,1361.00,1386.20,1380.00,1371.80,,1386.02,,,272263,376576669.20,26222,F1,1,,,,,
2026-09-30,2026-09-30,CM,NSE,STK,685,INE121A01024,CHOLAFIN,EQ,,,,,CHOLAMANDALAM IN & FIN CO,1637.20,1642.10,1600.10,1620.00,1620.00,1627.30,,1619.99,,,1860436,3003773356.60,58631,F1,1,,,,,
2026-09-30,2026-09-30,CM,NSE,STK,14937,INE536H01010,CIEINDIA,EQ,,,,,CIE AUTOMOTIVE INDIA LTD,379.00,390.00,378.05,386.30,384.80,376.45,,386.30,,,288927,111674490.35,16324,F1,1,,,,,
2026-09-30,2026-09-30,CM,NSE,STK,27161,INE704H01022,CINELINE,EQ,,,,,CINELINE INDIA LIMITED,89.44,89.50,85.35,86.96,86.51,88.13,,87.08,,,22839,2001900.63,438,F1,1,,,,,
2026-09-30,2026-09-30,CM,NSE,STK,8024,INE039B01026,CINEVISTA,EQ,,,,,CINEVISTA LIMITED,13.75,13.99,13.65,13.83,13.65,13.64,,13.83,,,5653,78212.46,73,F1,1,,,,,
2026-09-30,2026-09-30,CM,NSE,STK,694,INE059A01026,CIPLA,EQ,,,,,CIPLA LTD,1383.00,1384.00,1346.00,1346.00,1346.00,1379.30,,1346.01,,,1063964,1448105234.40,46027,F1,1,,,,,
2026-09-30,2026-09-30,CM,NSE,STK,763149,INE2Q7823014,CITIUSINVT,IV,,,,,CITIUS TRANSNET INV TRUST,117.50,118.99,116.98,117.45,117.00,117.86,,117.45,,,34485,4052494.83,113,F1,1,,,,,
2026-09-30,2026-09-30,CM,NSE,STK,5701,INE491A01021,CUB,EQ,,,,,CITY UNION BANK LTD,216.75,229.00,214.91,226.05,225.01,214.91,,226.01,,,8157697,1841923680.73,103736,F1,1,,,,,
2026-09-30,2026-09-30,CM,NSE,STK,20223,INE201M01029,CLEDUCATE,EQ,,,,,CL EDUCATE LIMITED,55.96,58.20,55.00,57.01,57.00,55.43,,57.01,,,31888,1804687.29,183,F1,1,,,,,
2026-09-30,2026-09-30,CM,NSE,STK,758736,INE0UQ601012,CLASSICEIL,SM,,,,,CLASSIC ELECTRODE (IND) L,49.50,52.30,49.50,52.30,52.30,50.20,,52.30,,,11200,572160.00,7,F1,1600,,,,,
2026-09-30,2026-09-30,CM,NSE,STK,754695,INE1QGM01024,CLAYCRAFT,SM,,,,,CLAY CRAFT INDIA LIMITED,168.50,173.00,165.80,167.20,167.00,168.45,,167.20,,,40200,6806070.00,40,F1,600,,,,,
2026-09-30,2026-09-30,CM,NSE,STK,760183,INE647U01026,CLEANMAX,EQ,,,,,CLEAN MAX ENVIRO EN SOL L,1390.70,1405.00,1315.80,1327.20,1322.00,1382.40,,1327.18,,,851431,1135545880.50,42004,F1,1,,,,,
2026-09-30,2026-09-30,CM,NSE,STK,5049,INE227W01023,CLEAN,EQ,,,,,CLEAN SCIENCE & TECH LTD,776.90,801.20,774.80,794.35,789.90,775.75,,794.32,,,245660,194120987.70,19922,F1,1,,,,,
2026-09-30,2026-09-30,CM,NSE,STK,760143,INE1EF801010,CSSL,SM,,,,,CLEAR SECURED SERVICES L,75.50,75.50,74.00,74.00,74.00,75.00,,74.00,,,4000,299000.00,4,F1,1000,,,,,
2026-09-30,2026-09-30,CM,NSE,STK,30893,INE00WV01027,CMRGREEN,EQ,,,,,CMR GREEN TECHNOLOGIES L,228.98,233.99,223.50,224.83,225.20,227.91,,224.84,,,395630,89783067.25,10985,F1,1,,,,,
2026-09-30,2026-09-30,CM,NSE,STK,7603,INE925R01014,CMSINFO,EQ,,,,,CMS INFO SYSTEMS LIMITED,229.95,231.99,220.99,221.45,222.49,229.17,,221.45,,,632685,141816072.18,14676,F1,1,,,,,
2026-09-30,2026-09-30,CM,NSE,STK,20374,INE522F01014,COALINDIA,EQ,,,,,COAL INDIA LTD,425.10,432.90,423.95,425.00,425.00,425.00,,425.00,,,7436925,3185286623.85,125774,F1,1,,,,,
2026-09-30,2026-09-30,CM,NSE,STK,6006,INE377E01024,COASTCORP,EQ,,,,,COASTAL CORPORATION LTD,36.53,37.80,36.00,36.97,36.21,35.55,,36.97,,,86221,3152965.42,1001,F1,1,,,,,
2026-09-30,2026-09-30,CM,NSE,STK,21508,INE704P01025,COCHINSHIP,EQ,,,,,COCHIN SHIPYARD LIMITED,1332.00,1348.60,1305.70,1315.00,1315.00,1359.30,,1315.00,,,985418,1309362999.90,38468,F1,1,,,,,
2026-09-30,2026-09-30,CM,NSE,STK,11165,INE335K01011,COFFEEDAY,EQ,,,,,COFFEE DAY ENTERPRISE LTD,30.51,30.85,30.06,30.14,30.15,30.51,,30.14,,,310652,9423367.54,1106,F1,1,,,,,
2026-09-30,2026-09-30,CM,NSE,STK,11543,INE591G01025,COFORGE,EQ,,,,,COFORGE LIMITED,1757.60,1824.40,1749.10,1749.10,1749.10,1722.00,,1749.10,,,3113656,5563588495.00,102007,F1,1,,,,,
2026-09-30,2026-09-30,CM,NSE,STK,17945,INE03QK01018,COHANCE,EQ,,,,,COHANCE LIFESCIENCES LTD,456.00,460.95,440.80,444.00,443.50,457.90,,444.00,,,1480412,661237698.80,53461,F1,1,,,,,
2026-09-30,2026-09-30,CM,NSE,STK,15141,INE259A01022,COLPAL,EQ,,,,,COLGATE PALMOLIVE LTD.,1790.10,1808.60,1763.30,1763.30,1763.30,1785.10,,1763.43,,,276534,494162593.80,20677,F1,1,,,,,
2026-09-30,2026-09-30,CM,NSE,STK,762628,INE819A01049,COMFINTE,EQ,,,,,COMFORT INTECH LTD.,6.94,7.24,6.02,6.36,6.14,6.73,,6.36,,,1331887,8824513.88,1405,F1,1,,,,,
2026-09-30,2026-09-30,CM,NSE,STK,21578,INE073V01015,COMSYN,EQ,,,,,COMMERCIAL SYN BAGS LTD,267.65,279.15,265.00,269.70,268.50,261.95,,269.71,,,610951,166378717.35,10495,F1,1,,,,,
2026-09-30,2026-09-30,CM,NSE,STK,19513,INE597Z01014,COMMITTED,SM,,,,,COMMITTED CARGO CARE LTD,323.80,323.80,323.80,323.80,323.80,319.95,,323.80,,,800,259040.00,1,F1,800,,,,,
2026-09-30,2026-09-30,CM,NSE,STK,764648,INE823B01015,COMPEAU,EQ,,,,,COMPETENT AUTOMOB CO. L,358.10,368.45,354.40,368.45,368.45,369.70,,370.50,,,224,79986.15,37,F1,1,,,,,
2026-09-30,2026-09-30,CM,NSE,STK,19670,INE070C01037,COMPINFO,BZ,,,,,COMPUAGE INFOCOM LTD,1.05,1.08,1.00,1.06,1.06,1.03,,1.11,,,54241,58040.68,32,F1,1,,,,,
2026-09-30,2026-09-30,CM,NSE,STK,31138,INE453B01029,COMPUSOFT,EQ,,,,,COMPUCOM SOFTWARE LTD,13.66,14.00,13.41,13.48,13.51,13.36,,13.52,,,24794,339006.35,196,F1,1,,,,,
2026-09-30,2026-09-30,CM,NSE,STK,342,INE596I01020,CAMS,EQ,,,,,COMPUTER AGE MNGT SER LTD,666.60,679.95,666.00,671.00,671.00,666.00,,671.03,,,1798467,1210473701.80,36586,F1,1,,,,,
2026-09-30,2026-09-30,CM,NSE,STK,18060,INE338H01029,CONCORDBIO,EQ,,,,,CONCORD BIOTECH LIMITED,1423.40,1434.70,1366.60,1373.60,1370.00,1410.70,,1373.60,,,100957,140028886.40,15843,F1,1,,,,,
2026-09-30,2026-09-30,CM,NSE,STK,28764,INE037Z01029,CEWATER,EQ,,,,,CONCORD ENVIRO SYSTEMS L,259.25,267.40,257.05,259.60,259.70,259.60,,259.58,,,28177,7352577.60,1759,F1,1,,,,,
2026-09-30,2026-09-30,CM,NSE,STK,764641,INE700F01024,CFEL,BE,,,,,CONFIDENCE FUTURIST ENE L,47.10,47.10,45.05,45.58,46.05,47.12,,45.58,,,4882,223354.58,108,F1,1,,,,,
2026-09-30,2026-09-30,CM,NSE,STK,10238,INE552D01024,CONFIPET,EQ,,,,,CONFIDENCE PETRO IND LTD.,87.00,89.55,86.52,88.13,87.64,87.19,,88.13,,,1829935,161670547.34,25984,F1,1,,,,,
2026-09-30,2026-09-30,CM,NSE,STK,758453,INE0EAS01014,CONNPLEX,SM,,,,,CONNPLEX CINEMAS LIMITED,250.00,253.00,248.55,249.70,248.55,249.80,,249.70,,,17600,4415640.00,18,F1,800,,,,,
2026-09-30,2026-09-30,CM,NSE,STK,14992,INE429I01024,CCCL,EQ,,,,,CONS. CONST. CONSORT LTD,13.98,14.38,13.05,13.95,14.10,13.47,,13.93,,,353951,4915863.53,1161,F1,1,,,,,
2026-09-30,2026-09-30,CM,NSE,STK,11732,INE025A01027,CONSOFINVT,BE,,,,,CONSO. FIN. & HOLD. LTD.,292.10,299.85,280.00,293.90,296.90,289.30,,293.90,,,1868,536843.10,45,F1,1,,,,,
2026-09-30,2026-09-30,CM,NSE,STK,4749,INE111A01025,CONCOR,EQ,,,,,CONTAINER CORP OF IND LTD,449.00,454.60,445.30,447.50,447.50,443.50,,447.51,,,1094966,494214034.70,26165,F1,1,,,,,
2026-09-30,2026-09-30,CM,NSE,STK,2531,INE340Z01019,CONTI,SM,,,,,CONTINENTAL SEED CHEM LTD,9.70,9.70,9.70,9.70,9.70,10.20,,9.70,,,9999,96990.30,3,F1,3333,,,,,
2026-09-30,2026-09-30,CM,NSE,STK,17477,INE663B01015,CONTROLPR,EQ,,,,,CONTROL PRINT LIMITED,608.00,610.00,600.00,607.35,608.00,608.50,,607.29,,,13322,8060129.20,776,F1,1,,,,,
2026-09-30,2026-09-30,CM,NSE,STK,8560,INE0HS001028,COOLCAPS,SM,,,,,COOL CAPS INDUSTRIES LTD,22.00,23.60,21.15,21.90,21.45,21.50,,21.90,,,187500,4093187.50,101,F1,1250,,,,,
2026-09-30,2026-09-30,CM,NSE,STK,4007,INE558D01021,CORALFINAC,EQ,,,,,CORAL INDIA FIN & HOUS LT,32.77,32.77,31.43,31.55,31.99,32.17,,31.55,,,10305,329309.34,106,F1,1,,,,,
2026-09-30,2026-09-30,CM,NSE,STK,15275,INE792I01017,CORDSCABLE,BE,,,,,CORDS CABLE INDUS LTD.,314.00,332.50,314.00,332.50,332.50,316.70,,332.51,,,29609,9747741.00,515,F1,1,,,,,
2026-09-30,2026-09-30,CM,NSE,STK,766288,INE11ES01010,COREIN,ST,,,,,COREINTEGRA CONSULT SER L,78.10,79.50,74.20,78.90,78.95,78.00,,78.90,,,1764800,137636880.00,607,F1,1600,,,,,
2026-09-30,2026-09-30,CM,NSE,STK,739,INE169A01031,COROMANDEL,EQ,,,,,COROMANDEL INTERNTL. LTD,1810.80,1832.00,1742.90,1758.20,1761.50,1792.90,,1758.18,,,612561,1084279114.20,31747,F1,1,,,,,
2026-09-30,2026-09-30,CM,NSE,STK,760254,INE02ZQ01018,CORONA,EQ,,,,,CORONA REMEDIES LIMITED,2085.00,2111.80,2062.10,2093.40,2100.00,2078.40,,2093.42,,,23940,50048955.10,5553,F1,1,,,,,
2026-09-30,2026-09-30,CM,NSE,STK,742,INE757A01017,COSMOFIRST,EQ,,,,,COSMO FIRST LIMITED,856.00,875.75,837.50,845.60,845.00,834.80,,845.58,,,43706,37524853.05,3073,F1,1,,,,,
2026-09-30,2026-09-30,CM,NSE,STK,6385,INE652F01027,CCHHL,EQ,,,,,COUNTRY CLUB HOSP HOL LTD,12.90,13.20,12.90,13.00,13.00,12.90,,12.99,,,12278,160188.48,79,F1,1,,,,,
2026-09-30,2026-09-30,CM,NSE,STK,16989,INE695B01025,COUNCODOS,BE,,,,,COUNTRY CONDO S LIMITED,6.30,6.58,6.20,6.40,6.40,6.40,,6.39,,,6350,40093.60,96,F1,1,,,,,
2026-09-30,2026-09-30,CM,NSE,STK,20086,INE521J01018,CPCAP,EQ,,,,,CP CAPITAL LIMITED,153.90,154.00,137.35,141.59,137.61,150.35,,141.56,,,19440,2828166.69,823,F1,1,,,,,
2026-09-30,2026-09-30,CM,NSE,STK,2328,INF457M01133,CPSEETF,EQ,,,,,CPSE ETF,91.36,91.87,90.24,90.55,90.91,91.36,,90.55,,,578348,52626120.03,6956,F1,1,,,,,
2026-09-30,2026-09-30,CM,NSE,STK,2854,INE00LO01017,CRAFTSMAN,EQ,,,,,CRAFTSMAN AUTOMATION LTD,10581.00,10581.00,10316.00,10417.00,10399.00,10505.00,,10417.06,,,46075,481125245.00,17689,F1,1,,,,,
2026-09-30,2026-09-30,CM,NSE,STK,764653,INE145E01017,CRAVATEX,EQ,,,,,CRAVATEX LTD.,359.80,365.80,345.00,359.85,359.85,343.95,,359.85,,,56,19770.50,35,F1,1,,,,,
2026-09-30,2026-09-30,CM,NSE,STK,16419,INE0OFK01019,CRAYONS,SM,,,,,CRAYONS ADVERTISING LTD,23.35,24.45,23.35,24.45,24.45,24.45,,24.45,,,2000,47800.00,2,F1,1000,,,,,
2026-09-30,2026-09-30,CM,NSE,STK,9384,INE230B01021,CREATIVEYE,EQ,,,,,CREATIVE EYE LIMITED,6.15,6.75,5.85,6.12,6.14,6.03,,6.12,,,4878,30141.75,116,F1,1,,,,,
2026-09-30,2026-09-30,CM,NSE,STK,23468,INE0R7401011,CGRAPHICS,SM,,,,,CREATIVE GRAPHICS S IND L,158.40,159.90,153.05,159.10,159.40,158.40,,159.10,,,24800,3911920.00,27,F1,800,,,,,
2026-09-30,2026-09-30,CM,NSE,STK,11155,INE985W01018,CNL,EQ,,,,,CREATIVE NEWTECH LIMITED,1105.80,1156.90,1078.00,1082.20,1095.50,1097.70,,1082.41,,,6433,7055262.00,1022,F1,1,,,,,
2026-09-30,2026-09-30,CM,NSE,STK,765303,INE1KPX01025,CREDENT,SM,,,,,CREDENT CONNECT N CARE L,408.00,420.35,387.00,393.40,396.50,407.45,,393.40,,,100800,40961640.00,162,F1,600,,,,,
2026-09-30,2026-09-30,CM,NSE,STK,4421,INE741K01010,CREDITACC,EQ,,,,,CREDITACCESS GRAMEEN LTD,1220.20,1278.80,1220.20,1272.00,1262.50,1216.30,,1272.07,,,364278,458077385.40,52861,F1,1,,,,,
2026-09-30,2026-09-30,CM,NSE,STK,20878,INE220Q01020,MUFTI,EQ,,,,,CREDO BRANDS MARKETING L,68.75,74.00,68.75,72.31,73.00,69.28,,72.29,,,123298,8798791.45,839,F1,1,,,,,
2026-09-30,2026-09-30,CM,NSE,STK,765053,INE716D01033,CRSL,BE,,,,,CRESSANDA RAILWAY SOLUT L,2.30,2.30,2.19,2.22,2.21,2.26,,2.22,,,200889,450074.28,524,F1,1,,,,,
2026-09-30,2026-09-30,CM,NSE,STK,13900,INE559D01011,CREST,EQ,,,,,CREST VENTURES LIMITED,364.95,375.00,355.00,366.85,366.00,356.90,,366.30,,,4058,1479647.80,123,F1,1,,,,,
2026-09-30,2026-09-30,CM,NSE,STK,19097,INE203Y01012,CRESTO,EQ,,,,,CRESTO TECHNO LIMITED,23.99,23.99,22.93,23.21,22.94,23.59,,23.21,,,53671,1268255.96,286,F1,1,,,,,
2026-09-30,2026-09-30,CM,NSE,STK,757,INE007A01025,CRISIL,EQ,,,,,CRISIL LTD,4464.80,4519.00,4416.00,4450.80,4424.70,4464.10,,4450.84,,,36918,164571561.10,9154,F1,1,,,,,
2026-09-30,2026-09-30,CM,NSE,STK,757850,INE0S4R01014,CRIZAC,EQ,,,,,CRIZAC LIMITED,170.60,173.39,168.90,170.12,168.90,169.08,,170.13,,,100955,17266366.55,3725,F1,1,,,,,
2026-09-30,2026-09-30,CM,NSE,STK,17094,INE299U01018,CROMPTON,EQ,,,,,CROMPT GREA CON ELEC LTD,212.00,214.56,208.67,208.67,208.67,211.37,,208.69,,,1957515,414613525.82,25209,F1,1,,,,,
2026-09-30,2026-09-30,CM,NSE,STK,18263,INE00NH01017,CLSL,ST,,,,,CROP LIFE SCIENCE LIMITED,59.85,62.90,59.85,62.90,62.90,62.95,,62.90,,,4000,245500.00,2,F1,2000,,,,,
2026-09-30,2026-09-30,CM,NSE,STK,8083,INE491V01019,CROWN,EQ,,,,,CROWN LIFTERS LIMITED,116.80,116.99,114.59,115.27,115.40,115.73,,115.27,,,17028,1971752.99,322,F1,1,,,,,
2026-09-30,2026-09-30,CM,NSE,STK,14966,INE679A01013,CSBBANK,EQ,,,,,CSB BANK LIMITED,316.00,319.15,309.50,311.00,313.45,316.20,,310.98,,,283282,88650833.50,20059,F1,1,,,,,
2026-09-30,2026-09-30,CM,NSE,STK,10350,INE718F01018,CSLFINANCE,EQ,,,,,CSL FINANCE LIMITED,213.98,215.25,210.00,210.85,210.00,211.40,,210.85,,,14378,3051171.66,565,F1,1,,,,,
2026-09-30,2026-09-30,CM,NSE,STK,763753,INE0ZK601013,CSM,EQ,,,,,CSM TECHNOLOGIES LIMITED,100.00,104.00,97.00,98.17,99.49,98.16,,98.15,,,132729,13201968.85,2170,F1,1,,,,,
2026-09-30,2026-09-30,CM,NSE,STK,15078,INE0NR623014,CUBEINVIT,IV,,,,,CUBE HIGHWAYS TRUST,155.48,155.50,154.60,155.10,155.00,154.59,,155.10,,,504264,78306416.81,7070,F1,1,,,,,
2026-09-30,2026-09-30,CM,NSE,STK,9881,INE144D01012,CUBEXTUB,BE,,,,,CUBEXTUBINGS-ROLLSETT,175.74,184.00,166.96,174.84,177.60,175.74,,174.77,,,388081,66757415.42,3441,F1,1,,,,,
2026-09-30,2026-09-30,CM,NSE,STK,1901,INE298A01020,CUMMINSIND,EQ,,,,,CUMMINS INDIA LTD,4821.50,4839.00,4741.00,4760.00,4760.00,4800.00,,4759.99,,,573791,2755420408.00,54127,F1,1,,,,,
2026-09-30,2026-09-30,CM,NSE,STK,18520,INE509F01029,CUPID,EQ,,,,,CUPID LIMITED,288.00,312.00,287.40,311.65,311.70,288.00,,311.65,,,66496228,20445101092.35,356761,F1,1,,,,,
2026-09-30,2026-09-30,CM,NSE,STK,30191,INE117B01020,CURAA,BE,,,,,CURA TECHNOLOGIES LIMITED,72.50,72.50,71.05,72.50,72.50,72.50,,72.50,,,138,9997.75,9,F1,1,,,,,
2026-09-30,2026-09-30,CM,NSE,STK,759828,INE1BZN01016,CURIS,ST,,,,,CURIS LIFESCIENCES LTD,233.00,233.00,217.30,217.30,217.30,225.00,,217.30,,,5000,1125400.00,5,F1,1000,,,,,
2026-09-30,2026-09-30,CM,NSE,STK,758964,INE1CRQ01014,CURRENT,SM,,,,,CURRENT INFRAPROJECTS LTD,100.00,100.00,100.00,100.00,100.00,99.00,,100.00,,,3200,320000.00,2,F1,1600,,,,,
2026-09-30,2026-09-30,CM,NSE,STK,11845,INE278G01037,CYBERMEDIA,BE,,,,,CYBER MEDIA (INDIA) LTD.,19.02,19.02,18.25,18.56,18.40,18.99,,18.56,,,10630,196754.32,69,F1,1,,,,,
2026-09-30,2026-09-30,CM,NSE,STK,11447,INE075Z01011,CMRSL,SM,,,,,CYBER MEDIA RES & SER LTD,70.65,70.65,70.65,70.65,70.65,74.35,,70.65,,,800,56520.00,1,F1,800,,,,,
2026-09-30,2026-09-30,CM,NSE,STK,6054,INE214A01019,CYBERTECH,BE,,,,,CYBERTECH SYSTEMS & SOFTW,136.80,139.50,135.35,138.83,139.00,137.56,,138.84,,,7837,1085282.16,132,F1,1,,,,,
2026-09-30,2026-09-30,CM,NSE,STK,17187,INE055S01018,CYIENTDLM,EQ,,,,,CYIENT DLM LIMITED,921.00,928.25,905.35,914.10,915.00,921.15,,914.12,,,203064,185729887.05,17880,F1,1,,,,,
2026-09-30,2026-09-30,CM,NSE,STK,5748,INE136B01020,CYIENT,EQ,,,,,CYIENT LIMITED,1055.30,1138.00,1050.10,1100.70,1097.90,1055.30,,1100.74,,,2323228,2595074762.10,119232,F1,1,,,,,
2026-09-30,2026-09-30,CM,NSE,STK,6249,INE0GN101014,DKEGL,SM,,,,,D K ENTERPRISES GLOBAL L,69.50,69.50,69.50,69.50,69.50,69.95,,69.50,,,1500,104250.00,1,F1,1500,,,,,
2026-09-30,2026-09-30,CM,NSE,STK,16902,INE864X01013,DPWIRES,BE,,,,,D P WIRES LIMITED,161.00,167.00,161.00,163.89,164.00,160.56,,163.89,,,6309,1038128.39,124,F1,1,,,,,
2026-09-30,2026-09-30,CM,NSE,STK,17851,INE250K01012,DLINKINDIA,EQ,,,,,D-LINK INDIA LTD,417.05,421.45,410.00,411.85,410.05,414.20,,411.87,,,40130,16668593.85,2645,F1,1,,,,,
2026-09-30,2026-09-30,CM,NSE,STK,936,INE266Y01019,DPABHUSHAN,EQ,,,,,D. P. ABHUSHAN LIMITED,1750.00,1815.70,1685.00,1788.80,1798.00,1665.80,,1788.74,,,869922,1526999586.00,60021,F1,1,,,,,
2026-09-30,2026-09-30,CM,NSE,STK,17881,INE950I01011,DBCORP,EQ,,,,,D.B.CORP LTD,177.02,181.60,174.01,175.38,174.55,175.73,,175.38,,,195863,34731727.04,3644,F1,1,,,,,
2026-09-30,2026-09-30,CM,NSE,STK,772,INE016A01026,DABUR,EQ,,,,,DABUR INDIA LTD,379.95,384.65,379.15,380.10,380.10,380.40,,380.10,,,1957070,747545830.70,38343,F1,1,,,,,
2026-09-30,2026-09-30,CM,NSE,STK,762636,INE928C01010,DAICHI,BE,,,,,DAI-ICHI KARKARIA LTD.,313.05,322.95,306.50,312.85,318.90,313.35,,313.30,,,341,107180.00,15,F1,1,,,,,
2026-09-30,2026-09-30,CM,NSE,STK,8075,INE00R701025,DALBHARAT,EQ,,,,,DALMIA BHARAT LIMITED,1637.60,1696.80,1637.40,1683.70,1671.00,1637.40,,1683.72,,,111663,186845228.60,22951,F1,1,,,,,
2026-09-30,2026-09-30,CM,NSE,STK,781,INE495A01022,DALMIASUG,EQ,,,,,DALMIA BHARAT SUG IN LTD,416.00,424.90,405.65,408.80,410.00,412.20,,408.81,,,130282,54155951.60,4354,F1,1,,,,,
2026-09-30,2026-09-30,CM,NSE,STK,28662,INE284H01025,DAMCAPITAL,EQ,,,,,DAM CAPITAL ADVISORS LTD,154.95,159.29,150.10,151.08,150.10,155.76,,151.09,,,623800,96677159.20,9174,F1,1,,,,,
2026-09-30,2026-09-30,CM,NSE,STK,17569,INE497D01022,DAMODARIND,BE,,,,,DAMODAR INDUSTRIES LTD,26.85,27.00,25.81,26.96,26.97,26.40,,26.96,,,4457,118560.09,39,F1,1,,,,,
2026-09-30,2026-09-30,CM,NSE,STK,1110,INE688Y01022,DANGEE,EQ,,,,,DANGEE DUMS LIMITED,2.85,3.00,2.80,2.92,2.95,2.79,,2.92,,,102268,298829.50,238,F1,1,,,,,
2026-09-30,2026-09-30,CM,NSE,STK,25927,INE0YU901016,DANISH,SM,,,,,DANISH POWER LIMITED,969.45,988.95,955.00,967.00,966.00,969.45,,967.00,,,15900,15419940.00,92,F1,150,,,,,
2026-09-30,2026-09-30,CM,NSE,STK,757107,INE04Q901010,DCCL,SM,,,,,DAR CREDIT & CAPITAL LTD,41.90,41.90,41.90,41.90,41.90,41.05,,41.90,,,2000,83800.00,1,F1,2000,,,,,
2026-09-30,2026-09-30,CM,NSE,STK,7358,INE0IX101010,DATAPATTNS,EQ,,,,,DATA PATTERNS INDIA LTD,4241.20,4358.80,4226.00,4286.90,4278.10,4221.60,,4286.93,,,336383,1451575197.30,38704,F1,1,,,,,
2026-09-30,2026-09-30,CM,NSE,STK,11423,INE365B01017,DATAMATICS,EQ,,,,,DATAMATICS GLOBAL SER LTD,825.00,837.00,802.15,805.55,828.00,821.40,,805.63,,,146286,120629098.45,7990,F1,1,,,,,
2026-09-30,2026-09-30,CM,NSE,STK,21794,INE179G01029,DAVANGERE,EQ,,,,,DAVANGERE SUGAR COMPANY L,2.37,2.40,2.26,2.31,2.30,2.34,,2.31,,,6763373,15749801.52,2621,F1,1,,,,,
2026-09-30,2026-09-30,CM,NSE,STK,31111,INE921B01025,DBSTOCKBRO,BE,,,,,DB (INT) STOCK BROKERS,30.55,31.98,30.01,31.74,31.79,30.75,,31.76,,,4810,150167.32,38,F1,1,,,,,
2026-09-30,2026-09-30,CM,NSE,STK,11566,INE0A1101019,DCI,EQ,,,,,DC INFOTECH AND COMUN LTD,326.90,340.00,322.90,335.00,333.05,325.70,,334.99,,,162842,54467937.70,4632,F1,1,,,,,
2026-09-30,2026-09-30,CM,NSE,STK,13725,INE503A01015,DCBBANK,EQ,,,,,DCB BANK LIMITED,202.06,205.56,202.05,203.54,203.50,202.37,,203.53,,,781971,159211473.12,15771,F1,1,,,,,
2026-09-30,2026-09-30,CM,NSE,STK,23524,INE0S8401018,DCG,ST,,,,,DCG CABLES & WIRES LTD,77.00,80.45,74.00,80.40,80.45,77.25,,80.40,,,14400,1106580.00,11,F1,1200,,,,,
2026-09-30,2026-09-30,CM,NSE,STK,4775,INE891B01012,DCMFINSERV,EQ,,,,,DCM FINANCIAL SERVICES LT,4.93,5.15,4.85,5.07,5.09,4.93,,5.07,,,23478,118243.48,250,F1,1,,,,,
2026-09-30,2026-09-30,CM,NSE,STK,805,INE498A01018,DCM,EQ,,,,,DCM LTD,75.01,77.60,73.41,74.00,74.85,75.00,,74.00,,,18795,1414602.84,204,F1,1,,,,,
2026-09-30,2026-09-30,CM,NSE,STK,11039,INE08KP01019,DCMNVL,EQ,,,,,DCM NOUVELLE LIMITED,175.09,176.75,171.06,172.60,172.00,175.13,,172.60,,,4894,850634.66,744,F1,1,,,,,
2026-09-30,2026-09-30,CM,NSE,STK,760891,INE0OFM01015,DSFCL,EQ,,,,,DCM SHRIRAM FINE CHEM LTD,29.17,29.80,28.19,28.94,28.68,29.10,,28.85,,,45090,1310849.31,384,F1,1,,,,,
2026-09-30,2026-09-30,CM,NSE,STK,7325,INE843D01027,DCMSRIND,EQ,,,,,DCM SHRIRAM IND LTD,39.61,40.35,38.83,39.57,39.45,39.34,,39.56,,,203293,8065469.33,1719,F1,1,,,,,
2026-09-30,2026-09-30,CM,NSE,STK,760896,INE0OU201013,DCMSIL,EQ,,,,,DCM SHRIRAM INTERNATNL L,78.05,85.31,77.30,82.25,82.64,77.56,,82.27,,,216984,17646800.21,2096,F1,1,,,,,
2026-09-30,2026-09-30,CM,NSE,STK,811,INE499A01024,DCMSHRIRAM,EQ,,,,,DCM SHRIRAM LIMITED,905.10,923.90,905.10,915.60,911.00,907.80,,915.63,,,58580,53766645.10,7313,F1,1,,,,,
2026-09-30,2026-09-30,CM,NSE,STK,817,INE500A01029,DCW,EQ,,,,,DCW LTD,46.05,47.17,45.31,45.62,45.94,45.98,,45.63,,,928628,42853885.21,4895,F1,1,,,,,
2026-09-30,2026-09-30,CM,NSE,STK,11895,INE0KL801015,DCXINDIA,EQ,,,,,DCX SYSTEMS LIMITED,159.60,164.87,159.60,161.18,160.28,158.81,,161.17,,,345928,56253060.60,6471,F1,1,,,,,
2026-09-30,2026-09-30,CM,NSE,STK,29098,INE0HR601026,DDEVPLSTIK,EQ,,,,,DDEV PLASTIKS IND LTD,249.60,253.90,246.20,249.50,246.20,248.75,,249.51,,,55337,13884359.40,2341,F1,1,,,,,
2026-09-30,2026-09-30,CM,NSE,STK,15449,INE0JWV01011,DENEERS,SM,,,,,DE NEERS TOOLS LIMITED,183.95,183.95,178.00,178.00,178.00,179.40,,178.00,,,1800,323970.00,3,F1,600,,,,,
2026-09-30,2026-09-30,CM,NSE,STK,4279,INE244A01016,DENORA,EQ,,,,,DE NORA INDIA LIMITED,735.00,756.00,718.60,736.50,739.00,741.35,,736.38,,,10095,7460431.40,1317,F1,1,,,,,
2026-09-30,2026-09-30,CM,NSE,STK,14838,INE583C01021,DECCANCE,EQ,,,,,DECCAN CEMENTS LIMITED,550.00,587.45,537.85,566.50,569.00,540.10,,566.42,,,102837,58327833.90,4215,F1,1,,,,,
2026-09-30,2026-09-30,CM,NSE,STK,762638,INE945F01025,DECNGOLD,EQ,,,,,DECCAN GOLD MINES LTD.,201.61,208.00,198.06,200.76,199.00,201.41,,200.67,,,933680,189875874.67,16351,F1,1,,,,,
2026-09-30,2026-09-30,CM,NSE,STK,25421,INE0S7C01019,DECCANTRAN,SM,,,,,DECCAN TRANSCON LEASING L,21.65,21.65,21.65,21.65,21.65,21.65,,21.65,,,1200,25980.00,1,F1,1200,,,,,
2026-09-30,2026-09-30,CM,NSE,STK,24154,INE841L01016,DEEDEV,EQ,,,,,DEE DEVELOPMENT ENG LTD,659.75,683.00,659.75,676.90,677.10,653.50,,676.89,,,93263,62912701.75,5602,F1,1,,,,,
2026-09-30,2026-09-30,CM,NSE,STK,3292,INE0FHS01024,DEEPINDS,EQ,,,,,DEEP INDUSTRIES LIMITED,782.45,789.00,746.95,755.95,756.65,782.50,,756.00,,,186911,143237148.90,9644,F1,1,,,,,
2026-09-30,2026-09-30,CM,NSE,STK,765058,INE00IY01012,DEEP,BE,,,,,DEEP POLYMERS LTD.,45.00,46.00,43.05,44.82,44.98,44.26,,44.82,,,2754,120902.67,40,F1,1,,,,,
2026-09-30,2026-09-30,CM,NSE,STK,765931,INE1M2N01020,DEEPA,EQ,,,,,DEEPA JEWELLERS LIMITED,191.80,199.90,189.74,195.48,195.91,188.89,,195.48,,,2948558,578093420.00,29728,F1,1,,,,,
2026-09-30,2026-09-30,CM,NSE,STK,25892,INE0OPA01027,DBEIL,EQ,,,,,DEEPAK BUILDERS & ENG I L,6.45,6.74,6.45,6.68,6.65,6.54,,6.67,,,157480,1049019.10,392,F1,1,,,,,
2026-09-30,2026-09-30,CM,NSE,STK,827,INE501A01019,DEEPAKFERT,EQ,,,,,DEEPAK FERTILIZERS & PETR,1305.10,1387.40,1305.10,1351.00,1351.00,1308.90,,1351.03,,,520150,705060048.60,33171,F1,1,,,,,
2026-09-30,2026-09-30,CM,NSE,STK,19943,INE288B01029,DEEPAKNTR,EQ,,,,,DEEPAK NITRITE LTD,1535.00,1555.00,1520.60,1529.80,1523.00,1529.00,,1529.82,,,141444,216773839.90,18429,F1,1,,,,,
2026-09-30,2026-09-30,CM,NSE,STK,22527,INE0SK801018,DELAPLEX,SM,,,,,DELAPLEX LIMITED,94.60,95.80,93.10,93.10,93.10,96.55,,93.10,,,9600,907800.00,12,F1,600,,,,,
2026-09-30,2026-09-30,CM,NSE,STK,9599,INE148O01028,DELHIVERY,EQ,,,,,DELHIVERY LIMITED,418.35,418.35,400.35,409.70,409.70,417.40,,409.70,,,5573038,2272971338.35,95243,F1,1,,,,,
2026-09-30,2026-09-30,CM,NSE,STK,24395,INE726L01027,DELPHIFX,BE,,,,,DELPHI WORLD MONEY LTD,6.77,6.77,6.77,6.77,6.77,6.64,,6.73,,,111667,755985.59,42,F1,1,,,,,
2026-09-30,2026-09-30,CM,NSE,STK,29092,INE0XRN01019,DELTIC,SM,,,,,DELTA AUTOCORP LIMITED,34.75,34.90,33.55,34.70,34.70,34.75,,34.70,,,5000,172750.00,5,F1,1000,,,,,
2026-09-30,2026-09-30,CM,NSE,STK,15044,INE124G01033,DELTACORP,EQ,,,,,DELTA CORP LIMITED,78.55,87.90,78.55,80.51,80.74,78.69,,80.51,,,84962418,7197469272.84,280046,F1,1,,,,,
2026-09-30,2026-09-30,CM,NSE,STK,1214,INE393A01011,DELTAMAGNT,EQ,,,,,DELTA MANUFACTURING LTD,57.20,58.50,57.01,57.19,57.50,57.07,,57.19,,,2227,127955.30,33,F1,1,,,,,
2026-09-30,2026-09-30,CM,NSE,STK,17722,INE947J01015,DEN,EQ,,,,,DEN NETWORKS LTD,25.99,26.36,25.77,25.93,26.10,25.91,,25.93,,,269929,7013453.66,1170,F1,1,,,,,
2026-09-30,2026-09-30,CM,NSE,STK,29256,INE0R4L01018,DENTA,EQ,,,,,DENTA WATER N INFRA SOL L,267.40,271.75,264.50,265.75,265.50,266.60,,265.76,,,48166,12918977.05,1880,F1,1,,,,,
2026-09-30,2026-09-30,CM,NSE,STK,759079,INE0VOV01021,DEVX,EQ,,,,,DEV ACCELERATOR LIMITED,36.12,36.56,35.71,36.07,36.00,36.12,,36.07,,,41456,1498218.49,229,F1,1,,,,,
2026-09-30,2026-09-30,CM,NSE,STK,8146,INE060X01034,DEVIT,EQ,,,,,DEV INFO TECHNOLOGY LTD,21.60,22.50,21.06,21.86,21.82,21.59,,21.87,,,72158,1555003.75,606,F1,1,,,,,
2026-09-30,2026-09-30,CM,NSE,STK,5373,INE872J01023,DEVYANI,EQ,,,,,DEVYANI INTERNATIONAL LTD,130.68,132.70,129.00,130.29,130.90,130.72,,130.29,,,1090016,142959648.65,19977,F1,1,,,,,
2026-09-30,2026-09-30,CM,NSE,STK,764661,INE260R01016,DHABRIYA,BE,,,,,DHABRIYA POLYWOOD LTD.,462.15,480.50,462.00,472.80,476.50,471.80,,471.32,,,10075,4733526.50,191,F1,1,,,,,
2026-09-30,2026-09-30,CM,NSE,STK,10893,INE0I3401014,DBOL,EQ,,,,,DHAMPUR BIO ORGANICS LTD,124.49,129.89,124.29,126.10,125.98,124.49,,126.12,,,321088,40807742.50,4358,F1,1,,,,,
2026-09-30,2026-09-30,CM,NSE,STK,857,INE041A01016,DHAMPURSUG,EQ,,,,,DHAMPUR SUGAR MILLS LTD.,174.00,179.69,170.10,171.42,171.90,171.80,,171.42,,,654374,114796304.47,16841,F1,1,,,,,
2026-09-30,2026-09-30,CM,NSE,STK,11359,INE680A01011,DHANBANK,EQ,,,,,DHANLAXMI BANK LIMITED,28.11,28.93,27.10,27.52,27.51,28.37,,27.52,,,833002,23121346.35,3730,F1,1,,,,,
2026-09-30,2026-09-30,CM,NSE,STK,27723,INE0V9V01010,DHANLAXMI,SM,,,,,DHANLAXMI CROP SCIENCE L,26.00,27.00,26.00,26.40,26.50,26.00,,26.40,,,44000,1162400.00,14,F1,2000,,,,,
2026-09-30,2026-09-30,CM,NSE,STK,24409,INE435G01025,DHANUKA,EQ,,,,,DHANUKA AGRITECH LTD,931.00,940.75,925.10,928.35,931.00,930.55,,928.35,,,21838,20330198.90,4319,F1,1,,,,,
2026-09-30,2026-09-30,CM,NSE,STK,760492,INE2HJL01019,DHARARAIL,ST,,,,,DHARA RAIL PROJECTS LTD,140.15,140.15,140.15,140.15,140.15,140.00,,140.15,,,1000,140150.00,1,F1,1000,,,,,
2026-09-30,2026-09-30,CM,NSE,STK,759203,INE278R01034,DHARAN,BZ,,,,,DHARAN INFRA-EPC LIMITED,0.15,0.15,0.14,0.14,0.15,0.14,,0.14,,,5532871,795716.83,1131,F1,1,,,,,
2026-09-30,2026-09-30,CM,NSE,STK,24747,INE0YRN01025,DHARIWAL,SM,,,,,DHARIWALCORP LIMITED,27.00,28.40,27.00,28.40,28.40,27.05,,28.40,,,333000,9378900.00,62,F1,3000,,,,,
2026-09-30,2026-09-30,CM,NSE,STK,13001,INE00OQ01016,DHARMAJ,EQ,,,,,DHARMAJ CROP GUARD LTD,276.20,282.90,262.00,264.35,262.00,278.75,,264.36,,,100650,27428900.90,2856,F1,1,,,,,
2026-09-30,2026-09-30,CM,NSE,STK,765060,INE715T01031,DHATRE,EQ,,,,,DHATRE UDYOG LTD.,3.91,4.10,3.91,3.98,4.08,3.97,,3.97,,,17934,71542.35,89,F1,1,,,,,
2026-09-30,2026-09-30,CM,NSE,STK,764553,INE01NH01023,DHOOTTRANS,EQ,,,,,DHOOT TRANSMISSION LTD,1505.00,1518.90,1480.00,1488.80,1484.90,1504.60,,1488.74,,,580685,871467803.20,43474,F1,1,,,,,
2026-09-30,2026-09-30,CM,NSE,STK,6858,INE506Z01015,DHRUV,EQ,,,,,DHRUV CONSULTANCY SER LTD,20.87,21.89,19.96,20.08,20.10,20.89,,20.07,,,8040,163311.13,105,F1,1,,,,,
2026-09-30,2026-09-30,CM,NSE,STK,22233,INE320L01011,DHUNINV,EQ,,,,,DHUNSERI INVESTMENTS LTD,989.70,991.00,950.00,955.65,980.00,972.35,,957.06,,,621,599231.10,77,F1,1,,,,,
2026-09-30,2026-09-30,CM,NSE,STK,6239,INE341R01014,DTIL,BE,,,,,DHUNSERI TEA & IND. LTD.,147.70,152.22,146.00,152.21,152.22,144.98,,152.20,,,19102,2900323.72,79,F1,1,,,,,
2026-09-30,2026-09-30,CM,NSE,STK,15214,INE477B01010,DVL,EQ,,,,,DHUNSERI VENTURES LIMITED,288.00,291.45,282.10,282.95,282.25,287.65,,282.68,,,8519,2419466.10,399,F1,1,,,,,
2026-09-30,2026-09-30,CM,NSE,STK,18644,INE591D01014,DIAMINESQ,EQ,,,,,DIAMINES & CHEMICALS LTD,243.38,243.38,236.60,238.50,237.16,239.88,,238.53,,,1955,468890.79,109,F1,1,,,,,
2026-09-30,2026-09-30,CM,NSE,STK,18545,INE989C01038,DIACABS,BE,,,,,DIAMOND POWER INFRA LTD,349.50,360.00,348.00,354.20,352.00,352.05,,354.20,,,338526,119906787.45,4343,F1,1,,,,,
2026-09-30,2026-09-30,CM,NSE,STK,703,INE303A01010,DICIND,EQ,,,,,DIC INDIA LIMITED,629.50,645.65,623.05,635.30,638.90,619.95,,635.30,,,5230,3313714.15,335,F1,1,,,,,
2026-09-30,2026-09-30,CM,NSE,STK,25672,INE184O01015,DIFFNKG,EQ,,,,,DIFFUSION ENGINEERS LTD,451.45,452.00,435.10,438.75,439.60,448.15,,438.76,,,78332,34611028.40,3833,F1,1,,,,,
2026-09-30,2026-09-30,CM,NSE,STK,10346,INE03JI01017,DGCONTENT,EQ,,,,,DIGICONTENT LIMITED,25.50,26.75,24.75,25.43,26.75,25.24,,25.43,,,84649,2154801.66,175,F1,1,,,,,
2026-09-30,2026-09-30,CM,NSE,STK,21247,INE0PSC01024,DIGIDRIVE,EQ,,,,,DIGIDRIVE DISTRIBUTORS L,17.73,17.99,17.55,17.89,17.99,17.81,,17.87,,,18503,328558.60,150,F1,1,,,,,
2026-09-30,2026-09-30,CM,NSE,STK,19138,INE0QJ901011,DIGIKORE,SM,,,,,DIGIKORE STUDIOS LIMITED,36.00,37.45,36.00,37.05,37.30,36.35,,37.05,,,18800,697460.00,42,F1,400,,,,,
2026-09-30,2026-09-30,CM,NSE,STK,16683,INE927C01020,DIGISPICE,EQ,,,,,DIGISPICE TECHNOLOGIES LT,15.00,15.53,14.86,14.96,15.05,15.35,,14.96,,,99635,1505840.82,277,F1,1,,,,,
2026-09-30,2026-09-30,CM,NSE,STK,757515,INE0U4701011,DIGITIDE,EQ,,,,,DIGITIDE SOLUTIONS LTD,75.67,77.50,72.20,72.85,72.50,75.12,,72.85,,,366324,27301735.10,5055,F1,1,,,,,
2026-09-30,2026-09-30,CM,NSE,STK,6136,INE731U01028,DIGJAMLMTD,BE,,,,,DIGJAM LTD,49.50,51.94,49.10,50.46,50.46,49.50,,50.46,,,1729,87366.74,25,F1,1,,,,,
2026-09-30,2026-09-30,CM,NSE,STK,641,INE016M01021,DNAMEDIA,EQ,,,,,DILIGENT MEDIA CORP LTD.,2.43,2.48,2.42,2.44,2.44,2.41,,2.44,,,24871,60355.93,71,F1,1,,,,,
2026-09-30,2026-09-30,CM,NSE,STK,18086,INE917M01012,DBL,EQ,,,,,DILIP BUILDCON LIMITED,410.45,416.00,403.10,406.20,405.25,410.90,,406.23,,,63814,26050231.95,2892,F1,1,,,,,
2026-09-30,2026-09-30,CM,NSE,STK,762643,INE131C01011,DISAQ,EQ,,,,,DISA INDIA LTD.,12050.00,12050.00,11750.00,11796.00,11755.00,11804.00,,11796.00,,,158,1886053.00,34,F1,1,,,,,
2026-09-30,2026-09-30,CM,NSE,STK,14537,INE836F01026,DISHTV,EQ,,,,,DISH TV INDIA LTD.,2.05,2.19,2.05,2.06,2.08,2.15,,2.06,,,4887725,10135464.24,2843,F1,1,,,,,
2026-09-30,2026-09-30,CM,NSE,STK,21704,INE385W01011,DCAL,EQ,,,,,DISHMAN CARBO AMCIS LTD,162.57,163.83,156.35,157.47,157.00,161.39,,157.45,,,228801,36598636.52,3753,F1,1,,,,,
2026-09-30,2026-09-30,CM,NSE,STK,14479,INE753U01022,DIVGIITTS,EQ,,,,,DIVGI TORQTRANSFER SYST L,1220.00,1283.10,1166.30,1181.80,1182.00,1212.90,,1181.66,,,161440,197024879.80,11690,F1,1,,,,,
2026-09-30,2026-09-30,CM,NSE,STK,10940,INE361B01024,DIVISLAB,EQ,,,,,DIVI S LABORATORIES LTD,9499.50,9505.00,9275.00,9291.50,9291.50,9431.00,,9291.48,,,541269,5066450759.00,83366,F1,1,,,,,
2026-09-30,2026-09-30,CM,NSE,STK,30262,INE0NA501011,DIVINEHIRA,ST,,,,,DIVINE HIRA JEWELLERS LTD,110.50,110.50,105.00,107.25,109.00,105.95,,107.25,,,14400,1552260.00,10,F1,1200,,,,,
2026-09-30,2026-09-30,CM,NSE,STK,24286,INE0SCO01019,DPEL,SM,,,,,DIVINE POWER ENERGY LTD,625.00,625.00,615.00,617.55,620.00,619.30,,617.55,,,28500,17645400.00,44,F1,500,,,,,
2026-09-30,2026-09-30,CM,NSE,STK,21690,INE935N01020,DIXON,EQ,,,,,DIXON TECHNO (INDIA) LTD,13300.00,13425.00,13100.00,13100.00,13100.00,13250.00,,13100.30,,,273569,3631014617.00,42262,F1,1,,,,,
2026-09-30,2026-09-30,CM,NSE,STK,12749,INE0B1K01014,DJML,EQ,,,,,DJ MEDIAPRINT & LOG LTD,70.91,72.90,70.91,71.82,72.44,71.62,,71.82,,,96040,6891738.69,708,F1,1,,,,,
2026-09-30,2026-09-30,CM,NSE,STK,14732,INE271C01023,DLF,EQ,,,,,DLF LIMITED,665.05,674.00,653.00,674.00,674.00,653.00,,673.99,,,5830044,3855925525.10,102181,F1,1,,,,,
2026-09-30,2026-09-30,CM,NSE,STK,6973,INE505A01010,DMCC,EQ,,,,,DMCC SPECIALITY CHEMICALS,317.00,324.00,308.35,311.70,312.00,314.45,,311.77,,,250289,79688114.85,6024,F1,1,,,,,
2026-09-30,2026-09-30,CM,NSE,STK,22533,INE0OGG01015,DHTL,SM,,,,,DOCMODE HEALTH TECH LTD,25.75,26.00,24.95,24.95,24.95,26.25,,24.95,,,81600,2111960.00,12,F1,800,,,,,
2026-09-30,2026-09-30,CM,NSE,STK,4822,INE021O01019,DODLA,EQ,,,,,DODLA DAIRY LIMITED,1001.30,1032.90,1001.30,1019.40,1006.00,1011.10,,1019.38,,,22246,22690028.50,2630,F1,1,,,,,
2026-09-30,2026-09-30,CM,NSE,STK,12124,INE966A01022,DOLATALGO,EQ,,,,,DOLAT ALGOTECH LIMITED,66.00,66.48,64.52,64.94,64.70,65.51,,64.94,,,79533,5209142.56,1069,F1,1,,,,,
2026-09-30,2026-09-30,CM,NSE,STK,20560,INE325C01035,DOLLAR,EQ,,,,,DOLLAR INDUSTRIES LIMITED,278.20,285.90,276.00,277.25,279.00,280.25,,277.25,,,210742,59473350.05,3296,F1,1,,,,,
2026-09-30,2026-09-30,CM,NSE,STK,765977,INE0JHH01011,DOLLEX,EQ,,,,,DOLLEX AGROTECH LIMITED,40.00,40.00,37.60,38.00,38.00,38.90,,38.26,,,17634,674505.00,568,F1,1,,,,,
2026-09-30,2026-09-30,CM,NSE,STK,18139,INE920A01037,DOLPHIN,EQ,,,,,DOLPHIN OFF ENT (IND) L,652.50,715.80,631.20,637.40,642.40,650.75,,637.48,,,70720,47409262.65,2919,F1,1,,,,,
2026-09-30,2026-09-30,CM,NSE,STK,20551,INE321T01012,DOMS,EQ,,,,,DOMS INDUSTRIES LIMITED,2056.40,2122.00,2044.10,2107.00,2117.10,2052.40,,2106.63,,,46672,97482970.30,11402,F1,1,,,,,
2026-09-30,2026-09-30,CM,NSE,STK,13839,INE668D01028,DONEAR,EQ,,,,,DONEAR IND. LIMITED,81.13,82.64,80.71,81.40,81.34,81.12,,81.39,,,4484,366036.85,184,F1,1,,,,,
2026-09-30,2026-09-30,CM,NSE,STK,15423,INE360C01024,DPSCLTD,BE,,,,,DPSC LIMITED,6.81,7.00,6.71,6.80,6.90,6.90,,6.80,,,94002,644842.65,432,F1,1,,,,,
2026-09-30,2026-09-30,CM,NSE,STK,29452,INE943P01029,AGARWALEYE,EQ,,,,,DR AGARWALS HEALTH CARE L,499.70,499.75,472.50,479.30,476.00,495.25,,479.33,,,215481,104572397.80,11351,F1,1,,,,,
2026-09-30,2026-09-30,CM,NSE,STK,762648,INE934C01018,DRAGARWQ,EQ,,,,,DR. AGARWAL'S EYE HOSP L,5190.00,5201.00,5061.00,5130.00,5065.00,5129.50,,5128.84,,,2230,11412008.00,642,F1,1,,,,,
2026-09-30,2026-09-30,CM,NSE,STK,11654,INE600L01024,LALPATHLAB,EQ,,,,,DR. LAL PATH LABS LTD.,1946.00,1994.00,1865.00,1987.00,1983.00,1950.40,,1987.02,,,525994,1021957342.60,51969,F1,1,,,,,
2026-09-30,2026-09-30,CM,NSE,STK,881,INE089A01031,DRREDDY,EQ,,,,,DR. REDDY S LABORATORIES,1242.20,1244.60,1214.20,1233.00,1233.00,1251.90,,1233.00,,,4026022,4949646189.90,124097,F1,1,,,,,
2026-09-30,2026-09-30,CM,NSE,STK,2645,INE03RS01027,DRCSYSTEMS,EQ,,,,,DRC SYSTEMS INDIA LIMITED,12.19,14.00,12.16,13.15,13.80,12.31,,13.12,,,111616,1446176.32,623,F1,1,,,,,
2026-09-30,2026-09-30,CM,NSE,STK,10859,INE0JS101016,DREAMFOLKS,EQ,,,,,DREAMFOLKS SERVICES LTD,62.19,62.89,61.50,61.66,61.50,61.91,,61.66,,,28888,1796099.58,880,F1,1,,,,,
2026-09-30,2026-09-30,CM,NSE,STK,11271,INE506A01018,DREDGECORP,EQ,,,,,DREDGING CORP OF INDIA,939.40,954.60,912.00,920.20,912.60,932.90,,920.32,,,61117,57134936.70,3679,F1,1,,,,,
2026-09-30,2026-09-30,CM,NSE,STK,17372,INE0P7201019,DRONE,SM,,,,,DRONE DESTINATION LIMITED,33.90,33.90,33.50,33.85,33.85,33.30,,33.85,,,14500,489825.00,23,F1,500,,,,,
2026-09-30,2026-09-30,CM,NSE,STK,8772,INE891A01022,DSKULKARNI,BE,,,,,DS KULKARNI DEVELOPERS L,25.56,25.56,25.56,25.56,25.56,25.06,,25.56,,,37,945.72,1,F1,1,,,,,
2026-09-30,2026-09-30,CM,NSE,STK,778,INE055C01020,KEEPLEARN,EQ,,,,,DSJ KEEP LEARNING LTD,1.84,1.89,1.82,1.85,1.85,1.84,,1.85,,,39242,72212.57,54,F1,1,,,,,
2026-09-30,2026-09-30,CM,NSE,STK,1927,INF740KA1EU7,LIQUIDETF,EQ,,,,,DSP LIQUID ETF,1000.00,1000.01,999.99,999.99,1000.00,999.99,,999.99,,,144112,144111889.75,270,F1,1,,,,,
2026-09-30,2026-09-30,CM,NSE,STK,761364,INF740KA1YH2,BANK10ADD,EQ,,,,,DSPAMC - BANK10ADD,16.12,16.37,16.09,16.27,16.31,16.11,,16.27,,,30632,497228.03,75,F1,1,,,,,
2026-09-30,2026-09-30,CM,NSE,STK,13644,INF740KA1RX3,BANKADD,EQ,,,,,DSPAMC - DSPBANK,56.16,56.43,55.84,56.23,56.02,55.89,,56.23,,,428485,24095991.64,97,F1,1,,,,,
2026-09-30,2026-09-30,CM,NSE,STK,15356,INF740KA1ZP2,GOLDADD,EQ,,,,,DSPAMC - DSPGOLD,14.26,14.36,13.81,14.28,14.30,14.16,,14.30,,,12591544,179786999.38,9109,F1,1,,,,,
2026-09-30,2026-09-30,CM,NSE,STK,17207,INF740KA1SX1,ITADD,EQ,,,,,DSPAMC - DSPIT,29.51,30.15,29.42,29.55,30.13,29.50,,29.55,,,9323,277176.74,73,F1,1,,,,,
2026-09-30,2026-09-30,CM,NSE,STK,6606,INF740KA1QK2,EQUAL50ADD,EQ,,,,,DSPAMC - DSPNEWETF,324.25,325.71,322.85,323.42,324.11,325.79,,323.44,,,94200,30588106.59,423,F1,1,,,,,
2026-09-30,2026-09-30,CM,NSE,STK,7451,INF740KA1CL0,NIFTYADD,EQ,,,,,DSPAMC - DSPNIFTY,240.79,240.94,238.87,239.83,239.80,239.94,,239.83,,,7636,1829875.93,162,F1,1,,,,,
2026-09-30,2026-09-30,CM,NSE,STK,17616,INF740KA1SY9,PSUBANKADD,EQ,,,,,DSPAMC - DSPPSBKETF,81.51,82.71,80.94,81.54,80.94,81.28,,81.48,,,15986,1307088.61,183,F1,1,,,,,
2026-09-30,2026-09-30,CM,NSE,STK,17576,INF740KA1TA7,PVTBANKADD,EQ,,,,,DSPAMC - DSPPVBKETF,26.99,27.37,26.97,27.23,27.21,26.80,,27.23,,,70414,1918813.20,81,F1,1,,,,,
2026-09-30,2026-09-30,CM,NSE,STK,7456,INF740KA1ZF3,MIDQ50ADD,EQ,,,,,DSPAMC - DSPQ50ETF,23.78,24.14,23.57,23.60,23.57,23.78,,23.60,,,42607,1009393.38,183,F1,1,,,,,
2026-09-30,2026-09-30,CM,NSE,STK,17613,INF740KA1SZ6,SENSEXADD,EQ,,,,,DSPAMC - DSPSENXETF,75.11,76.50,74.85,75.14,75.18,74.74,,75.14,,,1980,148795.77,36,F1,1,,,,,
2026-09-30,2026-09-30,CM,NSE,STK,10761,INF740KA1ZQ0,SILVERADD,EQ,,,,,DSPAMC - DSPSILVETF,21.22,21.30,21.06,21.10,21.14,21.07,,21.10,,,1389076,29361595.26,2974,F1,1,,,,,
2026-09-30,2026-09-30,CM,NSE,STK,759368,INF740KA1WU9,FLEXIADD,EQ,,,,,DSPAMC - FLEXIADD,9.52,9.74,9.40,9.44,9.49,9.45,,9.45,,,176556,1677756.30,241,F1,1,,,,,
2026-09-30,2026-09-30,CM,NSE,STK,763530,INF740KA1ZA4,FMCGADD,EQ,,,,,DSPAMC - FMCGADD,45.23,45.30,44.75,44.79,44.91,45.19,,44.79,,,27390,1231719.66,234,F1,1,,,,,
2026-09-30,2026-09-30,CM,NSE,STK,22592,INF740KA1ZG1,HEALTHADD,EQ,,,,,DSPAMC - HEALTHADD,16.81,16.99,16.27,16.33,16.42,16.81,,16.33,,,100221,1647227.15,361,F1,1,,,,,
2026-09-30,2026-09-30,CM,NSE,STK,23407,INF740KA1UM0,LIQUIDADD,EQ,,,,,DSPAMC - LIQUIDADD,1146.97,1146.99,1146.97,1146.97,1146.98,1146.82,,1146.97,,,523853,600848972.78,376,F1,1,,,,,
2026-09-30,2026-09-30,CM,NSE,STK,764428,INF740KA1ZH9,MIDBANKADD,EQ,,,,,DSPAMC - MIDBANKADD,16.46,16.53,16.42,16.50,16.50,16.46,,16.50,,,24656,406014.41,21,F1,1,,,,,
2026-09-30,2026-09-30,CM,NSE,STK,760356,INF740KA1WW5,MIDCAPADD,EQ,,,,,DSPAMC - MIDCAPADD,22.50,22.50,21.90,21.97,22.01,22.06,,21.97,,,10128,222678.39,57,F1,1,,,,,
2026-09-30,2026-09-30,CM,NSE,STK,759978,INF740KA1WV7,MSCIADD,EQ,,,,,DSPAMC - MSCIADD,27.92,28.07,27.91,27.92,27.92,27.95,,27.92,,,184,5147.36,15,F1,1,,,,,
2026-09-30,2026-09-30,CM,NSE,STK,29464,INF740KA1VE5,NEXT30ADD,EQ,,,,,DSPAMC - NEXT30ADD,41.00,41.04,40.70,40.74,40.74,41.11,,40.80,,,4370,178476.84,256,F1,1,,,,,
2026-09-30,2026-09-30,CM,NSE,STK,760599,INF740KA1XU7,NEXT50ADD,EQ,,,,,DSPAMC - NEXT50ADD,70.75,70.93,70.02,70.40,70.40,70.40,,70.55,,,7326,514943.85,38,F1,1,,,,,
2026-09-30,2026-09-30,CM,NSE,STK,760359,INF740KA1WX3,SMALLADD,EQ,,,,,DSPAMC - SMALLADD,18.04,18.07,17.80,18.00,18.02,17.85,,18.00,,,13242,237974.19,69,F1,1,,,,,
2026-09-30,2026-09-30,CM,NSE,STK,25171,INF740KA1UR9,TOP10ADD,EQ,,,,,DSPAMC - TOP10ADD,82.50,83.31,82.29,82.45,82.45,82.71,,82.45,,,232956,19283777.23,688,F1,1,,,,,
2026-09-30,2026-09-30,CM,NSE,STK,13766,INE0LZO01015,DUCOL,SM,,,,,DUCOL ORGS AND COLOURS LT,121.00,121.00,121.00,121.00,121.00,120.00,,121.00,,,800,96800.00,1,F1,800,,,,,
2026-09-30,2026-09-30,CM,NSE,STK,28952,INE741L01018,DUCON,EQ,,,,,DUCON INFRATECHNOLOGIES L,1.37,1.43,1.35,1.36,1.37,1.42,,1.36,,,3809077,5246865.93,1057,F1,1,,,,,
2026-09-30,2026-09-30,CM,NSE,STK,5457,INE0HPK01020,DUGLOBAL,SM,,,,,DUDIGITAL GLOBAL LIMITED,20.95,21.30,19.75,20.10,19.75,20.15,,20.10,,,110000,2273250.00,33,F1,2500,,,,,
2026-09-30,2026-09-30,CM,NSE,STK,24164,INE0OUW01013,DURLAX,SM,,,,,DURLAX TOP SURFACE LTD,67.50,69.40,64.50,65.15,65.10,68.25,,65.15,,,1752000,116029800.00,642,F1,2000,,,,,
2026-09-30,2026-09-30,CM,NSE,STK,11667,INE366A01041,DWARKESH,EQ,,,,,DWARIKESH SUGAR IND LTD,43.80,44.55,42.45,42.66,42.56,43.33,,42.65,,,1342472,58425954.13,6743,F1,1,,,,,
2026-09-30,2026-09-30,CM,NSE,STK,25690,INE417B01040,DSSL,EQ,,,,,DYNACONS SYS & SOLN LTD,1023.50,1023.50,981.10,983.20,985.00,993.00,,983.25,,,22519,22289130.20,2109,F1,1,,,,,
2026-09-30,2026-09-30,CM,NSE,STK,4525,INE221B01012,DYNAMATECH,EQ,,,,,DYNAMATIC TECHNOLOGIES,13065.00,13650.00,13060.00,13611.00,13520.00,13065.00,,13610.95,,,49032,662151173.00,9290,F1,1,,,,,
2026-09-30,2026-09-30,CM,NSE,STK,10417,INE600Y01019,DYCL,EQ,,,,,DYNAMIC CABLES LIMITED,435.50,446.45,435.00,437.15,436.40,433.90,,437.14,,,216097,95100220.90,8702,F1,1,,,,,
2026-09-30,2026-09-30,CM,NSE,STK,6079,INE0DZ701010,DYNAMIC,SM,,,,,DYNAMIC SRVCS & SEC LTD,130.00,134.70,130.00,133.95,134.70,139.30,,133.95,,,3000,399825.00,5,F1,500,,,,,
2026-09-30,2026-09-30,CM,NSE,STK,21314,INE256H01015,DYNPRO,EQ,,,,,DYNEMIC PRODUCTS LIMITED,226.00,227.02,221.00,223.58,223.00,222.60,,223.58,,,5756,1290590.97,343,F1,1,,,,,
2026-09-30,2026-09-30,CM,NSE,STK,19267,INE0KFF01017,EFACTOR,SM,,,,,E FACTOR EXPERIENCES LTD,193.00,199.00,185.00,185.00,185.00,190.35,,185.00,,,22400,4313080.00,38,F1,400,,,,,
2026-09-30,2026-09-30,CM,NSE,STK,760531,INE1CEJ01017,E2ERAIL,SM,,,,,E TO E TRANS INFRA LTD,322.50,341.00,322.50,335.05,334.50,322.15,,335.05,,,127200,42540400.00,114,F1,800,,,,,
2026-09-30,2026-09-30,CM,NSE,STK,8940,INE255Z01027,E2E,BE,,,,,E2E NETWORKS LIMITED,655.05,679.00,636.20,650.50,650.00,651.80,,650.42,,,479810,315993369.15,11526,F1,1,,,,,
2026-09-30,2026-09-30,CM,NSE,STK,765065,INE595R01023,EASTWEST,EQ,,,,,EAST WEST FREIGHT CARRI L,2.27,2.36,2.25,2.33,2.36,2.27,,2.33,,,34577,79797.06,150,F1,1,,,,,
2026-09-30,2026-09-30,CM,NSE,STK,9769,INE962C01035,EASTSILK,BE,,,,,EASTERN SILK INDUSTRIES L,69.00,73.81,66.79,73.81,73.81,70.30,,73.81,,,961,69913.25,17,F1,1,,,,,
2026-09-30,2026-09-30,CM,NSE,STK,2792,INE07O001026,EASEMYTRIP,EQ,,,,,EASY TRIP PLANNERS LTD,5.88,6.03,5.81,5.86,5.85,5.88,,5.86,,,9015155,53427345.43,5425,F1,1,,,,,
2026-09-30,2026-09-30,CM,NSE,STK,765073,INE432F01032,EBIX,BE,,,,,EBIX LIMITED,17.68,17.86,16.82,16.97,17.64,17.01,,17.00,,,41803,713832.45,127,F1,1,,,,,
2026-09-30,2026-09-30,CM,NSE,STK,759974,INE528S07110,888ECL28,N1,,,,,ECL 8.88% 2028 SR V,988.00,988.00,988.00,988.00,988.00,987.42,,988.00,,,89,87932.00,3,F1,1,,,,,
2026-09-30,2026-09-30,CM,NSE,STK,759975,INE528S07128,925ECL28,N2,,,,,ECL 9.25% 2028 SR VI,1030.00,1030.00,1020.00,1026.99,1027.00,1020.00,,1026.99,,,1817,1861577.29,30,F1,1,,,,,
2026-09-30,2026-09-30,CM,NSE,STK,15179,INE738I01010,ECLERX,EQ,,,,,ECLERX SERVICES LTD,1772.00,1848.70,1772.00,1819.90,1816.50,1769.70,,1819.87,,,177436,324114153.00,23668,F1,1,,,,,
2026-09-30,2026-09-30,CM,NSE,STK,764663,INE316A01038,ECORECO,EQ,,,,,ECO RECYCLING LTD.,407.95,410.00,391.45,395.50,398.00,403.30,,395.49,,,9028,3628154.20,768,F1,1,,,,,
2026-09-30,2026-09-30,CM,NSE,STK,759961,INE0VBS01016,ECOLINE,SM,,,,,ECOLINE EXIM LIMITED,179.70,179.70,167.50,171.45,175.00,173.90,,171.45,,,9000,1557050.00,8,F1,1000,,,,,
2026-09-30,2026-09-30,CM,NSE,STK,25060,INE06HJ01020,ECOSMOBLTY,EQ,,,,,ECOS (INDIA) MOB & HOSP L,106.58,107.01,104.10,104.73,104.40,105.07,,104.74,,,35333,3724723.20,1029,F1,1,,,,,
2026-09-30,2026-09-30,CM,NSE,STK,759228,INF754K30052,ASIFRG,SF,,,,,EDELAMC - ASIFRG,11.80,11.80,10.75,10.75,10.75,10.73,,10.75,,,10,108.55,2,F1,1,,,,,
2026-09-30,2026-09-30,CM,NSE,STK,7196,INF754K01OB1,BBETF0432,EQ,,,,,EDELAMC - BBETF0432,1339.94,1339.94,1334.02,1335.50,1335.50,1337.31,,1335.50,,,41450,55377859.15,38,F1,1,,,,,
2026-09-30,2026-09-30,CM,NSE,STK,764378,INF754K01XH9,EBANK10,EQ,,,,,EDELAMC - EBANK10,16.10,16.23,15.74,15.82,15.74,16.04,,15.84,,,1176,18842.16,18,F1,1,,,,,
2026-09-30,2026-09-30,CM,NSE,STK,25258,INF754K01TE4,EBANKNIFTY,EQ,,,,,EDELAMC - EBANKNIFTY,55.02,55.78,55.02,55.41,55.41,54.94,,55.41,,,643,35623.87,11,F1,1,,,,,
2026-09-30,2026-09-30,CM,NSE,STK,16253,INF754K01KO2,EBBETF0430,EQ,,,,,EDELAMC - EBBETF0430,1591.93,1611.90,1591.93,1606.78,1607.83,1607.40,,1606.70,,,2174,3492842.75,242,F1,1,,,,,
2026-09-30,2026-09-30,CM,NSE,STK,22239,INF754K01LE1,EBBETF0431,EQ,,,,,EDELAMC - EBBETF0431,1432.57,1433.94,1423.02,1427.54,1429.00,1425.71,,1427.23,,,21312,30388426.53,244,F1,1,,,,,
2026-09-30,2026-09-30,CM,NSE,STK,13139,INF754K01QX0,EBBETF0433,EQ,,,,,EDELAMC - EBBETF0433,1293.04,1297.90,1293.04,1297.04,1297.88,1298.53,,1297.04,,,2939,3812305.94,89,F1,1,,,,,
2026-09-30,2026-09-30,CM,NSE,STK,29019,INF754K01TX4,ECAPINSURE,EQ,,,,,EDELAMC - ECAPINSURE,22.84,23.03,22.21,22.56,22.40,22.58,,22.40,,,46164,1046735.41,294,F1,1,,,,,
2026-09-30,2026-09-30,CM,NSE,STK,19933,INF754K01SE6,EGOLD,EQ,,,,,EDELAMC - EGOLD,147.25,147.65,146.45,147.10,147.15,145.85,,147.10,,,47305,6957029.75,416,F1,1,,,,,
2026-09-30,2026-09-30,CM,NSE,STK,759466,INF754K01VW2,ELIQUID,EQ,,,,,EDELAMC - ELIQUID,1049.85,1049.85,1049.83,1049.84,1049.85,1049.70,,1049.84,,,14787,15523912.58,12,F1,1,,,,,
2026-09-30,2026-09-30,CM,NSE,STK,758952,INF754K01VV4,ELM250,EQ,,,,,EDELAMC - ELM250,15.70,15.99,15.55,15.77,15.80,15.70,,15.77,,,43903,693415.41,230,F1,1,,,,,
2026-09-30,2026-09-30,CM,NSE,STK,764367,INF754K01XI7,ELMDIV,EQ,,,,,EDELAMC - ELMDIV,34.93,34.93,34.42,34.61,34.61,34.93,,34.61,,,473,16357.35,15,F1,1,,,,,
2026-09-30,2026-09-30,CM,NSE,STK,764288,INF754K01XG1,EMETAL,EQ,,,,,EDELAMC - EMETAL,12.76,12.98,12.65,12.66,12.65,12.76,,12.66,,,3247,41766.38,36,F1,1,,,,,
2026-09-30,2026-09-30,CM,NSE,STK,25996,INF754K01TF1,EMULTIMQ,EQ,,,,,EDELAMC - EMULTIMQ,40.20,41.40,40.01,40.11,40.75,40.45,,40.11,,,39253,1580262.94,214,F1,1,,,,,
2026-09-30,2026-09-30,CM,NSE,STK,763540,INF754K01XF3,ENEXT50,EQ,,,,,EDELAMC - ENEXT50,70.00,72.52,69.75,70.50,70.50,67.91,,70.66,,,240,17070.00,13,F1,1,,,,,
2026-09-30,2026-09-30,CM,NSE,STK,759998,INF754K01VX0,ENIFTY,EQ,,,,,EDELAMC - ENIFTY,23.42,23.97,22.85,22.90,22.94,24.03,,22.90,,,34486,798243.19,214,F1,1,,,,,
2026-09-30,2026-09-30,CM,NSE,STK,759995,INF754K01VY8,ESENSEX,EQ,,,,,EDELAMC - ESENSEX,73.56,73.90,73.00,73.25,73.25,74.40,,73.25,,,1347,99217.28,27,F1,1,,,,,
2026-09-30,2026-09-30,CM,NSE,STK,20257,INF754K01SF3,ESILVER,EQ,,,,,EDELAMC - ESILVER,219.19,220.70,219.06,219.20,219.44,218.25,,219.20,,,379464,83184986.49,1381,F1,1,,,,,
2026-09-30,2026-09-30,CM,NSE,STK,15119,INE532F01054,EDELWEISS,EQ,,,,,EDELWEISS FIN SERV LTD,137.70,144.05,137.70,142.73,144.00,137.77,,142.73,,,10840581,1536300275.67,72085,F1,1,,,,,
2026-09-30,2026-09-30,CM,NSE,STK,758675,INE886D01026,EFCIL,EQ,,,,,EFC (I) LIMITED,174.28,177.94,171.50,172.21,172.00,174.28,,172.21,,,206429,35807791.19,3342,F1,1,,,,,
2026-09-30,2026-09-30,CM,NSE,STK,24435,INE0U9101019,EFFWA,SM,,,,,EFFWA INFRA & RESEARCH L,352.55,361.00,350.00,356.95,356.95,358.85,,356.95,,,16400,5832440.00,38,F1,400,,,,,
2026-09-30,2026-09-30,CM,NSE,STK,910,INE066A01021,EICHERMOT,EQ,,,,,EICHER MOTORS LTD,7182.00,7245.00,7120.00,7150.00,7150.00,7179.00,,7149.99,,,418141,3002574890.50,45153,F1,1,,,,,
2026-09-30,2026-09-30,CM,NSE,STK,916,INE126A01031,EIDPARRY,EQ,,,,,EID PARRY INDIA LTD,696.00,708.00,681.00,685.90,683.50,696.25,,685.92,,,467662,324864363.35,33280,F1,1,,,,,
2026-09-30,2026-09-30,CM,NSE,STK,15399,INE276C01014,EIHAHOTELS,EQ,,,,,EIH ASSOCIATED HOTELS LTD,293.90,302.35,289.20,297.15,299.00,292.35,,297.23,,,18403,5459230.95,1424,F1,1,,,,,
2026-09-30,2026-09-30,CM,NSE,STK,919,INE230A01023,EIHOTEL,EQ,,,,,EIH LIMITED,301.85,306.15,297.55,301.10,301.00,301.85,,301.10,,,1001715,299378093.55,10531,F1,1,,,,,
2026-09-30,2026-09-30,CM,NSE,STK,4040,INE158B01016,EIMCOELECO,EQ,,,,,EIMCO ELECON (INDIA) LTD,2297.60,2320.40,2259.80,2269.20,2274.00,2278.30,,2269.32,,,14680,33564514.70,2156,F1,1,,,,,
2026-09-30,2026-09-30,CM,NSE,STK,764668,INE0CPR01018,EKI,EQ,,,,,EKI ENERGY SERVICES LTD,99.98,103.88,94.11,94.99,95.10,98.57,,94.99,,,82152,8122569.24,1553,F1,1,,,,,
2026-09-30,2026-09-30,CM,NSE,STK,762653,INE280B01018,ELANTAS,EQ,,,,,ELANTAS BECK INDIA LTD.,13850.00,13978.00,13643.00,13839.00,13850.00,13649.00,,13833.68,,,1294,17895262.00,578,F1,1,,,,,
2026-09-30,2026-09-30,CM,NSE,STK,762658,INE927X01018,ELCIDIN,EQ,,,,,ELCID INVESTMENTS LTD.,103000.00,103000.00,102665.00,102665.00,102665.00,102665.00,,102665.00,,,2,205665.00,2,F1,1,,,,,
2026-09-30,2026-09-30,CM,NSE,STK,8953,INE668G01021,ELDEHSG,EQ,,,,,ELDECO HSG & IND LTD.,751.75,760.00,751.00,751.05,751.00,751.75,,751.05,,,691,520991.35,53,F1,1,,,,,
2026-09-30,2026-09-30,CM,NSE,STK,13643,INE205B01031,ELECON,EQ,,,,,ELECON ENG. CO. LTD,478.05,487.20,460.00,461.80,461.50,480.40,,461.81,,,812540,383617433.25,24579,F1,1,,,,,
2026-09-30,2026-09-30,CM,NSE,STK,20899,INE0Q1W01012,EFORCE,SM,,,,,ELECTRO FORCE (INDIA) LTD,18.15,18.50,18.15,18.50,18.50,18.50,,18.50,,,3600,66180.00,3,F1,1200,,,,,
2026-09-30,2026-09-30,CM,NSE,STK,11530,INE02YR01019,EMIL,EQ,,,,,ELECTRONICS MART IND LTD,192.00,208.98,192.00,205.36,204.00,191.71,,205.36,,,14305072,2923361189.25,166963,F1,1,,,,,
2026-09-30,2026-09-30,CM,NSE,STK,928,INE086A01029,ELECTCAST,EQ,,,,,ELECTROSTEEL CASTINGS LTD,76.12,78.19,73.89,74.37,74.16,76.53,,74.37,,,3312574,252389252.12,22039,F1,1,,,,,
2026-09-30,2026-09-30,CM,NSE,STK,4469,INE822G01016,ELECTHERM,EQ,,,,,ELECTROTHERM (I) LTD.,785.05,790.85,768.70,774.25,775.00,778.35,,774.25,,,8860,6893215.85,753,F1,1,,,,,
2026-09-30,2026-09-30,CM,NSE,STK,29595,INE0R9101015,ELGNZ,SM,,,,,ELEGANZ INTERIORS LIMITED,82.00,83.55,78.65,82.00,82.00,83.95,,82.00,,,34000,2749300.00,31,F1,1000,,,,,
2026-09-30,2026-09-30,CM,NSE,STK,766278,INE147X01013,ELEVATE,EQ,,,,,ELEVATE CAMPUSES LIMITED,355.10,372.75,290.10,322.95,319.70,362.00,,322.95,,,38490932,13131493145.90,365750,F1,1,,,,,
2026-09-30,2026-09-30,CM,NSE,STK,937,INE285A01027,ELGIEQUIP,EQ,,,,,ELGI EQUIPMENTS LTD,594.95,614.80,594.95,608.85,607.75,594.85,,608.92,,,316761,191726700.05,23699,F1,1,,,,,
2026-09-30,2026-09-30,CM,NSE,STK,24924,INE819L01012,ELGIRUBCO,EQ,,,,,ELGI RUBBER CO. LTD,52.95,54.00,52.95,53.42,53.50,52.90,,53.42,,,21168,1133972.43,594,F1,1,,,,,
2026-09-30,2026-09-30,CM,NSE,STK,13423,INE050401020,ELIN,EQ,,,,,ELIN ELECTRONICS LIMITED,88.38,88.38,86.02,86.30,86.20,86.65,,86.25,,,57220,4951971.53,977,F1,1,,,,,
2026-09-30,2026-09-30,CM,NSE,STK,762663,INE669R01026,ELITECON,EQ,,,,,ELITECON INTERNATIONAL L,8.20,8.61,7.86,7.98,7.90,8.20,,7.98,,,13834853,113832113.21,14615,F1,1,,,,,
2026-09-30,2026-09-30,CM,NSE,STK,758563,INE236E01022,ELLEN,EQ,,,,,ELLENBARRIE INDUS GASES L,378.00,381.00,354.15,356.90,356.00,369.35,,356.89,,,2144133,786237369.80,38513,F1,1,,,,,
2026-09-30,2026-09-30,CM,NSE,STK,4471,INE579B01039,ELPROINTL,EQ,,,,,ELPRO INTERNATIONAL LTD,170.40,174.10,170.40,174.00,172.01,170.47,,174.00,,,2626,454478.90,120,F1,1,,,,,
2026-09-30,2026-09-30,CM,NSE,STK,29229,INE0ZOL01023,EMAPARTNER,SM,,,,,EMA PARTNERS INDIA LTD,80.60,83.25,80.60,81.50,81.25,82.25,,81.50,,,19000,1556450.00,17,F1,1000,,,,,
2026-09-30,2026-09-30,CM,NSE,STK,13517,INE548C01032,EMAMILTD,EQ,,,,,EMAMI LIMITED,382.50,384.50,375.60,379.05,379.00,381.05,,379.05,,,1943040,736303657.65,36652,F1,1,,,,,
2026-09-30,2026-09-30,CM,NSE,STK,10084,INE830C01026,EMAMIPAP,BE,,,,,EMAMI PAPER MILLS LIMITED,118.96,121.00,115.16,119.56,119.21,118.62,,119.60,,,38369,4567694.40,333,F1,1,,,,,
2026-09-30,2026-09-30,CM,NSE,STK,19277,INE778K01012,EMAMIREAL,EQ,,,,,EMAMI REALTY LIMITED,67.70,68.49,66.95,67.43,66.95,66.94,,67.43,,,5618,379750.07,54,F1,1,,,,,
2026-09-30,2026-09-30,CM,NSE,STK,14450,INE069I01010,EMBDL,EQ,,,,,EMBASSY DEVELOPMENTS LTD,56.90,59.49,55.51,58.51,57.65,56.33,,58.52,,,2043111,117230595.36,27373,F1,1,,,,,
2026-09-30,2026-09-30,CM,NSE,STK,9383,INE041025011,EMBASSY,RR,,,,,EMBASSY OFFICE PARKS REIT,437.71,440.00,432.05,434.42,435.40,437.71,,434.41,,,2583104,1130291854.94,23526,F1,1,,,,,
2026-09-30,2026-09-30,CM,NSE,STK,24398,INE168P01015,EMCURE,EQ,,,,,EMCURE PHARMACEUTICALS L,1960.00,1965.90,1907.20,1943.00,1934.00,1959.10,,1942.97,,,71094,137763836.50,14983,F1,1,,,,,
2026-09-30,2026-09-30,CM,NSE,STK,27629,INE0RHD01013,ETML,SM,,,,,EMERALD TYRE MANUF LTD,73.15,75.00,73.15,73.75,73.50,75.15,,73.75,,,26400,1959900.00,18,F1,1200,,,,,
2026-09-30,2026-09-30,CM,NSE,STK,13421,INE296H01011,EMKAY,EQ,,,,,EMKAY GLOBAL FIN SERV LTD,284.70,289.05,277.05,278.20,277.10,282.60,,278.19,,,41969,11848192.35,1301,F1,1,,,,,
2026-09-30,2026-09-30,CM,NSE,STK,10253,INE332S01011,EMKAYTOOLS,SM,,,,,EMKAY TAP & CUT. TOOL LTD,97.50,99.00,95.00,97.90,97.90,92.80,,97.90,,,1350,131715.00,9,F1,150,,,,,
2026-09-30,2026-09-30,CM,NSE,STK,758591,INE0PXC01024,ETL,SM,,,,,EMKAY TOOLS LIMITED,1205.00,1230.00,1205.00,1225.00,1225.00,1210.00,,1225.00,,,1350,1641000.00,7,F1,150,,,,,
2026-09-30,2026-09-30,CM,NSE,STK,18146,INE753K01015,EMMBI,BE,,,,,EMMBI INDUSTRIES LIMITED,90.00,90.00,88.10,89.74,88.87,89.34,,89.74,,,5465,488640.24,33,F1,1,,,,,
2026-09-30,2026-09-30,CM,NSE,STK,759728,INE1C6T01020,EMMVEE,EQ,,,,,EMMVEE PHOTOVOLTAIC PWR L,313.95,318.50,313.20,315.90,315.50,314.55,,315.90,,,1295809,409350769.95,33337,F1,1,,,,,
2026-09-30,2026-09-30,CM,NSE,STK,764673,INE515H01014,EMPIND,EQ,,,,,EMPIRE INDUSTRIES LTD.,1052.00,1066.00,1052.00,1057.10,1066.00,1046.20,,1057.10,,,2549,2690967.60,264,F1,1,,,,,
2026-09-30,2026-09-30,CM,NSE,STK,762670,INE507F01023,EMPOWER,EQ,,,,,EMPOWER INDIA LTD.,1.62,1.62,1.62,1.62,1.62,1.70,,1.62,,,3851509,6239444.58,2121,F1,1,,,,,
2026-09-30,2026-09-30,CM,NSE,STK,18593,INE0OV601013,EMSLIMITED,EQ,,,,,EMS LIMITED,340.50,345.50,335.20,337.20,339.50,337.50,,337.20,,,113345,38556392.95,4632,F1,1,,,,,
2026-09-30,2026-09-30,CM,NSE,STK,9756,INE01QM01018,EMUDHRA,EQ,,,,,EMUDHRA LIMITED,628.50,637.60,592.10,596.50,596.75,627.15,,596.52,,,713583,434733108.85,29687,F1,1,,,,,
2026-09-30,2026-09-30,CM,NSE,STK,760321,INE433T01015,ENCOMPAS,SM,,,,,ENCOMPASS DESIGN INDIA L,234.00,240.00,234.00,240.00,240.00,233.95,,240.00,,,32800,7863800.00,37,F1,400,,,,,
2026-09-30,2026-09-30,CM,NSE,STK,18822,INE913H01037,ENDURANCE,EQ,,,,,ENDURANCE TECHNO. LTD.,2665.00,2747.90,2621.10,2656.50,2624.00,2654.80,,2653.96,,,137641,369878246.50,21748,F1,1,,,,,
2026-09-30,2026-09-30,CM,NSE,STK,15049,INE306C01019,ENERGYDEV,EQ,,,,,ENERGY DEVE. CO.LTD,14.48,14.98,14.10,14.39,14.57,14.60,,14.43,,,30784,442900.00,412,F1,1,,,,,
2026-09-30,2026-09-30,CM,NSE,STK,23745,INE0S1L01013,EMMIL,SM,,,,,ENERGY MISSION MACH IND L,133.00,133.00,130.00,132.00,132.00,133.35,,132.00,,,6500,854887.50,24,F1,250,,,,,
2026-09-30,2026-09-30,CM,NSE,STK,23224,INE0S3X01014,ENFUSE,SM,,,,,ENFUSE SOLUTIONS LIMITED,145.00,154.00,141.00,154.00,154.00,148.60,,154.00,,,2400,351600.00,4,F1,600,,,,,
2026-09-30,2026-09-30,CM,NSE,STK,4907,INE510A01028,ENGINERSIN,EQ,,,,,ENGINEERS INDIA LTD,310.75,315.50,307.50,309.60,309.75,310.20,,309.61,,,3125317,975192871.20,43936,F1,1,,,,,
2026-09-30,2026-09-30,CM,NSE,STK,764678,INE130L01014,ENKEIWHEL,EQ,,,,,ENKEI WHEELS (INDIA) LTD.,399.00,399.00,390.00,396.55,390.35,397.80,,396.55,,,253,99681.35,26,F1,1,,,,,
2026-09-30,2026-09-30,CM,NSE,STK,23230,INE0R9I01021,ENSER,SM,,,,,ENSER COMMUNICATIONS LTD,15.10,15.25,15.00,15.25,15.25,15.00,,15.25,,,85000,1292250.00,13,F1,5000,,,,,
2026-09-30,2026-09-30,CM,NSE,STK,22717,INE010601016,ENTERO,EQ,,,,,ENTERO HEALTHCARE SOLU L,1764.90,1775.30,1701.00,1708.90,1706.90,1764.90,,1708.97,,,78337,135107397.90,11330,F1,1,,,,,
2026-09-30,2026-09-30,CM,NSE,STK,13192,INE265F01028,ENIL,EQ,,,,,ENTERTAIN NET. IND. LTD.,96.99,96.99,95.05,95.59,95.60,95.33,,95.59,,,12291,1177465.30,300,F1,1,,,,,
2026-09-30,2026-09-30,CM,NSE,STK,27213,INE0LLY01014,EIEL,EQ,,,,,ENVIRO INFRA ENGINEERS L,193.05,195.66,188.00,189.62,190.20,191.48,,189.61,,,435975,83417238.14,10157,F1,1,,,,,
2026-09-30,2026-09-30,CM,NSE,STK,25412,INE0SUH01015,ENVIRO,SM,,,,,ENVIROTECH SYSTEMS LTD,69.10,69.50,67.55,67.75,67.55,67.75,,67.75,,,8000,549600.00,8,F1,1000,,,,,
2026-09-30,2026-09-30,CM,NSE,STK,22463,INE0G5901015,EPACK,EQ,,,,,EPACK DURABLE LIMITED,178.65,180.15,175.00,175.35,175.00,177.93,,175.33,,,178498,31650326.80,3417,F1,1,,,,,
2026-09-30,2026-09-30,CM,NSE,STK,759251,INE0MLS01022,EPACKPEB,EQ,,,,,EPACK PREFAB TECHN LTD,243.00,247.28,241.80,243.20,243.00,243.32,,243.19,,,149107,36334181.27,5082,F1,1,,,,,
2026-09-30,2026-09-30,CM,NSE,STK,5382,INE071N01016,EPIGRAL,EQ,,,,,EPIGRAL LIMITED,1024.00,1030.00,1011.00,1012.50,1011.10,1018.10,,1012.55,,,37182,37798455.20,2838,F1,1,,,,,
2026-09-30,2026-09-30,CM,NSE,STK,981,INE255A01020,EPL,EQ,,,,,EPL LIMITED,235.80,241.35,233.50,237.00,236.00,233.05,,237.02,,,3029109,719925193.40,32692,F1,1,,,,,
2026-09-30,2026-09-30,CM,NSE,STK,758349,INE11HF01010,EEPL,ST,,,,,EPPELTONE ENGINEERS LTD,128.05,133.00,128.05,132.50,132.50,132.10,,132.50,,,6000,789950.00,6,F1,1000,,,,,
2026-09-30,2026-09-30,CM,NSE,STK,761214,INE1KEC01023,EPWINDIA,SM,,,,,EPW INDIA LIMITED,221.00,260.00,221.00,260.00,260.00,230.00,,260.00,,,9600,2356800.00,8,F1,1200,,,,,
2026-09-30,2026-09-30,CM,NSE,STK,3553,INE217G01035,EQUIPPP,BE,,,,,EQUIPPP SOC IMP TECH LTD,23.80,23.80,22.40,22.65,22.65,22.93,,22.65,,,1424,32993.36,18,F1,1,,,,,
2026-09-30,2026-09-30,CM,NSE,STK,913,INE063P01018,EQUITASBNK,EQ,,,,,EQUITAS SMALL FIN BNK LTD,67.10,69.20,67.06,68.93,68.54,67.07,,68.93,,,1798270,122917122.35,15369,F1,1,,,,,
2026-09-30,2026-09-30,CM,NSE,STK,21154,INE406M01024,ERIS,EQ,,,,,ERIS LIFESCIENCES LIMITED,1225.30,1226.30,1180.80,1191.90,1182.30,1219.30,,1191.85,,,97144,116363918.40,12534,F1,1,,,,,
2026-09-30,2026-09-30,CM,NSE,STK,955,INE284A01012,ESABINDIA,EQ,,,,,ESAB INDIA LTD,5565.50,5565.50,5521.00,5530.00,5530.00,5510.00,,5529.93,,,1062,5880969.00,419,F1,1,,,,,
2026-09-30,2026-09-30,CM,NSE,STK,19884,INE818W01011,ESAFSFB,BE,,,,,ESAF SMALL FINANCE BANK L,44.55,46.00,44.03,44.52,44.50,44.54,,44.50,,,733692,33069030.97,1284,F1,1,,,,,
2026-09-30,2026-09-30,CM,NSE,STK,22767,INE0RQZ01017,ESCONET,ST,,,,,ESCONET TECHNOLOGIES LTD,235.05,235.05,235.05,235.05,235.05,223.90,,235.05,,,16000,3760800.00,36,F1,400,,,,,
2026-09-30,2026-09-30,CM,NSE,STK,958,INE042A01014,ESCORTS,EQ,,,,,ESCORTS KUBOTA LIMITED,2705.00,2743.40,2700.10,2715.20,2725.00,2706.20,,2715.28,,,45053,122454929.80,8429,F1,1,,,,,
2026-09-30,2026-09-30,CM,NSE,STK,765553,INE0DRI01029,ESDS,EQ,,,,,ESDS SOFTWARE SOLUTION L,1509.50,1509.50,1509.50,1509.50,1509.50,1588.90,,1508.22,,,35560,53677820.00,2414,F1,1,,,,,
2026-09-30,2026-09-30,CM,NSE,STK,759296,INE818W08149,113ESFB31,N0,,,,,ESFB 11.3% 2031 SR 2,98370.00,101890.00,98370.00,101890.00,101890.00,100000.00,,101890.00,,,6,593740.00,3,F1,1,,,,,
2026-09-30,2026-09-30,CM,NSE,STK,761461,INE818W08164,1165ESFB32,N0,,,,,ESFB 11.65% 2032 SR 4,102000.00,102000.00,102000.00,102000.00,102000.00,102000.00,,102000.00,,,2,204000.00,1,F1,1,,,,,
2026-09-30,2026-09-30,CM,NSE,STK,25634,INE122M01019,ESSARSHPNG,EQ,,,,,ESSAR SHIPPING LTD,17.54,20.34,17.54,18.89,18.97,16.95,,18.89,,,6789502,133555011.10,14309,F1,1,,,,,
2026-09-30,2026-09-30,CM,NSE,STK,17084,INE0ITO01014,ESFL,SM,,,,,ESSEN SPECIALITY FILMS L,114.00,117.95,112.45,113.10,112.55,113.75,,113.10,,,16920,1935018.00,41,F1,360,,,,,
2026-09-30,2026-09-30,CM,NSE,STK,24265,INE778B01029,ESTER,EQ,,,,,ESTER INDUSTRIES LTD,90.00,101.46,87.19,101.22,100.66,84.55,,101.23,,,3656608,366771031.31,17215,F1,1,,,,,
2026-09-30,2026-09-30,CM,NSE,STK,5097,INE758T01015,ETERNAL,EQ,,,,,ETERNAL LIMITED,328.15,329.00,317.10,320.00,320.00,327.85,,320.00,,,28850208,9245532416.30,175774,F1,1,,,,,
2026-09-30,2026-09-30,CM,NSE,STK,9750,INE04TZ01018,ETHOSLTD,EQ,,,,,ETHOS LIMITED,2489.90,2555.00,2484.40,2537.20,2544.90,2489.80,,2537.26,,,22966,57956261.80,6567,F1,1,,,,,
2026-09-30,2026-09-30,CM,NSE,STK,25162,INE0KCE01017,EUREKAFORB,EQ,,,,,EUREKA FORBES LIMITED,361.95,371.00,357.50,361.00,363.30,362.95,,361.00,,,311340,112981794.10,12820,F1,1,,,,,
2026-09-30,2026-09-30,CM,NSE,STK,6042,INE546V01010,EIFFL,BE,,,,,EURO (I) FRESH FOODS LTD,271.60,273.20,271.60,273.20,273.20,277.00,,273.20,,,1439,392408.85,15,F1,1,,,,,
2026-09-30,2026-09-30,CM,NSE,STK,757953,INE505V01016,EUROBOND,EQ,,,,,EURO PANEL PRODUCTS LTD,150.00,151.89,145.65,146.25,146.25,147.12,,146.25,,,1174,171816.69,75,F1,1,,,,,
2026-09-30,2026-09-30,CM,NSE,STK,759797,INE198501012,EUROPRATIK,EQ,,,,,EURO PRATIK SALES LIMITED,202.40,216.80,190.10,192.30,191.50,202.05,,192.30,,,693046,138882011.70,23250,F1,1,,,,,
2026-09-30,2026-09-30,CM,NSE,STK,999,INE022C01012,EUROTEXIND,EQ,,,,,EUROTEX INDUSTRIES LTD,12.85,14.30,11.75,14.30,14.30,13.00,,14.30,,,4554,64715.65,26,F1,1,,,,,
2026-09-30,2026-09-30,CM,NSE,STK,11782,INE128A01029,EVEREADY,EQ,,,,,EVEREADY INDS. IND.  LTD.,318.90,325.00,318.90,323.20,323.00,318.90,,323.20,,,38598,12450477.25,1319,F1,1,,,,,
2026-09-30,2026-09-30,CM,NSE,STK,6017,INE295A01018,EVERESTIND,BE,,,,,EVEREST INDUSTRIES LTD,427.10,458.05,427.10,455.60,458.00,436.25,,455.57,,,19320,8784267.15,333,F1,1,,,,,
2026-09-30,2026-09-30,CM,NSE,STK,13091,INE184H01027,EKC,EQ,,,,,EVEREST KANTO CYLINDERLTD,108.20,110.50,106.65,108.90,110.50,107.74,,108.90,,,199123,21600375.39,2636,F1,1,,,,,
2026-09-30,2026-09-30,CM,NSE,STK,11471,INE369A01029,EXCELINDUS,EQ,,,,,EXCEL INDUSTRIES LTD,925.30,957.70,925.30,945.20,948.00,924.80,,945.21,,,33101,31233700.00,1727,F1,1,,,,,
2026-09-30,2026-09-30,CM,NSE,STK,760007,INE606N01019,EXCELSOFT,EQ,,,,,EXCELSOFT TECHNOLOGIES L,83.99,85.70,80.23,81.17,80.54,83.39,,81.17,,,532184,44000306.16,5692,F1,1,,,,,
2026-09-30,2026-09-30,CM,NSE,STK,22947,INE777F01014,EXICOM,EQ,,,,,EXICOM TELE SYSTEMS LTD,152.97,158.60,151.00,152.11,151.70,152.97,,152.11,,,522829,80488558.04,6672,F1,1,,,,,
2026-09-30,2026-09-30,CM,NSE,STK,676,INE302A01020,EXIDEIND,EQ,,,,,EXIDE INDUSTRIES LTD,407.75,417.50,407.75,412.60,410.25,407.00,,412.60,,,2723921,1124587056.20,56845,F1,1,,,,,
2026-09-30,2026-09-30,CM,NSE,STK,760422,INE19I001020,EXIMROUTES,SM,,,,,EXIM ROUTES LIMITED,92.30,92.30,92.30,92.30,92.30,92.30,,92.30,,,800,73840.00,1,F1,800,,,,,
2026-09-30,2026-09-30,CM,NSE,STK,17486,INE201K01015,EXPLEOSOL,EQ,,,,,EXPLEO SOLUTIONS LIMITED,858.00,873.90,855.00,857.85,866.50,858.30,,857.85,,,5181,4470859.55,809,F1,1,,,,,
2026-09-30,2026-09-30,CM,NSE,STK,5352,INE0GFE01026,EXXARO,EQ,,,,,EXXARO TILES LIMITED,6.22,6.24,6.05,6.07,6.12,6.09,,6.07,,,93351,570820.85,346,F1,1,,,,,
2026-09-30,2026-09-30,CM,NSE,STK,760125,INE0HF201011,FABTECH,EQ,,,,,FABTECH TECHNOLOGIES LTD,147.47,148.99,143.95,145.04,145.00,147.47,,145.04,,,43962,6382091.77,722,F1,1,,,,,
2026-09-30,2026-09-30,CM,NSE,STK,1008,INE188A01015,FACT,EQ,,,,,FACT LTD,757.20,770.35,752.00,757.95,757.50,757.20,,757.94,,,99917,76089408.35,11214,F1,1,,,,,
2026-09-30,2026-09-30,CM,NSE,STK,1619,INE0DNW01011,FAIRCHEMOR,BE,,,,,FAIRCHEM ORGANICS LIMITED,678.00,693.00,661.00,680.75,675.90,674.70,,680.75,,,5353,3632145.05,454,F1,1,,,,,
2026-09-30,2026-09-30,CM,NSE,STK,24150,INE0PQK01013,FALCONTECH,SM,,,,,FALCON TECHNOPROJ IND LTD,12.25,12.95,12.25,12.95,12.95,12.85,,12.95,,,3600,45060.00,3,F1,1200,,,,,
2026-09-30,2026-09-30,CM,NSE,STK,765368,INE1Q2D01019,FASCINATE,SM,,,,,FASCINATE TEXTILES LTD,70.45,70.45,70.45,70.45,70.45,67.10,,70.45,,,21600,1521720.00,7,F1,800,,,,,
2026-09-30,2026-09-30,CM,NSE,STK,12000,INE963C01033,FAZE3Q,EQ,,,,,FAZE THREE LIMITED,428.00,462.20,420.00,442.15,437.00,422.20,,442.09,,,402154,178948141.10,12182,F1,1,,,,,
2026-09-30,2026-09-30,CM,NSE,STK,11999,INE512B01022,FCSSOFT,EQ,,,,,FCS SOFTWARE SOLN. LTD.,1.39,1.45,1.38,1.40,1.41,1.39,,1.40,,,2540760,3588595.15,1189,F1,1,,,,,
2026-09-30,2026-09-30,CM,NSE,STK,4898,INE258B01022,FDC,EQ,,,,,FDC LIMITED,350.10,353.40,337.85,339.40,340.00,350.10,,339.41,,,103104,35435152.55,5295,F1,1,,,,,
2026-09-30,2026-09-30,CM,NSE,STK,20322,INE007N01010,FEDFINA,EQ,,,,,FEDBANK FINANCIAL SER L,149.00,152.07,149.00,150.96,150.72,148.86,,150.94,,,578967,87358234.61,9681,F1,1,,,,,
2026-09-30,2026-09-30,CM,NSE,STK,762675,INE417D01020,FEDDERSHOL,EQ,,,,,FEDDERS HOLDING LTD.,61.00,62.60,61.00,61.51,61.52,60.69,,61.51,,,2131447,131846407.40,9464,F1,1,,,,,
2026-09-30,2026-09-30,CM,NSE,STK,1023,INE171A01029,FEDERALBNK,EQ,,,,,FEDERAL BANK LTD,321.05,324.25,317.40,317.40,317.40,320.20,,317.40,,,5485971,1752429718.45,90866,F1,1,,,,,
2026-09-30,2026-09-30,CM,NSE,STK,1190,INE529A01010,FMGOETZE,EQ,,,,,FEDERAL-MOGUL GOETZE (IND,460.10,469.00,442.10,445.65,445.00,460.10,,445.66,,,268118,121308601.20,8778,F1,1,,,,,
2026-09-30,2026-09-30,CM,NSE,STK,573,INE901X01013,FELIX,SM,,,,,FELIX INDUSTRIES LTD.,202.00,202.00,197.00,202.00,202.00,200.35,,202.00,,,15000,3000775.00,15,F1,500,,,,,
2026-09-30,2026-09-30,CM,NSE,STK,762680,INE225B01021,FERMENTA,EQ,,,,,FERMENTA BIOTECH LTD.,538.00,564.90,528.70,549.70,546.00,551.35,,549.70,,,521926,286209450.85,18942,F1,1,,,,,
2026-09-30,2026-09-30,CM,NSE,STK,8159,INE296C01020,FIBERWEB,EQ,,,,,FIBERWEB INDIA LIMITED,27.99,27.99,26.58,27.41,27.03,26.79,,27.41,,,23194,635130.43,148,F1,1,,,,,
2026-09-30,2026-09-30,CM,NSE,STK,9858,INE0LQQ01019,FIDEL,SM,,,,,FIDEL SOFTECH LIMITED,171.00,179.00,170.95,176.15,179.00,168.05,,176.15,,,47000,8163800.00,38,F1,1000,,,,,
2026-09-30,2026-09-30,CM,NSE,STK,13710,INE737H01014,FIEMIND,EQ,,,,,FIEM INDUSTRIES LIMITED,1921.10,1955.20,1870.00,1877.60,1878.90,1921.10,,1877.60,,,91793,174895095.00,11149,F1,1,,,,,
2026-09-30,2026-09-30,CM,NSE,STK,23647,INE185E01021,FILATFASH,EQ,,,,,FILATEX FASHIONS LIMITED,0.19,0.19,0.18,0.18,0.19,0.18,,0.18,,,10328490,1905736.96,1407,F1,1,,,,,
2026-09-30,2026-09-30,CM,NSE,STK,24532,INE816B01035,FILATEX,EQ,,,,,FILATEX INDIA LTD,111.85,112.94,107.10,107.76,107.29,112.00,,107.76,,,2227616,243464253.38,28356,F1,1,,,,,
2026-09-30,2026-09-30,CM,NSE,STK,759776,INE0EDU01014,FINBUD,SM,,,,,FINBUD FINANCIAL SERV LTD,112.75,113.25,110.90,111.25,111.25,111.95,,111.25,,,17000,1899550.00,13,F1,1000,,,,,
2026-09-30,2026-09-30,CM,NSE,STK,3744,INE686Y01026,FINEORG,EQ,,,,,FINE ORGANIC IND. LTD.,5140.50,5165.00,5092.50,5124.50,5133.00,5140.00,,5124.49,,,24136,123602441.50,6586,F1,1,,,,,
2026-09-30,2026-09-30,CM,NSE,STK,6198,INE045J01034,FCL,EQ,,,,,FINEOTEX CHEMICAL LIMITED,57.94,59.21,57.00,57.45,57.50,57.94,,57.45,,,16165821,936727613.33,48898,F1,1,,,,,
2026-09-30,2026-09-30,CM,NSE,STK,759239,INE734I01027,FINKURVE,EQ,,,,,FINKURVE FINANCIAL SERV L,69.90,71.20,67.45,67.92,68.00,69.37,,68.02,,,42160,2894341.86,971,F1,1,,,,,
2026-09-30,2026-09-30,CM,NSE,STK,6579,INE02NC01014,FINOPB,EQ,,,,,FINO PAYMENTS BANK LTD,129.85,131.06,126.30,127.21,127.00,129.23,,127.13,,,135642,17425232.58,2380,F1,1,,,,,
2026-09-30,2026-09-30,CM,NSE,STK,1038,INE235A01022,FINCABLES,EQ,,,,,FINOLEX CABLES LTD,1432.00,1472.40,1432.00,1450.30,1446.00,1435.50,,1450.25,,,452990,656263486.90,26641,F1,1,,,,,
2026-09-30,2026-09-30,CM,NSE,STK,1041,INE183A01024,FINPIPE,EQ,,,,,FINOLEX INDUSTRIES LTD,152.00,153.44,150.36,151.48,150.98,151.15,,150.98,,,238428,36246569.75,13883,F1,1,,,,,
2026-09-30,2026-09-30,CM,NSE,STK,14304,INE684F01012,FSL,EQ,,,,,FIRSTSOURCE SOLU. LTD.,248.90,270.70,248.90,255.80,254.05,248.90,,255.80,,,6657490,1720897599.70,107658,F1,1,,,,,
2026-09-30,2026-09-30,CM,NSE,STK,757658,INE771F01041,FISCHER,EQ,,,,,FISCHER MEDICAL VENTURE L,33.68,34.70,33.35,33.55,33.59,33.68,,33.55,,,284295,9601688.27,1278,F1,1,,,,,
2026-09-30,2026-09-30,CM,NSE,STK,12032,INE128S01021,FIVESTAR,EQ,,,,,FIVE-STAR BUS FIN LTD,495.05,519.90,494.85,516.85,517.90,497.25,,516.85,,,602120,308771545.95,25339,F1,1,,,,,
2026-09-30,2026-09-30,CM,NSE,STK,20372,INE00Y201027,FLAIR,EQ,,,,,FLAIR WRITING INDUST LTD,232.00,232.87,228.51,229.32,230.40,230.38,,229.33,,,67611,15566257.43,1530,F1,1,,,,,
2026-09-30,2026-09-30,CM,NSE,STK,25516,INE060J01017,FLEXITUFF,BE,,,,,FLEXITUFF VENTURES INT L,2.97,2.97,2.96,2.97,2.97,2.92,,2.98,,,1301,3863.84,5,F1,1,,,,,
2026-09-30,2026-09-30,CM,NSE,STK,758208,INE0VCK01011,FLYSBS,SM,,,,,FLYSBS AVIATION LIMITED,623.00,635.00,621.00,625.30,625.50,619.60,,625.30,,,55600,34867760.00,163,F1,200,,,,,
2026-09-30,2026-09-30,CM,NSE,STK,760331,INE0SQZ01015,FWSTC,SM,,,,,FLYWINGS SIMULAT T C LTD,189.00,229.00,184.95,226.70,228.00,191.00,,226.70,,,75000,16225680.00,84,F1,600,,,,,
2026-09-30,2026-09-30,CM,NSE,STK,7385,INE0I7D01019,FOCE,SM,,,,,FOCE INDIA LIMITED,575.00,575.00,575.00,575.00,575.00,549.00,,575.00,,,240,138000.00,1,F1,240,,,,,
2026-09-30,2026-09-30,CM,NSE,STK,6839,INE593W01028,FOCUS,BE,,,,,FOCUS LIGHTG & FIXTRS LTD,58.30,58.30,56.26,56.52,56.26,57.07,,56.52,,,17513,1002241.53,281,F1,1,,,,,
2026-09-30,2026-09-30,CM,NSE,STK,22520,INE0Q4701019,FONEBOX,ST,,,,,FONEBOX RETAIL LIMITED,144.40,144.40,144.40,144.40,144.40,152.00,,144.40,,,9000,1299600.00,9,F1,1000,,,,,
2026-09-30,2026-09-30,CM,NSE,STK,6673,INE976E01023,FOODSIN,EQ,,,,,FOODS & INNS LIMITED,50.90,52.32,50.40,50.92,50.40,51.46,,50.92,,,48116,2475131.92,1683,F1,1,,,,,
2026-09-30,2026-09-30,CM,NSE,STK,24917,INE0U2501017,FORCAS,ST,,,,,FORCAS STUDIO LIMITED,248.00,248.00,233.05,244.00,240.50,237.55,,244.00,,,57600,13950960.00,30,F1,1600,,,,,
2026-09-30,2026-09-30,CM,NSE,STK,11573,INE451A01017,FORCEMOT,EQ,,,,,FORCE MOTORS LIMITED,17000.00,17435.00,17000.00,17054.00,17054.00,16905.00,,17055.71,,,56785,979667175.00,15506,F1,1,,,,,
2026-09-30,2026-09-30,CM,NSE,STK,14592,INE061F01013,FORTIS,EQ,,,,,FORTIS HEALTHCARE LTD,817.00,821.00,757.45,770.00,770.00,822.00,,769.98,,,5818918,4509227032.75,176401,F1,1,,,,,
2026-09-30,2026-09-30,CM,NSE,STK,1073,INE519A01011,FOSECOIND,EQ,,,,,FOSECO INDIA LTD,6359.50,6640.00,6339.50,6462.50,6420.00,6335.00,,6463.12,,,22698,147445574.50,5857,F1,1,,,,,
2026-09-30,2026-09-30,CM,NSE,STK,760961,INE212S01015,FRACTAL,EQ,,,,,FRACTAL ANALYTICS LIMITED,753.15,762.45,738.00,740.20,741.80,753.15,,740.21,,,134937,100600616.45,8724,F1,1,,,,,
2026-09-30,2026-09-30,CM,NSE,STK,764683,INE194R01017,FREDUN,EQ,,,,,FREDUN PHARMACEUTICALS L,1403.00,1447.40,1398.90,1404.50,1405.00,1392.40,,1404.68,,,35676,50608125.90,2924,F1,1,,,,,
2026-09-30,2026-09-30,CM,NSE,STK,25871,INE0SFW01015,FRESHARA,ST,,,,,FRESHARA AGRO EXPORTS LTD,415.00,427.00,415.00,423.40,424.80,414.75,,423.40,,,10800,4557510.00,18,F1,600,,,,,
2026-09-30,2026-09-30,CM,NSE,STK,11501,INE385O01018,FROG,SM,,,,,FROG INNOVATIONS LIMITED,263.00,273.00,260.00,263.45,261.30,262.40,,263.45,,,21200,5637140.00,48,F1,400,,,,,
2026-09-30,2026-09-30,CM,NSE,STK,762685,INE572D01014,FRONTSP,EQ,,,,,FRONTIER SPRINGS LTD.,1414.40,1500.00,1402.00,1460.20,1450.00,1394.10,,1459.92,,,55952,81423123.90,5539,F1,1,,,,,
2026-09-30,2026-09-30,CM,NSE,STK,6545,INE388Y01029,NYKAA,EQ,,,,,FSN E COMMERCE VENTURES,327.00,330.55,320.00,320.00,320.00,327.35,,320.00,,,3980003,1293640522.10,60944,F1,1,,,,,
2026-09-30,2026-09-30,CM,NSE,STK,759876,INE12UR01024,UTLSOLAR,EQ,,,,,FUJIYAMA POWER SYSTEMS L,403.00,410.15,396.90,398.45,399.75,407.70,,398.44,,,205502,82725449.00,8839,F1,1,,,,,
2026-09-30,2026-09-30,CM,NSE,STK,11932,INE139R01012,FUSION,EQ,,,,,FUSION FINANCE LIMITED,175.05,178.20,172.87,175.08,175.02,173.30,,175.05,,,555656,97162261.98,7309,F1,1,,,,,
2026-09-30,2026-09-30,CM,NSE,STK,14868,INE452O01016,FLFL,BZ,,,,,FUT LIFESTYLE FASH LTD,1.10,1.10,1.05,1.09,1.09,1.10,,1.09,,,88833,95012.14,100,F1,1,,,,,
2026-09-30,2026-09-30,CM,NSE,STK,13812,INE623B01027,FEL,BZ,,,,,FUTURE ENTERPRISES LTD,0.39,0.39,0.38,0.38,0.39,0.38,,0.38,,,82983,32195.80,95,F1,1,,,,,
2026-09-30,2026-09-30,CM,NSE,STK,30491,IN9623B01058,FELDVR,BZ,,,,,FUTURE ENTERPRISES LTD,2.07,2.15,1.97,2.02,2.07,2.07,,2.02,,,5324,10979.30,19,F1,1,,,,,
2026-09-30,2026-09-30,CM,NSE,STK,21017,INE360L01017,FMNL,EQ,,,,,FUTURE MKT NETWORKS LTD,7.97,8.36,7.97,8.35,8.28,7.97,,8.36,,,43409,356099.45,137,F1,1,,,,,
2026-09-30,2026-09-30,CM,NSE,STK,1168,INE075D01018,GMBREW,EQ,,,,,G M BREWERIES LTD,962.95,981.00,960.00,966.95,966.00,962.95,,966.99,,,39378,38157742.00,3205,F1,1,,,,,
2026-09-30,2026-09-30,CM,NSE,STK,5054,INE201P01022,GRINFRA,EQ,,,,,G R INFRAPROJECTS LIMITED,809.20,819.85,796.10,800.60,799.00,816.25,,800.58,,,12867,10396130.40,2430,F1,1,,,,,
2026-09-30,2026-09-30,CM,NSE,STK,1129,INE586X01012,GTECJAINX,EQ,,,,,G-TEC JAINX EDUCATION LTD,32.62,32.62,32.62,32.62,32.62,29.66,,32.62,,,3654,119193.48,26,F1,1,,,,,
2026-09-30,2026-09-30,CM,NSE,STK,1085,INE524A01029,GABRIEL,EQ,,,,,GABRIEL INDIA LTD,1315.40,1355.00,1313.00,1341.80,1347.00,1303.90,,1341.92,,,243468,324457476.50,22454,F1,1,,,,,
2026-09-30,2026-09-30,CM,NSE,STK,18018,INE224E01028,GATECH,BE,,,,,GACM TECHNOLOGIES LIMITED,0.70,0.73,0.67,0.68,0.70,0.70,,0.68,,,21658907,14891335.60,5707,F1,1,,,,,
2026-09-30,2026-09-30,CM,NSE,STK,27,INE224E01036,GATECHDVR,BE,,,,,GACM TECHNOLOGIES LIMITED,0.49,0.49,0.46,0.47,0.48,0.47,,0.48,,,143757,69148.51,156,F1,1,,,,,
2026-09-30,2026-09-30,CM,NSE,STK,4717,INE129A01019,GAIL,EQ,,,,,GAIL (INDIA) LTD,170.62,172.99,170.21,170.55,170.55,170.04,,170.55,,,12187561,2091275918.30,51982,F1,1,,,,,
2026-09-30,2026-09-30,CM,NSE,STK,765396,INE18UN01038,GAJA,EQ,,,,,GAJA ALT ASSET MGT LTD,140.00,143.05,139.21,140.05,139.23,140.42,,140.05,,,309382,43541561.51,4152,F1,1,,,,,
2026-09-30,2026-09-30,CM,NSE,STK,25244,INE0QTE01018,GAJANAND,SM,,,,,GAJANAND INTERNATIONAL L,7.50,7.50,7.30,7.30,7.30,7.50,,7.30,,,6000,44400.00,2,F1,3000,,,,,
2026-09-30,2026-09-30,CM,NSE,STK,25134,INE0RE001014,GALAPREC,EQ,,,,,GALA PRECISION ENG LTD,1165.90,1212.50,1147.10,1197.20,1185.00,1157.70,,1197.19,,,103371,122813163.50,10167,F1,1,,,,,
2026-09-30,2026-09-30,CM,NSE,STK,759089,INE09A801015,GML,SM,,,,,GALAXY MEDICARE LIMITED,17.50,17.80,17.50,17.65,17.65,17.50,,17.65,,,26000,460800.00,5,F1,2000,,,,,
2026-09-30,2026-09-30,CM,NSE,STK,1315,INE600K01018,GALAXYSURF,EQ,,,,,GALAXY SURFACTANTS LTD,2303.00,2378.90,2303.00,2332.80,2321.60,2301.20,,2332.81,,,110086,258268117.00,16709,F1,1,,,,,
2026-09-30,2026-09-30,CM,NSE,STK,13337,INE297H01019,GALLANTT,EQ,,,,,GALLANTT ISPAT LIMITED,551.00,551.00,535.20,537.50,536.45,539.10,,537.54,,,51095,27782822.45,2889,F1,1,,,,,
2026-09-30,2026-09-30,CM,NSE,STK,20303,INE717W01049,GANDHAR,EQ,,,,,GANDHAR OIL REFINE IND L,274.00,283.45,274.00,278.85,279.15,273.55,,278.84,,,742278,207892680.85,10959,F1,1,,,,,
2026-09-30,2026-09-30,CM,NSE,STK,14116,INE524B01027,GANDHITUBE,EQ,,,,,GANDHI SPL. TUBES LTD,970.00,974.50,945.00,951.55,950.00,966.55,,951.54,,,5516,5295732.10,650,F1,1,,,,,
2026-09-30,2026-09-30,CM,NSE,STK,5617,INE388A01029,GANESHBE,BE,,,,,GANESH BENZOPLAST LIMITED,140.00,140.00,130.94,130.94,130.94,137.83,,130.70,,,634963,85140725.32,577,F1,1,,,,,
2026-09-30,2026-09-30,CM,NSE,STK,759012,INE652V01016,GANESHCP,EQ,,,,,GANESH CONSUMER PRODUCT L,156.10,157.99,150.72,151.41,151.99,153.08,,151.41,,,97953,15034864.38,2102,F1,1,,,,,
2026-09-30,2026-09-30,CM,NSE,STK,24439,INE0R8C01018,GGBL,SM,,,,,GANESH GREEN BHARAT LTD,220.20,226.55,220.20,222.70,223.20,220.20,,222.70,,,20100,4501050.00,58,F1,300,,,,,
2026-09-30,2026-09-30,CM,NSE,STK,14339,INE460C01014,GANESHHOU,EQ,,,,,GANESH HOUSING LIMITED,712.55,722.30,711.75,719.00,719.00,706.65,,718.83,,,25145,18028567.60,1319,F1,1,,,,,
2026-09-30,2026-09-30,CM,NSE,STK,27339,INE0TVT01024,GANESHIN,SM,,,,,GANESH INFRAWORLD LIMITED,90.35,90.45,87.45,87.90,87.85,90.50,,87.90,,,56000,4967920.00,49,F1,800,,,,,
2026-09-30,2026-09-30,CM,NSE,STK,6944,INE845D01014,GANECOS,EQ,,,,,GANESHA ECOSPHERE LIMITED,1010.00,1029.40,993.30,1000.60,1004.00,1010.60,,1000.54,,,39514,39990804.00,3666,F1,1,,,,,
2026-09-30,2026-09-30,CM,NSE,STK,757525,INE0ZI101018,GANGABATH,SM,,,,,GANGA BATH FITTINGS LTD,21.90,22.65,21.20,22.65,22.65,21.15,,22.65,,,45000,989100.00,15,F1,3000,,,,,
2026-09-30,2026-09-30,CM,NSE,STK,4957,INE691Z01023,GANGAFORGE,EQ,,,,,GANGA FORGING LIMITED,1.54,1.54,1.51,1.54,1.54,1.47,,1.54,,,1174893,1807341.24,352,F1,1,,,,,
2026-09-30,2026-09-30,CM,NSE,STK,21399,INE335W01016,GANGESSECU,EQ,,,,,GANGES SECURITIES LIMITED,113.00,113.01,112.26,112.40,112.40,112.79,,112.40,,,26,2925.13,4,F1,1,,,,,
2026-09-30,2026-09-30,CM,NSE,STK,5475,INE382Z01011,GRSE,EQ,,,,,GARDEN REACH SHIP&ENG LTD,2215.00,2235.10,2175.00,2181.90,2184.00,2206.10,,2181.94,,,377318,831253870.80,37095,F1,1,,,,,
2026-09-30,2026-09-30,CM,NSE,STK,25800,INE0JVO01026,GARUDA,EQ,,,,,GARUDA CONSTRUCT N ENG L,178.40,179.20,173.80,174.67,174.90,176.56,,174.67,,,213498,37699026.51,4014,F1,1,,,,,
2026-09-30,2026-09-30,CM,NSE,STK,7982,INE291A01017,GRWRHITECH,EQ,,,,,GARWARE HI-TECH FILMS LTD,7072.00,7159.00,6937.00,7015.50,7000.00,7016.50,,7015.46,,,84631,597029390.00,20740,F1,1,,,,,
2026-09-30,2026-09-30,CM,NSE,STK,1100,INE276A01018,GARFIBRES,EQ,,,,,GARWARE TECH FIBRES LTD,754.85,783.30,752.05,770.85,775.00,753.85,,770.90,,,18057,13920886.85,2693,F1,1,,,,,
2026-09-30,2026-09-30,CM,NSE,STK,8510,INE079J01017,GATEWAY,EQ,,,,,GATEWAY DISTRIPARKS LTD,51.65,52.45,51.61,52.04,52.02,51.57,,52.04,,,515500,26769999.27,3249,F1,1,,,,,
2026-09-30,2026-09-30,CM,NSE,STK,760178,INE0P8B01020,GAUDIUMIVF,EQ,,,,,GAUDIUM IVF N WOMEN H L,114.88,116.39,110.01,111.15,111.00,113.90,,111.15,,,201656,22693833.73,3083,F1,1,,,,,
2026-09-30,2026-09-30,CM,NSE,STK,3693,INE287Z01012,GAYAHWS,EQ,,,,,GAYATRI HIGHWAYS LIMITED,1.84,1.84,1.72,1.76,1.76,1.84,,1.77,,,312692,554304.88,439,F1,1,,,,,
2026-09-30,2026-09-30,CM,NSE,STK,25023,INE336H01023,GAYAPROJ,EQ,,,,,GAYATRI PROJECTS LTD,22.50,23.44,22.14,22.68,22.70,22.44,,22.68,,,652974,14977989.04,3352,F1,1,,,,,
2026-09-30,2026-09-30,CM,NSE,STK,14052,INE0LVM01018,GRCL,SM,,,,,GAYATRI RUBB AND CHEM LTD,568.05,575.00,568.05,573.50,574.00,568.10,,573.50,,,1500,860012.50,4,F1,250,,,,,
2026-09-30,2026-09-30,CM,NSE,STK,7862,INE878A01011,GVPIL,EQ,,,,,GE POWER INDIA LIMITED,687.00,718.00,673.80,678.40,678.50,683.95,,678.10,,,263834,184977430.45,9630,F1,1,,,,,
2026-09-30,2026-09-30,CM,NSE,STK,16783,INE200A01026,GVT&D,EQ,,,,,GE VERNOVA T&D INDIA LTD,4190.00,4258.40,4126.90,4201.00,4201.00,4130.30,,4200.75,,,624058,2636013880.90,77330,F1,1,,,,,
2026-09-30,2026-09-30,CM,NSE,STK,13662,INE916G01016,GEECEE,BE,,,,,GEECEE VENTURES LIMITED,376.05,384.95,365.00,374.20,374.50,375.65,,374.20,,,3606,1351930.95,53,F1,1,,,,,
2026-09-30,2026-09-30,CM,NSE,STK,17922,INE669X01032,GEEKAYWIRE,EQ,,,,,GEEKAY WIRES LIMITED,30.01,31.64,30.01,31.19,31.50,30.50,,31.19,,,82538,2550040.74,780,F1,1,,,,,
2026-09-30,2026-09-30,CM,NSE,STK,759461,INE06XZ01023,GEMAROMA,EQ,,,,,GEM AROMATICS LIMITED,157.76,168.00,157.76,161.00,160.00,157.76,,161.00,,,123363,20192562.97,2757,F1,1,,,,,
2026-09-30,2026-09-30,CM,NSE,STK,277,INE481Y01014,GICRE,EQ,,,,,GENERAL INS CORP OF INDIA,320.00,333.50,320.00,331.15,329.50,320.25,,331.18,,,772056,253527593.85,25047,F1,1,,,,,
2026-09-30,2026-09-30,CM,NSE,STK,2188,INE854S01022,GENCON,EQ,,,,,GENERIC ENG CONS PROJ LTD,36.51,40.99,36.51,39.54,39.75,37.12,,39.54,,,834565,31552264.93,5010,F1,1,,,,,
2026-09-30,2026-09-30,CM,NSE,STK,10905,INE727B01026,GENESYS,EQ,,,,,GENESYS INTL CORPN LTD,278.00,286.70,271.41,273.43,272.40,277.68,,273.39,,,392461,108731706.72,7542,F1,1,,,,,
2026-09-30,2026-09-30,CM,NSE,STK,758842,INE06H201014,GENSOL,BZ,,,,,GENSOL ENGINEERING LTD,15.25,15.74,14.39,14.39,14.39,15.14,,14.39,,,178511,2594839.30,1064,F1,1,,,,,
2026-09-30,2026-09-30,CM,NSE,STK,6600,INE949P01018,GENUSPAPER,EQ,,,,,GENUS P&B LIMITED,10.43,10.96,10.36,10.64,10.61,10.25,,10.64,,,156399,1681567.80,405,F1,1,,,,,
2026-09-30,2026-09-30,CM,NSE,STK,11905,INE955D01029,GENUSPOWER,EQ,,,,,GENUS POWER INFRASTRU LTD,294.05,298.65,286.10,288.65,290.00,293.65,,288.65,,,2196401,642099205.95,39077,F1,1,,,,,
2026-09-30,2026-09-30,CM,NSE,STK,31942,INE1W0N01014,GENXAI,SM,,,,,GENXAI ANALYTICS LIMITED,88.95,90.75,86.00,90.75,90.75,75.65,,90.75,,,237600,21044760.00,164,F1,1200,,,,,
2026-09-30,2026-09-30,CM,NSE,STK,11896,INE007B01023,GEOJITFSL,EQ,,,,,GEOJIT FINANCIAL SER L,76.76,78.29,76.10,76.59,76.60,76.76,,76.59,,,205675,15834899.54,2800,F1,1,,,,,
2026-09-30,2026-09-30,CM,NSE,STK,1289,INE538A01037,GFLLIMITED,EQ,,,,,GFL LIMITED,56.85,56.85,54.51,54.94,54.61,55.70,,54.95,,,29988,1672004.80,987,F1,1,,,,,
2026-09-30,2026-09-30,CM,NSE,STK,1127,INE539A01019,GHCL,EQ,,,,,GHCL LIMITED,404.55,411.20,404.30,405.50,405.00,404.55,,405.50,,,106362,43410552.20,6528,F1,1,,,,,
2026-09-30,2026-09-30,CM,NSE,STK,16696,INE0PA801013,GHCLTEXTIL,EQ,,,,,GHCL TEXTILES LIMITED,132.04,136.44,128.15,128.90,130.45,132.27,,128.91,,,528612,69433743.21,16954,F1,1,,,,,
2026-09-30,2026-09-30,CM,NSE,STK,1139,INE289B01019,GICHSGFIN,EQ,,,,,GIC HOUSING FINANCE LTD,134.30,135.86,133.11,133.87,134.23,133.71,,133.87,,,80679,10818962.04,883,F1,1,,,,,
2026-09-30,2026-09-30,CM,NSE,STK,17839,INE047B01011,GILLANDERS,EQ,,,,,GILLANDERS ARBUTHNOT LTD,111.55,119.50,111.55,114.80,114.49,110.75,,114.77,,,117182,13695781.76,1416,F1,1,,,,,
2026-09-30,2026-09-30,CM,NSE,STK,1576,INE322A01010,GILLETTE,EQ,,,,,GILLETTE INDIA LTD,6965.00,7055.00,6956.00,7000.00,6993.00,6963.50,,6999.91,,,36059,252574041.50,6872,F1,1,,,,,
2026-09-30,2026-09-30,CM,NSE,STK,9294,INE424C01010,GINNIFILA,BE,,,,,GINNIFILAMENTS LTD.,40.44,40.89,39.70,40.50,40.67,40.01,,40.50,,,20188,814412.74,72,F1,1,,,,,
2026-09-30,2026-09-30,CM,NSE,STK,2365,INE614Z01017,GIRIRAJ,SM,,,,,GIRIRAJ CIVIL DEVP LTD,61.55,61.55,59.85,59.85,59.85,63.00,,59.85,,,5500,332312.50,19,F1,250,,,,,
2026-09-30,2026-09-30,CM,NSE,STK,759048,INE1AG301022,GKENERGY,EQ,,,,,GK ENERGY LIMITED,119.03,128.89,119.03,119.88,119.80,119.40,,119.88,,,1278697,157298448.40,13258,F1,1,,,,,
2026-09-30,2026-09-30,CM,NSE,STK,764688,INE265D01015,GKB,EQ,,,,,GKB OPHTHALMICS LTD.,65.93,69.75,64.00,64.33,64.35,65.93,,64.33,,,4797,314005.82,107,F1,1,,,,,
2026-09-30,2026-09-30,CM,NSE,STK,17357,INE528A01020,GKWLIMITED,EQ,,,,,GKW LIMITED,1542.10,1570.00,1530.20,1550.00,1569.90,1542.00,,1550.00,,,46,71108.20,13,F1,1,,,,,
2026-09-30,2026-09-30,CM,NSE,STK,1186,INE068V01023,GLAND,EQ,,,,,GLAND PHARMA LIMITED,2990.00,3007.70,2872.00,2899.40,2905.00,2989.70,,2899.49,,,528548,1555215750.70,48457,F1,1,,,,,
2026-09-30,2026-09-30,CM,NSE,STK,766005,INE644Q01039,GLASSWALL,EQ,,,,,GLASS WALL SYSTEM (I) LTD,283.40,293.28,276.01,282.00,280.56,286.55,,282.00,,,10083480,2856153605.64,101366,F1,1,,,,,
2026-09-30,2026-09-30,CM,NSE,STK,1153,INE159A01016,GLAXO,EQ,,,,,GLAXOSMITHKLINE PHARMA LT,2783.80,2813.60,2752.10,2769.30,2780.10,2783.80,,2769.29,,,45801,127141263.40,10225,F1,1,,,,,
2026-09-30,2026-09-30,CM,NSE,STK,7406,INE935A01035,GLENMARK,EQ,,,,,GLENMARK PHARMACEUTICALS,2391.00,2410.00,2334.70,2334.70,2334.70,2441.50,,2328.61,,,1261905,2999614989.80,60710,F1,1,,,,,
2026-09-30,2026-09-30,CM,NSE,STK,1415,INE291W01037,GLOBAL,EQ,,,,,GLOBAL EDUCATION LIMITED,133.00,138.98,132.00,132.80,132.00,133.01,,132.80,,,145033,19455151.42,1735,F1,1,,,,,
2026-09-30,2026-09-30,CM,NSE,STK,11956,INE474Q01031,MEDANTA,EQ,,,,,GLOBAL HEALTH LIMITED,1426.70,1429.10,1352.40,1365.00,1368.00,1415.10,,1364.99,,,457701,630560989.20,52336,F1,1,,,,,
2026-09-30,2026-09-30,CM,NSE,STK,17167,INE0PS501019,GLOBALPET,SM,,,,,GLOBAL PET INDUSTRIES LTD,169.95,175.00,169.95,174.20,175.00,168.00,,174.20,,,10500,1828912.50,12,F1,750,,,,,
2026-09-30,2026-09-30,CM,NSE,STK,14599,INE0JSX01015,GSLSU,EQ,,,,,GLOBAL SURFACES LIMITED,31.87,31.87,30.26,31.00,30.90,30.74,,31.00,,,34789,1071824.21,730,F1,1,,,,,
2026-09-30,2026-09-30,CM,NSE,STK,13735,INE792H01019,GLOBALVECT,EQ,,,,,GLOBAL VEC HELICORP LTD,135.98,135.98,127.00,127.58,127.05,131.98,,127.62,,,7330,948918.63,318,F1,1,,,,,
2026-09-30,2026-09-30,CM,NSE,STK,24932,INE0URU01010,GLOBALE,EQ,,,,,GLOBALE TESSILE LIMITED,10.64,11.15,10.11,10.31,10.15,10.64,,10.31,,,16320,169202.30,48,F1,1,,,,,
2026-09-30,2026-09-30,CM,NSE,STK,758572,INE0V3U01015,GLOBECIVIL,EQ,,,,,GLOBE CIVIL PROJECTS LTD,41.23,43.45,41.23,41.53,41.50,42.06,,41.53,,,30345,1276957.35,861,F1,1,,,,,
2026-09-30,2026-09-30,CM,NSE,STK,393,INE581X01021,GLOBE,EQ,,,,,GLOBE ENTERPRISE (I) LTD,2.14,2.18,2.11,2.14,2.14,2.14,,2.14,,,406477,874837.28,224,F1,1,,,,,
2026-09-30,2026-09-30,CM,NSE,STK,761021,INE947T01022,GICL,BE,,,,,GLOBE INTL CARRIERS LTD,22.30,23.00,22.21,22.83,22.98,23.12,,22.83,,,200478,4539328.41,189,F1,1,,,,,
2026-09-30,2026-09-30,CM,NSE,STK,9764,INE00WS01056,GSTL,SM,,,,,GLOBESECURE TECHNO LTD,11.40,11.40,10.85,10.85,10.85,11.40,,10.85,,,2000,22250.00,2,F1,1000,,,,,
2026-09-30,2026-09-30,CM,NSE,STK,17424,INE615I01010,GLOBUSSPR,EQ,,,,,GLOBUS SPIRITS LTD,804.80,826.35,782.60,786.45,784.50,804.80,,786.51,,,136954,109473803.85,7116,F1,1,,,,,
2026-09-30,2026-09-30,CM,NSE,STK,23590,INE350Z01018,GLOSTERLTD,EQ,,,,,GLOSTER LIMITED,553.90,553.90,545.40,546.10,549.90,539.25,,546.10,,,238,130555.00,31,F1,1,,,,,
2026-09-30,2026-09-30,CM,NSE,STK,760116,INE0TQE01026,GLOTTIS,EQ,,,,,GLOTTIS LIMITED,61.04,63.79,60.11,62.88,62.49,61.02,,62.71,,,97164,6046929.11,1544,F1,1,,,,,
2026-09-30,2026-09-30,CM,NSE,STK,1570,INE541A01023,GMMPFAUDLR,EQ,,,,,GMM PFAUDLER LIMITED,1489.90,1509.00,1444.00,1466.70,1465.00,1477.10,,1466.70,,,164451,243253588.20,18219,F1,1,,,,,
2026-09-30,2026-09-30,CM,NSE,STK,13528,INE776C01039,GMRAIRPORT,EQ,,,,,GMR AIRPORTS LIMITED,94.80,95.34,93.29,95.15,95.15,93.75,,95.15,,,16281025,1537681015.40,46517,F1,1,,,,,
2026-09-30,2026-09-30,CM,NSE,STK,8529,INE0CU601026,GMRP&UI,EQ,,,,,GMR POW AND URBAN INFRA L,100.72,106.84,100.72,105.38,104.00,100.72,,105.30,,,3679473,383401821.20,28551,F1,1,,,,,
2026-09-30,2026-09-30,CM,NSE,STK,18571,INE934S01014,GNA,EQ,,,,,GNA AXLES LIMITED,599.00,612.00,585.65,598.35,599.95,593.75,,598.36,,,510171,305568846.65,15474,F1,1,,,,,
2026-09-30,2026-09-30,CM,NSE,STK,757894,INE18JU01028,EBGNG,BL,,,,,GNG ELECTRONICS LIMITED,674.80,674.80,674.80,674.80,674.80,390.00,,674.80,,,3420345,2308048806.00,3,F1,999999999,,,,,
2026-09-30,2026-09-30,CM,NSE,STK,757862,INE18JU01028,EBGNG,EQ,,,,,GNG ELECTRONICS LIMITED,700.05,711.45,684.90,686.75,687.00,674.80,,686.75,,,906069,632620970.50,35807,F1,1,,,,,
2026-09-30,2026-09-30,CM,NSE,STK,23799,INE03JT01014,GODIGIT,EQ,,,,,GO DIGIT GENERAL INS LTD,251.05,261.90,251.05,260.05,260.00,253.20,,260.05,,,1467678,380606676.65,18221,F1,1,,,,,
2026-09-30,2026-09-30,CM,NSE,STK,6964,INE0BJS01011,GOCOLORS,EQ,,,,,GO FASHION INDIA LTD,306.90,311.00,298.50,300.75,300.00,304.30,,300.78,,,74451,22679916.70,2058,F1,1,,,,,
2026-09-30,2026-09-30,CM,NSE,STK,14687,INE426D01013,GOACARBON,EQ,,,,,GOA CARBON LIMITED,408.85,414.45,401.30,404.95,405.85,408.85,,404.95,,,17841,7281742.90,1223,F1,1,,,,,
2026-09-30,2026-09-30,CM,NSE,STK,3963,INE077F01035,GOCLCORP,EQ,,,,,GOCL CORPORATION LIMITED,364.70,370.60,360.65,362.45,360.65,363.65,,362.45,,,64481,23563659.90,2914,F1,1,,,,,
2026-09-30,2026-09-30,CM,NSE,STK,25941,INE497S01012,GODAVARIB,EQ,,,,,GODAVARI BIOREFINERIES L,236.79,237.00,230.00,232.01,230.01,236.48,,232.02,,,112434,26173744.69,1829,F1,1,,,,,
2026-09-30,2026-09-30,CM,NSE,STK,13409,INE177H01039,GPIL,EQ,,,,,GODAWARI POW & ISP LTD,223.05,226.00,221.00,222.34,222.41,221.35,,222.34,,,919919,205823294.96,20593,F1,1,,,,,
2026-09-30,2026-09-30,CM,NSE,STK,1181,INE260B01028,GODFRYPHLP,EQ,,,,,GODFREY PHILLIPS INDIA LT,1882.50,1932.00,1882.10,1891.80,1891.80,1862.00,,1892.30,,,240882,461887292.10,22332,F1,1,,,,,
2026-09-30,2026-09-30,CM,NSE,STK,144,INE850D01014,GODREJAGRO,EQ,,,,,GODREJ AGROVET LIMITED,629.00,641.45,620.95,623.55,620.95,631.70,,623.52,,,114004,71629845.80,12466,F1,1,,,,,
2026-09-30,2026-09-30,CM,NSE,STK,10099,INE102D01028,GODREJCP,EQ,,,,,GODREJ CONSUMER PRODUCTS,855.00,857.95,848.00,850.00,850.00,855.00,,850.00,,,1632650,1392317295.00,40502,F1,1,,,,,
2026-09-30,2026-09-30,CM,NSE,STK,10925,INE233A01035,GODREJIND,EQ,,,,,GODREJ INDUSTRIES LTD,1048.00,1069.00,1036.00,1039.40,1038.70,1055.70,,1039.33,,,37170,38954324.80,7771,F1,1,,,,,
2026-09-30,2026-09-30,CM,NSE,STK,17875,INE484J01027,GODREJPROP,EQ,,,,,GODREJ PROPERTIES LTD,1640.60,1659.60,1623.40,1628.50,1628.50,1634.40,,1628.51,,,832521,1365699788.90,32063,F1,1,,,,,
2026-09-30,2026-09-30,CM,NSE,STK,27405,IN0020240167,664GS2027,GS,,,,,GOI LOAN   6.64% 2027,102.60,102.74,102.00,102.74,102.74,101.55,,102.74,,,4608,472721.92,3,F1,1,,,,,
2026-09-30,2026-09-30,CM,NSE,STK,28530,IN0020240183,675GS2029,GS,,,,,GOI LOAN   6.75% 2029,100.68,101.00,100.68,101.00,101.00,101.22,,101.00,,,200,20168.00,2,F1,1,,,,,
2026-09-30,2026-09-30,CM,NSE,STK,24705,IN0020240100,697GR2034,GS,,,,,GOI LOAN   6.97% 2034,98.00,98.00,97.99,97.99,97.99,97.25,,97.99,,,254,24889.75,2,F1,1,,,,,
2026-09-30,2026-09-30,CM,NSE,STK,27170,IN0020240142,709GS2074,GS,,,,,GOI LOAN   7.09% 2074,95.10,95.10,94.70,94.78,94.72,94.85,,94.97,,,19842,1884664.57,14,F1,1,,,,,
2026-09-30,2026-09-30,CM,NSE,STK,757753,IN0020250034,591GS2028,GS,,,,,GOI LOAN  5.91% 2028,99.55,99.80,99.55,99.80,99.80,99.55,,99.80,,,300,29892.00,3,F1,1,,,,,
2026-09-30,2026-09-30,CM,NSE,STK,5012,IN0020210095,610GS2031,GS,,,,,GOI LOAN  6.10% 2031,99.75,99.75,99.75,99.75,99.75,97.00,,99.75,,,1,99.75,1,F1,1,,,,,
2026-09-30,2026-09-30,CM,NSE,STK,756890,IN0020250026,633GS2035,GS,,,,,GOI LOAN  6.33% 2035,96.03,100.35,96.03,100.35,100.35,96.57,,100.35,,,101,9703.35,2,F1,1,,,,,
2026-09-30,2026-09-30,CM,NSE,STK,761020,IN0020250141,636GS2031,GS,,,,,GOI LOAN  6.36% 2031,98.10,99.00,98.00,99.00,99.00,98.01,,99.00,,,406,39918.01,6,F1,1,,,,,
2026-09-30,2026-09-30,CM,NSE,STK,759396,IN0020250091,648GS2035,GS,,,,,GOI LOAN  6.48% 2035,97.35,98.00,97.34,98.00,98.00,97.31,,98.00,,,150,14634.50,3,F1,1,,,,,
2026-09-30,2026-09-30,CM,NSE,STK,765941,IN0020260074,653GS2031,GS,,,,,GOI LOAN  6.53% 2031,98.00,98.00,98.00,98.00,98.00,97.75,,98.00,,,100,9800.00,1,F1,1,,,,,
2026-09-30,2026-09-30,CM,NSE,STK,7843,IN0020210244,654GS2032,GS,,,,,GOI LOAN  6.54% 2032,98.25,99.45,98.10,99.10,99.10,98.40,,99.28,,,12210,1203109.50,14,F1,1,,,,,
2026-09-30,2026-09-30,CM,NSE,STK,956,IN0020200252,667GS2050,GS,,,,,GOI LOAN  6.67% 2050,92.00,92.00,91.20,91.60,91.60,92.37,,91.60,,,4336,397139.15,20,F1,1,,,,,
2026-09-30,2026-09-30,CM,NSE,STK,760623,IN0020250133,668GS2033,GS,,,,,GOI LOAN  6.68% 2033,100.00,100.00,99.00,99.00,99.00,97.78,,99.00,,,1200,119100.00,2,F1,1,,,,,
2026-09-30,2026-09-30,CM,NSE,STK,757847,IN0020250042,668GS2040,GS,,,,,GOI LOAN  6.68% 2040,98.38,98.38,97.50,98.00,98.00,98.00,,98.00,,,50100,4909851.46,4,F1,1,,,,,
2026-09-30,2026-09-30,CM,NSE,STK,2317,IN0020200401,676GS2061,GS,,,,,GOI LOAN  6.76% 2061,90.20,90.20,89.30,89.60,89.60,89.50,,89.60,,,12389,1108387.20,57,F1,1,,,,,
2026-09-30,2026-09-30,CM,NSE,STK,25736,IN0020240126,679GS2034,GS,,,,,GOI LOAN  6.79% 2034,99.70,101.50,99.70,101.50,101.50,100.00,,101.50,,,40002,3997203.00,10,F1,1,,,,,
2026-09-30,2026-09-30,CM,NSE,STK,22438,IN0020200187,68GS2060,GS,,,,,GOI LOAN  6.8% 2060,91.55,91.55,91.38,91.38,91.38,91.15,,91.38,,,9221,842616.78,26,F1,1,,,,,
2026-09-30,2026-09-30,CM,NSE,STK,756014,IN0020250018,690GS2065,GS,,,,,GOI LOAN  6.90% 2065,93.00,93.40,92.62,93.30,93.30,93.00,,92.86,,,9097,849225.12,15,F1,1,,,,,
2026-09-30,2026-09-30,CM,NSE,STK,763340,IN0020260025,694GS2036,GS,,,,,GOI LOAN  6.94% 2036,101.02,101.96,101.02,101.78,101.78,101.87,,101.78,,,2714,276338.30,12,F1,1,,,,,
2026-09-30,2026-09-30,CM,NSE,STK,6817,IN0020210202,695GS2061,GS,,,,,GOI LOAN  6.95% 2061,93.00,93.00,93.00,93.00,93.00,93.00,,93.00,,,6,558.00,4,F1,1,,,,,
2026-09-30,2026-09-30,CM,NSE,STK,6696,IN0020210194,699GS2051,GS,,,,,GOI LOAN  6.99% 2051,96.40,96.40,96.40,96.40,96.40,96.35,,96.40,,,375,36150.00,1,F1,1,,,,,
2026-09-30,2026-09-30,CM,NSE,STK,23854,IN0020240043,702GS2027,GS,,,,,GOI LOAN  7.02% 2027,102.50,103.00,102.50,102.98,102.98,102.30,,102.98,,,5750,592240.14,13,F1,1,,,,,
2026-09-30,2026-09-30,CM,NSE,STK,14970,IN0020230010,706GS2028,GS,,,,,GOI LOAN  7.06% 2028,103.75,103.75,103.50,103.50,103.50,103.75,,103.50,,,2415,249977.50,3,F1,1,,,,,
2026-09-30,2026-09-30,CM,NSE,STK,24949,IN0020240118,709GS2054,GS,,,,,GOI LOAN  7.09% 2054,95.49,95.49,95.49,95.49,95.49,95.49,,96.12,,,1,95.49,1,F1,1,,,,,
2026-09-30,2026-09-30,CM,NSE,STK,23463,IN0020240019,71GS2034,GS,,,,,GOI LOAN  7.1% 2034,108.67,108.67,101.87,104.25,104.25,103.95,,104.25,,,702,71521.92,3,F1,1,,,,,
2026-09-30,2026-09-30,CM,NSE,STK,15050,IN0020230036,717GS2030,GS,,,,,GOI LOAN  7.17% 2030,103.17,104.70,103.17,104.47,104.70,103.70,,104.47,,,23414,2417325.87,14,F1,1,,,,,
2026-09-30,2026-09-30,CM,NSE,STK,18025,IN0020230085,718GS2033,GS,,,,,GOI LOAN  7.18% 2033,101.20,101.20,100.50,101.20,101.20,102.00,,101.00,,,2657,268887.00,7,F1,1,,,,,
2026-09-30,2026-09-30,CM,NSE,STK,17398,IN0020230077,718GS2037,GS,,,,,GOI LOAN  7.18% 2037,101.20,102.48,101.00,102.28,102.45,101.50,,102.28,,,45620,4643747.76,38,F1,1,,,,,
2026-09-30,2026-09-30,CM,NSE,STK,23518,IN0020240027,723GS2039,GS,,,,,GOI LOAN  7.23% 2039,103.01,103.01,103.01,103.01,103.01,103.00,,103.01,,,100,10301.00,1,F1,1,,,,,
2026-09-30,2026-09-30,CM,NSE,STK,758674,IN0020250075,724GS2055,GS,,,,,GOI LOAN  7.24% 2055,96.50,96.55,96.00,96.55,96.55,96.07,,96.55,,,15735,1512863.55,33,F1,1,,,,,
2026-09-30,2026-09-30,CM,NSE,STK,16733,IN0020230044,725GS2063,GS,,,,,GOI LOAN  7.25% 2063,96.50,96.50,96.00,96.14,96.35,96.08,,96.15,,,104873,10095296.82,98,F1,1,,,,,
2026-09-30,2026-09-30,CM,NSE,STK,10722,IN0020220060,726GS2032,GS,,,,,GOI LOAN  7.26% 2032,100.44,103.50,100.44,102.49,102.50,101.05,,102.49,,,1505,153302.54,6,F1,1,,,,,
2026-09-30,2026-09-30,CM,NSE,STK,14051,IN0020220151,726GS2033,GS,,,,,GOI LOAN  7.26% 2033,101.90,101.90,101.00,101.00,101.00,101.20,,101.00,,,6000,610500.00,2,F1,1,,,,,
2026-09-30,2026-09-30,CM,NSE,STK,16865,IN0020230051,73GS2053,GS,,,,,GOI LOAN  7.3% 2053,98.00,98.00,97.70,97.86,97.86,97.55,,97.86,,,1305,127499.68,9,F1,1,,,,,
2026-09-30,2026-09-30,CM,NSE,STK,20136,IN0020230135,732GS2030,GS,,,,,GOI LOAN  7.32% 2030,103.24,103.24,103.24,103.24,103.24,104.00,,103.24,,,200,20648.00,2,F1,1,,,,,
2026-09-30,2026-09-30,CM,NSE,STK,19685,IN0020230119,733GS2026,GS,,,,,GOI LOAN  7.33% 2026,102.70,102.70,102.70,102.70,102.70,102.70,,102.70,,,100,10270.00,1,F1,1,,,,,
2026-09-30,2026-09-30,CM,NSE,STK,23558,IN0020240035,734GS2064,GS,,,,,GOI LOAN  7.34% 2064,98.80,98.89,98.61,98.86,98.61,98.43,,98.86,,,97115,9590848.26,80,F1,1,,,,,
2026-09-30,2026-09-30,CM,NSE,STK,10931,IN0020220086,736GS2052,GS,,,,,GOI LOAN  7.36% 2052,98.45,98.45,98.45,98.45,98.45,98.45,,98.45,,,140,13783.00,2,F1,1,,,,,
2026-09-30,2026-09-30,CM,NSE,STK,19566,IN0020230101,737GS2028,GS,,,,,GOI LOAN  7.37% 2028,104.26,104.26,104.26,104.26,104.26,104.31,,104.26,,,100,10426.00,1,F1,1,,,,,
2026-09-30,2026-09-30,CM,NSE,STK,10981,IN0020220094,74GS2062,GS,,,,,GOI LOAN  7.4% 2062,99.30,99.30,97.90,98.00,98.00,99.00,,98.00,,,2033,199230.80,26,F1,1,,,,,
2026-09-30,2026-09-30,CM,NSE,STK,13194,IN0020220102,741GS2036,GS,,,,,GOI LOAN  7.41% 2036,103.88,103.88,103.87,103.87,103.87,102.33,,103.87,,,50,5193.92,4,F1,1,,,,,
2026-09-30,2026-09-30,CM,NSE,STK,760649,IN0020250117,743GS2076,GS,,,,,GOI LOAN  7.43% 2076,98.99,99.09,98.31,99.00,99.09,98.70,,99.00,,,50993,5046228.91,34,F1,1,,,,,
2026-09-30,2026-09-30,CM,NSE,STK,19808,IN0020230127,746GS2073,GS,,,,,GOI LOAN  7.46% 2073,100.90,100.90,99.75,100.80,100.80,100.00,,100.80,,,1142,114063.70,5,F1,1,,,,,
2026-09-30,2026-09-30,CM,NSE,STK,763146,IN0020260017,750GS2056,GS,,,,,GOI LOAN  7.50% 2056,102.44,102.45,101.18,102.00,102.00,102.45,,102.00,,,330,33697.60,5,F1,1,,,,,
2026-09-30,2026-09-30,CM,NSE,STK,9585,IN0020220029,754GS2036,GS,,,,,GOI LOAN  7.54% 2036,105.40,105.40,104.55,104.82,104.92,104.76,,104.82,,,497717,52201996.67,205,F1,1,,,,,
2026-09-30,2026-09-30,CM,NSE,STK,766043,IN0020260082,763GS2056,GS,,,,,GOI LOAN  7.63% 2056,100.70,100.70,100.70,100.70,100.70,100.60,,100.70,,,2408,242485.60,4,F1,1,,,,,
2026-09-30,2026-09-30,CM,NSE,STK,763489,IN0020260033,771GS2066,GS,,,,,GOI LOAN  7.71% 2066,103.00,104.20,103.00,103.90,104.20,103.97,,103.90,,,5885,610956.61,13,F1,1,,,,,
2026-09-30,2026-09-30,CM,NSE,STK,7193,IN0020160092,662GS2051,GS,,,,,GOI LOAN 6.62% 2051,92.00,92.00,92.00,92.00,92.00,91.50,,92.00,,,1,92.00,1,F1,1,,,,,
2026-09-30,2026-09-30,CM,NSE,STK,9047,IN0020220011,710GS2029,GS,,,,,GOI LOAN 7.10% 2029,103.50,103.60,103.30,103.47,103.60,103.50,,103.47,,,12705,1314362.80,32,F1,1,,,,,
2026-09-30,2026-09-30,CM,NSE,STK,18474,IN0020200039,719GS2060,GS,,,,,GOI LOAN 7.19% 2060,98.00,98.00,95.50,95.50,95.50,94.00,,95.50,,,7,671.00,3,F1,1,,,,,
2026-09-30,2026-09-30,CM,NSE,STK,9913,IN0020220037,738GS2027,GS,,,,,GOI LOAN 7.38% 2027,102.50,102.80,102.41,102.50,102.59,102.40,,102.50,,,145266,14892812.67,43,F1,1,,,,,
2026-09-30,2026-09-30,CM,NSE,STK,6873,IN0020040039,75GS2034,GS,,,,,GOI LOAN 7.50% 2034,104.47,104.47,104.47,104.47,104.47,103.96,,104.47,,,500,52235.00,3,F1,1,,,,,
2026-09-30,2026-09-30,CM,NSE,STK,6884,IN0020060078,824GS2027,GS,,,,,GOI LOAN 8.24%2027,103.40,105.94,103.40,103.50,103.50,102.40,,103.50,,,3,312.84,3,F1,1,,,,,
2026-09-30,2026-09-30,CM,NSE,STK,7011,IN0020110055,897GS2030,GS,,,,,GOI LOAN 8.97% 2030,114.98,114.98,114.98,114.98,114.98,115.98,,114.98,,,3,344.94,1,F1,1,,,,,
2026-09-30,2026-09-30,CM,NSE,STK,7039,IN0020130053,92GS2030,GS,,,,,GOI LOAN 9.20% 2030,110.00,110.00,109.10,109.46,109.10,110.20,,110.12,,,30745,3376610.16,50,F1,1,,,,,
2026-09-30,2026-09-30,CM,NSE,STK,764427,IN002026Z185,364D050827,TB,,,,,GOI TBILL 364D-05/08/27,95.10,95.10,95.10,95.10,95.10,94.30,,94.80,,,9000,855900.00,3,F1,100,,,,,
2026-09-30,2026-09-30,CM,NSE,STK,759476,IN002025Z294,364D151026,TB,,,,,GOI TBILL 364D-15/10/26,99.30,99.30,99.30,99.30,99.30,99.30,,99.30,,,8300,824190.00,3,F1,100,,,,,
2026-09-30,2026-09-30,CM,NSE,STK,760030,IN002025Z351,364D261126,TB,,,,,GOI TBILL 364D-26/11/26,99.13,99.15,98.35,99.15,99.15,98.35,,99.15,,,14500,1433429.00,10,F1,100,,,,,
2026-09-30,2026-09-30,CM,NSE,STK,764330,IN002026Z177,364D290727,TB,,,,,GOI TBILL 364D-29/07/27,94.37,94.37,94.37,94.37,94.37,94.99,,94.37,,,9000,849330.00,2,F1,100,,,,,
2026-09-30,2026-09-30,CM,NSE,STK,759504,IN002025Z310,364D291026,TB,,,,,GOI TBILL 364D-29/10/26,99.00,99.57,99.00,99.25,99.25,99.00,,99.25,,,13100,1299330.00,12,F1,100,,,,,
2026-09-30,2026-09-30,CM,NSE,STK,765982,IN002026X230,91D101226,TB,,,,,GOI TBILL 91D-10/12/26,98.90,98.91,98.90,98.91,98.91,98.85,,98.91,,,6000,593459.00,2,F1,100,,,,,
2026-09-30,2026-09-30,CM,NSE,STK,764510,IN002026X198,91D121126,TB,,,,,GOI TBILL 91D-12/11/26,99.34,99.34,99.34,99.34,99.34,99.60,,99.03,,,7700,764918.00,1,F1,100,,,,,
2026-09-30,2026-09-30,CM,NSE,STK,765442,IN002026X214,91D271126,TB,,,,,GOI TBILL 91D-27/11/26,99.11,99.11,99.11,99.11,99.11,98.60,,99.11,,,2000,198220.00,1,F1,100,,,,,
2026-09-30,2026-09-30,CM,NSE,STK,11778,INE887G01027,GOKEX,EQ,,,,,GOKALDAS EXPORTS LTD.,678.55,709.00,678.55,687.80,684.00,678.55,,687.79,,,231795,161399437.65,12297,F1,1,,,,,
2026-09-30,2026-09-30,CM,NSE,STK,14480,INE314T01033,GOKULAGRO,EQ,,,,,GOKUL AGRO RESOURCES LTD,217.16,217.39,212.00,212.98,212.01,215.23,,212.98,,,116742,25072871.63,9896,F1,1,,,,,
2026-09-30,2026-09-30,CM,NSE,STK,16705,INE020J01029,GOKUL,EQ,,,,,GOKUL REFOILS & SOLV LTD,39.10,39.80,39.06,39.42,39.58,39.41,,39.42,,,142762,5648766.46,799,F1,1,,,,,
2026-09-30,2026-09-30,CM,NSE,STK,11619,INE973A01010,GOLDENTOBC,BZ,,,,,GOLDEN TOBACCO LIMITED,24.50,25.24,23.42,23.46,23.46,24.26,,23.46,,,312,7437.99,58,F1,1,,,,,
2026-09-30,2026-09-30,CM,NSE,STK,11971,INE025B01025,GOLDIAM,EQ,,,,,GOLDIAM INTERNATIONAL LTD,323.00,327.45,311.15,313.45,312.45,322.85,,313.45,,,331778,105445910.45,8724,F1,1,,,,,
2026-09-30,2026-09-30,CM,NSE,STK,13616,INE06MH01016,GOLDKART,SM,,,,,GOLDKART JEWELS LIMITED,107.00,107.00,107.00,107.00,107.00,107.10,,107.00,,,625,66875.00,1,F1,625,,,,,
2026-09-30,2026-09-30,CM,NSE,STK,1,INE405Y01021,GOLDSTAR,SM,,,,,GOLDSTAR POWER LIMITED,12.25,12.25,12.25,12.25,12.25,11.70,,12.25,,,56250,689062.50,5,F1,11250,,,,,
2026-09-30,2026-09-30,CM,NSE,STK,6125,INE127I01024,GOODLUCK,EQ,,,,,GOODLUCK INDIA LIMITED,526.00,531.50,503.30,508.05,506.70,528.60,,508.04,,,291149,150425029.90,12501,F1,1,,,,,
2026-09-30,2026-09-30,CM,NSE,STK,1205,INE533A01012,GOODYEAR,EQ,,,,,GOODYEAR INDIA LIMITED,713.90,713.90,700.10,703.15,700.50,702.55,,703.50,,,2595,1826783.05,495,F1,1,,,,,
2026-09-30,2026-09-30,CM,NSE,STK,23066,INE0L9R01028,GOPAL,EQ,,,,,GOPAL SNACKS LIMITED,252.90,255.05,250.20,250.95,251.55,253.00,,250.95,,,66870,16850525.75,3415,F1,1,,,,,
2026-09-30,2026-09-30,CM,NSE,STK,11787,INE705X01026,GOYALALUM,EQ,,,,,GOYAL ALUMINIUMS LIMITED,6.05,6.06,5.68,5.86,5.84,5.88,,5.86,,,68542,405150.32,391,F1,1,,,,,
2026-09-30,2026-09-30,CM,NSE,STK,24108,INE0S7E01015,GPECO,SM,,,,,GP ECO SOLUTIONS INDIA L,404.40,404.40,392.00,393.60,393.95,396.35,,393.60,,,4000,1584220.00,19,F1,200,,,,,
2026-09-30,2026-09-30,CM,NSE,STK,11584,INE586G01017,GULFPETRO,BE,,,,,GP PETROLEUMS LIMITED,60.00,62.50,60.00,60.72,60.70,60.51,,60.72,,,39828,2439028.68,184,F1,1,,,,,
2026-09-30,2026-09-30,CM,NSE,STK,22846,INE486R01017,GPTHEALTH,EQ,,,,,GPT HEALTHCARE LIMITED,153.15,156.18,150.00,150.74,150.00,153.80,,150.74,,,71224,10874994.46,2248,F1,1,,,,,
2026-09-30,2026-09-30,CM,NSE,STK,17685,INE390G01014,GPTINFRA,EQ,,,,,GPT INFRAPROJECTS LTD,116.57,119.40,114.10,118.34,118.50,115.72,,118.29,,,162220,19023349.84,2564,F1,1,,,,,
2026-09-30,2026-09-30,CM,NSE,STK,763301,INE361K01017,GRADIENTE,BE,,,,,GRADIENTE INFOTAINMENT L,2.23,2.25,2.23,2.25,2.25,2.15,,2.25,,,1396620,3141975.01,170,F1,1,,,,,
2026-09-30,2026-09-30,CM,NSE,STK,30286,INE12E301017,GCHOTELS,SM,,,,,GRAND CONTINENT HOTELS L,122.00,125.95,112.65,119.60,123.90,124.75,,119.60,,,82200,9763920.00,106,F1,600,,,,,
2026-09-30,2026-09-30,CM,NSE,STK,11079,INE534A01028,GFSTEELS,BE,,,,,GRAND FOUNDRY LTD,37.55,37.55,37.55,37.55,37.55,35.77,,37.55,,,3972,149148.60,18,F1,1,,,,,
2026-09-30,2026-09-30,CM,NSE,STK,762695,INE926B01016,GRANDOAK,EQ,,,,,GRAND OAK CANYONS DIST L,35.01,35.01,33.94,34.19,34.74,35.72,,34.23,,,1400,47990.27,46,F1,1,,,,,
2026-09-30,2026-09-30,CM,NSE,STK,11872,INE101D01020,GRANULES,EQ,,,,,GRANULES INDIA LIMITED,867.00,884.00,844.00,846.55,844.00,866.75,,846.56,,,819196,704960773.05,33936,F1,1,,,,,
2026-09-30,2026-09-30,CM,NSE,STK,20454,INE0POU01017,GRAPHISAD,SM,,,,,GRAPHISADS LIMITED,25.00,25.20,24.15,25.20,25.20,25.40,,25.20,,,38400,938760.00,28,F1,1200,,,,,
2026-09-30,2026-09-30,CM,NSE,STK,592,INE371A01025,GRAPHITE,EQ,,,,,GRAPHITE INDIA LTD,780.00,801.00,757.25,764.80,768.80,801.55,,764.75,,,2394392,1856389586.00,74949,F1,1,,,,,
2026-09-30,2026-09-30,CM,NSE,STK,1232,INE047A01021,GRASIM,EQ,,,,,GRASIM INDUSTRIES LTD,3100.00,3112.30,3046.40,3061.90,3061.90,3100.00,,3061.90,,,448156,1375918981.00,35657,F1,1,,,,,
2026-09-30,2026-09-30,CM,NSE,STK,5200,INE266D01021,GRAUWEIL,EQ,,,,,GRAUER & WEIL IND LTD,83.98,85.28,82.50,82.77,82.88,82.78,,82.77,,,394032,33033847.73,3912,F1,1,,,,,
2026-09-30,2026-09-30,CM,NSE,STK,762703,INE214F01026,GRAVISSHO,BE,,,,,GRAVISS HOSPITALITY LTD.,32.10,32.10,30.81,31.60,30.94,32.10,,31.60,,,1544,47854.81,21,F1,1,,,,,
2026-09-30,2026-09-30,CM,NSE,STK,20534,INE024L01027,GRAVITA,EQ,,,,,GRAVITA INDIA LIMITED,1459.70,1472.90,1439.70,1447.40,1455.50,1446.90,,1447.42,,,221058,321532939.60,21766,F1,1,,,,,
2026-09-30,2026-09-30,CM,NSE,STK,1235,INE224A01026,GREAVESCOT,EQ,,,,,GREAVES COTTON LTD.,235.75,240.40,227.30,230.28,227.50,234.99,,230.29,,,2034376,478578090.82,30656,F1,1,,,,,
2026-09-30,2026-09-30,CM,NSE,STK,17092,INE0O7P01015,GREENCHEF,SM,,,,,GREENCHEF APPLIANCES LTD,73.00,74.40,71.20,71.20,71.20,72.00,,71.20,,,5600,408360.00,6,F1,800,,,,,
2026-09-30,2026-09-30,CM,NSE,STK,6848,INE544R01021,GREENLAM,EQ,,,,,GREENLAM INDUSTRIES LTD.,215.40,218.59,211.00,212.85,212.63,214.30,,212.85,,,64940,13911104.18,1686,F1,1,,,,,
2026-09-30,2026-09-30,CM,NSE,STK,759424,INE0PLX01017,GREENLEAF,SM,,,,,GREENLEAF ENVIROTECH LTD,116.00,117.90,116.00,117.90,117.90,112.30,,117.90,,,13000,1528650.00,13,F1,1000,,,,,
2026-09-30,2026-09-30,CM,NSE,STK,13810,INE08ZM01014,GREENPANEL,EQ,,,,,GREENPANEL INDUSTRIES LTD,159.96,164.67,158.00,160.32,158.25,159.05,,160.33,,,811571,130774122.12,6150,F1,1,,,,,
2026-09-30,2026-09-30,CM,NSE,STK,3987,INE461C01038,GREENPLY,EQ,,,,,GREENPLY INDUSTRIES LTD,281.00,303.90,280.70,299.95,299.10,280.25,,299.95,,,859868,255910992.45,16991,F1,1,,,,,
2026-09-30,2026-09-30,CM,NSE,STK,758986,INE199P01028,GCSL,EQ,,,,,GRETEX CORPORATE SERVICES,667.50,682.50,666.75,675.85,675.05,666.25,,675.85,,,247015,166675790.95,3906,F1,1,,,,,
2026-09-30,2026-09-30,CM,NSE,STK,13560,INE536A01023,GRINDWELL,EQ,,,,,GRINDWELL NORTON LIMITED,1916.00,2016.00,1916.00,1994.10,1985.00,1916.70,,1994.05,,,63047,125634695.50,13979,F1,1,,,,,
2026-09-30,2026-09-30,CM,NSE,STK,10871,INE192H01020,GRMOVER,EQ,,,,,GRM OVERSEAS LIMITED,79.46,80.30,78.06,78.92,78.06,78.76,,78.92,,,943352,74728903.66,3632,F1,1,,,,,
2026-09-30,2026-09-30,CM,NSE,STK,760971,INE1TY801010,GJL,ST,,,,,GROVER JEWELLS LIMITED,447.85,447.85,447.85,447.85,447.85,426.55,,447.85,,,4800,2149680.00,6,F1,800,,,,,
2026-09-30,2026-09-30,CM,NSE,STK,764285,INF666M01PH7,CEMNTGROWW,EQ,,,,,GROWWAMC - CEMNTGROWW,13.89,13.97,13.75,13.86,13.86,13.72,,13.86,,,36281,502216.61,272,F1,1,,,,,
2026-09-30,2026-09-30,CM,NSE,STK,760051,INF666M01MM4,GROWWCAPM,EQ,,,,,GROWWAMC - GROWWCAPM,10.79,10.92,10.71,10.76,10.78,10.79,,10.76,,,997429,10722476.43,1204,F1,1,,,,,
2026-09-30,2026-09-30,CM,NSE,STK,760673,INF666M01NP5,GROWWCHEM,EQ,,,,,GROWWAMC - GROWWCHEM,28.50,28.81,28.18,28.37,28.46,28.50,,28.37,,,20916,596627.33,217,F1,1,,,,,
2026-09-30,2026-09-30,CM,NSE,STK,25758,INF666M01IO8,GROWWDEFNC,EQ,,,,,GROWWAMC - GROWWDEFNC,93.06,93.52,91.70,92.51,92.90,93.06,,92.52,,,123682,11476255.65,1823,F1,1,,,,,
2026-09-30,2026-09-30,CM,NSE,STK,24798,INF666M01IH2,GROWWEV,EQ,,,,,GROWWAMC - GROWWEV,30.31,30.97,30.30,30.59,30.68,30.28,,30.59,,,121403,3732768.31,1255,F1,1,,,,,
2026-09-30,2026-09-30,CM,NSE,STK,25872,INF666M01OE7,GROWWGOLD,EQ,,,,,GROWWAMC - GROWWGOLD,14.29,14.47,14.22,14.33,14.40,14.25,,14.33,,,8272551,119126827.83,5311,F1,1,,,,,
2026-09-30,2026-09-30,CM,NSE,STK,760874,INF666M01OD9,GROWWHOSPI,EQ,,,,,GROWWAMC - GROWWHOSPI,51.00,51.07,47.41,48.11,48.70,50.48,,48.10,,,2028190,97703700.55,6695,F1,1,,,,,
2026-09-30,2026-09-30,CM,NSE,STK,25447,INF666M01IP5,GROWWLIQID,EQ,,,,,GROWWAMC - GROWWLIQID,110.96,110.96,110.95,110.95,110.95,110.94,,110.95,,,247098,27416850.27,198,F1,1,,,,,
2026-09-30,2026-09-30,CM,NSE,STK,758300,INF666M01LB9,GROWWLOVOL,EQ,,,,,GROWWAMC - GROWWLOVOL,9.81,10.10,9.81,9.86,9.88,9.89,,9.86,,,5551,55047.13,93,F1,1,,,,,
2026-09-30,2026-09-30,CM,NSE,STK,759719,INF666M01MV5,GROWWMC150,EQ,,,,,GROWWAMC - GROWWMC150,224.80,227.86,219.38,227.14,227.86,222.58,,227.14,,,903,202459.04,22,F1,1,,,,,
2026-09-30,2026-09-30,CM,NSE,STK,760438,INF666M01NI0,GROWWMETAL,EQ,,,,,GROWWAMC - GROWWMETAL,12.26,12.44,12.23,12.24,12.27,12.26,,12.24,,,153679,1892209.60,977,F1,1,,,,,
2026-09-30,2026-09-30,CM,NSE,STK,756086,INF666M01KJ4,GROWWMOM50,EQ,,,,,GROWWAMC - GROWWMOM50,10.66,10.68,10.50,10.59,10.62,10.60,,10.59,,,114128,1211894.06,397,F1,1,,,,,
2026-09-30,2026-09-30,CM,NSE,STK,29872,INF666M01JV1,GROWWN200,EQ,,,,,GROWWAMC - GROWWN200,10.61,10.84,10.60,10.68,10.73,10.61,,10.68,,,42510,455664.04,203,F1,1,,,,,
2026-09-30,2026-09-30,CM,NSE,STK,757814,INF666M01LI4,GROWWNET,EQ,,,,,GROWWAMC - GROWWNET,10.40,10.49,10.00,10.01,10.01,10.21,,10.01,,,1218822,12254312.21,1145,F1,1,,,,,
2026-09-30,2026-09-30,CM,NSE,STK,758697,INF666M01LL8,GROWWNIFTY,EQ,,,,,GROWWAMC - GROWWNIFTY,9.01,9.35,9.01,9.18,9.23,9.25,,9.18,,,756450,6965733.98,3480,F1,1,,,,,
2026-09-30,2026-09-30,CM,NSE,STK,759458,INF666M01LZ8,GROWWNXT50,EQ,,,,,GROWWAMC - GROWWNXT50,70.75,71.00,69.75,70.30,70.50,70.40,,70.30,,,4299,303124.65,64,F1,1,,,,,
2026-09-30,2026-09-30,CM,NSE,STK,758165,INF666M01LM6,GROWWPOWER,EQ,,,,,GROWWAMC - GROWWPOWER,10.91,11.01,10.72,10.84,10.86,10.90,,10.84,,,1718738,18701836.64,2186,F1,1,,,,,
2026-09-30,2026-09-30,CM,NSE,STK,760976,INF666M01NQ3,GROWWPSE,EQ,,,,,GROWWAMC - GROWWPSE,96.48,97.20,93.50,94.02,93.50,95.16,,94.02,,,10573,999526.54,126,F1,1,,,,,
2026-09-30,2026-09-30,CM,NSE,STK,761514,INF666M01OG2,GROWWPSUBK,EQ,,,,,GROWWAMC - GROWWPSUBK,81.00,82.60,79.25,82.17,82.60,80.87,,82.17,,,11236,913590.43,144,F1,1,,,,,
2026-09-30,2026-09-30,CM,NSE,STK,29527,INF666M01JJ6,GROWWRAIL,EQ,,,,,GROWWAMC - GROWWRAIL,26.22,27.11,26.10,26.55,26.94,26.23,,26.55,,,1325731,35483894.22,3902,F1,1,,,,,
2026-09-30,2026-09-30,CM,NSE,STK,759428,INF666M01MN2,GROWWRLTY,EQ,,,,,GROWWAMC - GROWWRLTY,9.40,9.55,9.27,9.48,9.41,9.36,,9.48,,,89223,843400.88,382,F1,1,,,,,
2026-09-30,2026-09-30,CM,NSE,STK,759522,INF666M01MO0,GROWWSC250,EQ,,,,,GROWWAMC - GROWWSC250,10.39,10.40,10.30,10.32,10.36,10.30,,10.32,,,72436,749412.40,401,F1,1,,,,,
2026-09-30,2026-09-30,CM,NSE,STK,756827,INF666M01OF4,GROWWSLVR,EQ,,,,,GROWWAMC - GROWWSLVR,21.64,21.67,21.47,21.49,21.51,21.44,,21.49,,,1765536,38085436.53,3684,F1,1,,,,,
2026-09-30,2026-09-30,CM,NSE,STK,763572,INF666M01OT5,PVTBKGROWW,EQ,,,,,GROWWAMC - PVTBKGROWW,26.73,27.00,26.56,26.88,26.89,26.47,,26.88,,,37421,1001775.68,58,F1,1,,,,,
2026-09-30,2026-09-30,CM,NSE,STK,751745,INF666M01PG9,SMALLGROWW,EQ,,,,,GROWWAMC - SMALLGROWW,47.90,48.78,47.80,48.30,48.70,47.90,,48.30,,,5896,283667.88,60,F1,1,,,,,
2026-09-30,2026-09-30,CM,NSE,STK,6543,INE137I01015,GRPLTD,EQ,,,,,GRP LIMITED,1899.00,1935.90,1890.00,1898.60,1900.00,1899.40,,1898.63,,,628,1195063.70,124,F1,1,,,,,
2026-09-30,2026-09-30,CM,NSE,STK,23888,INE0SQY01018,GSMFOILS,SM,,,,,GSM FOILS LIMITED,81.65,81.65,77.00,77.65,77.00,78.10,,77.65,,,108500,8626550.00,172,F1,500,,,,,
2026-09-30,2026-09-30,CM,NSE,STK,762239,INE713R01022,GSPCROP,EQ,,,,,GSP CROP SCIENCE LIMITED,478.70,480.55,462.55,467.15,463.20,469.45,,467.16,,,261143,124127106.85,3436,F1,1,,,,,
2026-09-30,2026-09-30,CM,NSE,STK,766270,INE1TUG01013,GSPLTRANS,BE,,,,,GSPL TRANSMISSION LIMITED,152.00,159.60,144.40,144.40,144.40,150.00,,144.40,,,256372,38022313.15,2244,F1,1,,,,,
2026-09-30,2026-09-30,CM,NSE,STK,15347,INE871H01011,GSS,EQ,,,,,GSS INFOTECH LIMITED,10.97,10.97,10.18,10.37,10.21,10.25,,10.36,,,20250,211538.14,164,F1,1,,,,,
2026-09-30,2026-09-30,CM,NSE,STK,13745,INE221H01019,GTLINFRA,EQ,,,,,GTL INFRA.LTD,1.09,1.11,1.08,1.08,1.08,1.08,,1.08,,,28683315,31304906.21,10871,F1,1,,,,,
2026-09-30,2026-09-30,CM,NSE,STK,1162,INE043A01012,GTL,EQ,,,,,GTL LTD,6.73,6.96,6.73,6.88,6.86,6.75,,6.88,,,129838,894566.16,635,F1,1,,,,,
2026-09-30,2026-09-30,CM,NSE,STK,21195,INE869I01013,GTPL,EQ,,,,,GTPL HATHWAY LIMITED,54.12,55.48,54.00,54.86,54.50,54.11,,54.87,,,23329,1274826.62,499,F1,1,,,,,
2026-09-30,2026-09-30,CM,NSE,STK,11606,INE742B01025,GUFICBIO,EQ,,,,,GUFIC BIOSCIENCES LTD.,438.80,452.00,429.00,432.00,429.00,436.50,,431.99,,,150453,66508700.35,5275,F1,1,,,,,
2026-09-30,2026-09-30,CM,NSE,STK,1145,INE162A01010,GIPCL,EQ,,,,,GUJ IND POW CO. LTD,182.00,184.05,178.50,179.68,178.50,181.56,,179.67,,,195771,35442498.68,3660,F1,1,,,,,
2026-09-30,2026-09-30,CM,NSE,STK,1174,INE113A01013,GNFC,EQ,,,,,GUJ NAR VAL FER & CHEM L,611.00,621.70,603.00,604.40,603.00,611.50,,604.40,,,973991,594608042.25,20348,F1,1,,,,,
2026-09-30,2026-09-30,CM,NSE,STK,1247,INE026A01025,GSFC,EQ,,,,,GUJ STATE FERT & CHEM LTD,152.41,154.00,150.25,150.79,150.50,151.65,,150.79,,,768508,116634336.11,9533,F1,1,,,,,
2026-09-30,2026-09-30,CM,NSE,STK,14677,INE826C01016,GUJAPOLLO,EQ,,,,,GUJ. APOLLO IND. LTD.,330.90,333.75,324.25,330.00,330.00,330.65,,329.97,,,12761,4193730.90,550,F1,1,,,,,
2026-09-30,2026-09-30,CM,NSE,STK,1267,INE186A01019,GUJALKALI,EQ,,,,,GUJARAT ALKALIES & CHEM,621.00,626.90,612.20,618.85,614.55,627.15,,618.84,,,58668,36324097.40,3363,F1,1,,,,,
2026-09-30,2026-09-30,CM,NSE,STK,8828,INE036B01030,GAEL,EQ,,,,,GUJARAT AMBUJA EXPORTS LT,162.70,164.01,159.25,160.21,159.57,161.75,,160.21,,,271005,43764331.66,15085,F1,1,,,,,
2026-09-30,2026-09-30,CM,NSE,STK,10599,INE844O01030,GUJENERGY,EQ,,,,,GUJARAT ENERGY LIMITED,236.61,240.65,236.14,237.58,237.66,236.61,,237.58,,,951899,227268775.14,37565,F1,1,,,,,
2026-09-30,2026-09-30,CM,NSE,STK,13750,INE09N301011,FLUOROCHEM,EQ,,,,,GUJARAT FLUOROCHEM LTD,4420.10,4454.90,4358.10,4405.30,4400.00,4406.20,,4405.34,,,68354,300992296.20,13940,F1,1,,,,,
2026-09-30,2026-09-30,CM,NSE,STK,761197,INE0V0W01025,GKSL,EQ,,,,,GUJARAT KIDNEY N SUP SP L,177.52,184.40,176.38,179.05,178.20,175.89,,179.07,,,537362,97075844.77,10036,F1,1,,,,,
2026-09-30,2026-09-30,CM,NSE,STK,1156,INE540A01017,GLFL,EQ,,,,,GUJARAT LEASE FINANCING L,5.52,5.53,5.10,5.39,5.46,5.27,,5.39,,,11947,63758.87,62,F1,1,,,,,
2026-09-30,2026-09-30,CM,NSE,STK,5204,INE131A01031,GMDCLTD,EQ,,,,,GUJARAT MINERAL DEV CORP,515.00,524.40,506.00,507.70,507.00,513.20,,507.71,,,688502,353729209.25,23103,F1,1,,,,,
2026-09-30,2026-09-30,CM,NSE,STK,762690,INE207H01018,GNRL,EQ,,,,,GUJARAT NATURAL RES L,98.90,99.90,97.00,98.26,97.98,98.16,,98.27,,,854365,83379708.33,3943,F1,1,,,,,
2026-09-30,2026-09-30,CM,NSE,STK,19731,INE517F01014,GPPL,EQ,,,,,GUJARAT PIPAVAV PORT LTD,160.54,167.34,159.60,166.75,166.75,160.54,,166.75,,,1900735,314588100.22,21484,F1,1,,,,,
2026-09-30,2026-09-30,CM,NSE,STK,4548,INE610B01024,GUJRAFFIA,EQ,,,,,GUJARAT RAFFIA INDUST LTD,40.21,40.70,39.75,40.69,40.40,40.21,,40.69,,,2496,100692.98,34,F1,1,,,,,
2026-09-30,2026-09-30,CM,NSE,STK,29731,INE942C01045,GUJTHEM,EQ,,,,,GUJARAT THEMIS BIOSYN LTD,404.10,408.60,386.50,387.60,386.50,406.50,,387.61,,,187350,73822784.70,8962,F1,1,,,,,
2026-09-30,2026-09-30,CM,NSE,STK,4391,INE635Q01029,GULFOILLUB,EQ,,,,,GULF OIL LUB. IND. LTD.,1107.90,1128.70,1103.40,1125.40,1127.00,1105.80,,1125.42,,,61978,69589062.40,5097,F1,1,,,,,
2026-09-30,2026-09-30,CM,NSE,STK,6286,INE255D01024,GULPOLY,EQ,,,,,GULSHAN POLYOLS LIMITED,164.03,168.99,164.03,165.86,167.80,165.15,,165.87,,,44432,7395116.02,2136,F1,1,,,,,
2026-09-30,2026-09-30,CM,NSE,STK,759261,INE1CCX01012,GURUNANAK,SM,,,,,GURUNANAK AGRICULTUR IN L,34.05,34.15,34.05,34.15,34.15,35.05,,34.15,,,6400,218160.00,4,F1,1600,,,,,
2026-09-30,2026-09-30,CM,NSE,STK,13229,INE251H01024,GVKPIL,BE,,,,,GVK POW. & INFRA LTD.,2.56,2.56,2.56,2.56,2.56,2.61,,2.56,,,352294,901872.64,561,F1,1,,,,,
2026-09-30,2026-09-30,CM,NSE,STK,10866,INE382T01030,GVPTECH,BE,,,,,GVP INFOTECH LIMITED,7.75,8.11,7.35,7.95,8.00,7.73,,7.95,,,101330,784791.27,217,F1,1,,,,,
2026-09-30,2026-09-30,CM,NSE,STK,764050,INE724A01017,GYFTR,EQ,,,,,GYFTR LIMITED,154.18,166.00,154.18,159.16,160.00,156.36,,159.16,,,146651,23402068.65,4397,F1,1,,,,,
2026-09-30,2026-09-30,CM,NSE,STK,762712,INE640B01021,HBESD,EQ,,,,,H B ESTATE DEVELOPERS L,74.53,74.53,69.11,71.63,71.63,73.98,,71.63,,,200,14211.81,12,F1,1,,,,,
2026-09-30,2026-09-30,CM,NSE,STK,1672,INE926X01010,HGINFRA,EQ,,,,,H.G.INFRA ENGINEERING LTD,439.55,442.55,431.00,432.75,431.10,438.25,,432.76,,,125949,54728531.25,6686,F1,1,,,,,
2026-09-30,2026-09-30,CM,NSE,STK,760715,INE115S01010,HALDER,EQ,,,,,HALDER VENTURE LIMITED,241.35,258.80,239.65,245.75,258.80,241.00,,246.40,,,318,77885.55,104,F1,1,,,,,
2026-09-30,2026-09-30,CM,NSE,STK,762705,INE506D01020,HALDYNGL,EQ,,,,,HALDYN GLASS LTD.,156.00,163.78,154.00,154.46,154.00,154.15,,154.47,,,182272,28808974.67,2579,F1,1,,,,,
2026-09-30,2026-09-30,CM,NSE,STK,21551,INE320X01016,HALEOSLABS,EQ,,,,,HALEOS LABS LIMITED,1524.00,1529.00,1500.40,1501.40,1502.10,1487.90,,1501.40,,,776,1179742.00,42,F1,1,,,,,
2026-09-30,2026-09-30,CM,NSE,STK,765075,INE299D01022,HAMPTON,EQ,,,,,HAMPTON SKY REALTY LTD.,8.38,8.38,7.91,8.08,8.08,8.00,,8.08,,,13378,107397.12,63,F1,1,,,,,
2026-09-30,2026-09-30,CM,NSE,STK,13592,INE596H01014,HGM,EQ,,,,,HANDSON GBL MNGMNT LTD,43.40,43.40,42.05,42.56,42.50,42.85,,42.80,,,347,15026.87,18,F1,1,,,,,
2026-09-30,2026-09-30,CM,NSE,STK,48,INE419U01012,HAPPSTMNDS,EQ,,,,,HAPPIEST MINDS TECHNO LTD,308.70,315.25,308.65,310.60,310.00,308.70,,310.59,,,477766,149272549.45,10530,F1,1,,,,,
2026-09-30,2026-09-30,CM,NSE,STK,20854,INE330T01021,HAPPYFORGE,EQ,,,,,HAPPY FORGINGS LIMITED,2079.00,2107.00,2050.00,2067.20,2065.10,2074.80,,2067.18,,,57822,120511351.00,10112,F1,1,,,,,
2026-09-30,2026-09-30,CM,NSE,STK,764131,INE1GFG01011,HAPPY,SM,,,,,HAPPY STEELS LIMITED,74.70,76.80,74.70,76.00,76.00,74.70,,76.00,,,26000,1970300.00,13,F1,2000,,,,,
2026-09-30,2026-09-30,CM,NSE,STK,8962,INE626Z01029,HARDWYN,EQ,,,,,HARDWYN INDIA LIMITED,9.33,9.39,9.11,9.21,9.25,9.26,,9.21,,,302662,2793244.37,565,F1,1,,,,,
2026-09-30,2026-09-30,CM,NSE,STK,8968,INE00EV01017,HARIOMPIPE,EQ,,,,,HARIOM PIPE INDUSTRIES L,345.10,349.80,340.10,340.95,340.10,345.10,,340.96,,,38845,13371959.95,1940,F1,1,,,,,
2026-09-30,2026-09-30,CM,NSE,STK,764703,INE400G01011,HRYNSHP,EQ,,,,,HARIYANA SHIP BREAKERS L,96.50,97.00,95.00,96.00,96.00,96.01,,96.00,,,331,31784.81,25,F1,1,,,,,
2026-09-30,2026-09-30,CM,NSE,STK,1313,INE544A01019,HARRMALAYA,EQ,,,,,HARRISON MALAYALAM LTD,179.88,184.00,172.52,179.13,180.50,175.61,,179.37,,,16158,2919562.16,518,F1,1,,,,,
2026-09-30,2026-09-30,CM,NSE,STK,11162,INE0JUS01029,HARSHA,EQ,,,,,HARSHA ENGINEERS INT LTD,465.05,474.00,460.80,470.30,470.00,465.05,,470.31,,,95299,44582366.90,4195,F1,1,,,,,
2026-09-30,2026-09-30,CM,NSE,STK,18154,INE982F01036,HATHWAY,EQ,,,,,HATHWAY CABLE & DATACOM,9.50,9.64,9.41,9.45,9.52,9.49,,9.45,,,1655209,15749659.02,2837,F1,1,,,,,
2026-09-30,2026-09-30,CM,NSE,STK,3892,INE473B01035,HATSUN,EQ,,,,,HATSUN AGRO PRODUCT LTD.,1106.50,1139.50,1093.50,1099.00,1094.20,1099.70,,1099.07,,,15584,17267410.40,1747,F1,1,,,,,
2026-09-30,2026-09-30,CM,NSE,STK,9819,INE176B01034,HAVELLS,EQ,,,,,HAVELLS INDIA LIMITED,1045.00,1054.40,1015.10,1016.00,1016.00,1043.30,,1015.98,,,1394518,1434434865.00,41546,F1,1,,,,,
2026-09-30,2026-09-30,CM,NSE,STK,4444,INE979B01015,HAWKINCOOK,EQ,,,,,HAWKINS COOKERS LTD,7904.00,8050.50,7828.50,8007.50,7950.00,7904.00,,8007.09,,,1137,9008832.50,496,F1,1,,,,,
2026-09-30,2026-09-30,CM,NSE,STK,764693,INE550F01049,HAZOOR,EQ,,,,,HAZOOR MULTI PROJECTS LTD,18.98,19.29,18.51,18.65,18.62,18.83,,18.66,,,146563,2744884.50,550,F1,1,,,,,
2026-09-30,2026-09-30,CM,NSE,STK,765080,INE638B01025,HBPOR,EQ,,,,,HB PORTFOLIO LTD.,60.00,63.70,58.02,59.30,60.99,60.39,,59.30,,,295,17621.40,16,F1,1,,,,,
2026-09-30,2026-09-30,CM,NSE,STK,4116,INE550B01022,HBSL,EQ,,,,,HB STOCKHOLDINGS LIMITED,55.28,57.95,55.28,55.89,57.25,55.28,,56.02,,,993,55114.30,34,F1,1,,,,,
2026-09-30,2026-09-30,CM,NSE,STK,13966,INE292B01021,HBLENGINE,EQ,,,,,HBL ENGINEERING LTD,812.30,815.50,786.20,794.50,789.00,808.30,,794.49,,,1235100,990325527.80,34501,F1,1,,,,,
2026-09-30,2026-09-30,CM,NSE,STK,1327,INE236A01020,HCL-INSYS,EQ,,,,,HCL INFOSYSTEMS LTD,10.26,10.35,10.02,10.10,10.09,10.11,,10.12,,,206242,2096948.72,866,F1,1,,,,,
2026-09-30,2026-09-30,CM,NSE,STK,7229,INE860A01027,HCLTECH,EQ,,,,,HCL TECHNOLOGIES LTD,1229.00,1256.40,1224.80,1230.00,1230.00,1222.00,,1230.00,,,4242658,5232092984.90,81494,F1,1,,,,,
2026-09-30,2026-09-30,CM,NSE,STK,757772,INE756I01012,HDBFS,EQ,,,,,HDB FINANCIAL SERVICES L,630.90,637.50,620.00,621.30,620.05,630.90,,621.29,,,420599,263987727.90,34700,F1,1,,,,,
2026-09-30,2026-09-30,CM,NSE,STK,4244,INE127D01025,HDFCAMC,EQ,,,,,HDFC AMC LIMITED,2255.00,2314.00,2252.60,2280.70,2280.70,2223.30,,2280.70,,,908968,2082198220.10,49003,F1,1,,,,,
2026-09-30,2026-09-30,CM,NSE,STK,1333,INE040A01034,HDFCBANK,EQ,,,,,HDFC BANK LTD,711.50,720.30,708.70,708.70,708.70,722.70,,708.71,,,39365496,28120806967.10,388951,F1,1,,,,,
2026-09-30,2026-09-30,CM,NSE,STK,19543,INF179KC1981,HDFCGOLD,EQ,,,,,HDFC GOLD ETF,125.05,126.19,125.05,125.75,125.89,124.76,,125.75,,,4800287,603505428.47,12377,F1,1,,,,,
2026-09-30,2026-09-30,CM,NSE,STK,467,INE795G01014,HDFCLIFE,EQ,,,,,HDFC LIFE INS CO LTD,516.60,521.20,513.40,521.20,521.20,523.55,,521.20,,,5062593,2619697199.80,76915,F1,1,,,,,
2026-09-30,2026-09-30,CM,NSE,STK,14230,INF179KC1EZ4,HDFCBSE500,EQ,,,,,HDFCAMC - HDFCBSE500,35.92,36.32,35.50,35.71,35.70,35.75,,35.71,,,1086363,38861718.82,282,F1,1,,,,,
2026-09-30,2026-09-30,CM,NSE,STK,11241,INF179KC1DJ0,HDFCGROWTH,EQ,,,,,HDFCAMC - HDFCGROWTH,111.11,112.28,110.55,110.80,111.10,111.63,,110.80,,,13156,1463014.16,161,F1,1,,,,,
2026-09-30,2026-09-30,CM,NSE,STK,18279,INF179KC1JG3,HDFCLIQUID,EQ,,,,,HDFCAMC - HDFCLIQUID,1080.05,1080.07,1080.05,1080.05,1080.07,1079.90,,1080.05,,,29271,31614374.95,71,F1,1,,,,,
2026-09-30,2026-09-30,CM,NSE,STK,11547,INF179KC1HU8,HDFCLOWVOL,EQ,,,,,HDFCAMC - HDFCLOWVOL,19.73,19.73,19.20,19.33,19.39,19.73,,19.33,,,19748,381902.72,153,F1,1,,,,,
2026-09-30,2026-09-30,CM,NSE,STK,14236,INF179KC1HT0,HDFCMID150,EQ,,,,,HDFCAMC - HDFCMID150,22.67,22.78,22.16,22.16,22.24,22.23,,22.16,,,358356,7973346.71,1244,F1,1,,,,,
2026-09-30,2026-09-30,CM,NSE,STK,11538,INF179KC1HV6,HDFCMOMENT,EQ,,,,,HDFCAMC - HDFCMOMENT,30.06,30.35,29.81,29.92,29.98,29.97,,29.92,,,129784,3886519.51,541,F1,1,,,,,
2026-09-30,2026-09-30,CM,NSE,STK,10619,INF179KC1HS2,HDFCNEXT50,EQ,,,,,HDFCAMC - HDFCNEXT50,71.56,72.08,71.25,71.48,71.67,71.63,,71.48,,,84297,6046860.83,652,F1,1,,,,,
2026-09-30,2026-09-30,CM,NSE,STK,10633,INF179KC1HR4,HDFCNIF100,EQ,,,,,HDFCAMC - HDFCNIF100,24.67,25.40,24.55,25.04,24.69,24.57,,25.04,,,119088,2939636.81,279,F1,1,,,,,
2026-09-30,2026-09-30,CM,NSE,STK,22433,INF179KC1HY0,HDFCNIFBAN,EQ,,,,,HDFCAMC - HDFCNIFBAN,56.20,56.85,56.01,56.47,56.14,56.09,,56.47,,,89379,5046209.38,343,F1,1,,,,,
2026-09-30,2026-09-30,CM,NSE,STK,12101,INF179KC1IA8,HDFCNIFIT,EQ,,,,,HDFCAMC - HDFCNIFIT,29.63,30.39,29.58,29.62,29.60,29.62,,29.62,,,124808,3709934.94,285,F1,1,,,,,
2026-09-30,2026-09-30,CM,NSE,STK,11591,INF179KC1965,HDFCNIFTY,EQ,,,,,HDFCAMC - HDFCNIFTY,263.02,263.02,255.30,255.84,255.91,256.61,,255.84,,,180348,46203167.57,1362,F1,1,,,,,
2026-09-30,2026-09-30,CM,NSE,STK,764336,INF179KC1KT4,HDFCNIMEG,EQ,,,,,HDFCAMC - HDFCNIMEG,129.53,129.53,127.00,128.00,128.28,129.53,,128.00,,,1482,190470.38,66,F1,1,,,,,
2026-09-30,2026-09-30,CM,NSE,STK,12108,INF179KC1HZ7,HDFCPVTBAN,EQ,,,,,HDFCAMC - HDFCPVTBAN,27.60,27.60,26.95,27.27,27.16,26.93,,27.27,,,86017,2341960.44,379,F1,1,,,,,
2026-09-30,2026-09-30,CM,NSE,STK,11255,INF179KC1DL6,HDFCQUAL,EQ,,,,,HDFCAMC - HDFCQUAL,55.61,55.87,55.29,55.47,55.62,55.66,,55.47,,,9412,523641.35,107,F1,1,,,,,
2026-09-30,2026-09-30,CM,NSE,STK,11593,INF179KC1HX2,HDFCSENSEX,EQ,,,,,HDFCAMC - HDFCSENSEX,84.79,84.79,82.07,82.56,82.66,82.73,,82.56,,,92417,7629708.44,783,F1,1,,,,,
2026-09-30,2026-09-30,CM,NSE,STK,10876,INF179KC1DI2,HDFCSILVER,EQ,,,,,HDFCAMC - HDFCSILVER,209.95,211.09,209.30,209.63,209.49,209.02,,209.63,,,2285176,479730129.19,8757,F1,1,,,,,
2026-09-30,2026-09-30,CM,NSE,STK,14233,INF179KC1FB2,HDFCSML250,EQ,,,,,HDFCAMC - HDFCSML250,182.88,182.88,178.55,179.55,179.31,181.07,,179.55,,,1266359,228436610.36,11193,F1,1,,,,,
2026-09-30,2026-09-30,CM,NSE,STK,11260,INF179KC1DK8,HDFCVALUE,EQ,,,,,HDFCAMC - HDFCVALUE,118.77,119.30,118.00,118.37,118.86,118.43,,118.37,,,7996,949005.24,91,F1,1,,,,,
2026-09-30,2026-09-30,CM,NSE,STK,22595,INF179KC1HW4,HDFCPSUBK,EQ,,,,,HDFCAMC HDFCPSUBK,81.41,82.23,81.20,81.57,81.78,81.41,,81.58,,,27800,2272161.40,153,F1,1,,,,,
2026-09-30,2026-09-30,CM,NSE,STK,19205,INE759V01019,HEADSUP,EQ,,,,,HEADS UP VENTURES LIMITED,6.78,6.84,6.33,6.75,6.84,6.45,,6.75,,,2539,16804.04,59,F1,1,,,,,
2026-09-30,2026-09-30,CM,NSE,STK,20063,INE019J01013,HEALTHX,EQ,,,,,HEALTH X PLATFORM LIMITED,290.90,290.90,283.60,285.05,285.00,285.05,,284.70,,,741,212571.45,79,F1,1,,,,,
2026-09-30,2026-09-30,CM,NSE,STK,15555,INE075I01017,HCG,EQ,,,,,HEALTHCARE GLOB. ENT. LTD,703.60,710.00,660.50,666.05,667.95,703.60,,666.05,,,204434,137296071.90,19217,F1,1,,,,,
2026-09-30,2026-09-30,CM,NSE,STK,7425,INE558R01013,HECPROJECT,EQ,,,,,HEC INFRA PROJECTS LTD,115.80,115.80,112.00,113.00,113.00,114.82,,113.00,,,385,44016.14,55,F1,1,,,,,
2026-09-30,2026-09-30,CM,NSE,STK,1336,INE545A01024,HEGAM,EQ,,,,,HEG ADVANCED MATERIAL LTD,241.00,250.30,232.00,237.65,237.20,238.25,,237.64,,,1339286,323876748.20,20124,F1,1,,,,,
2026-09-30,2026-09-30,CM,NSE,STK,2316,INE578A01017,HEIDELBERG,EQ,,,,,HEIDELBERGCEMENT (I) LTD,130.50,133.59,130.50,132.60,132.41,130.29,,132.60,,,115695,15344839.18,2194,F1,1,,,,,
2026-09-30,2026-09-30,CM,NSE,STK,701,INE0AJG01018,HEMIPROP,EQ,,,,,HEMISPHERE PROP IND LTD,115.95,117.09,113.63,114.07,113.97,114.94,,114.08,,,198593,22810671.45,3036,F1,1,,,,,
2026-09-30,2026-09-30,CM,NSE,STK,2614,INE694N01015,HERANBA,EQ,,,,,HERANBA INDUSTRIES LTD,178.57,183.44,176.00,176.53,176.10,178.57,,176.54,,,40668,7288630.62,1731,F1,1,,,,,
2026-09-30,2026-09-30,CM,NSE,STK,4598,INE978A01027,HERITGFOOD,EQ,,,,,HERITAGE FOODS LTD,400.00,407.30,398.15,402.00,401.00,401.20,,402.09,,,179464,72123752.00,6988,F1,1,,,,,
2026-09-30,2026-09-30,CM,NSE,STK,1348,INE158A01026,HEROMOTOCO,EQ,,,,,HERO MOTOCORP LIMITED,5236.50,5341.00,5236.50,5241.00,5241.00,5208.00,,5241.00,,,567810,3003681123.50,57772,F1,1,,,,,
2026-09-30,2026-09-30,CM,NSE,STK,766171,INE012G01022,HEROMOTORS,EQ,,,,,HERO MOTORS LIMITED,140.28,152.58,140.00,152.55,152.58,138.71,,152.55,,,107202546,15959107536.27,460639,F1,1,,,,,
2026-09-30,2026-09-30,CM,NSE,STK,7048,INE782E01017,HESTERBIO,EQ,,,,,HESTER BIOSCIENCES LTD,2163.60,2240.10,2160.20,2175.80,2160.20,2165.00,,2175.74,,,2531,5547553.60,426,F1,1,,,,,
2026-09-30,2026-09-30,CM,NSE,STK,27008,INE750M01017,HEXATRADEX,EQ,,,,,HEXA TRADEX LIMITED,158.88,158.88,155.03,156.85,157.00,155.30,,156.85,,,843,132466.97,32,F1,1,,,,,
2026-09-30,2026-09-30,CM,NSE,STK,750116,INE0JUI01012,HEXAGON,BE,,,,,HEXAGON NUTRITION LIMITED,65.00,68.60,64.55,68.60,68.60,65.34,,68.60,,,981540,66216218.08,1620,F1,1,,,,,
2026-09-30,2026-09-30,CM,NSE,STK,29666,INE093A01041,HEXT,EQ,,,,,HEXAWARE TECHNOLOGIES LTD,480.65,504.75,479.05,494.10,494.00,482.10,,494.10,,,140752,69660792.15,13249,F1,1,,,,,
2026-09-30,2026-09-30,CM,NSE,STK,21954,INE548A01028,HFCL,BE,,,,,HFCL LIMITED,227.02,227.02,227.02,227.02,227.02,216.21,,227.02,,,3383926,768218880.52,8257,F1,1,,,,,
2026-09-30,2026-09-30,CM,NSE,STK,25622,INE957N08151,920HFL30,N0,,,,,HFL 9.20% 2030 SR 67,104699.00,104699.00,104699.00,104699.00,104699.00,104674.00,,104699.00,,,2,209398.00,1,F1,1,,,,,
2026-09-30,2026-09-30,CM,NSE,STK,18794,INE0PIC01017,HIGREEN,SM,,,,,HI GREEN CARBON LIMITED,122.55,125.50,122.55,124.90,124.90,122.85,,124.90,,,4800,597520.00,6,F1,800,,,,,
2026-09-30,2026-09-30,CM,NSE,STK,2868,INE106T01025,HITECH,EQ,,,,,HI-TECH PIPES LIMITED,73.00,74.35,72.30,72.61,72.68,73.19,,72.61,,,332376,24386346.96,3727,F1,1,,,,,
2026-09-30,2026-09-30,CM,NSE,STK,759103,INE00RL01028,HILINFRA,EQ,,,,,HIGHWAY INFRASTRUCTURE L,42.30,43.34,41.71,42.75,42.97,43.26,,42.75,,,81532,3472203.23,716,F1,1,,,,,
2026-09-30,2026-09-30,CM,NSE,STK,9668,INE475B01022,HIKAL,EQ,,,,,HIKAL LIMITED,217.00,223.00,216.65,217.89,217.68,218.05,,217.89,,,411937,90826266.95,8973,F1,1,,,,,
2026-09-30,2026-09-30,CM,NSE,STK,14627,INE788H01017,HILTON,EQ,,,,,HILTON METAL FORGING LTD,16.30,16.90,16.06,16.34,16.14,16.45,,16.37,,,93970,1560792.75,351,F1,1,,,,,
2026-09-30,2026-09-30,CM,NSE,STK,14334,INE019C01026,HSCL,EQ,,,,,HIMADRI SPECIALITY CHEM L,667.10,687.30,667.10,677.80,675.60,667.60,,677.79,,,2047533,1394539881.30,38747,F1,1,,,,,
2026-09-30,2026-09-30,CM,NSE,STK,1360,INE049A01027,HIMATSEIDE,EQ,,,,,HIMATSINGKA SEIDE LTD,65.54,69.03,65.30,66.40,66.11,64.90,,66.40,,,718202,48323892.28,6341,F1,1,,,,,
2026-09-30,2026-09-30,CM,NSE,STK,765085,INE227B01019,HINDALUMI,EQ,,,,,HIND ALUMINIUM INDS. LTD.,91.99,93.00,90.31,92.69,90.90,90.15,,91.16,,,1416,130896.76,84,F1,1,,,,,
2026-09-30,2026-09-30,CM,NSE,STK,1363,INE038A01020,HINDALCO,EQ,,,,,HINDALCO  INDUSTRIES  LTD,950.20,956.80,941.10,941.80,941.80,955.20,,941.80,,,4420021,4193843978.10,112716,F1,1,,,,,
2026-09-30,2026-09-30,CM,NSE,STK,4920,INE642Y01029,HINDCON,EQ,,,,,HINDCON CHEMICALS LIMITED,34.95,35.05,33.81,35.05,35.05,33.39,,35.05,,,296482,10336052.20,693,F1,1,,,,,
2026-09-30,2026-09-30,CM,NSE,STK,14712,INE170I01016,HGS,EQ,,,,,HINDUJA GLOBAL SOLS. LTD.,365.00,375.90,364.95,370.05,369.55,366.05,,370.04,,,14795,5485001.90,782,F1,1,,,,,
2026-09-30,2026-09-30,CM,NSE,STK,764698,INE074C01013,HINDADH,EQ,,,,,HINDUSTAN ADHESIVES LTD.,388.00,390.95,382.00,385.40,382.00,385.25,,385.40,,,3288,1262546.25,96,F1,1,,,,,
2026-09-30,2026-09-30,CM,NSE,STK,2303,INE066F01020,HAL,EQ,,,,,HINDUSTAN AERONAUTICS LTD,4640.00,4701.00,4614.70,4668.00,4668.00,4549.30,,4667.88,,,1233758,5759356710.60,62129,F1,1,,,,,
2026-09-30,2026-09-30,CM,NSE,STK,1372,INE310C01029,HINDCOMPOS,EQ,,,,,HINDUSTAN COMPOSITES LTD.,377.50,390.95,377.40,381.30,380.00,377.50,,381.30,,,3953,1521616.35,259,F1,1,,,,,
2026-09-30,2026-09-30,CM,NSE,STK,1375,INE549A01026,HCC,EQ,,,,,HINDUSTAN CONSTRUCTION CO,20.61,21.14,20.35,20.41,20.47,20.71,,20.41,,,9937639,206114883.99,23586,F1,1,,,,,
2026-09-30,2026-09-30,CM,NSE,STK,17939,INE531E01026,HINDCOPPER,EQ,,,,,HINDUSTAN COPPER LTD,477.00,481.70,471.50,472.65,472.60,474.35,,472.66,,,5881618,2806803944.00,88004,F1,1,,,,,
2026-09-30,2026-09-30,CM,NSE,STK,12173,INE254N01026,HNDFDS,EQ,,,,,HINDUSTAN FOODS LIMITED,596.85,604.75,567.60,574.75,576.00,596.85,,574.77,,,134253,77408793.00,9868,F1,1,,,,,
2026-09-30,2026-09-30,CM,NSE,STK,19215,INE871K01015,HMVL,BE,,,,,HINDUSTAN MEDIA VENT LTD,72.40,76.02,72.40,75.96,76.02,72.40,,75.96,,,18380,1382553.00,138,F1,1,,,,,
2026-09-30,2026-09-30,CM,NSE,STK,1403,INE345A01011,HINDOILEXP,EQ,,,,,HINDUSTAN OIL EXPLORATION,172.40,175.37,171.25,171.55,171.40,173.91,,171.55,,,262942,45483635.60,4754,F1,1,,,,,
2026-09-30,2026-09-30,CM,NSE,STK,1406,INE094A01015,HINDPETRO,EQ,,,,,HINDUSTAN PETROLEUM CORP,351.20,357.40,350.35,350.35,350.35,349.20,,350.37,,,2520543,892988877.70,37720,F1,1,,,,,
2026-09-30,2026-09-30,CM,NSE,STK,1394,INE030A01027,HINDUNILVR,EQ,,,,,HINDUSTAN UNILEVER LTD.,1871.40,1889.60,1865.20,1879.10,1879.10,1863.80,,1879.11,,,1430335,2682765808.80,60565,F1,1,,,,,
2026-09-30,2026-09-30,CM,NSE,STK,1424,INE267A01025,HINDZINC,EQ,,,,,HINDUSTAN ZINC LIMITED,567.20,575.05,562.60,566.00,566.00,563.30,,566.00,,,2880602,1641643577.45,48468,F1,1,,,,,
2026-09-30,2026-09-30,CM,NSE,STK,15883,INE05AN01011,HINDWAREAP,EQ,,,,,HINDWARE HME INOVATON LTD,170.20,178.00,169.13,169.97,169.95,170.20,,169.97,,,83588,14273396.08,2067,F1,1,,,,,
2026-09-30,2026-09-30,CM,NSE,STK,13890,INE835D01023,HIRECT,EQ,,,,,HIRECT LIMITED,1171.40,1189.00,1136.90,1147.20,1149.90,1171.40,,1147.27,,,33683,39128477.10,3405,F1,1,,,,,
2026-09-30,2026-09-30,CM,NSE,STK,19322,INE598C01011,HISARMETAL,EQ,,,,,HISAR METAL IND. LIMITED,151.39,151.40,147.25,148.97,150.80,151.39,,148.97,,,716,107212.25,36,F1,1,,,,,
2026-09-30,2026-09-30,CM,NSE,STK,18457,INE07Y701011,POWERINDIA,EQ,,,,,HITACHI ENERGY INDIA LTD,30680.00,31050.00,30200.00,30630.00,30630.00,30735.00,,30629.59,,,88522,2704736525.00,23684,F1,1,,,,,
2026-09-30,2026-09-30,CM,NSE,STK,15165,INE120D01012,HITECHCORP,BE,,,,,HITECH CORPORATION LTD,338.25,346.00,338.25,345.25,346.00,342.45,,345.39,,,28964,9978043.10,186,F1,1,,,,,
2026-09-30,2026-09-30,CM,NSE,STK,2289,INE461D01028,HLEGLAS,EQ,,,,,HLE GLASCOAT LIMITED,440.00,456.35,436.15,439.40,438.90,434.65,,439.38,,,124676,55849954.10,3954,F1,1,,,,,
2026-09-30,2026-09-30,CM,NSE,STK,1448,INE102A01024,HLVLTD,EQ,,,,,HLV LIMITED,6.30,6.55,6.25,6.41,6.49,6.39,,6.41,,,124451,797618.05,532,F1,1,,,,,
2026-09-30,2026-09-30,CM,NSE,STK,17053,INE0ECP01024,HMAAGRO,EQ,,,,,HMA AGRO INDUSTRIES LTD,23.79,24.69,23.61,23.92,24.00,23.80,,23.92,,,978980,23504604.94,2963,F1,1,,,,,
2026-09-30,2026-09-30,CM,NSE,STK,19698,INE262A01018,HMT,BZ,,,,,HMT LTD -,59.98,62.00,59.01,60.10,60.79,59.98,,60.10,,,7423,454038.51,106,F1,1,,,,,
2026-09-30,2026-09-30,CM,NSE,STK,23826,INE0S6S01017,HOACFOODS,ST,,,,,HOAC FOODS INDIA LIMITED,911.10,911.10,911.10,911.10,911.10,893.25,,911.10,,,1125,1024987.50,3,F1,375,,,,,
2026-09-30,2026-09-30,CM,NSE,STK,18649,INE0LXA01019,HOLMARC,SM,,,,,HOLMARC OPTO MECHATRO L,120.00,120.00,115.50,115.50,115.50,118.75,,115.50,,,1500,176625.00,2,F1,750,,,,,
2026-09-30,2026-09-30,CM,NSE,STK,2056,INE481N01025,HOMEFIRST,EQ,,,,,HOME FIRST FIN CO IND LTD,1094.40,1136.90,1094.40,1104.80,1103.00,1094.40,,1104.79,,,255917,282695293.40,26002,F1,1,,,,,
2026-09-30,2026-09-30,CM,NSE,STK,19813,INE0J5401028,HONASA,EQ,,,,,HONASA CONSUMER LIMITED,441.65,447.05,426.05,431.35,430.10,441.65,,431.35,,,1589113,689837048.40,43359,F1,1,,,,,
2026-09-30,2026-09-30,CM,NSE,STK,3138,INE634A01018,HONDAPOWER,EQ,,,,,HONDA I POWER PRODUCT LTD,1870.10,1916.90,1868.10,1874.50,1870.00,1886.00,,1874.50,,,1685,3176477.10,405,F1,1,,,,,
2026-09-30,2026-09-30,CM,NSE,STK,3417,INE671A01010,HONAUT,EQ,,,,,HONEYWELL AUTOMATION IND,33980.00,34240.00,33360.00,33460.00,33400.00,33980.00,,33460.98,,,1786,60158345.00,1248,F1,1,,,,,
2026-09-30,2026-09-30,CM,NSE,STK,765356,INE685T01010,HORIZONIND,EQ,,,,,HORIZON INDUSTRIAL PRKS L,50.60,51.00,50.07,50.28,50.15,51.02,,50.28,,,1962971,98985723.21,18675,F1,1,,,,,
2026-09-30,2026-09-30,CM,NSE,STK,17920,INE191I01012,HDIL,BZ,,,,,HOUSING DEV & INFRA LTD,1.43,1.49,1.41,1.47,1.45,1.46,,1.47,,,82075,119673.41,161,F1,1,,,,,
2026-09-30,2026-09-30,CM,NSE,STK,7376,INE0GSL01024,HPAL,EQ,,,,,HP ADHESIVES LIMITED,34.20,35.58,33.36,33.83,33.73,34.44,,33.83,,,36913,1257151.60,770,F1,1,,,,,
2026-09-30,2026-09-30,CM,NSE,STK,18679,INE495S01016,HPL,EQ,,,,,HPL ELECTRIC & POWER LTD,270.10,274.65,268.10,269.05,268.25,270.15,,269.01,,,57651,15679168.75,2796,F1,1,,,,,
2026-09-30,2026-09-30,CM,NSE,STK,21107,INE0R3501012,HRHNEXT,SM,,,,,HRH NEXT SERVICES LIMITED,24.90,24.90,24.90,24.90,24.90,24.15,,24.90,,,1500,37350.00,1,F1,1500,,,,,
2026-09-30,2026-09-30,CM,NSE,STK,761506,INF336L01RX2,HSBCGOLD,EQ,,,,,HSBCAMC - HSBCGOLD,130.70,130.70,127.01,127.47,127.49,129.08,,127.47,,,160677,20580386.23,323,F1,1,,,,,
2026-09-30,2026-09-30,CM,NSE,STK,20825,INE031A01017,HUDCO,EQ,,,,,HSG & URBAN DEV CORPN LTD,166.47,169.25,164.28,166.58,166.00,165.57,,166.59,,,2274257,379759741.59,36450,F1,1,,,,,
2026-09-30,2026-09-30,CM,NSE,STK,11979,INE501G01024,HTMEDIA,EQ,,,,,HT MEDIA LIMITED,23.51,24.13,22.92,23.02,22.95,23.46,,23.04,,,62468,1456948.89,351,F1,1,,,,,
2026-09-30,2026-09-30,CM,NSE,STK,14203,INE703H01016,HUBTOWN,EQ,,,,,HUBTOWN LIMITED,167.45,186.00,167.21,182.28,184.99,166.41,,182.28,,,1619724,291456655.14,21909,F1,1,,,,,
2026-09-30,2026-09-30,CM,NSE,STK,2562,INE275B01026,HUHTAMAKI,EQ,,,,,HUHTAMAKI INDIA LIMITED,236.70,243.00,234.70,237.35,236.00,235.70,,237.32,,,87980,21044714.10,7035,F1,1,,,,,
2026-09-30,2026-09-30,CM,NSE,STK,25708,INE0TO501019,HVAX,SM,,,,,HVAX TECHNOLOGIES LIMITED,720.00,720.00,709.90,709.90,709.90,709.90,,709.90,,,450,320985.00,3,F1,150,,,,,
2026-09-30,2026-09-30,CM,NSE,STK,765467,INE0LEG01024,HTEL,EQ,,,,,HY-TECH ENGINEERS LIMITED,71.70,77.15,70.00,72.29,72.65,69.52,,72.28,,,4644616,344922253.23,39218,F1,1,,,,,
2026-09-30,2026-09-30,CM,NSE,STK,12809,INE965B01022,HYBRIDFIN,EQ,,,,,HYBRID FINANCIAL SERVICE,17.74,18.35,17.50,17.94,17.94,17.82,,18.00,,,3054,54227.05,38,F1,1,,,,,
2026-09-30,2026-09-30,CM,NSE,STK,25844,INE0V6F01027,HYUNDAI,EQ,,,,,HYUNDAI MOTOR INDIA LTD,2060.00,2084.60,2026.70,2031.00,2031.00,2100.00,,2031.03,,,644391,1327390039.50,52815,F1,1,,,,,
2026-09-30,2026-09-30,CM,NSE,STK,14086,INE204A01010,IGPL,EQ,,,,,I G PETROCHEMICALS LTD,586.60,594.90,577.00,579.75,577.00,584.30,,579.74,,,37036,21701355.60,1576,F1,1,,,,,
2026-09-30,2026-09-30,CM,NSE,STK,764718,INE684B01029,ISTLTD,EQ,,,,,I S T LTD.,655.00,665.00,620.00,642.90,638.20,640.00,,649.42,,,458,296092.50,91,F1,1,,,,,
2026-09-30,2026-09-30,CM,NSE,STK,21348,INE0O7401018,IBLFL,SM,,,,,IBL FINANCE LIMITED,61.00,61.00,61.00,61.00,61.00,61.00,,61.00,,,2000,122000.00,1,F1,2000,,,,,
2026-09-30,2026-09-30,CM,NSE,STK,764064,INE0XE501015,ICELCO,SM,,,,,IC ELECTRICALS COMPANY L,130.10,131.85,125.05,125.80,125.60,128.85,,125.80,,,18000,2315160.00,15,F1,1200,,,,,
2026-09-30,2026-09-30,CM,NSE,STK,9610,INE613B01010,ICDSLTD,BE,,,,,ICDSLTD,51.45,51.45,48.88,48.88,48.88,51.45,,49.55,,,2591,127273.09,22,F1,1,,,,,
2026-09-30,2026-09-30,CM,NSE,STK,489,INE520Y01019,ICEMAKE,EQ,,,,,ICE MAKE REFRIGERAT LTD,634.00,641.45,623.00,629.55,633.85,634.00,,629.55,,,21934,13831549.25,1883,F1,1,,,,,
2026-09-30,2026-09-30,CM,NSE,STK,4963,INE090A01021,ICICIBANK,EQ,,,,,ICICI BANK LTD.,1295.30,1337.00,1295.30,1321.70,1321.70,1292.20,,1321.70,,,14095232,18673858537.00,253536,F1,1,,,,,
2026-09-30,2026-09-30,CM,NSE,STK,21770,INE765G01017,ICICIGI,EQ,,,,,ICICI LOMBARD GIC LIMITED,1516.10,1590.00,1511.60,1590.00,1590.00,1515.00,,1590.00,,,1952166,3049324734.20,68888,F1,1,,,,,
2026-09-30,2026-09-30,CM,NSE,STK,21254,INF109KC19U5,LOWVOLIETF,EQ,,,,,ICICI PR NIF LW VL 30 ETF,20.85,20.96,20.60,20.66,20.60,20.85,,20.66,,,4427471,91987420.00,14131,F1,1,,,,,
2026-09-30,2026-09-30,CM,NSE,STK,18652,INE726G01019,ICICIPRULI,EQ,,,,,ICICI PRU LIFE INS CO LTD,448.00,450.00,442.40,443.80,443.80,444.55,,443.79,,,839768,373943919.85,39112,F1,1,,,,,
2026-09-30,2026-09-30,CM,NSE,STK,17702,INF109KC10W0,MIDSELIETF,EQ,,,,,ICICI PRUD MIDCAP SEL ETF,18.75,18.89,18.51,18.56,18.62,18.72,,18.56,,,346145,6459985.09,817,F1,1,,,,,
2026-09-30,2026-09-30,CM,NSE,STK,30392,INF109KC16V9,NIF100IETF,EQ,,,,,ICICI PRUD NIFTY 100 ETF,26.53,26.77,26.52,26.58,26.64,26.64,,26.58,,,137323,3657419.87,1772,F1,1,,,,,
2026-09-30,2026-09-30,CM,NSE,STK,29553,INF109K012R6,NIFTYIETF,EQ,,,,,ICICI PRUD NIFTY ETF,264.42,264.42,256.14,257.21,257.90,257.98,,257.21,,,866065,223372501.47,18007,F1,1,,,,,
2026-09-30,2026-09-30,CM,NSE,STK,4378,INF346A01034,SENSEXIETF,EQ,,,,,ICICI PRUD SENSEX ETF,838.86,841.93,834.45,836.37,838.03,836.33,,836.43,,,10807,9050687.67,454,F1,1,,,,,
2026-09-30,2026-09-30,CM,NSE,STK,760407,INE346A01027,ICICIAMC,EQ,,,,,ICICI PRUDENTIAL AMC LTD,3249.00,3249.00,3107.40,3136.70,3114.00,3233.00,,3136.57,,,372808,1175971064.10,32396,F1,1,,,,,
2026-09-30,2026-09-30,CM,NSE,STK,19679,INF109KC1NT3,GOLDIETF,EQ,,,,,ICICI PRUDENTIAL GOLD ETF,125.47,126.62,125.46,126.07,126.04,124.94,,126.07,,,7166962,904979792.63,34668,F1,1,,,,,
2026-09-30,2026-09-30,CM,NSE,STK,17475,INF109KC11V0,NV20IETF,EQ,,,,,ICICI PRUDENTIAL NV20 ETF,12.83,12.94,12.80,12.85,12.88,12.83,,12.85,,,426740,5494174.03,1573,F1,1,,,,,
2026-09-30,2026-09-30,CM,NSE,STK,522,INF109KB15Y7,ICICIB22,EQ,,,,,ICICIPRAMC - BHARATIWIN,111.02,111.13,109.78,109.96,110.00,110.35,,109.95,,,261911,28977167.01,2497,F1,1,,,,,
2026-09-30,2026-09-30,CM,NSE,STK,30139,INF109K1A021,CASHIETF,EQ,,,,,ICICIPRAMC - CASHIETF,1081.71,1081.71,1081.69,1081.70,1081.71,1081.56,,1081.70,,,596911,645673607.67,96,F1,1,,,,,
2026-09-30,2026-09-30,CM,NSE,STK,755881,INF109K1A153,EVIETF,EQ,,,,,ICICIPRAMC - EVIETF,30.75,31.09,30.70,30.80,30.87,30.73,,30.80,,,296562,9141319.20,590,F1,1,,,,,
2026-09-30,2026-09-30,CM,NSE,STK,3001,INF109KC1V59,BSE500IETF,EQ,,,,,ICICIPRAMC - ICICI500,37.73,38.87,37.20,37.51,37.40,37.73,,37.49,,,84433,3187528.40,1429,F1,1,,,,,
2026-09-30,2026-09-30,CM,NSE,STK,8342,INF109KC14A8,GSEC5IETF,EQ,,,,,ICICIPRAMC - ICICI5GSEC,65.92,66.30,65.75,66.04,66.30,65.92,,66.04,,,18548,1225288.77,32,F1,1,,,,,
2026-09-30,2026-09-30,CM,NSE,STK,22344,INF109KC17V7,ALPL30IETF,EQ,,,,,ICICIPRAMC - ICICIALPLV,26.47,26.48,26.17,26.20,26.27,26.49,,26.20,,,235519,6186118.31,1300,F1,1,,,,,
2026-09-30,2026-09-30,CM,NSE,STK,7844,INF109KC10V2,AUTOIETF,EQ,,,,,ICICIPRAMC - ICICIAUTO,27.97,27.97,27.20,27.30,27.36,27.29,,27.30,,,251181,6870461.22,1433,F1,1,,,,,
2026-09-30,2026-09-30,CM,NSE,STK,11386,INF109KC18U7,PVTBANIETF,EQ,,,,,ICICIPRAMC - ICICIBANKP,26.63,27.25,26.63,27.13,27.25,26.72,,27.13,,,1570287,42468765.03,1003,F1,1,,,,,
2026-09-30,2026-09-30,CM,NSE,STK,13198,INF109KC19O8,COMMOIETF,EQ,,,,,ICICIPRAMC - ICICICOMMO,95.27,95.98,94.56,95.31,95.35,95.27,,95.31,,,45119,4303111.93,504,F1,1,,,,,
2026-09-30,2026-09-30,CM,NSE,STK,6446,INF109KC1V42,CONSUMIETF,EQ,,,,,ICICIPRAMC - ICICICONSU,116.10,116.15,114.80,115.00,115.30,116.41,,115.00,,,10322,1189685.32,248,F1,1,,,,,
2026-09-30,2026-09-30,CM,NSE,STK,5306,INF109KC19V3,FMCGIETF,EQ,,,,,ICICIPRAMC - ICICIFMCG,48.50,48.74,47.86,47.92,48.09,48.35,,47.92,,,1468352,70707746.81,6363,F1,1,,,,,
2026-09-30,2026-09-30,CM,NSE,STK,10723,INF109KC16E5,INFRAIETF,EQ,,,,,ICICIPRAMC - ICICIINFRA,90.61,92.74,89.35,90.81,90.10,90.62,,90.84,,,106039,9598423.02,2151,F1,1,,,,,
2026-09-30,2026-09-30,CM,NSE,STK,4838,INF109KC1KT9,LIQUIDIETF,EQ,,,,,ICICIPRAMC - ICICILIQ,999.99,1000.01,999.99,999.99,1000.00,999.99,,999.99,,,481471,481470812.45,182,F1,1,,,,,
2026-09-30,2026-09-30,CM,NSE,STK,17152,INF109KC11W8,MIDCAPIETF,EQ,,,,,ICICIPRAMC - ICICIM150,22.87,22.91,22.65,22.70,22.65,22.75,,22.70,,,766520,17459915.97,2488,F1,1,,,,,
2026-09-30,2026-09-30,CM,NSE,STK,10585,INF109KC17C7,MOM30IETF,EQ,,,,,ICICIPRAMC - ICICIMOM30,30.19,30.46,30.03,30.15,30.20,30.30,,30.15,,,537232,16235479.65,1777,F1,1,,,,,
2026-09-30,2026-09-30,CM,NSE,STK,4529,INF109KC1NS5,NEXT50IETF,EQ,,,,,ICICIPRAMC - ICICINXT50,73.81,74.39,73.61,73.82,73.90,73.81,,73.82,,,761097,56323909.77,4988,F1,1,,,,,
2026-09-30,2026-09-30,CM,NSE,STK,3626,INF109KC1Q72,HEALTHIETF,EQ,,,,,ICICIPRAMC - ICICIPHARM,170.00,171.74,165.52,166.50,166.90,169.98,,166.50,,,204794,34177159.73,3204,F1,1,,,,,
2026-09-30,2026-09-30,CM,NSE,STK,17808,INF109KC18V5,QUAL30IETF,EQ,,,,,ICICIPRAMC - ICICIQTY30,19.85,20.50,19.73,19.74,19.73,19.82,,19.75,,,73738,1461129.88,274,F1,1,,,,,
2026-09-30,2026-09-30,CM,NSE,STK,7942,INF109KC1Y56,SILVERIETF,EQ,,,,,ICICIPRAMC - ICICISILVE,218.54,220.48,218.54,218.88,218.98,218.43,,218.88,,,3909431,858204615.29,14694,F1,1,,,,,
2026-09-30,2026-09-30,CM,NSE,STK,22365,INF109KC16I6,ITIETF,EQ,,,,,ICICIPRAMC - ICICITECH,30.82,31.60,30.79,30.90,30.98,30.82,,30.90,,,1391110,43238270.12,1151,F1,1,,,,,
2026-09-30,2026-09-30,CM,NSE,STK,764364,INF109K1A567,INSUREIETF,EQ,,,,,ICICIPRAMC - INSUREIETF,14.61,14.72,14.42,14.55,14.50,14.61,,14.55,,,6536073,94865835.41,538,F1,1,,,,,
2026-09-30,2026-09-30,CM,NSE,STK,11037,INF109KC15I8,BANKIETF,EQ,,,,,ICICIPRAMC - IPRU5008,56.07,56.70,55.85,56.42,56.54,55.97,,56.42,,,2045989,115324282.60,1717,F1,1,,,,,
2026-09-30,2026-09-30,CM,NSE,STK,24861,INF109KC19W1,METALIETF,EQ,,,,,ICICIPRAMC - METALIETF,13.02,13.03,12.87,12.89,12.90,13.02,,12.89,,,3593568,46590875.46,8177,F1,1,,,,,
2026-09-30,2026-09-30,CM,NSE,STK,24533,INF109KC18W3,OILIETF,EQ,,,,,ICICIPRAMC - OILIETF,11.07,11.07,10.76,10.78,10.82,10.80,,10.78,,,623538,6760391.43,1875,F1,1,,,,,
2026-09-30,2026-09-30,CM,NSE,STK,14584,INF109KC10S8,PSUBNKIETF,EQ,,,,,ICICIPRAMC - PSUBANKICI,80.10,82.45,80.10,81.68,81.99,81.49,,81.69,,,42959,3521982.07,589,F1,1,,,,,
2026-09-30,2026-09-30,CM,NSE,STK,754612,INF109K1A476,SMALLIETF,EQ,,,,,ICICIPRAMC - SMALLIETF,18.00,18.08,17.80,17.92,17.95,17.80,,17.92,,,39946,716913.41,95,F1,1,,,,,
2026-09-30,2026-09-30,CM,NSE,STK,757781,INF109K1A344,TOP15IETF,EQ,,,,,ICICIPRAMC - TOP15IETF,9.21,9.28,9.16,9.19,9.21,9.18,,9.19,,,104116,958695.68,174,F1,1,,,,,
2026-09-30,2026-09-30,CM,NSE,STK,25851,INF109KC16X5,VAL30IETF,EQ,,,,,ICICIPRAMC - VAL30IETF,14.58,14.69,14.45,14.48,14.52,14.55,,14.48,,,278573,4056107.88,466,F1,1,,,,,
2026-09-30,2026-09-30,CM,NSE,STK,12578,INF109KC17L8,FINIETF,EQ,,,,,ICICIPRAMC-ICICIFIN,30.50,30.51,30.05,30.25,30.29,30.42,,30.25,,,281730,8514624.08,1491,F1,1,,,,,
2026-09-30,2026-09-30,CM,NSE,STK,14523,INE725G01011,ICRA,EQ,,,,,ICRA LIMITED,4297.90,4320.00,4198.20,4232.00,4235.00,4297.90,,4232.08,,,71638,305129615.50,8081,F1,1,,,,,
2026-09-30,2026-09-30,CM,NSE,STK,1476,INE008A01015,IDBI,EQ,,,,,IDBI BANK LIMITED,83.51,84.29,81.96,82.20,82.25,83.32,,82.20,,,4433814,368000647.09,21513,F1,1,,,,,
2026-09-30,2026-09-30,CM,NSE,STK,17140,INE349Y01013,IDEAFORGE,EQ,,,,,IDEAFORGE TECHNO LTD,725.00,744.80,717.50,730.95,731.30,719.70,,731.12,,,237947,173725021.00,13458,F1,1,,,,,
2026-09-30,2026-09-30,CM,NSE,STK,24950,INE0T9I01011,IDEALTECHO,SM,,,,,IDEAL TECHNOPLAST IND LTD,83.05,97.90,83.05,97.65,97.65,91.70,,97.65,,,3000,278600.00,3,F1,1000,,,,,
2026-09-30,2026-09-30,CM,NSE,STK,28574,INE0TD101011,IDENTICAL,SM,,,,,IDENTICAL BRAINS STUDIO L,18.45,18.45,18.45,18.45,18.45,16.75,,18.45,,,2000,36900.00,1,F1,2000,,,,,
2026-09-30,2026-09-30,CM,NSE,STK,11184,INE092T01019,IDFCFIRSTB,EQ,,,,,IDFC FIRST BANK LIMITED,79.46,82.08,79.46,81.44,81.44,79.46,,81.44,,,23332019,1893839832.12,73879,F1,1,,,,,
2026-09-30,2026-09-30,CM,NSE,STK,1482,INE076C01018,IFBAGRO,EQ,,,,,IFB AGRO INDUSTRIES LTD,905.45,932.40,881.00,891.65,895.00,905.45,,891.46,,,3890,3503646.25,463,F1,1,,,,,
2026-09-30,2026-09-30,CM,NSE,STK,1485,INE559A01017,IFBIND,EQ,,,,,IFB INDUSTRIES LTD,1211.60,1223.80,1199.00,1201.00,1200.00,1201.00,,1201.01,,,20374,24613046.10,2381,F1,1,,,,,
2026-09-30,2026-09-30,CM,NSE,STK,1491,INE039A01010,IFCI,EQ,,,,,IFCI LTD,70.95,71.43,68.45,68.77,68.55,70.97,,68.77,,,25751767,1797215582.90,71836,F1,1,,,,,
2026-09-30,2026-09-30,CM,NSE,STK,436,INE133Y01011,IFGLEXPOR,EQ,,,,,IFGL REFRACTORIES LIMITED,190.00,198.39,190.00,191.45,190.61,189.61,,191.46,,,23250,4508736.07,1319,F1,1,,,,,
2026-09-30,2026-09-30,CM,NSE,STK,759897,INE01XO07017,1225IFL27,N0,,,,,IFL 12.25% 2027,6378.41,6378.41,6378.41,6378.41,6378.41,6350.00,,6378.41,,,8,51027.28,1,F1,1,,,,,
2026-09-30,2026-09-30,CM,NSE,STK,760656,INE01XO07025,1225IFL28,N0,,,,,IFL 12.25% 2028,7503.00,7503.00,7503.00,7503.00,7503.00,7501.00,,7503.00,,,1,7503.00,1,F1,1,,,,,
2026-09-30,2026-09-30,CM,NSE,STK,634,INE188B01013,IGARASHI,EQ,,,,,IGARASHI MOTORS INDIA LTD,414.50,418.50,401.00,403.40,408.80,411.55,,403.43,,,45397,18462779.05,1977,F1,1,,,,,
2026-09-30,2026-09-30,CM,NSE,STK,761116,INE530B07658,837IIFL28,Y4,,,,,IIFL 8.37% TR I SR I,986.00,986.00,981.20,981.20,981.20,981.20,,985.50,,,13,12789.20,2,F1,1,,,,,
2026-09-30,2026-09-30,CM,NSE,STK,761118,INE530B07633,865IIFL31,Y6,,,,,IIFL 8.65% TR I SR III,985.00,985.00,985.00,985.00,985.00,985.00,,985.00,,,5,4925.00,1,F1,1,,,,,
2026-09-30,2026-09-30,CM,NSE,STK,761119,INE530B07617,870IIFL28,Y7,,,,,IIFL 8.70% TR I SR IV,1021.20,1021.20,1021.20,1021.20,1021.20,1022.00,,1028.70,,,10,10212.00,1,F1,1,,,,,
2026-09-30,2026-09-30,CM,NSE,STK,761120,INE530B07575,885IIFL29,Y8,,,,,IIFL 8.85% TR I SR V,1020.00,1020.00,1020.00,1020.00,1020.00,1020.00,,1020.00,,,75,76500.00,5,F1,1,,,,,
2026-09-30,2026-09-30,CM,NSE,STK,13072,INE489L01022,IIFLCAPS,EQ,,,,,IIFL CAPITAL SERVICES LTD,343.70,349.80,343.70,346.00,346.40,344.95,,346.01,,,1333723,463748689.70,26083,F1,1,,,,,
2026-09-30,2026-09-30,CM,NSE,STK,11809,INE530B01024,IIFL,EQ,,,,,IIFL FINANCE LIMITED,606.00,608.65,598.00,600.75,599.85,607.50,,600.76,,,1194083,720273580.10,41997,F1,1,,,,,
2026-09-30,2026-09-30,CM,NSE,STK,761122,INE530B07583,IIFL060326,YA,,,,,IIFL TR I SR VII,1026.00,1026.00,1025.00,1025.00,1025.00,1026.00,,1025.00,,,59,60515.00,3,F1,1,,,,,
2026-09-30,2026-09-30,CM,NSE,STK,16822,INE0LOJ01019,IKIO,EQ,,,,,IKIO TECHNOLOGIES LIMITED,198.75,204.38,195.22,196.85,196.50,197.30,,196.80,,,144490,28713696.34,2818,F1,1,,,,,
2026-09-30,2026-09-30,CM,NSE,STK,9380,INE369I01014,IL&FSENGG,BZ,,,,,IL&FS ENG AND CONS CO LTD,35.00,38.59,35.00,38.57,38.59,36.76,,38.55,,,14299,542578.86,43,F1,1,,,,,
2026-09-30,2026-09-30,CM,NSE,STK,6711,INE050B01023,IVC,EQ,,,,,IL&FS INVESTMENT MANAGERS,7.71,8.18,7.71,7.80,7.89,7.68,,7.80,,,469057,3724419.94,1771,F1,1,,,,,
2026-09-30,2026-09-30,CM,NSE,STK,9381,INE975G01012,IL&FSTRANS,BZ,,,,,IL&FS TRANS NET LTD,1.95,1.96,1.86,1.92,1.93,1.90,,1.92,,,23269,44886.59,59,F1,1,,,,,
2026-09-30,2026-09-30,CM,NSE,STK,7672,INE172N01012,IMAGICAA,EQ,,,,,IMAGICAAWORLD ENT LTD,51.30,52.19,50.60,51.08,50.80,51.30,,51.09,,,281012,14391561.83,2002,F1,1,,,,,
2026-09-30,2026-09-30,CM,NSE,STK,25881,INE691G01015,IMPEXFERRO,BZ,,,,,IMPEX FERRO TECH LIMITED,6.50,6.50,6.50,6.50,6.50,6.38,,6.50,,,59395,386067.50,57,F1,1,,,,,
2026-09-30,2026-09-30,CM,NSE,STK,17507,INE452L01012,INCREDIBLE,EQ,,,,,INCREDIBLE INDUSTRIES LTD,31.52,33.98,31.52,32.61,32.11,31.60,,32.36,,,6216,202985.99,72,F1,1,,,,,
2026-09-30,2026-09-30,CM,NSE,STK,12009,INE547E01014,IMPAL,EQ,,,,,IND MOTOR PART & ACC LTD,1049.40,1067.90,1029.40,1037.50,1037.00,1042.60,,1038.17,,,1754,1821712.10,354,F1,1,,,,,
2026-09-30,2026-09-30,CM,NSE,STK,4870,INE915B01019,INDSWFTLAB,EQ,,,,,IND SWIFT LABORATORIES LT,417.25,424.75,382.00,388.75,388.00,413.10,,388.41,,,805121,323060185.00,14719,F1,1,,,,,
2026-09-30,2026-09-30,CM,NSE,STK,21957,INE611L01021,INDTERRAIN,EQ,,,,,IND TERRAIN FASHIONS LTD,29.35,29.96,29.26,29.42,29.32,29.30,,29.42,,,13832,410965.31,144,F1,1,,,,,
2026-09-30,2026-09-30,CM,NSE,STK,16933,INE841B01017,INDBANK,EQ,,,,,INDBANK MERCH BANK,25.60,25.99,25.06,25.36,25.60,25.06,,25.36,,,17590,446678.04,377,F1,1,,,,,
2026-09-30,2026-09-30,CM,NSE,STK,29678,INE0O9T01021,BAJAJINDEF,EQ,,,,,INDEF MANUFACTURING LTD,219.44,226.00,210.20,211.02,210.24,213.11,,211.06,,,8436,1811064.00,416,F1,1,,,,,
2026-09-30,2026-09-30,CM,NSE,STK,23693,INE065X01017,INDGN,EQ,,,,,INDEGENE LIMITED,606.00,614.50,585.00,590.75,587.70,605.15,,590.74,,,390007,232691421.70,24081,F1,1,,,,,
2026-09-30,2026-09-30,CM,NSE,STK,1521,INE560A01023,INDIAGLYCO,EQ,,,,,INDIA GLYCOLS LTD,307.00,314.30,304.10,307.40,306.50,304.50,,307.37,,,321153,99097603.80,7268,F1,1,,,,,
2026-09-30,2026-09-30,CM,NSE,STK,4747,INE092B01025,INDNIPPON,EQ,,,,,INDIA NIPPON ELECT  LTD,1246.00,1267.60,1216.10,1244.40,1241.20,1244.80,,1245.00,,,48325,59970545.50,5571,F1,1,,,,,
2026-09-30,2026-09-30,CM,NSE,STK,4934,INE0D6701023,IPL,EQ,,,,,INDIA PESTICIDES LIMITED,133.00,135.00,131.10,132.72,131.30,133.12,,132.73,,,140290,18708175.28,2203,F1,1,,,,,
2026-09-30,2026-09-30,CM,NSE,STK,20556,INE922K01024,INDIASHLTR,EQ,,,,,INDIA SHELTER FIN CORP L,639.75,645.80,630.75,635.60,635.30,639.75,,635.60,,,44998,28598554.10,3181,F1,1,,,,,
2026-09-30,2026-09-30,CM,NSE,STK,19299,INE353K01014,ITDC,EQ,,,,,INDIA TOUR. DEV. CO. LTD.,660.00,728.00,656.10,687.65,676.50,657.15,,687.64,,,4549325,3213275875.85,164302,F1,1,,,,,
2026-09-30,2026-09-30,CM,NSE,STK,24999,INE126M01010,IBULLSLTD,EQ,,,,,INDIABULLS LIMITED,30.45,30.65,29.52,29.61,29.56,29.93,,29.60,,,7753680,233362547.03,12681,F1,1,,,,,
2026-09-30,2026-09-30,CM,NSE,STK,10726,INE933S01016,INDIAMART,EQ,,,,,INDIAMART INTERMESH LTD,1615.00,1644.00,1613.10,1629.00,1616.00,1612.90,,1629.21,,,101414,165648656.60,17598,F1,1,,,,,
2026-09-30,2026-09-30,CM,NSE,STK,14309,INE562A01011,INDIANB,EQ,,,,,INDIAN BANK,800.00,814.65,799.20,805.90,805.90,795.25,,805.91,,,1068705,864631463.20,39488,F1,1,,,,,
2026-09-30,2026-09-30,CM,NSE,STK,4422,INE061A01014,INDIANCARD,EQ,,,,,INDIAN CARD CLOTHING CO.,180.90,190.00,180.00,186.13,189.90,183.72,,186.13,,,4029,744085.65,167,F1,1,,,,,
2026-09-30,2026-09-30,CM,NSE,STK,23792,INE0RRU01016,IEML,ST,,,,,INDIAN EMULSIFIERS LTD,53.45,53.45,48.45,53.45,53.45,50.95,,53.45,,,189500,10025100.00,187,F1,500,,,,,
2026-09-30,2026-09-30,CM,NSE,STK,220,INE022Q01020,IEX,EQ,,,,,INDIAN ENERGY EXC LTD,106.75,108.80,106.53,107.00,107.00,106.39,,107.00,,,3890920,419278502.39,30369,F1,1,,,,,
2026-09-30,2026-09-30,CM,NSE,STK,1530,INE323C01030,INDIANHUME,EQ,,,,,INDIAN HUME PIPE CO. LTD.,352.15,362.80,350.30,352.80,350.30,355.80,,352.79,,,25759,9239818.25,1298,F1,1,,,,,
2026-09-30,2026-09-30,CM,NSE,STK,19235,INE919H01018,IMFA,EQ,,,,,INDIAN METALS & FERRO,1206.50,1228.00,1185.20,1190.90,1193.70,1206.50,,1190.85,,,61334,73871792.70,6411,F1,1,,,,,
2026-09-30,2026-09-30,CM,NSE,STK,1624,INE242A01010,IOC,EQ,,,,,INDIAN OIL CORP LTD,133.30,135.99,133.14,134.93,134.93,131.33,,134.93,,,9545086,1284188444.05,71219,F1,1,,,,,
2026-09-30,2026-09-30,CM,NSE,STK,9348,INE565A01014,IOB,EQ,,,,,INDIAN OVERSEAS BANK,31.00,31.54,30.80,30.96,30.90,30.95,,30.96,,,2518317,78579143.58,14483,F1,1,,,,,
2026-09-30,2026-09-30,CM,NSE,STK,25033,INE0DHF01018,IPHL,SM,,,,,INDIAN PHOSPHATE LIMITED,69.85,70.50,68.65,70.00,70.00,71.90,,70.00,,,15600,1088460.00,12,F1,1200,,,,,
2026-09-30,2026-09-30,CM,NSE,STK,13611,INE335Y01020,IRCTC,EQ,,,,,INDIAN RAIL TOUR CORP LTD,452.55,467.35,452.55,455.40,458.90,452.55,,455.41,,,829734,381782274.45,36847,F1,1,,,,,
2026-09-30,2026-09-30,CM,NSE,STK,2029,INE053F01010,IRFC,EQ,,,,,INDIAN RAILWAY FIN CORP L,78.60,81.50,78.41,79.28,79.28,80.26,,79.28,,,38110222,3061230145.95,104381,F1,1,,,,,
2026-09-30,2026-09-30,CM,NSE,STK,20261,INE202E01016,IREDA,EQ,,,,,INDIAN RENEWABLE ENERGY,111.70,113.84,111.37,111.68,111.68,111.00,,111.67,,,3872732,436130094.24,30154,F1,1,,,,,
2026-09-30,2026-09-30,CM,NSE,STK,762727,INE586E01020,IWP,EQ,,,,,INDIAN WOOD PRODUCTS CO L,38.34,38.65,36.41,37.52,37.50,36.88,,37.54,,,82945,3112218.85,491,F1,1,,,,,
2026-09-30,2026-09-30,CM,NSE,STK,2048,INE09VQ01012,INDIGOPNTS,EQ,,,,,INDIGO PAINTS LIMITED,1078.90,1104.20,1072.00,1091.00,1082.30,1078.90,,1091.04,,,37864,41190089.00,8429,F1,1,,,,,
2026-09-30,2026-09-30,CM,NSE,STK,20988,INE219X23014,INDIGRID,IV,,,,,INDIGRID INFRASTRUCT TRST,172.10,172.51,170.70,170.98,171.00,172.10,,170.98,,,1264894,216946017.93,23844,F1,1,,,,,
2026-09-30,2026-09-30,CM,NSE,STK,757845,INE06ST01018,INDIQUBE,EQ,,,,,INDIQUBE SPACES LIMITED,197.54,199.48,192.66,196.38,199.00,196.14,,196.38,,,19857,3897246.05,1290,F1,1,,,,,
2026-09-30,2026-09-30,CM,NSE,STK,9116,INE760F01028,INDOAMIN,EQ,,,,,INDO AMINES LIMITED,145.61,148.00,138.35,142.07,143.42,145.45,,142.03,,,208080,29904598.24,3565,F1,1,,,,,
2026-09-30,2026-09-30,CM,NSE,STK,8614,INE803D01021,INDOBORAX,EQ,,,,,INDO BORAX & CHEMICAL LTD,489.00,495.00,470.00,481.45,477.90,489.50,,481.82,,,168168,81101608.05,7386,F1,1,,,,,
2026-09-30,2026-09-30,CM,NSE,STK,11987,INE483B01026,ICIL,EQ,,,,,INDO COUNT INDUSTRIES LTD,437.00,464.00,437.00,460.40,463.00,434.95,,460.41,,,1020870,467345265.90,28781,F1,1,,,,,
2026-09-30,2026-09-30,CM,NSE,STK,29025,INE622H01018,INDOFARM,EQ,,,,,INDO FARM EQUIPMENT LTD,134.00,137.00,133.26,134.45,133.30,133.17,,134.46,,,63176,8544739.95,1268,F1,1,,,,,
2026-09-30,2026-09-30,CM,NSE,STK,10993,INE156A01020,INDORAMA,EQ,,,,,INDO RAMA SYNTHETICS LTD,105.85,107.50,99.00,100.36,99.95,103.44,,100.37,,,1164796,120639239.60,14631,F1,1,,,,,
2026-09-30,2026-09-30,CM,NSE,STK,13275,INE332H01014,INDOTECH,EQ,,,,,INDO TECH TRANSFORM LTD.,3267.00,3275.00,3161.20,3188.20,3190.00,3186.20,,3188.73,,,8311,26745399.30,1863,F1,1,,,,,
2026-09-30,2026-09-30,CM,NSE,STK,25608,INE337M01021,INDOTHAI,EQ,,,,,INDO THAI SEC LTD,32.40,33.52,32.39,33.52,33.52,31.93,,33.53,,,452135,15045008.99,1625,F1,1,,,,,
2026-09-30,2026-09-30,CM,NSE,STK,25503,INE250Z01010,INDOUS,EQ,,,,,INDO US BIOTECH LTD,79.50,81.98,75.51,78.22,78.35,77.42,,78.21,,,35025,2797279.40,117,F1,1,,,,,
2026-09-30,2026-09-30,CM,NSE,STK,764301,INE084101034,INDOMIM,EQ,,,,,INDO-MIM LIMITED,1263.90,1263.90,1223.00,1242.45,1235.00,1248.15,,1242.30,,,707284,879082412.40,35345,F1,1,,,,,
2026-09-30,2026-09-30,CM,NSE,STK,6782,INE567A01028,NIPPOBATRY,EQ,,,,,INDO-NATIONAL LIMITED,331.80,331.80,320.00,327.40,330.00,322.70,,327.41,,,1726,563997.90,120,F1,1,,,,,
2026-09-30,2026-09-30,CM,NSE,STK,11677,INE873D01024,INDOCO,EQ,,,,,INDOCO REMEDIES LTD.,270.52,274.87,255.35,261.67,257.02,269.15,,261.75,,,1088133,289993111.04,23368,F1,1,,,,,
2026-09-30,2026-09-30,CM,NSE,STK,757801,INE05J901018,IGCL,EQ,,,,,INDOGULF CROPSCIENCES LTD,58.75,59.10,56.15,56.80,56.65,57.15,,56.79,,,95296,5448047.10,4391,F1,1,,,,,
2026-09-30,2026-09-30,CM,NSE,STK,764708,INE716F01012,INDOKEM,EQ,,,,,INDOKEM LTD.,625.00,625.00,595.20,600.45,609.90,617.00,,600.37,,,4030,2448977.50,303,F1,1,,,,,
2026-09-30,2026-09-30,CM,NSE,STK,19955,INE866K01023,WAAREEINDO,EQ,,,,,INDOSOLAR LIMITED,214.40,215.00,205.55,209.95,208.30,210.65,,209.93,,,89461,18904397.80,2748,F1,1,,,,,
2026-09-30,2026-09-30,CM,NSE,STK,3088,INE896L01010,INDOSTAR,EQ,,,,,INDOSTAR CAPITAL FIN LTD,210.00,215.70,209.05,213.54,215.70,209.04,,213.52,,,106921,22619839.46,1606,F1,1,,,,,
2026-09-30,2026-09-30,CM,NSE,STK,14952,INE227G01018,INDOWIND,EQ,,,,,INDOWIND ENERGY LTD,8.70,9.00,8.60,8.69,8.75,8.86,,8.70,,,115529,1013487.64,597,F1,1,,,,,
2026-09-30,2026-09-30,CM,NSE,STK,11262,INE203G01027,IGL,EQ,,,,,INDRAPRASTHA GAS LTD,141.99,146.90,141.99,145.61,145.35,142.02,,145.61,,,3093267,449779286.21,61349,F1,1,,,,,
2026-09-30,2026-09-30,CM,NSE,STK,4751,INE681B01017,INDRAMEDCO,EQ,,,,,INDRAPRASTHA MEDICAL CORP,355.00,358.95,340.20,348.95,349.20,354.80,,348.95,,,390892,135642224.70,13147,F1,1,,,,,
2026-09-30,2026-09-30,CM,NSE,STK,23036,INE0NHL23019,INDUSINVIT,IV,,,,,INDUS INFRA TRUST,130.56,132.00,129.80,129.95,129.88,131.00,,129.95,,,1112761,145412244.16,4328,F1,1,,,,,
2026-09-30,2026-09-30,CM,NSE,STK,29135,INE121J01017,INDUSTOWER,EQ,,,,,INDUS TOWERS LIMITED,370.35,376.05,368.60,373.20,373.20,367.55,,373.20,,,6712752,2502796709.65,86049,F1,1,,,,,
2026-09-30,2026-09-30,CM,NSE,STK,5258,INE095A01012,INDUSINDBK,EQ,,,,,INDUSIND BANK LIMITED,885.00,902.10,885.00,901.40,901.40,878.00,,901.39,,,2428835,2174391194.90,53275,F1,1,,,,,
2026-09-30,2026-09-30,CM,NSE,STK,762717,INE620D01011,INDPRUD,EQ,,,,,INDUSTRIAL & PRU INV CO L,6350.00,6450.00,6290.00,6336.50,6427.00,6358.00,,6388.13,,,76,484594.50,38,F1,1,,,,,
2026-09-30,2026-09-30,CM,NSE,STK,19525,INE886A01014,IITL,EQ,,,,,INDUSTRIAL INV TRUST LTD,127.69,139.25,127.52,133.26,134.00,125.64,,133.26,,,113106,14853485.13,1541,F1,1,,,,,
2026-09-30,2026-09-30,CM,NSE,STK,15036,INE0MRE01011,INFINIUM,SM,,,,,INFINIUM PHARMACHEM LTD,269.50,293.15,260.00,291.45,293.15,266.50,,291.45,,,41500,11628325.00,66,F1,500,,,,,
2026-09-30,2026-09-30,CM,NSE,STK,757602,INE0MYZ01012,INFLUX,SM,,,,,INFLUX HEALTHTECH LIMITED,262.90,266.85,260.00,260.20,260.00,262.90,,260.20,,,49200,12845790.00,70,F1,600,,,,,
2026-09-30,2026-09-30,CM,NSE,STK,13751,INE663F01032,NAUKRI,EQ,,,,,INFO EDGE (I) LTD,1235.00,1246.00,1204.50,1219.50,1219.50,1245.00,,1219.35,,,1589054,1945140982.70,44204,F1,1,,,,,
2026-09-30,2026-09-30,CM,NSE,STK,11027,INE344S01016,INFOBEAN,EQ,,,,,INFOBEANS TECHNO. LTD.,143.25,145.38,143.01,143.50,143.31,143.78,,143.49,,,118611,17094189.98,1772,F1,1,,,,,
2026-09-30,2026-09-30,CM,NSE,STK,16588,INE0NNZ01013,INFOLLION,SM,,,,,INFOLLION RESEARCH SER L,151.00,152.55,151.00,152.00,152.00,152.55,,152.00,,,2800,426300.00,3,F1,400,,,,,
2026-09-30,2026-09-30,CM,NSE,STK,13693,INE669A01022,INFOMEDIA,EQ,,,,,INFOMEDIA PRESS LIMITED,5.29,5.54,5.05,5.38,5.54,5.19,,5.38,,,21723,114883.58,49,F1,1,,,,,
2026-09-30,2026-09-30,CM,NSE,STK,1594,INE009A01021,INFY,EQ,,,,,INFOSYS LIMITED,1004.00,1024.00,992.20,994.10,994.10,1015.40,,994.10,,,13508984,13548200811.40,222181,F1,1,,,,,
2026-09-30,2026-09-30,CM,NSE,STK,1597,INE177A01018,INGERRAND,EQ,,,,,INGERSOLL-RAND INDIA LTD,4195.00,4237.30,4077.00,4144.00,4187.70,4195.00,,4143.99,,,28231,116606797.40,7570,F1,1,,,,,
2026-09-30,2026-09-30,CM,NSE,STK,25323,INE0S1D01010,INNOMET,ST,,,,,INNOMET ADVANCED MATERI L,279.50,282.05,279.50,281.00,281.00,283.75,,281.00,,,14400,4039050.00,20,F1,600,,,,,
2026-09-30,2026-09-30,CM,NSE,STK,21062,INE0DUT01020,INNOVACAP,EQ,,,,,INNOVA CAPTAB LIMITED,1269.80,1270.00,1146.50,1159.80,1166.90,1271.20,,1159.75,,,621573,739069181.90,38680,F1,1,,,,,
2026-09-30,2026-09-30,CM,NSE,STK,27754,INE403Y01018,INNOVANA,EQ,,,,,INNOVANA THINKLABS LTD,296.10,296.10,286.05,292.55,287.50,291.50,,292.75,,,25036,7312045.20,578,F1,1,,,,,
2026-09-30,2026-09-30,CM,NSE,STK,27266,INE070Y01023,ITTL,ST,,,,,INNOVATIVE TYRE & TUBE LT,61.95,61.95,61.00,61.95,61.95,61.65,,61.95,,,2310,141309.00,6,F1,105,,,,,
2026-09-30,2026-09-30,CM,NSE,STK,761528,INE0ADB01012,INNOVISION,EQ,,,,,INNOVISION LIMITED,253.25,255.65,251.20,252.00,252.05,253.70,,252.02,,,6614,1671204.45,409,F1,1,,,,,
2026-09-30,2026-09-30,CM,NSE,STK,12188,INE510W01014,INOXGREEN,EQ,,,,,INOX GREEN ENERGY SER LTD,164.79,166.82,160.00,161.07,161.00,163.96,,161.06,,,413754,67445895.15,7868,F1,1,,,,,
2026-09-30,2026-09-30,CM,NSE,STK,20607,INE616N01034,INOXINDIA,EQ,,,,,INOX INDIA LIMITED,2087.20,2099.00,2040.10,2052.50,2043.10,2070.40,,2052.11,,,179897,372154896.20,17066,F1,1,,,,,
2026-09-30,2026-09-30,CM,NSE,STK,7852,INE066P01011,INOXWIND,EQ,,,,,INOX WIND LIMITED,72.00,72.93,69.51,69.51,69.51,71.50,,69.52,,,9235114,656378538.23,38865,F1,1,,,,,
2026-09-30,2026-09-30,CM,NSE,STK,14657,INE070I01018,INSECTICID,EQ,,,,,INSECTICIDES (I) LTD,585.10,599.20,581.05,584.30,586.00,588.90,,584.22,,,7085,4171827.90,497,F1,1,,,,,
2026-09-30,2026-09-30,CM,NSE,STK,761099,INE0LGX01024,INA,EQ,,,,,INSOLATION ENERGY LIMITED,89.26,91.80,86.81,87.50,88.40,87.63,,87.51,,,609109,54083800.08,5768,F1,1,,,,,
2026-09-30,2026-09-30,CM,NSE,STK,13730,INE020G01017,INSPIRISYS,EQ,,,,,INSPIRISYS SOLUTIONS LTD,84.22,90.00,84.22,87.16,87.57,85.92,,87.17,,,5963,517955.69,257,F1,1,,,,,
2026-09-30,2026-09-30,CM,NSE,STK,30323,INE418N01035,ESSENTIA,EQ,,,,,INTEGRA ESSENTIA LIMITED,1.00,1.02,1.00,1.00,1.00,1.00,,1.00,,,770450,778297.71,560,F1,1,,,,,
2026-09-30,2026-09-30,CM,NSE,STK,11903,INE02EE01019,IPSL,SM,,,,,INTEGRATED PERSO SER LTD,180.00,229.00,175.35,185.90,196.00,215.00,,185.90,,,7500,1506750.00,14,F1,500,,,,,
2026-09-30,2026-09-30,CM,NSE,STK,757902,INE0YSH01017,INTEGRITY,SM,,,,,INTEGRITY INFRABUILD DE L,186.80,186.80,186.80,186.80,186.80,178.00,,186.80,,,1200,224160.00,1,F1,1200,,,,,
2026-09-30,2026-09-30,CM,NSE,STK,5926,INE306R01017,INTELLECT,EQ,,,,,INTELLECT DESIGN ARENA,614.00,634.20,609.00,613.65,610.00,613.25,,613.66,,,457036,285096481.40,25736,F1,1,,,,,
2026-09-30,2026-09-30,CM,NSE,STK,20071,INE781A01025,INTENTECH,EQ,,,,,INTENSE TECHNOLOGIES LTD,81.60,86.50,81.60,84.46,84.21,82.63,,84.39,,,18698,1573482.79,465,F1,1,,,,,
2026-09-30,2026-09-30,CM,NSE,STK,24909,INE00M901018,INTERARCH,EQ,,,,,INTERARCH BLDNG SOLTN LTD,1705.90,1713.50,1670.00,1673.40,1676.00,1690.20,,1673.36,,,34454,57984735.50,3722,F1,1,,,,,
2026-09-30,2026-09-30,CM,NSE,STK,11195,INE646L01027,INDIGO,EQ,,,,,INTERGLOBE AVIATION LTD,4915.50,5021.50,4893.50,4984.00,4984.00,4872.00,,4983.99,,,624800,3104212506.00,57765,F1,1,,,,,
2026-09-30,2026-09-30,CM,NSE,STK,5606,INE575C01027,INTLCONV,EQ,,,,,INTL CONVEYORS LIMITED,78.60,81.09,78.40,80.01,80.00,80.00,,80.01,,,28672,2295659.53,308,F1,1,,,,,
2026-09-30,2026-09-30,CM,NSE,STK,28378,INE0Q9301021,IGIL,EQ,,,,,INTL GEMOLOGICAL INST LTD,323.20,327.05,314.05,315.90,316.55,324.30,,315.90,,,584224,187156569.45,17804,F1,1,,,,,
2026-09-30,2026-09-30,CM,NSE,STK,18483,INE566K01011,ISFT,BE,,,,,INTRASOFT TECH. LTD,101.61,101.84,95.11,95.86,95.11,100.11,,95.87,,,9354,904995.96,125,F1,1,,,,,
2026-09-30,2026-09-30,CM,NSE,STK,24870,INE878H01024,INVENTURE,EQ,,,,,INVENTURE GRO & SEC LTD,0.86,0.88,0.86,0.86,0.86,0.86,,0.86,,,476101,412923.97,283,F1,1,,,,,
2026-09-30,2026-09-30,CM,NSE,STK,28125,INE115Q01022,IKS,EQ,,,,,INVENTURUS KNOWLEDGE SO L,1782.90,1800.50,1740.30,1747.50,1755.40,1779.40,,1747.61,,,152839,268459157.80,18817,F1,1,,,,,
2026-09-30,2026-09-30,CM,NSE,STK,18292,INF205KA1BP1,IVZINGOLD,EQ,,,,,INVESCO INDIA GOLD ETF,127.95,133.00,127.55,128.90,133.00,127.25,,128.90,,,64490,8303032.95,227,F1,1,,,,,
2026-09-30,2026-09-30,CM,NSE,STK,24217,INF205KA1CC7,IVZINNIFTY,EQ,,,,,INVESCO INDIA NIFTY ETF,255.15,263.21,255.15,259.83,260.43,261.70,,259.83,,,5228,1365663.94,32,F1,1,,,,,
2026-09-30,2026-09-30,CM,NSE,STK,762725,INE155E01016,INVPRECQ,BE,,,,,INVESTMENT & PREC CAST L,1550.00,1560.00,1480.10,1536.70,1555.00,1521.20,,1536.82,,,3316,5078127.20,251,F1,1,,,,,
2026-09-30,2026-09-30,CM,NSE,STK,760139,INE0XJ501010,INVICTA,SM,,,,,INVICTA DIAGNOSTIC LTD,69.70,69.90,67.30,67.50,67.50,66.90,,67.50,,,6400,439040.00,4,F1,1600,,,,,
2026-09-30,2026-09-30,CM,NSE,STK,20413,INE485C01029,IOLCP,EQ,,,,,IOL CHEM AND PHARMA LTD,202.60,211.60,202.51,207.08,207.00,201.48,,207.09,,,3390524,706505257.79,40875,F1,1,,,,,
2026-09-30,2026-09-30,CM,NSE,STK,1630,INE570A01022,IONEXCHANG,EQ,,,,,ION EXCHANGE (INDIA) LTD,411.90,414.50,403.60,411.15,411.00,410.20,,411.15,,,230496,94700047.45,18523,F1,1,,,,,
2026-09-30,2026-09-30,CM,NSE,STK,764713,INE558A01019,IPRINGLTD,EQ,,,,,IP RINGS LTD.,144.00,147.99,142.00,145.03,145.00,136.13,,144.62,,,3198,466828.03,151,F1,1,,,,,
2026-09-30,2026-09-30,CM,NSE,STK,1633,INE571A01038,IPCALAB,EQ,,,,,IPCA LABORATORIES LTD,1950.30,1984.90,1916.40,1927.00,1929.00,1938.10,,1927.01,,,312460,607859871.20,36555,F1,1,,,,,
2026-09-30,2026-09-30,CM,NSE,STK,15313,INE821I01022,IRB,EQ,,,,,IRB INFRA DEV LTD.,16.98,17.57,16.92,17.49,17.37,16.98,,17.49,,,15971102,276670030.78,23469,F1,1,,,,,
2026-09-30,2026-09-30,CM,NSE,STK,20821,INE183W23014,IRBINVIT,BL,,,,,IRB INVIT FUND,63.18,63.36,63.18,63.29,63.36,98.92,,63.36,,,55555555,3516571393.56,5,F1,999999999,,,,,
2026-09-30,2026-09-30,CM,NSE,STK,20817,INE183W23014,IRBINVIT,IV,,,,,IRB INVIT FUND,64.40,64.40,64.10,64.22,64.29,64.17,,64.22,,,680583,43703208.21,4720,F1,1,,,,,
2026-09-30,2026-09-30,CM,NSE,STK,4986,INE962Y01021,IRCON,EQ,,,,,IRCON INTERNATIONAL LTD,102.80,122.96,102.80,117.09,116.50,102.47,,117.09,,,76654100,8959516978.59,394040,F1,1,,,,,
2026-09-30,2026-09-30,CM,NSE,STK,1391,INE202E07138,880IREDA29,N5,,,,,IREDA 8.80NCDTR I SR II B,1133.89,1133.89,1133.74,1133.75,1133.75,1133.89,,1126.38,,,311,352597.40,4,F1,1,,,,,
2026-09-30,2026-09-30,CM,NSE,STK,2275,INE01GN01025,IRISDOREME,EQ,,,,,IRIS CLOTHINGS LIMITED,62.80,63.48,61.00,61.55,61.40,62.80,,61.55,,,155703,9701413.00,2340,F1,1,,,,,
2026-09-30,2026-09-30,CM,NSE,STK,6489,INE864K01010,IRIS,EQ,,,,,IRIS REGTECH SOLUTION LTD,234.92,234.99,222.00,223.38,222.00,230.23,,223.57,,,9220,2086438.80,419,F1,1,,,,,
2026-09-30,2026-09-30,CM,NSE,STK,19597,INE07U701015,IRMENERGY,EQ,,,,,IRM ENERGY LIMITED,263.25,272.10,263.25,264.45,265.20,267.25,,264.43,,,32502,8666914.95,1447,F1,1,,,,,
2026-09-30,2026-09-30,CM,NSE,STK,763789,INE413U07475,920ISF28,N0,,,,,ISF 9.20% 2028,9777.93,9778.00,9700.01,9731.67,9710.01,9745.96,,9731.67,,,58,564852.78,16,F1,1,,,,,
2026-09-30,2026-09-30,CM,NSE,STK,761208,INE413U07442,925ISF28,N0,,,,,ISF 9.25% 2028,9575.55,9609.00,9575.55,9584.24,9579.01,9995.85,,9584.24,,,40,383352.56,6,F1,1,,,,,
2026-09-30,2026-09-30,CM,NSE,STK,760991,INE413U07467,925ISF29,N0,,,,,ISF 9.25% 2029 SR B,9708.22,9708.22,9708.22,9708.22,9708.22,9757.00,,9708.22,,,4,38832.88,2,F1,1,,,,,
2026-09-30,2026-09-30,CM,NSE,STK,3329,INE858B01029,ISGEC,EQ,,,,,ISGEC HEAVY ENG LTD,880.25,893.50,871.20,883.10,879.60,880.10,,883.33,,,77493,68554151.60,8709,F1,1,,,,,
2026-09-30,2026-09-30,CM,NSE,STK,30249,INE561M01018,ISHANCH,EQ,,,,,ISHAN DYES N CHEMICALS L,47.35,49.69,46.26,47.82,48.25,47.35,,47.82,,,48457,2354757.81,227,F1,1,,,,,
2026-09-30,2026-09-30,CM,NSE,STK,10995,INE0LCW01025,ISHAN,SM,,,,,ISHAN INTERNATIONAL LTD,0.45,0.50,0.45,0.50,0.50,0.50,,0.50,,,144000,69600.00,3,F1,48000,,,,,
2026-09-30,2026-09-30,CM,NSE,STK,29251,INE379A01028,ITCHOTELS,EQ,,,,,ITC HOTELS LIMITED,161.70,164.90,160.25,164.13,164.29,160.53,,164.12,,,1550628,252197661.75,34936,F1,1,,,,,
2026-09-30,2026-09-30,CM,NSE,STK,1660,INE154A01025,ITC,EQ,,,,,ITC LTD,265.00,266.90,261.40,262.75,262.75,265.10,,262.75,,,14079098,3723966495.50,147324,F1,1,,,,,
2026-09-30,2026-09-30,CM,NSE,STK,1675,INE248A01017,ITI,EQ,,,,,ITI LTD,242.60,261.90,242.25,246.40,246.00,243.40,,246.41,,,1068588,269186713.55,27618,F1,1,,,,,
2026-09-30,2026-09-30,CM,NSE,STK,764723,INE478D01014,ITL,EQ,,,,,ITL INDUSTRIES LTD.,356.50,356.50,347.05,351.20,355.80,353.00,,351.20,,,665,233256.85,30,F1,1,,,,,
2026-09-30,2026-09-30,CM,NSE,STK,759041,INE056801025,IVALUE,EQ,,,,,IVALUE INFOSOLUTIONS LTD,225.90,228.10,220.25,222.76,226.00,224.61,,222.77,,,66924,15020116.24,2867,F1,1,,,,,
2026-09-30,2026-09-30,CM,NSE,STK,8857,INE043C01018,IVP,BE,,,,,IVP LIMITED,228.55,228.90,222.10,225.91,225.95,226.08,,225.93,,,9312,2097272.69,124,F1,1,,,,,
2026-09-30,2026-09-30,CM,NSE,STK,757644,INE1AII01014,IWARE,ST,,,,,IWARE SUPPLYCHAIN SER LTD,382.10,389.85,379.00,388.00,388.00,382.10,,388.00,,,8400,3230790.00,14,F1,600,,,,,
2026-09-30,2026-09-30,CM,NSE,STK,14174,INE848A01014,IZMO,EQ,,,,,IZMO LIMITED,895.00,909.80,870.10,874.80,876.00,888.20,,874.86,,,82671,73344475.70,4753,F1,1,,,,,
2026-09-30,2026-09-30,CM,NSE,STK,5633,INE168A01041,J&KBANK,EQ,,,,,J & K BANK LTD.,139.00,142.26,138.00,138.65,138.81,138.52,,138.65,,,1592541,223338077.51,29540,F1,1,,,,,
2026-09-30,2026-09-30,CM,NSE,STK,23056,INE0MB501011,JGCHEM,EQ,,,,,J.G.CHEMICALS LIMITED,671.55,688.00,617.50,645.10,638.00,658.65,,644.80,,,1421545,947674646.20,47504,F1,1,,,,,
2026-09-30,2026-09-30,CM,NSE,STK,13211,INE199G01027,JAGRAN,EQ,,,,,JAGRAN PRAKASHAN LIMITED,62.05,62.99,62.00,62.30,62.00,62.01,,62.30,,,103134,6438764.64,1177,F1,1,,,,,
2026-09-30,2026-09-30,CM,NSE,STK,4410,INE048B01035,JAGSNPHARM,EQ,,,,,JAGSONPAL PHARMACEUTICALS,237.99,246.00,232.00,237.74,237.33,234.71,,237.69,,,282625,68133369.22,5858,F1,1,,,,,
2026-09-30,2026-09-30,CM,NSE,STK,11256,INE091G01026,JAIBALAJI,EQ,,,,,JAI BALAJI INDUSTRIES LTD,64.18,65.00,62.00,62.24,62.88,63.35,,62.25,,,275374,17301485.06,2444,F1,1,,,,,
2026-09-30,2026-09-30,CM,NSE,STK,5143,INE070D01027,JAICORPLTD,EQ,,,,,JAI CORP LIMITED,91.80,93.63,91.30,91.69,91.46,91.80,,91.69,,,201178,18516109.05,3096,F1,1,,,,,
2026-09-30,2026-09-30,CM,NSE,STK,25684,IN9175A01010,JISLDVREQS,EQ,,,,,JAIN DVR EQUITY SHARES,19.50,19.98,19.01,19.14,19.17,19.46,,19.14,,,9109,175451.12,285,F1,1,,,,,
2026-09-30,2026-09-30,CM,NSE,STK,10397,INE175A01038,JISLJALEQS,EQ,,,,,JAIN IRRIGATION SYSTEMS,28.93,29.30,27.75,27.93,27.75,28.97,,27.93,,,1648888,46887539.11,4750,F1,1,,,,,
2026-09-30,2026-09-30,CM,NSE,STK,759244,INE0YD401026,JAINREC,EQ,,,,,JAIN RESOURCE RECYCLING L,286.90,293.85,283.05,292.35,291.00,287.65,,292.37,,,924581,267202231.15,25021,F1,1,,,,,
2026-09-30,2026-09-30,CM,NSE,STK,758306,INE0XIL01012,JAINIK,ST,,,,,JAINIK POWER CABLES LTD,194.00,199.00,193.80,193.80,193.80,204.00,,193.80,,,8400,1634400.00,7,F1,1200,,,,,
2026-09-30,2026-09-30,CM,NSE,STK,11763,INE351F01018,JPPOWER,EQ,,,,,JAIPRAKASH POWER VEN. LTD,15.25,15.58,15.00,15.13,15.15,15.26,,15.13,,,29140693,446717952.87,342879,F1,1,,,,,
2026-09-30,2026-09-30,CM,NSE,STK,20930,INE349X01015,JALAN,ST,,,,,JALAN TRANSOLU. INDIA LTD,1.65,1.65,1.65,1.65,1.65,1.70,,1.65,,,6000,9900.00,2,F1,3000,,,,,
2026-09-30,2026-09-30,CM,NSE,STK,20778,INE039C01032,JAMNAAUTO,EQ,,,,,JAMNA AUTO IND LTD,136.35,141.75,135.70,136.35,136.44,136.27,,136.34,,,2575110,355277878.47,38465,F1,1,,,,,
2026-09-30,2026-09-30,CM,NSE,STK,22663,INE953L01027,JSFB,EQ,,,,,JANA SMALL FIN BANK LTD,506.00,509.00,486.00,489.30,489.00,503.70,,489.30,,,428503,212299789.20,15566,F1,1,,,,,
2026-09-30,2026-09-30,CM,NSE,STK,759951,INE00YJ01010,JARO,EQ,,,,,JARO INS OF TEC MG N RE L,421.55,427.65,419.00,420.10,419.75,421.55,,420.08,,,91420,38696990.70,2648,F1,1,,,,,
2026-09-30,2026-09-30,CM,NSE,STK,13982,INE039O01029,JASH,EQ,,,,,JASH ENGINEERING LIMITED,600.00,619.40,585.15,591.65,592.00,598.40,,591.64,,,838814,506694858.75,28457,F1,1,,,,,
2026-09-30,2026-09-30,CM,NSE,STK,25037,INE0SMY01017,JAYBEE,SM,,,,,JAY BEE LAMINATIONS LTD,97.95,98.00,91.40,94.05,92.60,96.30,,94.05,,,36500,3440275.00,70,F1,500,,,,,
2026-09-30,2026-09-30,CM,NSE,STK,1708,INE571B01036,JAYBARMARU,EQ,,,,,JAY BHARAT MARUTI LTD,125.95,129.40,123.67,128.39,128.20,124.60,,128.40,,,660716,83851579.45,15895,F1,1,,,,,
2026-09-30,2026-09-30,CM,NSE,STK,10892,INE0J6801010,KORE,ST,,,,,JAY JALARAM TECHNO LTD,197.50,197.60,179.50,183.45,179.50,188.20,,183.45,,,37000,7043387.50,76,F1,250,,,,,
2026-09-30,2026-09-30,CM,NSE,STK,4041,INE785A01026,JAYAGROGN,EQ,,,,,JAYANT AGRO ORGANICS LTD,224.77,226.14,222.70,223.18,223.00,225.44,,223.17,,,7967,1785565.20,278,F1,1,,,,,
2026-09-30,2026-09-30,CM,NSE,STK,2331,INE854B01010,JAYNECOIND,EQ,,,,,JAYASWAL NECO INDUSTR LTD,93.70,96.38,92.00,92.79,92.80,92.66,,92.76,,,5628555,533756154.77,37801,F1,1,,,,,
2026-09-30,2026-09-30,CM,NSE,STK,759159,INE1AE401014,JAYESH,SM,,,,,JAYESH LOGISTICS LIMITED,125.90,126.30,119.00,123.95,123.95,124.90,,123.95,,,15000,1868900.00,14,F1,1000,,,,,
2026-09-30,2026-09-30,CM,NSE,STK,760073,INE903A01025,JAYKAY,EQ,,,,,JAYKAY ENTERPRISES LTD,206.05,214.90,204.10,204.93,205.29,205.01,,204.92,,,641565,134677479.83,10808,F1,1,,,,,
2026-09-30,2026-09-30,CM,NSE,STK,766244,IN9903A01015,JAYKAYPP,E1,,,,,JAYKAY RE.0.50 PPD UP,156.10,165.00,156.10,158.51,161.90,159.31,,158.58,,,84977,13778759.35,441,F1,1,,,,,
2026-09-30,2026-09-30,CM,NSE,STK,1720,INE364A01020,JAYSREETEA,EQ,,,,,JAYSHREE TEA & INDUSTRIES,86.25,89.55,85.01,85.74,85.25,85.75,,85.86,,,32813,2823309.51,881,F1,1,,,,,
2026-09-30,2026-09-30,CM,NSE,STK,11655,INE927D01051,JBMA,EQ,,,,,JBM AUTO LIMITED,568.95,572.70,552.00,556.50,556.75,563.15,,556.56,,,234314,131644652.95,12195,F1,1,,,,,
2026-09-30,2026-09-30,CM,NSE,STK,758115,INE0J5801029,JSLL,EQ,,,,,JEENA SIKHO LIFECARE LTD,509.45,512.90,494.60,500.80,498.00,509.45,,500.84,,,559788,280017254.40,24240,F1,1,,,,,
2026-09-30,2026-09-30,CM,NSE,STK,764728,INE354A01013,JENBURPH,EQ,,,,,JENBURKT PHARMACEUTICAL L,930.00,944.00,911.20,914.60,912.50,924.00,,915.33,,,2329,2143703.30,121,F1,1,,,,,
2026-09-30,2026-09-30,CM,NSE,STK,7211,INE982V01025,JETFREIGHT,EQ,,,,,JET FREIGHT LOGISTICS LTD,20.32,21.25,20.32,20.74,20.75,20.63,,20.74,,,93418,1943473.18,978,F1,1,,,,,
2026-09-30,2026-09-30,CM,NSE,STK,25147,INE0RXB01022,JEYYAM,SM,,,,,JEYYAM GLOBAL FOODS LTD,20.50,21.00,20.30,20.40,20.30,20.70,,20.40,,,70000,1457700.00,35,F1,2000,,,,,
2026-09-30,2026-09-30,CM,NSE,STK,10885,INE0LA901015,JFLLIFE,SM,,,,,JFL LIFE SCIENCES LIMITED,10.00,10.00,9.85,10.00,10.00,10.00,,10.00,,,48000,477300.00,8,F1,6000,,,,,
2026-09-30,2026-09-30,CM,NSE,STK,13720,INE544H01014,JHS,EQ,,,,,JHS SVEND. LAB. LTD,11.40,12.45,11.00,12.45,12.45,10.38,,12.51,,,2836786,34439356.68,3651,F1,1,,,,,
2026-09-30,2026-09-30,CM,NSE,STK,24145,INE03DD01011,RETAIL,EQ,,,,,JHS SVENDGAARD RETAIL V L,31.76,31.76,31.76,31.76,31.76,28.88,,31.76,,,45112,1432757.12,98,F1,1,,,,,
2026-09-30,2026-09-30,CM,NSE,STK,31507,INE147P01019,JPOLYINVST,EQ,,,,,JIND POL INV & FIN CO LTD,950.00,959.50,930.05,933.40,937.50,950.00,,933.36,,,1705,1607204.85,305,F1,1,,,,,
2026-09-30,2026-09-30,CM,NSE,STK,13875,INE742C01031,JINDRILL,EQ,,,,,JINDAL DRILLING IND. LTD,599.90,612.40,595.35,600.60,598.00,599.95,,600.63,,,191699,115834685.40,8402,F1,1,,,,,
2026-09-30,2026-09-30,CM,NSE,STK,11743,INE796G01012,JINDALPHOT,EQ,,,,,JINDAL PHOTO LIMITED,1040.40,1067.00,1031.00,1040.50,1031.00,1043.40,,1040.48,,,939,980925.00,134,F1,1,,,,,
2026-09-30,2026-09-30,CM,NSE,STK,1756,INE197D01010,JINDALPOLY,EQ,,,,,JINDAL POLY FILMS LIMITED,681.50,688.55,670.00,672.55,670.00,675.30,,672.55,,,5648,3842140.55,586,F1,1,,,,,
2026-09-30,2026-09-30,CM,NSE,STK,3024,INE324A01032,JINDALSAW,EQ,,,,,JINDAL SAW LIMITED,277.30,282.05,274.35,277.70,275.75,277.70,,277.72,,,1224272,340769052.25,27929,F1,1,,,,,
2026-09-30,2026-09-30,CM,NSE,STK,11236,INE220G01021,JSL,EQ,,,,,JINDAL STAINLESS LIMITED,735.70,749.85,733.00,747.40,746.90,738.30,,747.39,,,860756,641274639.25,34700,F1,1,,,,,
2026-09-30,2026-09-30,CM,NSE,STK,6733,INE749A01030,JINDALSTEL,EQ,,,,,JINDAL STEEL LIMITED,1130.00,1144.30,1124.60,1134.90,1134.90,1130.00,,1134.85,,,1535849,1740816420.90,34723,F1,1,,,,,
2026-09-30,2026-09-30,CM,NSE,STK,766187,INE1DLO01028,JSIPL,BE,,,,,JINDAL SUPREME (INDIA) L,159.99,160.79,157.73,160.79,160.79,153.14,,162.78,,,902237,144574991.31,6472,F1,1,,,,,
2026-09-30,2026-09-30,CM,NSE,STK,20642,INE247D01039,JINDWORLD,EQ,,,,,JINDAL WORLDWIDE LTD,47.60,47.97,46.26,46.54,46.59,47.07,,46.54,,,2793369,131379349.72,8278,F1,1,,,,,
2026-09-30,2026-09-30,CM,NSE,STK,759205,INE1FF001016,JKIPL,EQ,,,,,JINKUSHAL INDUSTRIES LTD,96.05,100.50,96.00,97.70,97.00,97.69,,97.70,,,3154,308674.27,68,F1,1,,,,,
2026-09-30,2026-09-30,CM,NSE,STK,18143,INE758E01017,JIOFIN,EQ,,,,,JIO FIN SERVICES LTD,218.00,220.39,215.64,216.88,216.88,217.56,,216.87,,,14305215,3109967665.59,126002,F1,1,,,,,
2026-09-30,2026-09-30,CM,NSE,STK,765307,INF22M001184,NIFTYJBLK,EQ,,,,,JIOBLACKROCKAMC-NIFTYJBLK,11.93,11.93,11.60,11.64,11.66,11.64,,11.64,,,128677,1499582.90,635,F1,1,,,,,
2026-09-30,2026-09-30,CM,NSE,STK,19691,INE863T01013,JITFINFRA,EQ,,,,,JITF INFRALOGISTICS LTD,288.40,288.40,275.60,278.80,275.60,277.15,,278.81,,,21653,6061866.85,433,F1,1,,,,,
2026-09-30,2026-09-30,CM,NSE,STK,13270,INE823G01014,JKCEMENT,EQ,,,,,JK CEMENT LIMITED,4848.00,5117.00,4848.00,5076.00,5074.00,4824.50,,5075.94,,,106778,534934824.00,19279,F1,1,,,,,
2026-09-30,2026-09-30,CM,NSE,STK,13491,INE786A01032,JKLAKSHMI,EQ,,,,,JK LAKSHMI CEMENT LTD,490.05,498.75,488.10,492.30,488.20,490.15,,492.31,,,104189,51458799.40,14234,F1,1,,,,,
2026-09-30,2026-09-30,CM,NSE,STK,11860,INE789E01012,JKPAPER,EQ,,,,,JK PAPER LIMITED,394.60,399.45,391.00,393.70,392.35,391.35,,393.70,,,294026,116179563.15,15826,F1,1,,,,,
2026-09-30,2026-09-30,CM,NSE,STK,14435,INE573A01042,JKTYRE,EQ,,,,,JK TYRE & INDUSTRIES LTD,337.00,349.00,337.00,347.00,347.20,334.80,,347.00,,,1039519,359635108.80,24019,F1,1,,,,,
2026-09-30,2026-09-30,CM,NSE,STK,15266,INE576I01022,JKIL,EQ,,,,,JKUMAR INFR.LTD.,452.50,471.00,452.00,463.30,452.35,451.40,,463.28,,,98451,45449910.90,4037,F1,1,,,,,
2026-09-30,2026-09-30,CM,NSE,STK,13637,INE780C01023,JMFINANCIL,EQ,,,,,JM FINANCIAL LIMITED,125.25,129.65,125.25,129.02,129.06,125.78,,129.02,,,2299895,294673574.69,19153,F1,1,,,,,
2026-09-30,2026-09-30,CM,NSE,STK,23621,INE0OAF01028,JNKINDIA,EQ,,,,,JNK INDIA LIMITED,459.95,462.90,434.80,438.20,437.65,451.75,,438.21,,,239632,106799276.70,11384,F1,1,,,,,
2026-09-30,2026-09-30,CM,NSE,STK,16927,INE839G01010,JOCIL,EQ,,,,,JOCIL LIMITED,162.00,162.00,146.00,146.86,149.99,145.17,,146.86,,,5784,865023.78,113,F1,1,,,,,
2026-09-30,2026-09-30,CM,NSE,STK,762623,INE515A01019,COCKERILL,EQ,,,,,JOHN COCKERILL INDIA LTD.,7905.50,8029.00,7840.50,7966.50,7995.00,7883.00,,7969.66,,,3420,27205445.50,1113,F1,1,,,,,
2026-09-30,2026-09-30,CM,NSE,STK,758460,INE718I01012,JSWCEMENT,EQ,,,,,JSW CEMENT LIMITED,113.60,114.03,112.30,113.38,113.30,112.58,,113.38,,,1945111,220418072.84,33010,F1,1,,,,,
2026-09-30,2026-09-30,CM,NSE,STK,1467,INE133A01011,JSWDULUX,EQ,,,,,JSW DULUX LIMITED,3069.00,3091.30,3035.70,3079.00,3070.00,3034.40,,3079.01,,,14235,43717953.50,4123,F1,1,,,,,
2026-09-30,2026-09-30,CM,NSE,STK,17869,INE121E01018,JSWENERGY,EQ,,,,,JSW ENERGY LIMITED,498.00,500.45,489.50,494.70,494.70,501.15,,494.63,,,1797485,886820660.95,42871,F1,1,,,,,
2026-09-30,2026-09-30,CM,NSE,STK,11880,INE824G01012,JSWHL,EQ,,,,,JSW HOLDINGS LIMITED,11000.00,11409.00,11000.00,11346.00,11375.00,11000.00,,11345.67,,,51678,577493893.00,3719,F1,1,,,,,
2026-09-30,2026-09-30,CM,NSE,STK,19020,INE880J01026,JSWINFRA,EQ,,,,,JSW INFRASTRUCTURE LTD,352.00,358.50,348.70,356.60,356.00,350.00,,356.62,,,2191121,776805640.35,48477,F1,1,,,,,
2026-09-30,2026-09-30,CM,NSE,STK,11723,INE019A01038,JSWSTEEL,EQ,,,,,JSW STEEL LIMITED,1272.40,1275.90,1253.40,1253.40,1253.40,1272.40,,1253.40,,,1329600,1678328568.90,49871,F1,1,,,,,
2026-09-30,2026-09-30,CM,NSE,STK,3237,INE643A01035,JTEKTINDIA,EQ,,,,,JTEKT INDIA LIMITED,115.84,117.30,115.84,116.58,116.75,115.84,,116.58,,,54853,6399161.78,1232,F1,1,,,,,
2026-09-30,2026-09-30,CM,NSE,STK,7287,INE391J01032,JTLIND,EQ,,,,,JTL INDUSTRIES LIMITED,88.99,91.11,87.80,88.28,88.40,88.88,,88.28,,,1732287,155244202.90,11425,F1,1,,,,,
2026-09-30,2026-09-30,CM,NSE,STK,29590,INE03CC01015,JUBLCPL,EQ,,,,,JUBILANT AGRI N CON PRO L,2122.60,2141.50,2050.00,2061.20,2051.00,2107.40,,2060.05,,,4910,10283603.00,709,F1,1,,,,,
2026-09-30,2026-09-30,CM,NSE,STK,18096,INE797F01020,JUBLFOOD,EQ,,,,,JUBILANT FOODWORKS LTD,463.40,466.25,451.10,456.70,456.70,463.00,,456.68,,,797358,363479414.55,27075,F1,1,,,,,
2026-09-30,2026-09-30,CM,NSE,STK,2783,INE0BY001018,JUBLINGREA,EQ,,,,,JUBILANT INGREVIA LIMITED,639.50,677.40,639.50,653.20,650.00,639.10,,653.21,,,605507,402262964.30,26336,F1,1,,,,,
2026-09-30,2026-09-30,CM,NSE,STK,3637,INE700A01033,JUBLPHARMA,EQ,,,,,JUBILANT PHARMOVA LTD,1052.10,1063.10,1021.60,1028.80,1028.00,1048.20,,1028.80,,,460073,475692533.90,29569,F1,1,,,,,
2026-09-30,2026-09-30,CM,NSE,STK,7109,INE412C01023,JMA,EQ,,,,,JULLUNDUR MOT AGENCY LTD,89.10,91.34,87.06,89.60,90.00,89.34,,89.60,,,7776,696320.15,214,F1,1,,,,,
2026-09-30,2026-09-30,CM,NSE,STK,764408,INE05C901015,JNPR,EQ,,,,,JUNIPER GREEN ENERGY LTD,270.50,282.75,269.85,273.30,273.00,272.30,,273.30,,,1056639,292044339.40,34888,F1,1,,,,,
2026-09-30,2026-09-30,CM,NSE,STK,22824,INE696F01016,JUNIPER,EQ,,,,,JUNIPER HOTELS LIMITED,214.00,218.00,212.15,213.42,215.12,213.95,,213.44,,,90330,19423312.91,2086,F1,1,,,,,
2026-09-30,2026-09-30,CM,NSE,STK,18553,INE682M01020,JLHL,EQ,,,,,JUPITER LIFE LINE HOSP L,262.05,263.05,251.50,253.60,252.10,262.05,,253.60,,,384611,98737677.85,37804,F1,1,,,,,
2026-09-30,2026-09-30,CM,NSE,STK,20224,INE209L01016,JWL,EQ,,,,,JUPITER WAGONS LIMITED,221.50,244.80,220.59,233.12,232.20,219.82,,233.12,,,24061117,5720062782.91,339159,F1,1,,,,,
2026-09-30,2026-09-30,CM,NSE,STK,29962,INE599M01018,JUSTDIAL,EQ,,,,,JUSTDIAL LTD.,659.80,672.00,651.65,666.15,672.00,656.50,,666.15,,,130940,87004714.15,7547,F1,1,,,,,
2026-09-30,2026-09-30,CM,NSE,STK,15146,INE668F01031,JYOTHYLAB,EQ,,,,,JYOTHY LABS LIMITED,184.60,187.48,183.29,186.70,186.95,184.26,,186.70,,,398247,73994646.14,14275,F1,1,,,,,
2026-09-30,2026-09-30,CM,NSE,STK,21334,INE980O01024,JYOTICNC,EQ,,,,,JYOTI CNC AUTOMATION LTD,1062.00,1068.35,1028.00,1039.85,1033.40,1059.30,,1039.55,,,430258,453067997.55,25916,F1,1,,,,,
2026-09-30,2026-09-30,CM,NSE,STK,758221,INE1M3T01017,JYOTIGLOBL,SM,,,,,JYOTI GLOBAL PLAST LTD,44.95,45.90,43.00,43.95,43.95,43.75,,43.95,,,16000,714400.00,8,F1,2000,,,,,
2026-09-30,2026-09-30,CM,NSE,STK,764733,INE577D01013,JYOTIRES,EQ,,,,,JYOTI RESINS & ADHESIVE L,850.00,850.00,832.00,835.45,845.00,840.95,,835.47,,,6331,5316353.85,425,F1,1,,,,,
2026-09-30,2026-09-30,CM,NSE,STK,1802,INE197A01024,JYOTISTRUC,EQ,,,,,JYOTI STRUCTURES LTD,8.98,9.25,8.83,8.90,8.92,9.07,,8.90,,,4112757,37203874.77,4532,F1,1,,,,,
2026-09-30,2026-09-30,CM,NSE,STK,764743,INE533C01018,KJMCFIN,EQ,,,,,K J M C FINANCIAL SERV L,60.00,60.00,58.00,60.00,60.00,59.00,,60.03,,,380,22796.00,6,F1,1,,,,,
2026-09-30,2026-09-30,CM,NSE,STK,764748,INE879K01018,KMCSHIL,EQ,,,,,K M C SPECIALITY HOSP I L,163.98,175.40,156.26,171.14,170.50,161.98,,171.17,,,2691889,458086060.91,38068,F1,1,,,,,
2026-09-30,2026-09-30,CM,NSE,STK,14667,INE157H01023,KMSUGAR,EQ,,,,,K M SUGAR MILLS LTD,31.99,34.03,31.99,33.68,33.40,31.86,,33.69,,,822756,27458256.70,3915,F1,1,,,,,
2026-09-30,2026-09-30,CM,NSE,STK,27079,INE127T01021,KPEL,EQ,,,,,K.P. ENERGY LIMITED,225.50,229.20,219.13,220.41,223.92,224.03,,220.41,,,231806,51817279.11,6107,F1,1,,,,,
2026-09-30,2026-09-30,CM,NSE,STK,23459,INE0DEZ01013,K2INFRA,SM,,,,,K2 INFRAGEN LIMITED,43.55,44.50,42.05,42.10,42.10,44.90,,42.10,,,9600,413970.00,14,F1,600,,,,,
2026-09-30,2026-09-30,CM,NSE,STK,1805,INE900B01029,KABRAEXTRU,EQ,,,,,KABRA EXTRUSION TECHNIK L,835.00,838.90,788.35,805.55,807.00,829.80,,805.49,,,221415,179497358.70,10637,F1,1,,,,,
2026-09-30,2026-09-30,CM,NSE,STK,1808,INE217B01036,KAJARIACER,EQ,,,,,KAJARIA CERAMICS LTD,1227.80,1265.90,1212.80,1235.10,1235.00,1190.50,,1235.10,,,2882388,3589568176.80,71905,F1,1,,,,,
2026-09-30,2026-09-30,CM,NSE,STK,1811,INE437B01014,KAKATCEM,EQ,,,,,KAKATIYA CEM SUGAR &IND L,107.88,107.90,104.40,105.18,105.05,107.83,,105.18,,,1761,185957.71,50,F1,1,,,,,
2026-09-30,2026-09-30,CM,NSE,STK,25443,INE0T0L01014,KALANA,SM,,,,,KALANA ISPAT LIMITED,17.95,17.95,17.95,17.95,17.95,18.00,,17.95,,,2000,35900.00,1,F1,2000,,,,,
2026-09-30,2026-09-30,CM,NSE,STK,758558,INE227J01012,KALPATARU,EQ,,,,,KALPATARU LIMITED,278.80,285.00,276.00,278.70,278.00,278.80,,278.64,,,55095,15464501.50,1017,F1,1,,,,,
2026-09-30,2026-09-30,CM,NSE,STK,1814,INE220B01022,KPIL,EQ,,,,,KALPATARU PROJECT INT LTD,1366.90,1385.20,1366.90,1380.60,1385.00,1365.10,,1380.75,,,71593,98695575.10,10933,F1,1,,,,,
2026-09-30,2026-09-30,CM,NSE,STK,2955,INE303R01014,KALYANKJIL,EQ,,,,,KALYAN JEWELLERS IND LTD,572.00,572.05,552.50,553.15,553.15,568.85,,553.15,,,5559899,3114788286.20,61581,F1,1,,,,,
2026-09-30,2026-09-30,CM,NSE,STK,15160,INE314G01014,KALYANIFRG,BE,,,,,KALYANI FORGE LIMITED,1005.00,1014.50,970.30,991.05,990.00,1010.35,,993.05,,,1604,1591083.40,110,F1,1,,,,,
2026-09-30,2026-09-30,CM,NSE,STK,21119,INE029L01018,KICL,EQ,,,,,KALYANI INVEST CO LTD,4837.00,4893.50,4761.50,4799.00,4783.50,4773.00,,4799.89,,,1070,5146955.00,334,F1,1,,,,,
2026-09-30,2026-09-30,CM,NSE,STK,18889,INE907A01026,KSL,EQ,,,,,KALYANI STEELS LIMITED,964.35,989.60,957.25,965.40,961.00,964.35,,965.38,,,76255,74353319.55,6267,F1,1,,,,,
2026-09-30,2026-09-30,CM,NSE,STK,762732,INE411F01010,KAMAHOLD,EQ,,,,,KAMA HOLDINGS LTD.,2256.00,2304.90,2251.90,2286.80,2288.00,2241.10,,2285.43,,,3772,8633096.10,1815,F1,1,,,,,
2026-09-30,2026-09-30,CM,NSE,STK,764738,INE344D01018,KAMANWALA,EQ,,,,,KAMANWALA HOUSING CONST L,16.50,17.10,16.40,16.90,16.90,17.10,,17.15,,,2326,38834.42,289,F1,1,,,,,
2026-09-30,2026-09-30,CM,NSE,STK,1826,INE967C01018,KAMATHOTEL,EQ,,,,,KAMAT HOTELS (I) LTD,237.00,240.29,235.00,237.20,238.50,236.71,,237.20,,,26647,6324247.23,1059,F1,1,,,,,
2026-09-30,2026-09-30,CM,NSE,STK,13457,INE390H01020,KAMDHENU,EQ,,,,,KAMDHENU LIMITED,38.15,40.25,37.81,38.08,37.90,38.41,,38.08,,,554860,21333923.02,2507,F1,1,,,,,
2026-09-30,2026-09-30,CM,NSE,STK,13814,INE0BTI01037,KAMOPAINTS,EQ,,,,,KAMDHENU VENTURES LIMITED,4.11,4.24,4.05,4.14,4.11,4.10,,4.14,,,250787,1041043.06,612,F1,1,,,,,
2026-09-30,2026-09-30,CM,NSE,STK,25786,INE879E01037,KANANIIND,EQ,,,,,KANANI INDUSTRIES LTD,1.37,1.38,1.34,1.36,1.37,1.36,,1.36,,,74296,101399.72,253,F1,1,,,,,
2026-09-30,2026-09-30,CM,NSE,STK,762737,INE081G01019,KANCHI,EQ,,,,,KANCHI KARPOORAM LTD.,383.05,394.85,380.00,388.05,392.20,391.00,,389.04,,,929,360343.85,142,F1,1,,,,,
2026-09-30,2026-09-30,CM,NSE,STK,765090,INE398L01017,KANCOTEA,EQ,,,,,KANCO TEA & INDS. LTD.,54.89,54.89,50.53,53.90,53.90,54.55,,52.13,,,52,2635.29,7,F1,1,,,,,
2026-09-30,2026-09-30,CM,NSE,STK,11208,INE0MOT01016,KANDARP,SM,,,,,KANDARP DG SMART BPO LTD,68.95,68.95,62.75,62.75,62.75,66.05,,62.75,,,6000,382750.00,5,F1,1000,,,,,
2026-09-30,2026-09-30,CM,NSE,STK,766021,INE877D01025,KANOHAR,EQ,,,,,KANOHAR ELECTRICALS LTD,869.00,884.00,841.10,856.75,848.40,862.75,,856.73,,,2079818,1803143249.15,65775,F1,1,,,,,
2026-09-30,2026-09-30,CM,NSE,STK,9805,INE138C01024,KANORICHEM,BE,,,,,KANORIACHEMICALS-,201.00,202.44,190.20,198.77,198.00,199.94,,199.01,,,40917,8017383.03,482,F1,1,,,,,
2026-09-30,2026-09-30,CM,NSE,STK,1782,INE694E01014,KANPRPLA,EQ,,,,,KANPUR PLASTIPACK LIMITED,249.00,253.40,246.45,249.00,248.55,245.20,,248.89,,,5949,1484288.25,421,F1,1,,,,,
2026-09-30,2026-09-30,CM,NSE,STK,1196,INE531A01024,KANSAINER,EQ,,,,,KANSAI NEROLAC PAINTS LTD,182.90,183.54,177.10,177.99,177.98,181.33,,178.00,,,178729,32112573.71,8372,F1,1,,,,,
2026-09-30,2026-09-30,CM,NSE,STK,18967,INE542Z01028,KAPSTON,EQ,,,,,KAPSTON SERVICES LIMITED,569.00,569.00,545.25,550.35,551.00,555.70,,550.35,,,494511,272540501.70,4268,F1,1,,,,,
2026-09-30,2026-09-30,CM,NSE,STK,766056,INE590T01012,KARAMTARA,EQ,,,,,KARAMTARA ENGINEERING L,364.00,395.35,361.35,395.35,395.35,359.45,,395.59,,,5878325,2267892422.95,69256,F1,1,,,,,
2026-09-30,2026-09-30,CM,NSE,STK,24385,INE725L01011,KARMAENG,EQ,,,,,KARMA ENERGY LIMITED,39.00,39.00,37.10,37.43,37.66,37.90,,37.43,,,1021,38876.23,42,F1,1,,,,,
2026-09-30,2026-09-30,CM,NSE,STK,8054,INE614B01018,KTKBANK,EQ,,,,,KARNATAKA BANK LIMITED,324.40,332.15,322.55,329.00,328.15,324.25,,329.01,,,1004306,329289007.15,17972,F1,1,,,,,
2026-09-30,2026-09-30,CM,NSE,STK,19465,INE0MGA01012,KARNIKA,SM,,,,,KARNIKA INDUSTRIES LTD,115.35,125.50,115.35,123.00,123.00,125.00,,123.00,,,73000,9082100.00,40,F1,1000,,,,,
2026-09-30,2026-09-30,CM,NSE,STK,1838,INE036D01028,KARURVYSYA,EQ,,,,,KARUR VYSYA BANK LTD,318.10,327.00,311.40,324.80,324.00,318.15,,324.80,,,3398416,1093288446.80,73601,F1,1,,,,,
2026-09-30,2026-09-30,CM,NSE,STK,24528,INE0SVY01018,KATARIA,SM,,,,,KATARIA INDUSTRIES LTD,149.00,161.00,149.00,161.00,161.00,147.10,,161.00,,,37800,5970030.00,43,F1,600,,,,,
2026-09-30,2026-09-30,CM,NSE,STK,15140,INE234I01028,KAUSHALYA,BE,,,,,KAUSHALYA INFRA DEV LTD.,840.65,843.90,821.00,837.00,843.00,836.50,,837.09,,,66,55345.70,14,F1,1,,,,,
2026-09-30,2026-09-30,CM,NSE,STK,21189,INE0Q2V01012,KLL,ST,,,,,KAUSHALYA LOGISTICS LTD,41.80,41.80,39.90,39.90,39.90,41.95,,39.90,,,16800,674240.00,20,F1,800,,,,,
2026-09-30,2026-09-30,CM,NSE,STK,14972,INE455I01029,KSCL,EQ,,,,,KAVERI SEED CO. LTD.,746.50,752.80,720.00,725.65,722.00,742.10,,725.71,,,229047,168526565.50,11189,F1,1,,,,,
2026-09-30,2026-09-30,CM,NSE,STK,15248,INE641C01019,KAVDEFENCE,BE,,,,,KAVVERI DFS & WIR TEC LTD,77.94,80.50,76.00,79.48,79.11,76.89,,79.28,,,100996,8004829.33,992,F1,1,,,,,
2026-09-30,2026-09-30,CM,NSE,STK,21173,INE0RCG01017,KCEIL,SM,,,,,KAY CEE ENERGY & INFRA L,78.90,85.10,78.90,82.50,80.80,80.50,,82.50,,,26000,2163325.00,46,F1,500,,,,,
2026-09-30,2026-09-30,CM,NSE,STK,10282,INE587G01015,KAYA,BE,,,,,KAYA LIMITED,303.05,315.00,301.00,307.20,307.25,307.20,,307.59,,,3614,1109050.90,80,F1,1,,,,,
2026-09-30,2026-09-30,CM,NSE,STK,12092,INE918Z01012,KAYNES,EQ,,,,,KAYNES TECHNOLOGY IND LTD,3520.40,3611.00,3501.00,3501.00,3501.00,3511.50,,3501.14,,,720015,2552613352.60,45535,F1,1,,,,,
2026-09-30,2026-09-30,CM,NSE,STK,758868,INE13ZD01013,KAYTEX,SM,,,,,KAYTEX FABRICS LIMITED,55.95,55.95,55.40,55.40,55.40,56.80,,55.40,,,1600,89080.00,2,F1,800,,,,,
2026-09-30,2026-09-30,CM,NSE,STK,10296,INE0J1E01027,KCK,ST,,,,,KCK INDUSTRIES LTD,14.50,14.75,14.00,14.25,14.25,14.30,,14.25,,,225000,3221000.00,53,F1,2500,,,,,
2026-09-30,2026-09-30,CM,NSE,STK,1841,INE805C01028,KCP,EQ,,,,,KCP LTD,155.60,158.59,153.91,154.15,154.00,156.19,,154.15,,,80241,12478940.15,1648,F1,1,,,,,
2026-09-30,2026-09-30,CM,NSE,STK,8849,INE790B01024,KCPSUGIND,BE,,,,,KCPSUGARINDUS,29.43,29.43,27.77,28.04,27.77,29.23,,28.05,,,118676,3357257.78,301,F1,1,,,,,
2026-09-30,2026-09-30,CM,NSE,STK,765105,INE348N01042,KDGREEN,EQ,,,,,KD GREEN INDUSTRIES LTD,49.00,49.00,46.82,47.72,48.26,48.53,,47.72,,,19545,935427.73,872,F1,1,,,,,
2026-09-30,2026-09-30,CM,NSE,STK,14908,INE291D01011,KDDL,EQ,,,,,KDDL LIMITED,3980.00,4010.80,3857.20,3886.90,3940.90,3931.60,,3886.91,,,16959,66657636.90,5702,F1,1,,,,,
2026-09-30,2026-09-30,CM,NSE,STK,13260,INE389H01022,KEC,EQ,,,,,KEC INTL. LIMITED,380.00,384.35,375.10,377.25,376.00,378.35,,377.26,,,715246,271875484.95,24435,F1,1,,,,,
2026-09-30,2026-09-30,CM,NSE,STK,13310,INE878B01027,KEI,EQ,,,,,KEI INDUSTRIES LTD.,4504.50,4536.50,4450.00,4455.00,4455.00,4461.00,,4455.01,,,182773,820399540.50,22856,F1,1,,,,,
2026-09-30,2026-09-30,CM,NSE,STK,13430,INE164B01030,KELLTONTEC,EQ,,,,,KELLTON TECH SOL LTD,13.00,13.24,12.82,12.85,12.85,13.05,,12.86,,,1210486,15689374.69,3186,F1,1,,,,,
2026-09-30,2026-09-30,CM,NSE,STK,29547,INE15DO01012,KEN,SM,,,,,KEN ENTERPRISES LIMITED,40.90,40.90,40.90,40.90,40.90,41.00,,40.90,,,4800,196320.00,1,F1,1200,,,,,
2026-09-30,2026-09-30,CM,NSE,STK,11841,INE717A01029,KENNAMET,EQ,,,,,KENNAMETAL INDIA LIMITED,4079.00,4170.00,3958.10,4131.00,4130.00,4039.60,,4131.06,,,116894,476482800.60,18904,F1,1,,,,,
2026-09-30,2026-09-30,CM,NSE,STK,13121,INE202H01019,KERNEX,EQ,,,,,KERNEX MICROSYS(I) LTD,1750.00,1762.50,1671.00,1686.00,1681.50,1744.10,,1686.21,,,228842,394745508.40,21499,F1,1,,,,,
2026-09-30,2026-09-30,CM,NSE,STK,1859,INE087A01019,KESORAMIND,EQ,,,,,KESORAM INDUSTRIES LTD,11.08,11.10,10.56,10.92,10.81,10.84,,10.92,,,547872,5971873.66,1613,F1,1,,,,,
2026-09-30,2026-09-30,CM,NSE,STK,13381,INE401H01017,KKCL,EQ,,,,,KEWAL KIRAN CLOTHING LTD,467.10,472.25,458.00,460.35,465.00,467.10,,460.34,,,7446,3456283.45,603,F1,1,,,,,
2026-09-30,2026-09-30,CM,NSE,STK,4157,INE681C01015,KEYFINSERV,EQ,,,,,KEYNOTE FIN SERV LTD.,247.80,247.80,234.70,242.95,241.00,233.00,,243.01,,,1823,443078.50,73,F1,1,,,,,
2026-09-30,2026-09-30,CM,NSE,STK,12219,INE263M01029,RUSTOMJEE,EQ,,,,,KEYSTONE REALTORS LIMITED,362.95,366.35,359.55,361.20,360.00,362.95,,361.26,,,15536,5623767.85,649,F1,1,,,,,
2026-09-30,2026-09-30,CM,NSE,STK,13359,INE138Y01010,KFINTECH,EQ,,,,,KFIN TECHNOLOGIES LIMITED,840.00,853.80,837.40,840.00,840.00,838.20,,840.04,,,489013,413751847.95,24368,F1,1,,,,,
2026-09-30,2026-09-30,CM,NSE,STK,433,INE834I01025,KHADIM,BE,,,,,KHADIM INDIA LIMITED,116.10,116.10,114.15,114.17,114.17,115.64,,114.00,,,10847,1252434.65,55,F1,1,,,,,
2026-09-30,2026-09-30,CM,NSE,STK,3912,INE731C01018,KHAITANLTD,EQ,,,,,KHAITAN (INDIA)LTD.,154.79,154.79,146.25,146.25,146.25,150.01,,146.25,,,1789,267632.30,51,F1,1,,,,,
2026-09-30,2026-09-30,CM,NSE,STK,896,INE745B01028,KHAICHEM,EQ,,,,,KHAITAN CHEM & FERT LTD,50.40,50.40,48.70,48.76,48.81,49.22,,48.76,,,107547,5297877.67,1435,F1,1,,,,,
2026-09-30,2026-09-30,CM,NSE,STK,9641,INE060B01014,KHANDSE,EQ,,,,,KHANDWALA SECURITIES LTD,17.49,17.49,16.90,17.20,17.47,17.06,,17.21,,,1628,27711.28,14,F1,1,,,,,
2026-09-30,2026-09-30,CM,NSE,STK,766214,INE0HOL01013,KHERIAAUTO,ST,,,,,KHERIA AUTOCOMP LIMITED,102.50,103.00,99.50,101.55,101.50,101.10,,101.55,,,152400,15524220.00,105,F1,1200,,,,,
2026-09-30,2026-09-30,CM,NSE,STK,9570,INE00UG01014,KHFM,SM,,,,,KHFM HOS FAC MANA SER LTD,42.05,42.25,40.45,40.45,40.45,40.95,,40.45,,,4650,193362.50,3,F1,1550,,,,,
2026-09-30,2026-09-30,CM,NSE,STK,762747,INE338F01015,KLBRENG-B,EQ,,,,,KILBURN ENGINEERING LTD.,527.90,534.55,521.55,523.95,530.00,525.55,,524.01,,,206790,109043605.30,4210,F1,1,,,,,
2026-09-30,2026-09-30,CM,NSE,STK,19941,INE729D01010,KILITCH,BE,,,,,KILITCH DRUGS INDIA LTD,217.90,221.50,208.33,213.32,215.00,216.76,,213.36,,,33773,7306524.81,227,F1,1,,,,,
2026-09-30,2026-09-30,CM,NSE,STK,18944,INE473D01015,KINGFA,EQ,,,,,KINGFA SCI & TEC IND LTD.,6550.00,6601.00,6380.50,6482.50,6500.00,6524.50,,6482.45,,,19393,125531097.00,4884,F1,1,,,,,
2026-09-30,2026-09-30,CM,NSE,STK,19126,INE880L01014,KIOCL,EQ,,,,,KIOCL LIMITED,337.25,344.00,330.00,332.30,330.00,336.10,,332.33,,,54237,18273997.35,2550,F1,1,,,,,
2026-09-30,2026-09-30,CM,NSE,STK,762742,INE555P01013,KIRANVYPAR,EQ,,,,,KIRAN VYAPAR LTD.,187.15,187.15,187.15,187.15,187.15,189.66,,185.45,,,10,1871.50,1,F1,1,,,,,
2026-09-30,2026-09-30,CM,NSE,STK,16639,INE415I01015,KIRIINDUS,EQ,,,,,KIRI INDUSTRIES LIMITED,544.10,553.30,540.00,541.30,541.80,543.45,,541.32,,,396704,216719498.70,9220,F1,1,,,,,
2026-09-30,2026-09-30,CM,NSE,STK,18581,INE732A01036,KIRLOSBROS,EQ,,,,,KIRLOSKAR BROTHERS LTD,1828.00,1847.50,1745.00,1774.90,1768.00,1848.30,,1774.94,,,321866,570206789.10,25191,F1,1,,,,,
2026-09-30,2026-09-30,CM,NSE,STK,18220,INE134B01017,KECL,EQ,,,,,KIRLOSKAR ELECTRIC CO LTD,122.44,124.90,119.15,120.64,121.00,121.40,,120.65,,,118696,14486350.43,2214,F1,1,,,,,
2026-09-30,2026-09-30,CM,NSE,STK,14466,INE884B01025,KIRLFER,EQ,,,,,KIRLOSKAR FERROUS IND LTD,474.40,481.70,468.30,470.00,470.35,474.40,,470.03,,,42951,20256540.85,2625,F1,1,,,,,
2026-09-30,2026-09-30,CM,NSE,STK,19025,INE250A01039,KIRLOSIND,EQ,,,,,KIRLOSKAR INDUSTRIES LTD,3600.00,3659.70,3545.20,3570.70,3597.70,3578.60,,3570.30,,,4008,14480833.10,946,F1,1,,,,,
2026-09-30,2026-09-30,CM,NSE,STK,20936,INE146L01010,KIRLOSENG,EQ,,,,,KIRLOSKAR OIL ENG LTD,2358.00,2360.00,2241.30,2304.20,2319.00,2402.00,,2304.19,,,1822978,4184966564.80,127618,F1,1,,,,,
2026-09-30,2026-09-30,CM,NSE,STK,15180,INE811A01038,KIRLPNU,EQ,,,,,KIRLOSKAR PNEUMATIC COM L,682.60,702.00,674.65,676.70,677.30,684.40,,676.69,,,75891,51959029.35,9268,F1,1,,,,,
2026-09-30,2026-09-30,CM,NSE,STK,28899,INE602G01020,KITEX,EQ,,,,,KITEX GARMENTS LTD,115.51,121.18,115.20,119.55,119.56,115.56,,119.54,,,552200,66071903.99,7195,F1,1,,,,,
2026-09-30,2026-09-30,CM,NSE,STK,760923,INE0KNW01016,KNAGRI,EQ,,,,,KN AGRI RESOURCES LIMITED,204.90,204.90,192.00,198.13,199.00,199.92,,198.13,,,3274,648773.56,89,F1,1,,,,,
2026-09-30,2026-09-30,CM,NSE,STK,763839,INE17QZ01016,KNACK,EQ,,,,,KNACK PACKAGING LIMITED,175.75,182.00,175.75,180.00,180.00,176.58,,180.00,,,582310,104649689.32,5881,F1,1,,,,,
2026-09-30,2026-09-30,CM,NSE,STK,27084,INE0CJD01029,KMEW,EQ,,,,,KNOWLEDGE MARINE & EN W L,3106.30,3170.00,2986.00,3041.50,3010.00,3064.80,,3041.59,,,217728,670937586.70,24515,F1,1,,,,,
2026-09-30,2026-09-30,CM,NSE,STK,758431,INE1JAR25012,KRT,RR,,,,,KNOWLEDGE REALTY TRUST,113.05,113.87,112.55,113.42,113.25,113.54,,113.42,,,989236,112191813.16,4839,F1,1,,,,,
2026-09-30,2026-09-30,CM,NSE,STK,15283,INE634I01029,KNRCON,EQ,,,,,KNR CONSTRU LTD.,118.38,120.60,118.08,118.58,119.58,119.33,,118.58,,,458300,54607767.87,6447,F1,1,,,,,
2026-09-30,2026-09-30,CM,NSE,STK,18754,INE0Q7P01013,KODYTECH,ST,,,,,KODY TECHNOLAB LIMITED,1499.00,1552.90,1476.00,1536.85,1527.00,1479.00,,1536.85,,,10500,15977215.00,79,F1,100,,,,,
2026-09-30,2026-09-30,CM,NSE,STK,3009,INE080B01012,KOHINOOR,EQ,,,,,KOHINOOR FOODS LIMITED,30.35,32.30,30.35,30.58,30.52,30.99,,30.60,,,105851,3253471.12,2429,F1,1,,,,,
2026-09-30,2026-09-30,CM,NSE,STK,16827,INE760A01029,KOKUYOCMLN,EQ,,,,,KOKUYO CAMLIN LIMITED,75.00,76.60,74.00,75.87,75.89,74.72,,75.87,,,53215,4030769.50,646,F1,1,,,,,
2026-09-30,2026-09-30,CM,NSE,STK,15124,INE094I01018,KOLTEPATIL,EQ,,,,,KOLTE PATIL DEV. LTD.,430.20,431.90,423.75,424.85,425.90,427.05,,424.78,,,34307,14672804.50,2518,F1,1,,,,,
2026-09-30,2026-09-30,CM,NSE,STK,22475,INE0QEI01011,KONSTELEC,ST,,,,,KONSTELEC ENGINEERS LTD,57.55,57.55,56.30,56.45,56.30,59.25,,56.45,,,20000,1138800.00,18,F1,1000,,,,,
2026-09-30,2026-09-30,CM,NSE,STK,1919,INE082A01010,KOPRAN,EQ,,,,,KOPRAN LTD,293.80,295.83,277.01,278.32,279.00,290.90,,278.31,,,487875,139538828.70,9241,F1,1,,,,,
2026-09-30,2026-09-30,CM,NSE,STK,16758,INE0O4R01018,KDL,SM,,,,,KORE DIGITAL LIMITED,49.65,49.65,49.65,49.65,49.65,52.25,,49.65,,,5100,253215.00,26,F1,150,,,,,
2026-09-30,2026-09-30,CM,NSE,STK,14858,INF174KA1HJ8,GOLD1,EQ,,,,,KOTAK GOLD ETF,122.59,123.34,122.35,122.88,122.97,121.78,,122.88,,,1441143,177008684.54,5442,F1,1,,,,,
2026-09-30,2026-09-30,CM,NSE,STK,1922,INE237A01036,KOTAKBANK,EQ,,,,,KOTAK MAHINDRA BANK LTD,406.10,419.15,405.95,417.00,417.00,406.00,,417.00,,,32537029,13498917019.35,194813,F1,1,,,,,
2026-09-30,2026-09-30,CM,NSE,STK,18102,INF174K014P6,NIFTY1,EQ,,,,,KOTAK NIFTY ETF,252.64,255.64,251.21,252.00,252.25,252.64,,251.94,,,133566,33736744.11,1491,F1,1,,,,,
2026-09-30,2026-09-30,CM,NSE,STK,15061,INF174KA1A86,PSUBANK,EQ,,,,,KOTAK PSU BANK,80.54,81.30,79.66,80.67,80.91,79.67,,80.67,,,80841,6518505.22,505,F1,1,,,,,
2026-09-30,2026-09-30,CM,NSE,STK,759885,INF174KA1XV0,CHEMICAL,EQ,,,,,KOTAKMAMC - CHEMICAL,28.15,28.74,28.00,28.47,28.31,28.11,,28.47,,,326516,9322708.49,1158,F1,1,,,,,
2026-09-30,2026-09-30,CM,NSE,STK,7412,INF174KA1IA5,ALPHA,EQ,,,,,KOTAKMAMC - KOTAKALPHA,52.29,52.92,51.70,51.90,51.84,52.26,,51.90,,,1603268,83874210.19,3933,F1,1,,,,,
2026-09-30,2026-09-30,CM,NSE,STK,10512,INF174KA1ZF8,CONS,EQ,,,,,KOTAKMAMC - KOTAKCONS,11.53,11.55,11.40,11.46,11.46,11.72,,11.46,,,68549,786170.97,425,F1,1,,,,,
2026-09-30,2026-09-30,CM,NSE,STK,2627,INF174KA1GC5,IT,EQ,,,,,KOTAKMAMC - KOTAKIT,30.72,31.63,30.64,30.83,30.92,30.72,,30.83,,,284257,8852340.99,768,F1,1,,,,,
2026-09-30,2026-09-30,CM,NSE,STK,13950,INF174KA1LV5,LIQUID1,EQ,,,,,KOTAKMAMC - KOTAKLIQ,1124.68,1124.83,1124.68,1124.82,1124.83,1124.68,,1124.82,,,2127440,2392985402.00,1356,F1,1,,,,,
2026-09-30,2026-09-30,CM,NSE,STK,8632,INF174KA1IY5,LOWVOL1,EQ,,,,,KOTAKMAMC - KOTAKLOVOL,19.97,19.98,19.66,19.67,19.66,19.88,,19.67,,,2308658,45863058.63,12966,F1,1,,,,,
2026-09-30,2026-09-30,CM,NSE,STK,8077,INF174KA1ZC5,MIDCAP,EQ,,,,,KOTAKMAMC - KOTAKMID50,17.52,17.78,17.39,17.48,17.49,17.52,,17.48,,,1467345,25713954.40,1121,F1,1,,,,,
2026-09-30,2026-09-30,CM,NSE,STK,10676,INF174KA1JF2,MNC,EQ,,,,,KOTAKMAMC - KOTAKMNC,32.18,32.18,31.22,31.41,31.41,31.77,,31.41,,,117979,3716202.13,604,F1,1,,,,,
2026-09-30,2026-09-30,CM,NSE,STK,13082,INF174KA1ZD3,SILVER1,EQ,,,,,KOTAKMAMC - KOTAKSILVE,21.27,21.44,21.26,21.28,21.29,21.23,,21.28,,,4628578,98692964.37,4296,F1,1,,,,,
2026-09-30,2026-09-30,CM,NSE,STK,11457,INF174KA1ZE1,NV20,EQ,,,,,KOTAKMAMC - KTKNV20ETF,13.32,13.35,13.16,13.18,13.21,13.26,,13.18,,,31506,415896.14,276,F1,1,,,,,
2026-09-30,2026-09-30,CM,NSE,STK,30469,INF174KA1VW2,MID150,EQ,,,,,KOTAKMAMC - MID150,22.78,22.78,22.22,22.30,22.33,22.23,,22.30,,,91415,2045781.33,288,F1,1,,,,,
2026-09-30,2026-09-30,CM,NSE,STK,759488,INF174KA1XS6,MOMENTUM30,EQ,,,,,KOTAKMAMC - MOMENTUM30,29.86,29.86,29.52,29.66,29.65,29.86,,29.66,,,33859,1005016.01,213,F1,1,,,,,
2026-09-30,2026-09-30,CM,NSE,STK,29758,INF174KA1VD2,MSCIINDIA,EQ,,,,,KOTAKMAMC - MSCIINDIA,28.34,29.12,28.15,28.58,28.15,28.04,,28.58,,,9983,283843.46,193,F1,1,,,,,
2026-09-30,2026-09-30,CM,NSE,STK,760709,INF174KA1YO3,NEXT50ETF,EQ,,,,,KOTAKMAMC - NEXT50ETF,69.56,71.96,69.56,70.44,70.60,70.98,,70.44,,,34246,2420403.80,251,F1,1,,,,,
2026-09-30,2026-09-30,CM,NSE,STK,29944,INF174KA1UW4,NIFTY100EW,EQ,,,,,KOTAKMAMC - NIFTY100EW,34.09,34.09,33.25,33.32,33.37,33.67,,33.32,,,102131,3417333.36,460,F1,1,,,,,
2026-09-30,2026-09-30,CM,NSE,STK,764195,INF174KA1A94,PVTBANK,EQ,,,,,KOTAKMAMC - PVTBANK,26.95,27.44,26.33,26.55,26.65,27.01,,26.55,,,502363,13523744.68,189,F1,1,,,,,
2026-09-30,2026-09-30,CM,NSE,STK,757946,INF174KA1WT6,QUALITY30,EQ,,,,,KOTAKMAMC - QUALITY30,19.47,19.60,19.28,19.40,19.42,19.40,,19.40,,,4845,94036.78,143,F1,1,,,,,
2026-09-30,2026-09-30,CM,NSE,STK,5851,INF174KA1ZB7,BANKNIFTY1,EQ,,,,,KOTAKMAMC-KOTAKBKETF,56.50,57.32,55.91,56.78,56.70,56.50,,56.78,,,215264,12272170.67,714,F1,1,,,,,
2026-09-30,2026-09-30,CM,NSE,STK,762752,INE972A01020,KOTIC,EQ,,,,,KOTHARI INDUSTRIAL CORP L,150.29,154.00,135.36,152.70,152.00,150.12,,152.70,,,126637,18383273.52,2244,F1,1,,,,,
2026-09-30,2026-09-30,CM,NSE,STK,4594,INE720A01015,KOTHARIPET,EQ,,,,,KOTHARI PETROCHEM LTD,130.51,132.39,129.00,129.43,130.30,128.97,,129.43,,,43927,5724777.03,769,F1,1,,,,,
2026-09-30,2026-09-30,CM,NSE,STK,5528,INE823A01017,KOTHARIPRO,EQ,,,,,KOTHARI PRODUCTS LTD,66.50,66.50,65.00,65.35,65.00,65.09,,65.36,,,4794,314864.12,112,F1,1,,,,,
2026-09-30,2026-09-30,CM,NSE,STK,11648,INE419A01022,KOTARISUG,BE,,,,,KOTHARI SUG & CHEM LTD.,25.96,26.88,25.80,26.08,26.09,26.12,,26.08,,,23944,628184.88,152,F1,1,,,,,
2026-09-30,2026-09-30,CM,NSE,STK,761335,INE0J0B01017,KOTYARK,EQ,,,,,KOTYARK INDUSTRIES LTD,29.08,30.90,29.07,29.83,29.77,29.39,,29.79,,,288722,8688997.99,1477,F1,1,,,,,
2026-09-30,2026-09-30,CM,NSE,STK,5192,INE177F01017,KOVAI,EQ,,,,,KOVAI MEDICAL CENTER & HO,6013.50,6075.50,5981.00,6007.00,6002.00,6013.50,,6007.18,,,3797,22844869.50,1065,F1,1,,,,,
2026-09-30,2026-09-30,CM,NSE,STK,5108,INE542W01025,KPIGREEN,EQ,,,,,KPI GREEN ENERGY LIMITED,386.40,386.90,355.50,358.95,357.80,371.25,,358.95,,,4386433,1636430792.90,69570,F1,1,,,,,
2026-09-30,2026-09-30,CM,NSE,STK,9683,INE04I401011,KPITTECH,EQ,,,,,KPIT TECHNOLOGIES LIMITED,510.95,518.00,499.10,499.10,499.10,519.70,,499.13,,,1625467,826014915.80,38309,F1,1,,,,,
2026-09-30,2026-09-30,CM,NSE,STK,14912,INE930H01031,KPRMILL,EQ,,,,,KPR MILL LTD.,1081.50,1113.30,1076.40,1103.30,1109.00,1081.50,,1103.30,,,165794,182661840.80,20435,F1,1,,,,,
2026-09-30,2026-09-30,CM,NSE,STK,10577,INE001B01026,KRBL,EQ,,,,,KRBL LIMITED,386.30,393.70,379.50,381.60,381.00,386.20,,381.62,,,243341,93971959.35,11241,F1,1,,,,,
2026-09-30,2026-09-30,CM,NSE,STK,1937,INE268B01013,KREBSBIO,EQ,,,,,KREBS BIOCHEMICALS & IND,55.40,63.69,55.33,60.20,59.50,56.42,,60.20,,,50966,3090147.41,1429,F1,1,,,,,
2026-09-30,2026-09-30,CM,NSE,STK,11480,INE524L01026,KRIDHANINF,EQ,,,,,KRIDHAN INFRA LIMITED,1.89,1.97,1.85,1.88,1.88,1.88,,1.88,,,56032,107252.04,81,F1,1,,,,,
2026-09-30,2026-09-30,CM,NSE,STK,12847,INE506W01020,KRISHANA,EQ,,,,,KRISHANA PHOSCHEM LIMITED,186.00,193.00,185.19,188.23,187.00,185.19,,188.23,,,1098163,208934395.69,15201,F1,1,,,,,
2026-09-30,2026-09-30,CM,NSE,STK,16133,INE0NR701018,KRISHCA,SM,,,,,KRISHCA STRAPPING SLTN L,224.70,224.70,210.00,220.15,221.50,224.20,,220.15,,,20000,4310075.00,35,F1,500,,,,,
2026-09-30,2026-09-30,CM,NSE,STK,756782,INE0GGO01015,KRISHIVAL,EQ,,,,,KRISHIVAL FOODS LIMITED,414.00,415.25,400.25,401.85,406.15,403.95,,401.93,,,15013,6090920.70,512,F1,1,,,,,
2026-09-30,2026-09-30,CM,NSE,STK,761192,INE0J5601015,KRISHNADEF,EQ,,,,,KRISHNA DEF AND ALD IND L,1009.00,1047.00,1008.00,1032.80,1026.00,1013.00,,1032.80,,,60180,62153887.70,6426,F1,1,,,,,
2026-09-30,2026-09-30,CM,NSE,STK,4847,INE967H01025,KIMS,EQ,,,,,KRISHNA INST OF MED SCI L,769.95,777.95,722.60,746.40,745.00,769.90,,746.43,,,2363878,1750668628.10,74637,F1,1,,,,,
2026-09-30,2026-09-30,CM,NSE,STK,6417,INE479D01038,KRITI,EQ,,,,,KRITI INDUSTRIES IND LTD,63.80,63.80,60.46,61.00,60.50,62.41,,61.00,,,10030,618063.09,253,F1,1,,,,,
2026-09-30,2026-09-30,CM,NSE,STK,11432,INE798K01010,KRITINUT,EQ,,,,,KRITI NUTRIENTS LIMITED,72.65,73.89,68.90,69.81,71.00,72.52,,69.76,,,60590,4258688.19,748,F1,1,,,,,
2026-09-30,2026-09-30,CM,NSE,STK,9288,INE00Z501029,KRITIKA,EQ,,,,,KRITIKA WIRES LIMITED,5.10,5.10,4.81,4.91,4.97,5.01,,4.91,,,120247,597310.59,430,F1,1,,,,,
2026-09-30,2026-09-30,CM,NSE,STK,760624,INE1MTV01019,KRMAYURVED,SM,,,,,KRM AYURVEDA LIMITED,306.00,307.95,291.60,297.20,296.40,305.25,,297.20,,,54000,16284150.00,50,F1,1000,,,,,
2026-09-30,2026-09-30,CM,NSE,STK,25643,INE0Q3J01015,KRN,EQ,,,,,KRN HEAT EXCHANGE N REF L,1456.00,1481.00,1424.00,1436.50,1427.60,1443.10,,1436.54,,,184949,269834928.50,15962,F1,1,,,,,
2026-09-30,2026-09-30,CM,NSE,STK,24026,INE0ATZ01017,KRONOX,BE,,,,,KRONOX LAB SCIENCES LTD,217.20,221.00,208.00,216.38,214.05,217.04,,216.27,,,123311,26788970.17,913,F1,1,,,,,
2026-09-30,2026-09-30,CM,NSE,STK,25252,INE0O6601022,KROSS,EQ,,,,,KROSS LIMITED,262.00,268.00,258.12,263.05,262.00,261.83,,263.05,,,623813,164132698.70,14217,F1,1,,,,,
2026-09-30,2026-09-30,CM,NSE,STK,5359,INE08LI01020,KRSNAA,EQ,,,,,KRSNAA DIAGNOSTICS LTD,549.65,564.45,543.00,559.95,560.30,553.60,,559.95,,,68107,37792069.05,4279,F1,1,,,,,
2026-09-30,2026-09-30,CM,NSE,STK,23175,INE0QN801017,KRYSTAL,EQ,,,,,KRYSTAL INTEGRATED SER L,624.00,635.00,616.25,626.20,621.00,619.75,,626.21,,,8802,5499455.80,529,F1,1,,,,,
2026-09-30,2026-09-30,CM,NSE,STK,1949,INE999A01023,KSB,EQ,,,,,KSB LIMITED,860.00,900.00,841.00,856.10,860.10,824.80,,856.08,,,5216083,4531342897.50,182332,F1,1,,,,,
2026-09-30,2026-09-30,CM,NSE,STK,764753,INE953E01022,KSE,EQ,,,,,KSE LTD.,178.99,180.38,177.00,177.81,177.00,177.99,,177.89,,,4570,815579.57,119,F1,1,,,,,
2026-09-30,2026-09-30,CM,NSE,STK,760433,INE987S01020,KSHINTL,EQ,,,,,KSH INTERNATIONAL LIMITED,1036.70,1040.20,1000.00,1001.10,1001.00,1028.40,,1001.04,,,165317,167376650.50,15200,F1,1,,,,,
2026-09-30,2026-09-30,CM,NSE,STK,10412,INE013801027,KSHITIJPOL,BE,,,,,KSHITIJ POLYLINE LIMITED,4.14,4.14,4.14,4.14,4.14,4.35,,4.14,,,164889,682640.46,369,F1,1,,,,,
2026-09-30,2026-09-30,CM,NSE,STK,11060,INE0D6I01023,KSOLVES,EQ,,,,,KSOLVES INDIA LIMITED,247.40,251.50,245.00,248.80,248.20,247.40,,248.82,,,19655,4907210.00,1221,F1,1,,,,,
2026-09-30,2026-09-30,CM,NSE,STK,759989,INE1SPP01016,KSR,BE,,,,,KSR FOOTWEAR LIMITED,37.69,39.43,37.69,39.32,39.35,37.56,,39.10,,,39624,1557859.83,95,F1,1,,,,,
2026-09-30,2026-09-30,CM,NSE,STK,13870,INE529I01021,KUANTUM,EQ,,,,,KUANTUM PAPERS LIMITED,77.06,78.08,76.00,76.35,76.68,76.73,,76.36,,,68177,5251482.02,1262,F1,1,,,,,
2026-09-30,2026-09-30,CM,NSE,STK,764116,INE0ISX01025,KUSUMGAR,EQ,,,,,KUSUMGAR LIMITED,608.60,616.95,597.00,600.95,602.25,606.25,,600.95,,,82582,49943000.60,6051,F1,1,,,,,
2026-09-30,2026-09-30,CM,NSE,STK,762757,INE552U01010,KPL,EQ,,,,,KWALITY PHARMACEUTICALS L,3699.00,3699.00,3611.10,3641.40,3649.00,3625.10,,3640.95,,,14030,51109763.50,2991,F1,1,,,,,
2026-09-30,2026-09-30,CM,NSE,STK,760946,INE2KCE01013,KWIL,EQ,,,,,KWALITY WALL'S (INDIA) L,41.22,41.22,39.00,39.22,39.25,41.00,,39.22,,,9990414,398369787.87,30818,F1,1,,,,,
2026-09-30,2026-09-30,CM,NSE,STK,765100,INE341H01023,LKPSEC,EQ,,,,,L K P SECURITIES LTD.,14.70,14.70,13.65,14.14,14.12,14.27,,14.07,,,7198,101332.42,100,F1,1,,,,,
2026-09-30,2026-09-30,CM,NSE,STK,24948,INE498L01015,LTF,EQ,,,,,L&T FINANCE LIMITED,272.00,273.25,264.90,265.00,265.00,271.05,,265.00,,,6415013,1718012864.10,63173,F1,1,,,,,
2026-09-30,2026-09-30,CM,NSE,STK,18564,INE010V01017,LTTS,EQ,,,,,L&T TECHNOLOGY SER. LTD.,3100.00,3254.90,3100.00,3228.60,3209.40,3081.60,,3228.20,,,146167,466698933.80,29043,F1,1,,,,,
2026-09-30,2026-09-30,CM,NSE,STK,14423,INE059D01020,LAOPALA,EQ,,,,,LA OPALA RG LIMITED,156.80,158.69,155.31,156.18,155.80,156.71,,156.17,,,57031,8939859.88,1940,F1,1,,,,,
2026-09-30,2026-09-30,CM,NSE,STK,764761,INE519D01015,LADDERUP,BE,,,,,LADDERUP FINANCE LTD.,50.75,51.98,49.00,51.98,51.98,50.25,,52.44,,,1817,90927.48,17,F1,1,,,,,
2026-09-30,2026-09-30,CM,NSE,STK,5865,INE548Z01017,LAGNAM,EQ,,,,,LAGNAM SPINTEX LIMITED,72.15,74.90,72.02,72.24,72.25,72.02,,72.24,,,1580,114763.72,20,F1,1,,,,,
2026-09-30,2026-09-30,CM,NSE,STK,762762,INE515C01023,LAHOTIOV,EQ,,,,,LAHOTI OVERSEAS LTD.,40.00,42.00,40.00,41.25,41.25,39.26,,41.62,,,7759,317832.91,46,F1,1,,,,,
2026-09-30,2026-09-30,CM,NSE,STK,7902,INE850E01012,LFIC,EQ,,,,,LAKSHMI FIN IND CORP LTD,130.55,132.02,129.00,131.22,129.03,129.51,,131.22,,,1406,184648.58,39,F1,1,,,,,
2026-09-30,2026-09-30,CM,NSE,STK,764763,INE938C01019,LAKSHMIMIL,EQ,,,,,LAKSHMI MILLS CO. LTD.,7650.00,7874.00,7620.00,7632.50,7620.00,7620.00,,7632.75,,,38,290520.50,12,F1,1,,,,,
2026-09-30,2026-09-30,CM,NSE,STK,4774,INE651C01018,LAKPRE,BZ,,,,,LAKSHMI PRE SCRE LTD,5.34,5.34,4.98,5.25,5.25,5.24,,5.23,,,107,569.05,7,F1,1,,,,,
2026-09-30,2026-09-30,CM,NSE,STK,25860,INE0VZS01015,LAKSHYA,SM,,,,,LAKSHYA POWERTECH LIMITED,108.65,108.65,107.30,107.30,107.30,112.90,,107.30,,,15200,1637280.00,17,F1,800,,,,,
2026-09-30,2026-09-30,CM,NSE,STK,765361,INE0K9O01026,LALITHAA,EQ,,,,,LALITHAA JEWELLERY MART L,384.00,393.75,375.50,381.90,383.00,375.00,,381.92,,,6734536,2622306577.40,43886,F1,1,,,,,
2026-09-30,2026-09-30,CM,NSE,STK,6407,INE112F01022,LAMBODHARA,EQ,,,,,LAMBODHARA TEXTILES LTD.,135.40,136.45,128.10,129.28,128.10,135.41,,129.27,,,9370,1244163.37,485,F1,1,,,,,
2026-09-30,2026-09-30,CM,NSE,STK,27225,INE0R0201012,LAMOSAIC,ST,,,,,LAMOSAIC INDIA LIMITED,51.05,51.05,48.60,49.80,49.80,50.00,,49.80,,,4200,207660.00,6,F1,600,,,,,
2026-09-30,2026-09-30,CM,NSE,STK,9392,INE359U01028,LANCER,EQ,,,,,LANCER CONTAINER LINES L,11.64,11.79,11.31,11.45,11.48,11.41,,11.46,,,136799,1579241.23,670,F1,1,,,,,
2026-09-30,2026-09-30,CM,NSE,STK,23030,INE572G01025,LANCORHOL,BE,,,,,LANCOR HOLDINGS LIMITED,33.45,33.50,32.06,32.83,32.99,33.58,,32.83,,,61310,2009078.06,128,F1,1,,,,,
2026-09-30,2026-09-30,CM,NSE,STK,13276,INE559R01029,LANDMARK,EQ,,,,,LANDMARK CARS LIMITED,479.90,495.50,471.00,475.70,473.00,487.00,,475.73,,,949666,457180038.45,23433,F1,1,,,,,
2026-09-30,2026-09-30,CM,NSE,STK,16863,INE197J01017,LPDC,EQ,,,,,LANDMARK PR.DEV.CO.LTD,6.20,6.44,6.11,6.18,6.25,6.22,,6.18,,,50182,312613.81,276,F1,1,,,,,
2026-09-30,2026-09-30,CM,NSE,STK,17376,INE688J01023,LANDSMILL,EQ,,,,,LANDSMILL GREEN LIMITED,0.96,0.96,0.96,0.96,0.96,0.88,,0.98,,,5502985,5282865.60,757,F1,1,,,,,
2026-09-30,2026-09-30,CM,NSE,STK,11483,INE018A01030,LT,EQ,,,,,LARSEN & TOUBRO LTD.,3756.20,3786.50,3730.00,3760.00,3760.00,3749.10,,3759.98,,,2396040,9009426664.80,138729,F1,1,,,,,
2026-09-30,2026-09-30,CM,NSE,STK,764126,INE17IR01028,LASERPOWER,EQ,,,,,LASER POWER & INFRA LTD,269.75,277.00,262.25,263.85,263.00,270.45,,263.84,,,490611,132635783.05,9958,F1,1,,,,,
2026-09-30,2026-09-30,CM,NSE,STK,6818,INE0I7C01011,LATENTVIEW,EQ,,,,,LATENT VIEW ANALYTICS LTD,235.50,243.80,234.75,236.00,235.60,235.50,,236.00,,,300979,71838303.65,8526,F1,1,,,,,
2026-09-30,2026-09-30,CM,NSE,STK,15840,INE262Z01023,LATTEYS,EQ,,,,,LATTEYS INDUSTRIES LTD,20.89,21.49,20.60,20.91,21.20,20.59,,20.91,,,64502,1348842.05,176,F1,1,,,,,
2026-09-30,2026-09-30,CM,NSE,STK,19234,INE947Q01028,LAURUSLABS,EQ,,,,,LAURUS LABS LIMITED,1993.00,2001.60,1955.10,1980.00,1980.00,1979.00,,1980.01,,,1397926,2769093734.90,45660,F1,1,,,,,
2026-09-30,2026-09-30,CM,NSE,STK,6568,INE801V01019,LAXMICOT,EQ,,,,,LAXMI COTSPIN LIMITED,12.84,13.50,12.84,13.01,13.00,12.85,,13.01,,,18035,235590.53,117,F1,1,,,,,
2026-09-30,2026-09-30,CM,NSE,STK,29171,INE0WO601020,LAXMIDENTL,EQ,,,,,LAXMI DENTAL LIMITED,194.38,196.97,190.35,191.42,190.35,192.49,,191.42,,,66468,12849170.93,1674,F1,1,,,,,
2026-09-30,2026-09-30,CM,NSE,STK,19876,INE258Y01016,LGHL,EQ,,,,,LAXMI GOLDORNA HOUSE LTD,184.99,208.95,180.00,200.04,203.63,178.72,,200.04,,,71282,13969607.93,520,F1,1,,,,,
2026-09-30,2026-09-30,CM,NSE,STK,758863,INE06WU01026,LAXMIINDIA,EQ,,,,,LAXMI INDIA FINANCE LTD,118.84,121.50,118.71,121.10,121.30,118.84,,121.10,,,68302,8235010.66,1321,F1,1,,,,,
2026-09-30,2026-09-30,CM,NSE,STK,2841,INE576O01020,LXCHEM,EQ,,,,,LAXMI ORGANIC INDUS LTD,176.00,182.20,176.00,177.36,176.90,176.49,,177.35,,,710755,127577455.61,9852,F1,1,,,,,
2026-09-30,2026-09-30,CM,NSE,STK,7529,INE938A01021,LCCINFOTEC,EQ,,,,,LCC INFOTECH LTD,3.90,4.05,3.76,4.02,4.04,3.90,,4.02,,,79585,317121.07,143,F1,1,,,,,
2026-09-30,2026-09-30,CM,NSE,STK,766044,INE1FPN01026,LCCPROJECT,EQ,,,,,LCC PROJECTS LIMITED,151.00,156.50,150.71,154.36,154.35,150.82,,154.36,,,1848088,284760079.66,17957,F1,1,,,,,
2026-09-30,2026-09-30,CM,NSE,STK,760300,INE0G1L01025,LEMERITE,EQ,,,,,LE MERITE EXPORTS LIMITED,19.90,20.38,19.00,19.93,19.59,19.95,,19.93,,,598289,11755992.59,665,F1,1,,,,,
2026-09-30,2026-09-30,CM,NSE,STK,24067,INE0HV901016,IXIGO,EQ,,,,,LE TRAVENUES TECHNOLOGY L,160.24,164.21,159.51,162.89,163.18,160.24,,162.86,,,842850,137179614.86,19162,F1,1,,,,,
2026-09-30,2026-09-30,CM,NSE,STK,14204,INE0H4B01011,LRRPL,SM,,,,,LEAD REC AND RUB PROD LTD,108.00,108.20,108.00,108.20,108.20,103.05,,108.20,,,12000,1298100.00,8,F1,1500,,,,,
2026-09-30,2026-09-30,CM,NSE,STK,764523,INE00GO01025,LEAPIND,EQ,,,,,LEAP INDIA LIMITED,137.44,142.40,136.51,137.78,137.20,137.44,,137.76,,,814776,113035375.17,10719,F1,1,,,,,
2026-09-30,2026-09-30,CM,NSE,STK,765098,INE791B01014,LEENEE,BE,,,,,LEE & NEE SOFTWARES (E) L,7.84,7.84,7.28,7.58,7.61,7.58,,7.58,,,5848,43848.21,25,F1,1,,,,,
2026-09-30,2026-09-30,CM,NSE,STK,757014,INE0AQ201015,THELEELA,EQ,,,,,LEELA PALACES HOTEL LTD,532.00,586.95,532.00,573.80,579.00,533.60,,573.89,,,1251659,716128448.30,49785,F1,1,,,,,
2026-09-30,2026-09-30,CM,NSE,STK,2606,INE970X01018,LEMONTREE,EQ,,,,,LEMON TREE HOTELS LTD,104.20,105.40,103.70,104.25,104.21,104.17,,104.25,,,2167934,226394976.28,18535,F1,1,,,,,
2026-09-30,2026-09-30,CM,NSE,STK,759605,INE956O01016,LENSKART,EQ,,,,,LENSKART SOLUTIONS LTD,684.35,698.10,672.40,685.05,683.00,674.60,,685.07,,,6800271,4685025308.95,150088,F1,1,,,,,
2026-09-30,2026-09-30,CM,NSE,STK,14459,INE500X01013,LEXUS,EQ,,,,,LEXUS GRANITO (INDIA) LTD,11.82,12.38,11.51,11.76,11.61,11.82,,11.76,,,15553,183804.34,167,F1,1,,,,,
2026-09-30,2026-09-30,CM,NSE,STK,18321,INE337A01034,LGBBROSLTD,EQ,,,,,LG BALAKRISHNAN & BROS,1736.60,1761.00,1729.10,1730.10,1740.00,1730.10,,1730.10,,,9738,16874964.40,1912,F1,1,,,,,
2026-09-30,2026-09-30,CM,NSE,STK,760213,INE324D01010,LGEINDIA,EQ,,,,,LG ELECTRONICS INDIA LTD,1740.00,1740.00,1704.00,1723.50,1710.50,1739.20,,1723.32,,,421274,725837681.00,40504,F1,1,,,,,
2026-09-30,2026-09-30,CM,NSE,STK,11082,INE908V01012,LIBAS,EQ,,,,,LIBAS CONSU PRODUCTS LTD,11.63,12.05,11.42,11.87,11.88,11.98,,11.87,,,30725,360730.26,235,F1,1,,,,,
2026-09-30,2026-09-30,CM,NSE,STK,1994,INE557B01019,LIBERTSHOE,EQ,,,,,LIBERTY SHOES LTD,229.00,229.00,220.46,221.01,221.75,225.54,,221.00,,,30337,6784755.28,1149,F1,1,,,,,
2026-09-30,2026-09-30,CM,NSE,STK,1997,INE115A01026,LICHSGFIN,EQ,,,,,LIC HOUSING FINANCE LTD,555.10,565.00,530.20,530.20,530.20,548.50,,530.21,,,5474497,2975953668.10,63425,F1,1,,,,,
2026-09-30,2026-09-30,CM,NSE,STK,25640,INF767K01SM1,LICMFGOLD,EQ,,,,,LIC MF - LIC GOLD ETF,131.90,133.35,131.90,132.35,132.40,131.75,,132.33,,,45397,6019643.25,519,F1,1,,,,,
2026-09-30,2026-09-30,CM,NSE,STK,11319,INF767K01OS7,LICNETFN50,EQ,,,,,LICNAMC - LICNFENGP,254.76,257.22,254.47,255.11,255.07,256.90,,255.11,,,350,89561.34,32,F1,1,,,,,
2026-09-30,2026-09-30,CM,NSE,STK,11441,INF767K01OT5,LICNETFSEN,EQ,,,,,LICNAMC - LICNFESGP,825.50,826.55,824.25,824.25,824.25,804.15,,825.99,,,7,5778.78,7,F1,1,,,,,
2026-09-30,2026-09-30,CM,NSE,STK,15229,INF767K01PC8,LICNFNHGP,EQ,,,,,LICNAMC - LICNFNHGP,259.89,265.00,255.10,264.99,264.99,268.85,,264.99,,,2734,708797.15,39,F1,1,,,,,
2026-09-30,2026-09-30,CM,NSE,STK,6062,INF767K01MV5,LICNETFGSC,EQ,,,,,LICNAMC - LICNMFET,29.20,29.20,29.00,29.04,29.04,29.06,,29.04,,,234379,6809573.98,76,F1,1,,,,,
2026-09-30,2026-09-30,CM,NSE,STK,22722,INF767K01RN1,LICNMID100,EQ,,,,,LICNAMC - LICNMID100,60.97,60.97,59.38,59.63,60.00,60.29,,59.63,,,7451,446189.97,111,F1,1,,,,,
2026-09-30,2026-09-30,CM,NSE,STK,9480,INE0J1Y01017,LICI,EQ,,,,,LIFE INSURA CORP OF INDIA,395.00,398.95,391.90,395.20,395.20,390.00,,395.19,,,6311852,2496477849.85,101651,F1,1,,,,,
2026-09-30,2026-09-30,CM,NSE,STK,578,INE060901027,LIKHITHA,EQ,,,,,LIKHITHA INFRASTRUC LTD,221.13,243.82,220.24,234.29,233.00,222.85,,234.32,,,271910,64245317.83,4307,F1,1,,,,,
2026-09-30,2026-09-30,CM,NSE,STK,6951,INE802B01027,LINC,EQ,,,,,LINC LIMITED,88.84,90.78,88.12,88.63,88.35,88.84,,88.85,,,16141,1435409.95,448,F1,1,,,,,
2026-09-30,2026-09-30,CM,NSE,STK,11596,INE405C01035,LINCOLN,EQ,,,,,LINCOLN PHARMA LTD,590.00,593.40,584.00,585.65,584.00,584.30,,585.63,,,19291,11356446.50,1254,F1,1,,,,,
2026-09-30,2026-09-30,CM,NSE,STK,1627,INE473A01011,LINDEINDIA,EQ,,,,,LINDE INDIA LIMITED,6241.00,6366.00,6180.50,6323.00,6350.00,6199.50,,6323.17,,,28491,179214665.00,10972,F1,1,,,,,
2026-09-30,2026-09-30,CM,NSE,STK,17801,INE093R01011,LLOYDSENGG,EQ,,,,,LLOYDS ENGG WORK LIMITED,102.72,104.20,97.51,98.64,98.35,102.19,,98.64,,,20659896,2088175646.95,85605,F1,1,,,,,
2026-09-30,2026-09-30,CM,NSE,STK,25807,INE080I01025,LLOYDSENT,EQ,,,,,LLOYDS ENTERPRISES LTD,79.70,82.10,78.68,79.23,79.00,79.13,,79.24,,,4337499,348880261.44,26652,F1,1,,,,,
2026-09-30,2026-09-30,CM,NSE,STK,11472,INE0DTQ01028,LLOYDS,SM,,,,,LLOYDS LUXURIES LIMITED,62.00,62.00,62.00,62.00,62.00,60.00,,62.00,,,1000,62000.00,1,F1,1000,,,,,
2026-09-30,2026-09-30,CM,NSE,STK,17313,INE281B01032,LLOYDSME,EQ,,,,,LLOYDS METALS N ENERGY L,1902.50,1918.80,1870.00,1884.00,1871.00,1902.20,,1883.55,,,333292,633072394.00,26811,F1,1,,,,,
2026-09-30,2026-09-30,CM,NSE,STK,1979,INE269B01029,LMW,EQ,,,,,LMW LIMITED,16961.00,17054.00,16800.00,16862.00,16813.00,16957.00,,16861.91,,,1450,24496386.00,773,F1,1,,,,,
2026-09-30,2026-09-30,CM,NSE,STK,3220,INE670K01029,LODHA,EQ,,,,,LODHA DEVELOPERS LIMITED,1103.00,1135.00,1091.80,1135.00,1135.00,1106.60,,1135.00,,,1779057,1978665369.70,38214,F1,1,,,,,
2026-09-30,2026-09-30,CM,NSE,STK,764296,INE0QJW01029,LCL,EQ,,,,,LOHIA CORP LIMITED,580.00,587.65,553.45,557.15,558.35,581.65,,556.94,,,296716,168279567.95,14753,F1,1,,,,,
2026-09-30,2026-09-30,CM,NSE,STK,13436,INE397H01017,LOKESHMACH,EQ,,,,,LOKESH MACHINES LTD,345.00,369.50,341.75,365.90,368.00,341.55,,365.91,,,76813,27525664.20,3352,F1,1,,,,,
2026-09-30,2026-09-30,CM,NSE,STK,18232,INE846D01012,LORDSCHLO,EQ,,,,,LORDS CHLORO ALKALI LTD,143.00,144.70,137.15,138.54,139.45,140.34,,138.29,,,11305,1592417.47,442,F1,1,,,,,
2026-09-30,2026-09-30,CM,NSE,STK,14924,INE740X01023,LAL,EQ,,,,,LORENZINI APPARELS LTD,8.55,8.90,8.40,8.42,8.41,8.55,,8.47,,,7950,68221.14,116,F1,1,,,,,
2026-09-30,2026-09-30,CM,NSE,STK,764768,INE026D01011,LOTUSCHO,EQ,,,,,LOTUS CHOCOLATE CO. LTD.,554.55,564.95,546.10,550.35,550.00,554.55,,550.41,,,1679,926268.65,237,F1,1,,,,,
2026-09-30,2026-09-30,CM,NSE,STK,16807,INE947I01017,LOTUSEYE,EQ,,,,,LOTUS EYE HOSP & INST L,114.90,115.90,113.51,115.89,115.67,113.20,,115.89,,,4479,513273.67,340,F1,1,,,,,
2026-09-30,2026-09-30,CM,NSE,STK,22415,INE597L01014,LOVABLE,EQ,,,,,LOVABLE LINGERIE LTD,71.00,72.45,69.80,71.05,70.32,71.00,,71.05,,,3749,267083.55,134,F1,1,,,,,
2026-09-30,2026-09-30,CM,NSE,STK,10590,INE970D01010,LOYALTEX,EQ,,,,,LOYAL TEXTILE MILLS LTD,206.30,213.95,206.30,209.67,213.95,207.28,,209.67,,,787,165818.48,55,F1,1,,,,,
2026-09-30,2026-09-30,CM,NSE,STK,13816,INE818H01020,LTFOODS,EQ,,,,,LT FOODS LIMITED,405.65,409.40,399.00,400.40,400.95,402.80,,400.41,,,356756,143776857.80,22164,F1,1,,,,,
2026-09-30,2026-09-30,CM,NSE,STK,17818,INE214T01019,LTM,EQ,,,,,LTM LIMITED,3979.90,4138.00,3979.90,4045.00,4045.00,3936.00,,4044.94,,,463734,1882426313.40,37839,F1,1,,,,,
2026-09-30,2026-09-30,CM,NSE,STK,14014,INE872H01027,LUMAXTECH,EQ,,,,,LUMAX AUTO TECH LTD,2034.80,2099.00,2007.40,2076.70,2052.20,2011.70,,2076.72,,,137712,284334218.40,23120,F1,1,,,,,
2026-09-30,2026-09-30,CM,NSE,STK,2018,INE162B01018,LUMAXIND,EQ,,,,,LUMAX INDUSTRIES LTD,5650.00,5750.00,5523.00,5568.50,5586.00,5691.50,,5568.90,,,12677,71153956.00,3845,F1,1,,,,,
2026-09-30,2026-09-30,CM,NSE,STK,765524,INE185Q01025,LUMINO,EQ,,,,,LUMINO INDUSTRIES LIMITED,104.40,106.19,101.70,102.46,102.27,104.40,,102.46,,,3888707,403847890.11,22447,F1,1,,,,,
2026-09-30,2026-09-30,CM,NSE,STK,10440,INE326A01037,LUPIN,EQ,,,,,LUPIN LIMITED,2065.00,2071.70,2027.00,2030.20,2030.20,2052.10,,2030.20,,,1085192,2218314666.60,51375,F1,1,,,,,
2026-09-30,2026-09-30,CM,NSE,STK,11301,INE150G01020,LUXIND,EQ,,,,,LUX INDUSTRIES LIMITED,1103.60,1134.50,1101.00,1107.00,1101.00,1103.60,,1107.00,,,11916,13335419.30,1518,F1,1,,,,,
2026-09-30,2026-09-30,CM,NSE,STK,7248,INE933A01014,LYKALABS,BE,,,,,LYKA LABS LTD.,83.21,84.10,83.21,83.21,83.21,82.46,,83.69,,,27299,2292096.33,63,F1,1,,,,,
2026-09-30,2026-09-30,CM,NSE,STK,758150,INE08N601015,MBEL,EQ,,,,,M AND B ENGINEERING LTD,254.15,256.00,248.00,249.00,249.70,251.50,,249.00,,,53598,13486058.25,2188,F1,1,,,,,
2026-09-30,2026-09-30,CM,NSE,STK,765120,INE227F01010,MKEXIM,EQ,,,,,M K EXIM (INDIA) LTD.,69.95,69.95,64.72,66.84,66.91,66.72,,66.08,,,6295,420895.30,165,F1,1,,,,,
2026-09-30,2026-09-30,CM,NSE,STK,16736,INE964W01021,MKPL,EQ,,,,,M K PROTEINS LIMITED,4.00,4.05,3.92,3.99,4.02,3.92,,3.99,,,69786,278772.99,272,F1,1,,,,,
2026-09-30,2026-09-30,CM,NSE,STK,22360,INE813V01022,MCL,EQ,,,,,M TEK COPPER LIMITED,58.00,59.63,56.58,56.74,56.60,57.64,,56.74,,,56806,3278597.58,1448,F1,1,,,,,
2026-09-30,2026-09-30,CM,NSE,STK,13285,INE774D01024,M&MFIN,EQ,,,,,M&M FIN. SERVICES LTD,328.75,333.25,322.65,324.85,323.00,328.05,,324.85,,,920944,300501152.60,43128,F1,1,,,,,
2026-09-30,2026-09-30,CM,NSE,STK,22976,INE0SGC01015,MVKAGRO,SM,,,,,M.V.K. AGRO FOOD PROD LTD,248.00,249.05,238.80,246.55,242.70,248.05,,246.55,,,137400,33781230.00,122,F1,300,,,,,
2026-09-30,2026-09-30,CM,NSE,STK,15017,INE215I01027,MAANALU,EQ,,,,,MAAN ALUMINIUM LIMITED,102.63,102.63,99.81,100.17,100.95,100.62,,100.17,,,29710,2989417.11,681,F1,1,,,,,
2026-09-30,2026-09-30,CM,NSE,STK,762782,INE435D01014,MCCHRLS-B,EQ,,,,,MAC CHARLES (INDIA) LTD.,704.00,704.00,660.00,689.85,689.95,695.35,,687.45,,,68,45805.75,18,F1,1,,,,,
2026-09-30,2026-09-30,CM,NSE,STK,24545,INE0R0J01010,MACOBSTECH,SM,,,,,MACOBS TECHNOLOGIES LTD,192.00,192.00,189.95,190.20,190.00,193.25,,190.20,,,14400,2738680.00,10,F1,800,,,,,
2026-09-30,2026-09-30,CM,NSE,STK,22347,INE155Z01011,MACPOWER,EQ,,,,,MACPOWER CNC MACHINES LTD,2165.50,2183.60,2080.00,2096.00,2102.10,2128.10,,2096.00,,,40395,86416628.80,5452,F1,1,,,,,
2026-09-30,2026-09-30,CM,NSE,STK,762767,INE631R01026,MADHAVIPL,EQ,,,,,MADHAV INFRA PROJECTS L,7.38,7.58,7.21,7.31,7.35,7.41,,7.30,,,97889,721212.34,354,F1,1,,,,,
2026-09-30,2026-09-30,CM,NSE,STK,15151,INE925C01016,MADHAV,EQ,,,,,MADHAV MARBLE & GRANITE,34.81,35.89,34.10,34.16,34.12,34.81,,34.16,,,4441,152654.02,134,F1,1,,,,,
2026-09-30,2026-09-30,CM,NSE,STK,13671,INE378D01032,MADHUCON,EQ,,,,,MADHUCON PROJECTS LTD.,4.10,4.25,3.91,4.19,4.25,4.05,,4.19,,,39757,165454.31,124,F1,1,,,,,
2026-09-30,2026-09-30,CM,NSE,STK,765476,INE1P5601010,MADHURKNIT,SM,,,,,MADHUR KNIT CRAFTS LTD,53.20,54.80,52.80,53.80,54.35,52.25,,53.80,,,43200,2316480.00,28,F1,1200,,,,,
2026-09-30,2026-09-30,CM,NSE,STK,18738,INE0P6701019,MADHUSUDAN,ST,,,,,MADHUSUDAN MASALA LIMITED,240.00,245.25,235.00,236.25,236.00,240.00,,236.25,,,16000,3852550.00,16,F1,1000,,,,,
2026-09-30,2026-09-30,CM,NSE,STK,12686,INE900L01028,MBAPL,EQ,,,,,MADHYA BHARAT AGRO P. LTD,167.00,173.50,167.00,170.63,170.20,166.84,,170.63,,,1417308,242869792.62,14176,F1,1,,,,,
2026-09-30,2026-09-30,CM,NSE,STK,4911,INE414A01015,MADRASFERT,EQ,,,,,MADRAS FERTILISERS LTD,58.50,59.69,58.50,58.77,58.65,58.55,,58.78,,,34224,2020272.56,880,F1,1,,,,,
2026-09-30,2026-09-30,CM,NSE,STK,762772,INE270B01035,MAFATIND,EQ,,,,,MAFATLAL INDUSTRIES LTD.,117.98,118.99,115.75,117.54,118.30,115.29,,117.59,,,19676,2313015.85,706,F1,1,,,,,
2026-09-30,2026-09-30,CM,NSE,STK,21392,INE347W01011,MAGADSUGAR,EQ,,,,,MAGADH SUGAR & ENERGY LTD,540.65,548.40,527.30,531.25,536.00,536.70,,531.23,,,16452,8850124.55,1467,F1,1,,,,,
2026-09-30,2026-09-30,CM,NSE,STK,29482,INE613C01026,MCLOUD,EQ,,,,,MAGELLANIC CLOUD LIMITED,25.43,25.79,24.90,25.06,25.15,25.12,,25.06,,,2323995,58939996.78,7496,F1,1,,,,,
2026-09-30,2026-09-30,CM,NSE,STK,14957,INE387I01016,MAGNUM,EQ,,,,,MAGNUM VENTURES LTD.,18.51,19.15,18.40,18.48,18.50,18.57,,18.48,,,13633,253395.86,113,F1,1,,,,,
2026-09-30,2026-09-30,CM,NSE,STK,17088,INE0O1S01012,MAGSON,SM,,,,,MAGSON RETAIL AND DIST L,180.00,180.00,179.00,180.00,180.00,180.10,,180.00,,,209000,37564000.00,49,F1,1000,,,,,
2026-09-30,2026-09-30,CM,NSE,STK,5239,INE843B01013,MAHAPEXLTD,EQ,,,,,MAHA RASHTRA APEX COPR. L,50.37,52.00,50.37,51.00,51.00,50.82,,51.00,,,6541,335762.40,51,F1,1,,,,,
2026-09-30,2026-09-30,CM,NSE,STK,24937,INE0US801024,MFML,EQ,,,,,MAHALAXMI FABRIC MILLS LT,18.46,19.84,18.37,18.63,18.80,18.46,,18.78,,,14210,270534.99,135,F1,1,,,,,
2026-09-30,2026-09-30,CM,NSE,STK,7889,INE112D01035,MHLXMIRU,BE,,,,,MAHALAXMI RUBTECH LIMITED,176.39,182.24,176.30,179.21,179.95,176.39,,179.21,,,4203,750918.82,58,F1,1,,,,,
2026-09-30,2026-09-30,CM,NSE,STK,17531,INE451L01014,MAHASTEEL,BE,,,,,MAHAMAYA STEEL INDS LTD,1195.60,1209.00,1167.00,1189.00,1195.00,1201.60,,1189.20,,,987,1177906.30,107,F1,1,,,,,
2026-09-30,2026-09-30,CM,NSE,STK,17534,INE002S01010,MGL,EQ,,,,,MAHANAGAR GAS LTD.,1048.00,1067.10,1039.00,1058.00,1059.00,1050.50,,1058.00,,,217105,228764529.50,30937,F1,1,,,,,
2026-09-30,2026-09-30,CM,NSE,STK,2294,INE153A01019,MTNL,EQ,,,,,MAHANAGAR TELEPHONE NIGAM,23.25,23.48,22.82,22.97,22.99,23.18,,22.98,,,376141,8721632.53,1984,F1,1,,,,,
2026-09-30,2026-09-30,CM,NSE,STK,2085,INE288A01013,MAHSCOOTER,EQ,,,,,MAHARASHTRA SCOOTERS LTD,12300.00,12645.00,12300.00,12576.00,12515.00,12341.00,,12576.10,,,5414,67933855.00,2622,F1,1,,,,,
2026-09-30,2026-09-30,CM,NSE,STK,2088,INE271B01025,MAHSEAMLES,EQ,,,,,MAHARASHTRA SEAMLESS LTD,725.00,768.00,721.95,737.65,737.00,721.85,,737.67,,,1572414,1180994215.15,72964,F1,1,,,,,
2026-09-30,2026-09-30,CM,NSE,STK,758688,INE632Q01018,MRIL,ST,,,,,MAHENDRA REALTO & INFRA L,80.00,80.00,80.00,80.00,80.00,81.00,,80.00,,,22400,1792000.00,1,F1,1600,,,,,
2026-09-30,2026-09-30,CM,NSE,STK,9576,INE263W01010,MAHESHWARI,EQ,,,,,MAHESHWARI LOGISTICS LTD.,74.00,74.00,73.05,73.43,73.05,73.53,,73.43,,,13129,968413.54,49,F1,1,,,,,
2026-09-30,2026-09-30,CM,NSE,STK,2839,INE961Y01015,MAHICKRA,SM,,,,,MAHICKRA CHEMICAL LIMITED,285.00,285.00,280.00,280.00,280.00,295.00,,280.00,,,2250,633787.50,3,F1,750,,,,,
2026-09-30,2026-09-30,CM,NSE,STK,2031,INE101A01026,M&M,EQ,,,,,MAHINDRA & MAHINDRA LTD,2925.00,2986.00,2925.00,2950.00,2950.00,2947.80,,2950.00,,,2332540,6894055492.10,99894,F1,1,,,,,
2026-09-30,2026-09-30,CM,NSE,STK,17603,INE215D01010,MAHEPC,EQ,,,,,MAHINDRA EPC IRRIG LTD,97.01,98.48,96.30,96.74,97.00,96.78,,96.74,,,10903,1058272.19,351,F1,1,,,,,
2026-09-30,2026-09-30,CM,NSE,STK,17333,INE998I01010,MHRIL,EQ,,,,,MAHINDRA HOLIDAYS LTD,195.90,197.07,192.85,194.25,195.30,194.49,,194.18,,,48568,9448974.88,2375,F1,1,,,,,
2026-09-30,2026-09-30,CM,NSE,STK,8050,INE813A01018,MAHLIFE,EQ,,,,,MAHINDRA LIFESPACE DEVLTD,357.20,362.70,353.05,360.30,361.00,361.00,,360.28,,,92476,33084701.75,6612,F1,1,,,,,
2026-09-30,2026-09-30,CM,NSE,STK,385,INE766P01016,MAHLOG,EQ,,,,,MAHINDRA LOGISTIC LIMITED,427.00,439.75,423.25,435.85,433.80,425.70,,435.86,,,367227,159546952.90,13706,F1,1,,,,,
2026-09-30,2026-09-30,CM,NSE,STK,24538,INE683C01011,MAITHANALL,EQ,,,,,MAITHAN ALLOYS LTD,930.00,955.05,918.10,925.25,926.00,928.20,,925.22,,,52211,48654278.35,3629,F1,1,,,,,
2026-09-30,2026-09-30,CM,NSE,STK,19809,INE0PLQ01011,MAITREYA,SM,,,,,MAITREYA MEDICARE LIMITED,114.00,114.00,114.00,114.00,114.00,109.05,,114.00,,,400,45600.00,1,F1,400,,,,,
2026-09-30,2026-09-30,CM,NSE,STK,762780,INE201B01022,MAJESAUT,BE,,,,,MAJESTIC AUTO LTD.,364.00,369.95,355.00,367.80,366.00,364.65,,367.38,,,2477,900207.35,101,F1,1,,,,,
2026-09-30,2026-09-30,CM,NSE,STK,764773,INE987A01010,MAKERSL,EQ,,,,,MAKERS LABORATORIES LTD.,181.40,189.49,178.00,181.75,180.06,181.38,,183.74,,,1070,195225.42,77,F1,1,,,,,
2026-09-30,2026-09-30,CM,NSE,STK,7965,INE389C01015,MALLCOM,EQ,,,,,MALLCOM (INDIA) LIMITED,939.60,965.50,936.20,938.95,937.05,939.65,,938.93,,,1522,1441592.50,286,F1,1,,,,,
2026-09-30,2026-09-30,CM,NSE,STK,13352,INE383H01017,MALUPAPER,EQ,,,,,MALU PAPER MILLS LIMITED,32.30,32.59,31.45,31.47,31.45,31.68,,31.47,,,12910,409159.47,169,F1,1,,,,,
2026-09-30,2026-09-30,CM,NSE,STK,28687,INE0TO701015,MAMATA,EQ,,,,,MAMATA MACHINERY LIMITED,406.00,412.15,396.00,398.80,396.00,399.50,,398.81,,,29583,11891323.85,1636,F1,1,,,,,
2026-09-30,2026-09-30,CM,NSE,STK,7413,INE830Q01018,MANAKCOAT,EQ,,,,,MAN COAT METAL & IND LTD,126.28,129.19,126.00,126.98,127.50,127.29,,126.98,,,218743,27805357.16,1465,F1,1,,,,,
2026-09-30,2026-09-30,CM,NSE,STK,11884,INE993A01026,MANINDS,EQ,,,,,MAN INDUSTRIES (I) LTD.,962.00,992.95,898.25,907.35,911.00,959.60,,907.29,,,1072563,999992180.35,48431,F1,1,,,,,
2026-09-30,2026-09-30,CM,NSE,STK,18226,INE949H01023,MANINFRA,EQ,,,,,MAN INFRA LTD,128.00,129.40,125.28,126.86,125.50,127.90,,126.85,,,1599762,204414787.53,9784,F1,1,,,,,
2026-09-30,2026-09-30,CM,NSE,STK,7420,INE859Q01017,MANAKALUCO,EQ,,,,,MANAK ALUMINIUM CO. LTD.,34.50,35.22,34.10,34.32,34.21,34.71,,34.26,,,20753,720648.58,407,F1,1,,,,,
2026-09-30,2026-09-30,CM,NSE,STK,15199,INE015D01022,MANAKSIA,EQ,,,,,MANAKSIA LTD.,61.00,62.70,59.11,59.99,59.63,61.66,,60.02,,,43003,2612171.84,816,F1,1,,,,,
2026-09-30,2026-09-30,CM,NSE,STK,7482,INE824Q01011,MANAKSTEEL,BE,,,,,MANAKSIA STEELS LTD,110.30,116.00,108.05,110.33,110.00,112.57,,110.31,,,18922,2099427.90,256,F1,1,,,,,
2026-09-30,2026-09-30,CM,NSE,STK,13796,INE201A01024,MANALIPETC,EQ,,,,,MANALI PETROCHEMICALS LT,80.65,82.75,80.18,80.98,81.50,80.18,,80.99,,,828103,67697112.46,6732,F1,1,,,,,
2026-09-30,2026-09-30,CM,NSE,STK,19061,INE522D01027,MANAPPURAM,EQ,,,,,MANAPPURAM FINANCE LTD,316.45,322.65,312.95,315.85,315.85,316.45,,315.86,,,3430831,1089900490.55,29134,F1,1,,,,,
2026-09-30,2026-09-30,CM,NSE,STK,759351,INE0U4H01011,MPEL,SM,,,,,MANAS POLYMER N ENERGIE L,26.45,26.45,26.45,26.45,26.45,27.80,,26.45,,,19200,507840.00,6,F1,1600,,,,,
2026-09-30,2026-09-30,CM,NSE,STK,25597,INE939X01013,MANBA,EQ,,,,,MANBA FINANCE LIMITED,137.60,138.95,136.00,136.84,136.50,136.52,,136.85,,,93564,12799321.20,641,F1,1,,,,,
2026-09-30,2026-09-30,CM,NSE,STK,23779,INE0R3T01013,MANDEEP,SM,,,,,MANDEEP AUTO INDUSTRIES L,18.25,18.25,18.15,18.15,18.15,17.80,,18.15,,,14000,254900.00,4,F1,2000,,,,,
2026-09-30,2026-09-30,CM,NSE,STK,24823,INE545L01039,MANCREDIT,EQ,,,,,MANGAL CREDIT N FINCORP L,215.19,224.90,215.19,220.73,224.90,217.36,,220.73,,,132906,29425927.78,1351,F1,1,,,,,
2026-09-30,2026-09-30,CM,NSE,STK,758748,INE0PKD01011,MEIL,EQ,,,,,MANGAL ELECTRICAL IND L,268.65,269.00,263.35,264.85,263.50,266.40,,264.86,,,18704,4975875.65,856,F1,1,,,,,
2026-09-30,2026-09-30,CM,NSE,STK,19137,INE00C401011,MAL,ST,,,,,MANGALAM ALLOYS LIMITED,38.20,41.90,38.20,41.00,41.00,40.05,,41.00,,,9600,389680.00,6,F1,1600,,,,,
2026-09-30,2026-09-30,CM,NSE,STK,2106,INE347A01017,MANGLMCEM,EQ,,,,,MANGALAM CEMENT LTD,982.60,1021.80,982.60,993.20,985.00,985.80,,993.20,,,85822,86034635.00,3016,F1,1,,,,,
2026-09-30,2026-09-30,CM,NSE,STK,11817,INE584F01014,MANGALAM,EQ,,,,,MANGALAM DRUG & CHEM LTD,31.39,31.93,29.51,30.74,30.80,31.39,,30.74,,,42421,1293667.36,595,F1,1,,,,,
2026-09-30,2026-09-30,CM,NSE,STK,1593,INE0APB01032,MGEL,EQ,,,,,MANGALAM GLOBAL ENT LTD,16.14,16.19,15.61,15.89,15.90,16.11,,15.89,,,235063,3755504.95,464,F1,1,,,,,
2026-09-30,2026-09-30,CM,NSE,STK,6422,INE370D01013,MANORG,EQ,,,,,MANGALAM ORGANICS LIMITED,447.05,456.40,445.35,452.25,447.50,447.70,,452.22,,,6490,2915467.45,217,F1,1,,,,,
2026-09-30,2026-09-30,CM,NSE,STK,764783,INE829S01016,MSL,EQ,,,,,MANGALAM SEEDS LTD.,137.85,137.85,137.40,137.40,137.40,136.00,,137.91,,,34,4680.50,7,F1,1,,,,,
2026-09-30,2026-09-30,CM,NSE,STK,759169,INE0JYY01029,MWL,EQ,,,,,MANGALAM WORLDWIDE LTD,43.60,43.95,42.90,43.38,43.13,43.40,,43.38,,,283085,12285227.79,1752,F1,1,,,,,
2026-09-30,2026-09-30,CM,NSE,STK,24629,INE0R3101011,MIEL,SM,,,,,MANGLAM INFRA & ENG LTD,13.70,13.70,13.70,13.70,13.70,13.70,,13.70,,,4000,54800.00,2,F1,2000,,,,,
2026-09-30,2026-09-30,CM,NSE,STK,766140,INE0KWF01020,MANIKA,BE,,,,,MANIKA PLASTECH LIMITED,42.00,43.52,40.99,42.34,42.50,41.83,,42.33,,,934281,39868925.85,2483,F1,1,,,,,
2026-09-30,2026-09-30,CM,NSE,STK,760174,INE1ERK01013,MANILAM,SM,,,,,MANILAM INDUSTRIES IND L,38.00,38.00,38.00,38.00,38.00,40.00,,38.00,,,4000,152000.00,2,F1,2000,,,,,
2026-09-30,2026-09-30,CM,NSE,STK,764357,INE459N01021,MANIPALHOS,EQ,,,,,MANIPAL HEALTH ENTERPRI L,749.80,752.30,703.15,708.30,709.00,747.75,,708.34,,,2679610,1917041996.60,91826,F1,1,,,,,
2026-09-30,2026-09-30,CM,NSE,STK,766051,INE241U01028,MPIMANIPAL,EQ,,,,,MANIPAL PAYMENT & IDE S L,425.05,438.80,400.15,409.15,406.00,417.40,,409.20,,,3225179,1365380442.75,73724,F1,1,,,,,
2026-09-30,2026-09-30,CM,NSE,STK,15380,INE634S01028,MANKIND,EQ,,,,,MANKIND PHARMA LIMITED,2545.00,2552.00,2455.00,2503.80,2503.80,2545.00,,2503.80,,,1311278,3285399344.50,51912,F1,1,,,,,
2026-09-30,2026-09-30,CM,NSE,STK,19015,INE0KNT01012,MVGJL,EQ,,,,,MANOJ VAIBHAV GEM N JEW L,214.33,216.47,205.10,207.16,205.75,212.60,,207.21,,,143718,30310749.04,2941,F1,1,,,,,
2026-09-30,2026-09-30,CM,NSE,STK,13753,INE784W01015,MANOMAY,EQ,,,,,MANOMAY TEX INDIA LTD,238.50,244.90,234.17,240.66,240.00,236.46,,240.80,,,491051,118529358.41,14937,F1,1,,,,,
2026-09-30,2026-09-30,CM,NSE,STK,10227,INE00VM01036,MANORAMA,EQ,,,,,MANORAMA INDUSTRIES LTD,1865.00,1879.40,1844.80,1852.80,1845.00,1863.50,,1852.80,,,123908,230456371.10,16760,F1,1,,,,,
2026-09-30,2026-09-30,CM,NSE,STK,13575,INE867A01022,MANUGRAPH,BE,,,,,MANUGRAPH INDIA LIMITED,17.00,17.88,17.00,17.32,17.41,17.89,,17.34,,,133871,2287179.54,312,F1,1,,,,,
2026-09-30,2026-09-30,CM,NSE,STK,2112,INE882A01013,MARALOVER,EQ,,,,,MARAL OVERSEAS LTD,61.50,61.74,57.00,60.31,59.71,61.09,,60.32,,,23420,1393607.79,391,F1,1,,,,,
2026-09-30,2026-09-30,CM,NSE,STK,18659,INE182D01020,MARATHON,EQ,,,,,MARATHON NXTGEN REALT LTD,385.15,394.40,384.15,389.15,386.45,384.90,,389.15,,,29572,11505389.25,1191,F1,1,,,,,
2026-09-30,2026-09-30,CM,NSE,STK,18773,INE0QP001012,MARCO,SM,,,,,MARCO CABLE & CONDUCTOR L,29.95,29.95,29.95,29.95,29.95,29.25,,29.95,,,1500,44925.00,1,F1,1500,,,,,
2026-09-30,2026-09-30,CM,NSE,STK,4067,INE196A01026,MARICO,EQ,,,,,MARICO LIMITED,789.85,799.25,786.00,786.00,786.00,787.15,,786.00,,,2455494,1944652945.50,43893,F1,1,,,,,
2026-09-30,2026-09-30,CM,NSE,STK,1328,INE01JE01028,MARINE,EQ,,,,,MARINE ELECTRICAL (I) LTD,440.40,446.05,416.65,429.55,432.00,438.25,,429.55,,,1225757,534318878.85,38874,F1,1,,,,,
2026-09-30,2026-09-30,CM,NSE,STK,760204,INE0FW001016,MARKOLINES,EQ,,,,,MARKOLINES PAVEMENT TEC L,169.59,170.20,166.40,167.72,167.50,167.82,,167.76,,,473817,80109109.28,1893,F1,1,,,,,
2026-09-30,2026-09-30,CM,NSE,STK,10579,INE750C01026,MARKSANS,EQ,,,,,MARKSANS PHARMA LIMITED,344.00,345.90,321.00,322.30,322.45,342.75,,322.30,,,3253271,1070536574.45,67544,F1,1,,,,,
2026-09-30,2026-09-30,CM,NSE,STK,761386,INE415B01044,MARSONS,EQ,,,,,MARSONS LIMITED,117.85,119.25,114.11,115.44,114.30,117.96,,115.44,,,1066194,123645644.39,5836,F1,1,,,,,
2026-09-30,2026-09-30,CM,NSE,STK,761042,INE0X7G01013,MARUSHIKA,SM,,,,,MARUSHIKA TECHNOLOGY LTD,111.10,111.10,111.10,111.10,111.10,116.50,,111.10,,,1200,133320.00,1,F1,1200,,,,,
2026-09-30,2026-09-30,CM,NSE,STK,10999,INE585B01010,MARUTI,EQ,,,,,MARUTI SUZUKI INDIA LTD.,11901.00,12065.00,11879.00,11967.00,11967.00,11877.00,,11966.84,,,430286,5148312107.00,46788,F1,1,,,,,
2026-09-30,2026-09-30,CM,NSE,STK,2132,INE575Z01010,MDL,SM,,,,,MARVEL DECOR LIMITED,57.05,64.90,57.05,64.90,64.90,64.90,,64.90,,,2000,121950.00,2,F1,1000,,,,,
2026-09-30,2026-09-30,CM,NSE,STK,199,INE348L01012,MASFIN,EQ,,,,,MAS FINANCIAL SERV LTD,278.45,284.95,274.65,282.70,281.50,281.40,,282.72,,,197774,55312367.85,8108,F1,1,,,,,
2026-09-30,2026-09-30,CM,NSE,STK,18727,INE885F01015,MASKINVEST,EQ,,,,,MASK INVESTMENTS LIMITED,154.00,154.00,142.00,150.95,152.80,147.18,,150.95,,,468,67599.92,28,F1,1,,,,,
2026-09-30,2026-09-30,CM,NSE,STK,24278,INE0SH001010,MASON,SM,,,,,MASON INFRATECH LIMITED,106.75,109.65,103.05,107.85,108.00,107.25,,107.85,,,22000,2354975.00,34,F1,500,,,,,
2026-09-30,2026-09-30,CM,NSE,STK,2124,INE759A01021,MASTEK,EQ,,,,,MASTEK LTD,1515.00,1583.80,1514.60,1562.80,1563.00,1523.40,,1562.81,,,139740,217124084.30,15444,F1,1,,,,,
2026-09-30,2026-09-30,CM,NSE,STK,27047,INE677D01037,MASTERTR,EQ,,,,,MASTER TRUST LIMITED,83.72,84.14,81.55,82.14,81.55,83.11,,82.13,,,223611,18560466.57,1334,F1,1,,,,,
2026-09-30,2026-09-30,CM,NSE,STK,21726,INE866R01028,MATRIMONY,EQ,,,,,MATRIMONY.COM LIMITED,519.50,529.80,519.05,523.80,526.00,519.25,,523.80,,,4149,2175295.70,228,F1,1,,,,,
2026-09-30,2026-09-30,CM,NSE,STK,759945,INE132901013,MGSL,SM,,,,,MATRIX GEO SOLUTIONS LTD,66.95,66.95,60.00,60.65,60.00,63.25,,60.65,,,31200,1944600.00,26,F1,1200,,,,,
2026-09-30,2026-09-30,CM,NSE,STK,17022,INE636A01039,MAWANASUG,EQ,,,,,MAWANA SUGARS LIMITED,143.55,150.79,143.55,145.01,145.00,145.05,,145.00,,,253411,37411581.11,4323,F1,1,,,,,
2026-09-30,2026-09-30,CM,NSE,STK,19646,INE03EI01018,MAXESTATES,EQ,,,,,MAX ESTATES LIMITED,569.25,594.50,565.50,587.10,582.30,569.25,,587.09,,,107816,63171225.05,7345,F1,1,,,,,
2026-09-30,2026-09-30,CM,NSE,STK,2142,INE180A01020,MFSL,EQ,,,,,MAX FINANCIAL SERV LTD,1386.50,1395.10,1344.30,1373.40,1373.40,1392.40,,1373.40,,,931017,1273740600.40,59578,F1,1,,,,,
2026-09-30,2026-09-30,CM,NSE,STK,22377,INE027H01010,MAXHEALTH,EQ,,,,,MAX HEALTHCARE INS LTD,963.00,976.30,907.70,929.80,929.80,982.10,,929.80,,,13817675,12865188298.30,334102,F1,1,,,,,
2026-09-30,2026-09-30,CM,NSE,STK,22428,INE0CG601016,MAXIND,EQ,,,,,MAX INDIA LIMITED,162.45,164.20,158.22,160.83,158.25,160.24,,160.96,,,111095,17941075.72,1724,F1,1,,,,,
2026-09-30,2026-09-30,CM,NSE,STK,21691,INE0ECC01022,MAXPOSURE,SM,,,,,MAXPOSURE LIMITED,37.25,37.25,36.15,36.15,36.15,37.95,,36.15,,,8000,295400.00,8,F1,1000,,,,,
2026-09-30,2026-09-30,CM,NSE,STK,29645,INE10A501018,MAXVOLT,SM,,,,,MAXVOLT ENERGY INDUS L,448.00,454.80,424.90,442.45,453.80,447.25,,442.45,,,105600,46462980.00,229,F1,400,,,,,
2026-09-30,2026-09-30,CM,NSE,STK,28906,INE040D01038,MAYURUNIQ,EQ,,,,,MAYUR UNIQUOTERS LTD,730.00,752.45,725.05,734.35,730.60,727.25,,734.36,,,148388,109869255.10,9709,F1,1,,,,,
2026-09-30,2026-09-30,CM,NSE,STK,509,INE249Z01020,MAZDOCK,EQ,,,,,MAZAGON DOCK SHIPBUIL LTD,2083.40,2140.00,2081.10,2113.00,2113.00,2087.10,,2112.89,,,510455,1082002353.40,28574,F1,1,,,,,
2026-09-30,2026-09-30,CM,NSE,STK,18870,INE885E01042,MAZDA,BE,,,,,MAZDA LIMITED,290.00,303.30,290.00,303.30,303.30,288.90,,305.43,,,42578,12810370.35,550,F1,1,,,,,
2026-09-30,2026-09-30,CM,NSE,STK,18029,INE912H01013,MBLINFRA,EQ,,,,,MBL INFRASTRUCTURE LTD,22.50,22.85,21.96,22.85,22.85,21.77,,22.85,,,53197,1210241.59,70,F1,1,,,,,
2026-09-30,2026-09-30,CM,NSE,STK,11943,INE942G01012,MCLEODRUSS,EQ,,,,,MCLEOD RUSSEL INDIA LTD.,45.55,45.73,44.50,44.74,44.85,43.56,,44.73,,,624727,28329726.50,1937,F1,1,,,,,
2026-09-30,2026-09-30,CM,NSE,STK,13687,INE748A01024,MBECL,BE,,,,,MCNALLY BHARAT ENGIN CO L,484.32,484.32,484.32,484.32,484.32,474.83,,484.32,,,3776,1828792.32,69,F1,1,,,,,
2026-09-30,2026-09-30,CM,NSE,STK,14574,INE0O4M01019,MCON,SM,,,,,MCON RASAYAN INDIA LTD,40.95,40.95,40.95,40.95,40.95,40.95,,40.95,,,1000,40950.00,1,F1,1000,,,,,
2026-09-30,2026-09-30,CM,NSE,STK,21705,INE456Z01021,MEDIASSIST,EQ,,,,,MEDI ASSIST HEALTH SER L,307.00,314.85,301.10,302.25,302.50,306.70,,302.25,,,211883,64551807.95,6367,F1,1,,,,,
2026-09-30,2026-09-30,CM,NSE,STK,765113,INE442D01010,MEDICAPQ,BE,,,,,MEDI CAPS LTD.,25.95,27.00,25.25,25.60,26.34,26.48,,25.60,,,903,23251.52,14,F1,1,,,,,
2026-09-30,2026-09-30,CM,NSE,STK,762802,INE200D01020,MMWL,EQ,,,,,MEDIA MATRIX WORLDWIDE L,14.82,14.82,14.02,14.82,14.82,14.12,,14.91,,,28234,417483.14,104,F1,1,,,,,
2026-09-30,2026-09-30,CM,NSE,STK,6281,INE646B01010,MEDICAMEQ,BE,,,,,MEDICAMEN BIOTECH LIMITED,320.90,329.85,310.10,321.75,323.70,322.00,,321.75,,,20688,6613590.35,254,F1,1,,,,,
2026-09-30,2026-09-30,CM,NSE,STK,9667,INE630Y01024,MEDICO,EQ,,,,,MEDICO REMEDIES LIMITED,22.40,23.64,21.17,21.53,21.56,21.84,,21.54,,,1169517,26054379.44,4793,F1,1,,,,,
2026-09-30,2026-09-30,CM,NSE,STK,7254,INE804L01022,MEDPLUS,EQ,,,,,MEDPLUS HEALTH SERV LTD,659.00,661.75,654.50,654.90,654.50,654.00,,654.88,,,70747,46427571.50,15074,F1,1,,,,,
2026-09-30,2026-09-30,CM,NSE,STK,760229,INE0VDM01015,MEESHO,EQ,,,,,MEESHO LIMITED,223.00,230.68,219.19,227.75,226.50,223.21,,227.75,,,15536460,3490969825.54,145410,F1,1,,,,,
2026-09-30,2026-09-30,CM,NSE,STK,8153,INE00EM01016,MEGASTAR,EQ,,,,,MEGASTAR FOODS LIMITED,252.20,260.55,248.00,249.05,248.80,253.15,,249.05,,,3858,971307.10,213,F1,1,,,,,
2026-09-30,2026-09-30,CM,NSE,STK,22560,INE531R01010,MEGATHERM,SM,,,,,MEGATHERM INDUCTION LTD,250.00,251.00,248.00,249.00,249.00,248.00,,249.00,,,6000,1501880.00,14,F1,400,,,,,
2026-09-30,2026-09-30,CM,NSE,STK,5394,INE0CT101020,MOL,EQ,,,,,MEGHMANI ORGANICS LIMITED,57.23,58.73,56.02,56.31,56.20,57.27,,56.30,,,370257,21231303.43,3150,F1,1,,,,,
2026-09-30,2026-09-30,CM,NSE,STK,764778,INE898Q01015,MIIL,EQ,,,,,MEGHNA INFRACON INFRA L,697.00,699.40,672.10,682.05,684.90,692.05,,681.90,,,86940,60027481.35,1398,F1,1,,,,,
2026-09-30,2026-09-30,CM,NSE,STK,6961,INE071D01033,MENONBE,EQ,,,,,MENON BEARINGS LIMITED,296.55,303.00,292.00,296.20,295.65,291.10,,296.16,,,70127,20860271.80,1648,F1,1,,,,,
2026-09-30,2026-09-30,CM,NSE,STK,762790,INE650G01029,MENNPIS,BE,,,,,MENON PISTONS LTD.,73.39,73.39,70.17,72.28,72.60,72.04,,72.24,,,17849,1283452.15,123,F1,1,,,,,
2026-09-30,2026-09-30,CM,NSE,STK,25882,INE776I01010,MEP,BZ,,,,,MEP INFRA. DEVELOPERS LTD,0.69,0.69,0.67,0.67,0.68,0.68,,0.67,,,135026,92320.58,53,F1,1,,,,,
2026-09-30,2026-09-30,CM,NSE,STK,762792,INE689O01013,MERCANTILE,EQ,,,,,MERCANTILE VENTURES LTD.,22.03,23.46,22.00,22.99,23.00,22.14,,22.99,,,3619,82831.25,27,F1,1,,,,,
2026-09-30,2026-09-30,CM,NSE,STK,763663,INE763M01028,MERCURYEV,EQ,,,,,MERCURY EV-TECH LIMITED,38.18,39.25,38.13,38.17,38.20,38.69,,38.17,,,65295,2520618.73,964,F1,1,,,,,
2026-09-30,2026-09-30,CM,NSE,STK,764278,INE1II801013,METALIC,ST,,,,,METALIC TECHNOFORGE LTD,169.70,169.70,169.70,169.70,169.70,178.60,,169.70,,,14400,2443680.00,7,F1,1600,,,,,
2026-09-30,2026-09-30,CM,NSE,STK,7242,INE317I01021,METROBRAND,EQ,,,,,METRO BRANDS LIMITED,872.05,875.00,832.00,841.75,833.00,872.15,,841.85,,,53574,45435645.00,7953,F1,1,,,,,
2026-09-30,2026-09-30,CM,NSE,STK,762797,INE085D01033,METROGLOBL,EQ,,,,,METROGLOBAL LTD.,131.99,134.80,131.00,133.90,133.90,131.90,,133.90,,,513,67481.85,34,F1,1,,,,,
2026-09-30,2026-09-30,CM,NSE,STK,9581,INE112L01020,METROPOLIS,EQ,,,,,METROPOLIS HEALTHCARE LTD,560.00,561.25,536.65,541.70,540.00,562.30,,541.70,,,572003,311593240.65,32010,F1,1,,,,,
2026-09-30,2026-09-30,CM,NSE,STK,7165,INE287C01037,MICEL,BE,,,,,MIC ELECTRONICS LTD,36.22,36.72,36.22,36.72,36.72,36.00,,36.22,,,194181,7106919.08,586,F1,1,,,,,
2026-09-30,2026-09-30,CM,NSE,STK,19887,INE0PZK01014,MICROPRO,SM,,,,,MICROPRO SOFTWARE SOL L,17.45,17.50,17.45,17.50,17.50,18.00,,17.50,,,4800,83840.00,3,F1,1600,,,,,
2026-09-30,2026-09-30,CM,NSE,STK,759517,INE0XAD01024,MIDWESTLTD,EQ,,,,,MIDWEST LIMITED,884.90,919.00,878.00,895.00,895.00,877.00,,895.00,,,74483,66669817.00,5097,F1,1,,,,,
2026-09-30,2026-09-30,CM,NSE,STK,765125,INE588G01021,MLKFOOD,EQ,,,,,MILKFOOD LTD.,84.24,85.99,81.00,83.36,85.90,84.24,,83.47,,,6097,510902.98,114,F1,1,,,,,
2026-09-30,2026-09-30,CM,NSE,STK,765274,INE00IT01020,MILKYMIST,BE,,,,,MILKY MIST DAIRY FOOD L,323.00,323.00,310.00,316.46,315.10,317.99,,316.13,,,676275,214468029.19,6841,F1,1,,,,,
2026-09-30,2026-09-30,CM,NSE,STK,159,INE376Y01016,MILTON,SM,,,,,MILTON INDUSTRIES LIMITED,36.00,36.00,35.50,35.50,35.50,35.10,,35.50,,,4400,157300.00,2,F1,2200,,,,,
2026-09-30,2026-09-30,CM,NSE,STK,765118,INE097E01028,MINALIND,BE,,,,,MINAL INDUSTRIES LTD.,4.41,4.41,4.41,4.41,4.41,4.50,,4.42,,,686,3025.26,18,F1,1,,,,,
2026-09-30,2026-09-30,CM,NSE,STK,25897,INE842C01021,MINDACORP,EQ,,,,,MINDA CORPORATION LTD,672.75,698.15,672.75,692.85,691.35,672.75,,692.89,,,255045,176093909.30,29757,F1,1,,,,,
2026-09-30,2026-09-30,CM,NSE,STK,22308,INE0CCU25019,MINDSPACE,RR,,,,,MINDSPACE BUSINESS P REIT,497.00,503.75,496.00,500.66,501.00,495.83,,500.66,,,278112,139464284.49,11105,F1,1,,,,,
2026-09-30,2026-09-30,CM,NSE,STK,18049,INE110B01017,MINDTECK,EQ,,,,,MINDTECK (INDIA) LIMITED,153.90,156.39,151.10,153.15,154.50,153.34,,153.08,,,15052,2317829.40,755,F1,1,,,,,
2026-09-30,2026-09-30,CM,NSE,STK,19640,INF769K01KU7,ALPHAETF,EQ,,,,,MIRAEAMC - ALPHAETF,25.48,25.50,25.11,25.23,25.30,25.40,,25.23,,,481250,12174939.38,908,F1,1,,,,,
2026-09-30,2026-09-30,CM,NSE,STK,17419,INF769K01KR3,BANKETF,EQ,,,,,MIRAEAMC - BANKETF,551.06,562.00,551.06,557.44,557.00,553.83,,557.47,,,41020,22913334.28,1580,F1,1,,,,,
2026-09-30,2026-09-30,CM,NSE,STK,25725,INF769K01LZ4,BANKPSU,EQ,,,,,MIRAEAMC - BANKPSU,81.56,81.87,81.00,81.09,81.00,80.90,,81.10,,,2084,169934.50,70,F1,1,,,,,
2026-09-30,2026-09-30,CM,NSE,STK,28969,INF769K01NS5,CONSUMER,EQ,,,,,MIRAEAMC - CONSUMER,11.33,11.40,11.29,11.30,11.31,11.34,,11.30,,,59211,671409.66,268,F1,1,,,,,
2026-09-30,2026-09-30,CM,NSE,STK,761046,INF769K01QC2,DEFENCE,EQ,,,,,MIRAEAMC - DEFENCE,77.15,77.98,76.99,77.52,77.50,76.93,,77.52,,,198066,15371034.91,612,F1,1,,,,,
2026-09-30,2026-09-30,CM,NSE,STK,760412,INF769K01PY8,DIVIDEND,EQ,,,,,MIRAEAMC - DIVIDEND,34.34,34.40,34.00,34.04,34.03,33.99,,34.04,,,9597,328898.70,59,F1,1,,,,,
2026-09-30,2026-09-30,CM,NSE,STK,759780,INF769K01PR2,ENERGY,EQ,,,,,MIRAEAMC - ENERGY,37.02,37.31,36.85,36.90,36.98,36.95,,36.84,,,241151,8938411.83,789,F1,1,,,,,
2026-09-30,2026-09-30,CM,NSE,STK,30121,INF769K01OA1,EQUAL200,EQ,,,,,MIRAEAMC - EQUAL200,13.19,13.19,13.09,13.10,13.11,13.13,,13.10,,,42187,553496.72,55,F1,1,,,,,
2026-09-30,2026-09-30,CM,NSE,STK,757142,INF769K01OO2,EQUAL50,EQ,,,,,MIRAEAMC - EQUAL50,314.98,315.11,312.17,312.57,312.47,314.93,,312.56,,,4521,1418369.81,52,F1,1,,,,,
2026-09-30,2026-09-30,CM,NSE,STK,24461,INF769K01LQ3,EVINDIA,EQ,,,,,MIRAEAMC - EVINDIA,30.69,31.05,30.69,30.76,30.80,30.69,,30.76,,,272976,8447686.86,1251,F1,1,,,,,
2026-09-30,2026-09-30,CM,NSE,STK,760986,INF769K01QA6,HEALTHCARE,EQ,,,,,MIRAEAMC - HEALTHCARE,21.81,21.81,21.12,21.15,21.17,21.71,,21.15,,,109519,2327948.36,541,F1,1,,,,,
2026-09-30,2026-09-30,CM,NSE,STK,764333,INF769K01RJ5,HYBRIDETF,EQ,,,,,MIRAEAMC - HYBRIDETF,9.84,9.85,9.80,9.80,9.84,9.84,,9.80,,,22319,219546.38,63,F1,1,,,,,
2026-09-30,2026-09-30,CM,NSE,STK,761030,INF769K01QB4,INFRA,EQ,,,,,MIRAEAMC - INFRA,11.55,11.57,11.48,11.50,11.49,11.48,,11.50,,,14992,172869.55,123,F1,1,,,,,
2026-09-30,2026-09-30,CM,NSE,STK,758595,INF769K01PB6,INTERNET,EQ,,,,,MIRAEAMC - INTERNET,13.68,13.99,13.46,13.51,13.52,13.68,,13.51,,,187020,2541733.04,369,F1,1,,,,,
2026-09-30,2026-09-30,CM,NSE,STK,19633,INF769K01KV5,ITETF,EQ,,,,,MIRAEAMC - ITETF,29.70,30.18,29.35,29.47,29.35,29.35,,29.48,,,570634,16935998.33,647,F1,1,,,,,
2026-09-30,2026-09-30,CM,NSE,STK,765313,INF769K01RK3,LARGEMID50,EQ,,,,,MIRAEAMC - LARGEMID50,34.54,34.60,34.40,34.42,34.40,34.54,,34.44,,,1552,53534.18,13,F1,1,,,,,
2026-09-30,2026-09-30,CM,NSE,STK,17572,INF769K01KS1,LIQUID,EQ,,,,,MIRAEAMC - LIQUID,999.99,1000.00,999.99,999.99,1000.00,999.99,,999.99,,,256215,256214572.57,172,F1,1,,,,,
2026-09-30,2026-09-30,CM,NSE,STK,27075,INF769K01MY5,LIQUIDPLUS,EQ,,,,,MIRAEAMC - LIQUIDPLUS,1105.37,1105.39,1105.37,1105.38,1105.38,1105.23,,1105.38,,,382273,422559996.12,261,F1,1,,,,,
2026-09-30,2026-09-30,CM,NSE,STK,1200,INF769K01GS9,ESG,EQ,,,,,MIRAEAMC - MAESGETF,39.06,39.12,38.75,38.83,38.83,38.87,,38.83,,,1842,71737.78,55,F1,1,,,,,
2026-09-30,2026-09-30,CM,NSE,STK,3507,INF769K01HF4,MAFANG,EQ,,,,,MIRAEAMC - MAFANG,238.14,242.36,235.60,240.79,242.12,238.14,,240.79,,,504625,121348424.17,10749,F1,1,,,,,
2026-09-30,2026-09-30,CM,NSE,STK,5220,INF769K01HI8,BFSI,EQ,,,,,MIRAEAMC - MAFSETF,26.09,26.09,25.41,25.66,25.69,25.58,,25.66,,,105147,2704008.59,490,F1,1,,,,,
2026-09-30,2026-09-30,CM,NSE,STK,14286,INF769K01JP9,GOLDETF,EQ,,,,,MIRAEAMC - MAGOLDETF,142.87,143.55,142.53,143.02,143.08,142.06,,143.02,,,1302559,186445366.03,7623,F1,1,,,,,
2026-09-30,2026-09-30,CM,NSE,STK,14938,INF769K01KF8,GSEC10YEAR,EQ,,,,,MIRAEAMC - MAGS813ETF,30.26,30.26,30.10,30.10,30.10,29.81,,30.10,,,11525,347057.61,11,F1,1,,,,,
2026-09-30,2026-09-30,CM,NSE,STK,7074,INF769K01HS7,MAHKTECH,EQ,,,,,MIRAEAMC - MAHKTECH,21.35,22.08,21.35,21.89,21.90,21.90,,21.89,,,324852,7134374.43,3633,F1,1,,,,,
2026-09-30,2026-09-30,CM,NSE,STK,8413,INF769K01IC9,MIDCAPETF,EQ,,,,,MIRAEAMC - MAM150ETF,22.44,22.60,22.36,22.40,22.38,22.44,,22.40,,,2032130,45659167.12,5299,F1,1,,,,,
2026-09-30,2026-09-30,CM,NSE,STK,7979,INF769K01IB1,MAKEINDIA,EQ,,,,,MIRAEAMC - MAMFGETF,158.10,159.06,157.29,157.70,157.58,158.60,,157.69,,,26088,4128066.50,476,F1,1,,,,,
2026-09-30,2026-09-30,CM,NSE,STK,6353,INF769K01EG9,NIFTYETF,EQ,,,,,MIRAEAMC - MAN50ETF,248.23,248.50,245.99,246.56,246.68,247.15,,246.56,,,477495,118207248.12,4378,F1,1,,,,,
2026-09-30,2026-09-30,CM,NSE,STK,14786,INF769K01JU9,LOWVOL,EQ,,,,,MIRAEAMC - MANV30F,194.22,194.66,192.72,193.00,193.49,195.10,,193.00,,,4298,833261.57,27,F1,1,,,,,
2026-09-30,2026-09-30,CM,NSE,STK,17181,INF769K01FN2,NEXT50,EQ,,,,,MIRAEAMC - MANXT50,722.06,727.84,719.42,721.29,721.79,721.70,,721.29,,,49850,36124914.82,2750,F1,1,,,,,
2026-09-30,2026-09-30,CM,NSE,STK,16777,INF769K01KG6,SILVERAG,EQ,,,,,MIRAEAMC - MASILVER,214.19,215.08,213.14,213.56,213.30,213.24,,213.56,,,222521,47559510.08,1926,F1,1,,,,,
2026-09-30,2026-09-30,CM,NSE,STK,5782,INF769K01HP3,MASPTOP50,EQ,,,,,MIRAEAMC - MASPTOP50,101.98,101.98,98.01,99.66,99.74,99.50,,99.66,,,519681,51870237.03,6598,F1,1,,,,,
2026-09-30,2026-09-30,CM,NSE,STK,25744,INF769K01LY7,METAL,EQ,,,,,MIRAEAMC - METAL,13.28,13.28,12.88,12.91,12.90,13.02,,12.91,,,2030313,26385915.96,3554,F1,1,,,,,
2026-09-30,2026-09-30,CM,NSE,STK,23855,INF769K01LJ8,MIDSMALL,EQ,,,,,MIRAEAMC - MIDSMALL,50.00,50.34,49.80,49.88,49.86,49.98,,49.88,,,179826,8997845.83,1098,F1,1,,,,,
2026-09-30,2026-09-30,CM,NSE,STK,764198,INF769K01RC0,MOMMIDCAP,EQ,,,,,MIRAEAMC - MOMMIDCAP,12.58,12.59,12.45,12.46,12.45,12.51,,12.46,,,1193102,14922180.50,882,F1,1,,,,,
2026-09-30,2026-09-30,CM,NSE,STK,25080,INF769K01LX9,MULTICAP,EQ,,,,,MIRAEAMC - MULTICAP,16.28,16.28,15.91,15.95,15.96,15.96,,15.95,,,116380,1864075.00,547,F1,1,,,,,
2026-09-30,2026-09-30,CM,NSE,STK,30109,INF769K01ON4,SELECTIPO,EQ,,,,,MIRAEAMC - SELECTIPO,46.62,46.64,46.04,46.13,46.06,46.32,,46.13,,,70262,3251671.52,149,F1,1,,,,,
2026-09-30,2026-09-30,CM,NSE,STK,19224,INF769K01KT9,SENSEXETF,EQ,,,,,MIRAEAMC - SENSEXETF,75.28,75.40,74.77,74.98,74.93,74.91,,74.98,,,22576,1695170.08,248,F1,1,,,,,
2026-09-30,2026-09-30,CM,NSE,STK,759814,INF769K01PQ4,SMALL250,EQ,,,,,MIRAEAMC - SMALL250,17.90,18.00,17.81,17.91,17.82,17.90,,17.91,,,592871,10628357.10,670,F1,1,,,,,
2026-09-30,2026-09-30,CM,NSE,STK,22832,INF769K01LC3,SMALLCAP,EQ,,,,,MIRAEAMC - SMALLCAP,47.72,48.23,47.71,47.86,47.77,47.72,,47.80,,,1648275,79079091.83,3338,F1,1,,,,,
2026-09-30,2026-09-30,CM,NSE,STK,760415,INF769K01PZ5,TOP20,EQ,,,,,MIRAEAMC - TOP20,8.41,8.44,8.35,8.37,8.38,8.39,,8.37,,,38255,321666.56,150,F1,1,,,,,
2026-09-30,2026-09-30,CM,NSE,STK,761511,INF769K01QV2,VALUE,EQ,,,,,MIRAEAMC - VALUE,15.45,15.51,15.32,15.33,15.37,15.40,,15.33,,,28104,431727.39,84,F1,1,,,,,
2026-09-30,2026-09-30,CM,NSE,STK,4394,INE771A01026,MIRZAINT,EQ,,,,,MIRZA INTERNATIONAL LIMIT,28.30,28.48,27.90,27.94,28.00,28.09,,27.94,,,82196,2306214.13,610,F1,1,,,,,
2026-09-30,2026-09-30,CM,NSE,STK,2463,INE099Z01011,MIDHANI,EQ,,,,,MISHRA DHATU NIGAM LTD,421.80,442.35,419.75,437.65,434.00,419.10,,437.67,,,1995574,867885189.45,47092,F1,1,,,,,
2026-09-30,2026-09-30,CM,NSE,STK,8469,INE828O01033,MITCON,EQ,,,,,MITCON CON & ENG SER LTD,84.89,85.00,81.10,82.95,82.74,82.66,,82.95,,,7346,611268.51,132,F1,1,,,,,
2026-09-30,2026-09-30,CM,NSE,STK,18562,INE997Y01027,MITTAL,EQ,,,,,MITTAL LIFE STYLE LIMITED,0.73,0.73,0.72,0.72,0.73,0.72,,0.72,,,528176,382515.01,227,F1,1,,,,,
2026-09-30,2026-09-30,CM,NSE,STK,13844,INE227C01017,MMFL,EQ,,,,,MM FORGINGS LTD,614.90,627.50,592.00,598.60,595.00,612.50,,598.57,,,61917,37566863.45,4515,F1,1,,,,,
2026-09-30,2026-09-30,CM,NSE,STK,16395,INE511Y01018,MMP,EQ,,,,,MMP INDUSTRIES LIMITED,447.00,477.30,447.00,474.85,476.50,447.55,,474.85,,,139843,65422680.20,6278,F1,1,,,,,
2026-09-30,2026-09-30,CM,NSE,STK,17957,INE123F01029,MMTC,EQ,,,,,MMTC LIMITED,57.82,58.48,56.70,56.91,56.81,56.76,,56.91,,,1298784,74836470.93,10802,F1,1,,,,,
2026-09-30,2026-09-30,CM,NSE,STK,2241,INE794W01014,MODTHREAD,EQ,,,,,MODERN THREADS INDIA LTD,48.90,48.90,47.50,48.64,48.80,47.19,,48.64,,,54,2625.04,8,F1,1,,,,,
2026-09-30,2026-09-30,CM,NSE,STK,760277,INE537F01012,MODINATUR,EQ,,,,,MODI NATURALS LIMITED,341.00,348.00,333.00,336.00,334.10,339.65,,333.28,,,2947,995326.90,175,F1,1,,,,,
2026-09-30,2026-09-30,CM,NSE,STK,2229,INE832A01018,MODIRUBBER,EQ,,,,,MODI RUBBER LTD,122.50,122.50,117.00,120.21,118.80,121.89,,120.21,,,987,118218.08,49,F1,1,,,,,
2026-09-30,2026-09-30,CM,NSE,STK,759752,INE0L0L01012,MODIS,EQ,,,,,MODIS NAVNIRMAN LTD,369.50,373.00,366.25,372.35,372.90,367.15,,372.35,,,42478,15795883.75,524,F1,1,,,,,
2026-09-30,2026-09-30,CM,NSE,STK,3325,INE737D01021,MODISONLTD,BE,,,,,MODISON LIMITED,458.20,468.50,446.20,462.95,464.00,447.75,,463.12,,,59779,27650597.05,1132,F1,1,,,,,
2026-09-30,2026-09-30,CM,NSE,STK,1426,INE450S01011,MHHL,SM,,,,,MOHINI HEALTH&HYGIENE LTD,31.60,31.60,31.20,31.35,31.30,32.50,,31.35,,,12000,376650.00,8,F1,1500,,,,,
2026-09-30,2026-09-30,CM,NSE,STK,29423,INE954E01012,MOHITIND,EQ,,,,,MOHIT INDUSTRIES LTD,23.40,24.00,22.25,22.67,22.86,22.97,,22.67,,,14977,343434.50,130,F1,1,,,,,
2026-09-30,2026-09-30,CM,NSE,STK,765130,INE154B01023,MOHITE,EQ,,,,,MOHITE INDUSTRIES LTD.,2.53,2.60,2.25,2.52,2.59,2.53,,2.52,,,151942,374954.75,182,F1,1,,,,,
2026-09-30,2026-09-30,CM,NSE,STK,20830,INE490G01020,MOIL,EQ,,,,,MOIL LIMITED,244.00,245.88,235.00,237.76,238.90,243.96,,237.78,,,392618,94518998.98,7014,F1,1,,,,,
2026-09-30,2026-09-30,CM,NSE,STK,3586,INE514Y01020,MOKSH,EQ,,,,,MOKSH ORNAMENTS LIMITED,9.55,9.83,9.45,9.51,9.80,9.60,,9.51,,,34960,335892.83,251,F1,1,,,,,
2026-09-30,2026-09-30,CM,NSE,STK,764548,INE869T01028,MOLBIO,EQ,,,,,MOLBIO DIAGNOSTICS LTD,1314.90,1369.20,1274.40,1308.90,1312.00,1255.60,,1308.92,,,3130442,4132390497.90,149712,F1,1,,,,,
2026-09-30,2026-09-30,CM,NSE,STK,6713,INE893J01029,MOLDTKPAC,EQ,,,,,MOLD-TEK PACKAGING LTD,643.00,668.25,643.00,660.60,662.50,642.95,,660.71,,,39184,25916479.70,2564,F1,1,,,,,
2026-09-30,2026-09-30,CM,NSE,STK,17629,INE835B01035,MOLDTECH,BE,,,,,MOLD-TEK TECHNOLOGIES LTD,205.00,208.00,201.00,206.16,207.80,201.49,,209.30,,,34867,7184828.04,721,F1,1,,,,,
2026-09-30,2026-09-30,CM,NSE,STK,7679,INE903D01011,MONARCH,EQ,,,,,MONARCH NETWORTH CAP LTD,339.15,349.20,336.00,337.85,337.00,343.05,,337.85,,,30720,10454378.40,1044,F1,1,,,,,
2026-09-30,2026-09-30,CM,NSE,STK,759381,INE296Q01012,MONEYBOXX,EQ,,,,,MONEYBOXX FINANCE LIMITED,53.39,53.39,50.10,52.28,52.06,51.08,,52.26,,,31574,1640379.08,312,F1,1,,,,,
2026-09-30,2026-09-30,CM,NSE,STK,18392,INE0OIP01012,MONOPHARMA,SM,,,,,MONO PHARMACARE LIMITED,8.55,8.55,8.55,8.55,8.55,8.55,,8.55,,,2000,17100.00,1,F1,2000,,,,,
2026-09-30,2026-09-30,CM,NSE,STK,756958,INE1DV401010,MONOLITH,SM,,,,,MONOLITHISCH INDIA LTD,1302.00,1343.95,1275.00,1281.40,1275.00,1279.75,,1281.40,,,71250,94351062.50,244,F1,250,,,,,
2026-09-30,2026-09-30,CM,NSE,STK,5938,INE950M01013,MONTECARLO,EQ,,,,,MONTE CARLO FASHIONS LTD.,517.95,535.00,517.95,527.45,527.00,516.75,,527.42,,,39094,20602404.70,2407,F1,1,,,,,
2026-09-30,2026-09-30,CM,NSE,STK,2259,INE083A01026,MOREPENLAB,EQ,,,,,MOREPEN LAB. LTD,119.34,128.10,117.80,125.99,125.70,118.80,,125.99,,,26169666,3247626966.07,87431,F1,1,,,,,
2026-09-30,2026-09-30,CM,NSE,STK,15051,INE0N7S01028,MOS,SM,,,,,MOS UTILITY LIMITED,6.90,6.90,6.90,6.90,6.90,7.25,,6.90,,,160000,1104000.00,20,F1,4000,,,,,
2026-09-30,2026-09-30,CM,NSE,STK,29459,INE935B01025,MOSCHIP,EQ,,,,,MOSCHIP TECHNOLOGIES LTD,199.04,205.49,199.04,201.25,201.21,198.47,,201.25,,,1416715,287239531.51,22439,F1,1,,,,,
2026-09-30,2026-09-30,CM,NSE,STK,8596,INE0FS801015,MSUMI,EQ,,,,,MOTHERSON SUMI WRNG IND L,34.20,34.83,34.00,34.07,34.05,34.36,,34.07,,,6241303,214095854.27,42934,F1,1,,,,,
2026-09-30,2026-09-30,CM,NSE,STK,21423,INF247L01023,MOM100,EQ,,,,,MOTILAL OS MIDCAP100 ETF,64.75,64.97,64.00,64.29,64.20,64.55,,64.29,,,312563,20130471.97,2748,F1,1,,,,,
2026-09-30,2026-09-30,CM,NSE,STK,22739,INF247L01AP3,MON100,EQ,,,,,MOTILAL OS NASDAQ100 ETF,319.64,323.60,316.44,321.08,321.12,319.64,,321.08,,,470889,151237572.19,12812,F1,1,,,,,
2026-09-30,2026-09-30,CM,NSE,STK,14947,INE338I01027,MOTILALOFS,EQ,,,,,MOTILAL OSWAL FIN LTD,999.90,1016.50,994.00,994.00,994.00,996.20,,993.99,,,766759,771673723.00,25994,F1,1,,,,,
2026-09-30,2026-09-30,CM,NSE,STK,19289,INF247L01536,MOM50,EQ,,,,,MOTILAL OSWAL M50 ETF,239.00,239.00,236.01,236.92,236.01,239.16,,236.92,,,2762,656878.72,155,F1,1,,,,,
2026-09-30,2026-09-30,CM,NSE,STK,1507,INF247L01AK4,MOGSEC,EQ,,,,,MOTILALAMC - G5,64.70,65.25,64.70,64.75,65.20,64.66,,64.75,,,221149,14363628.06,77,F1,1,,,,,
2026-09-30,2026-09-30,CM,NSE,STK,757669,INF247L01FR8,MOALPHA50,EQ,,,,,MOTILALAMC - MOALPHA50,54.29,54.40,53.50,53.77,54.00,54.90,,53.77,,,26182,1411664.64,156,F1,1,,,,,
2026-09-30,2026-09-30,CM,NSE,STK,761693,INF247L01GV8,MOBANK10,EQ,,,,,MOTILALAMC - MOBANK10,16.04,16.39,16.00,16.37,16.37,16.04,,16.37,,,2028,32873.25,38,F1,1,,,,,
2026-09-30,2026-09-30,CM,NSE,STK,30065,INF247L01EV3,MOCAPITAL,EQ,,,,,MOTILALAMC - MOCAPITAL,52.58,52.58,51.10,51.31,51.39,51.55,,51.31,,,726308,37300218.24,3633,F1,1,,,,,
2026-09-30,2026-09-30,CM,NSE,STK,24944,INF247L01DJ0,MODEFENCE,EQ,,,,,MOTILALAMC - MODEFENCE,101.29,102.30,101.00,101.86,101.99,101.29,,101.86,,,1179096,120183403.58,5786,F1,1,,,,,
2026-09-30,2026-09-30,CM,NSE,STK,759374,INF247L01GH7,MOENERGY,EQ,,,,,MOTILALAMC - MOENERGY,37.34,37.34,36.62,36.75,37.00,36.92,,36.75,,,75098,2780599.57,466,F1,1,,,,,
2026-09-30,2026-09-30,CM,NSE,STK,757791,INF247L01FY4,MOGOLD,EQ,,,,,MOTILALAMC - MOGOLD,146.40,146.40,144.95,145.40,144.95,144.45,,145.40,,,18221,2651498.65,439,F1,1,,,,,
2026-09-30,2026-09-30,CM,NSE,STK,10508,INF247L01BB1,MOHEALTH,EQ,,,,,MOTILALAMC - MOHEALTH,52.89,52.89,50.80,51.07,51.16,52.21,,51.07,,,73088,3746742.35,1103,F1,1,,,,,
2026-09-30,2026-09-30,CM,NSE,STK,757031,INF247L01FL1,MOINFRA,EQ,,,,,MOTILALAMC - MOINFRA,56.90,57.09,56.62,56.81,56.87,56.62,,56.81,,,1008,57235.52,38,F1,1,,,,,
2026-09-30,2026-09-30,CM,NSE,STK,759891,INF247L01GI5,MOIPO,EQ,,,,,MOTILALAMC - MOIPO,46.66,46.95,46.22,46.42,46.42,46.43,,46.42,,,3076,142785.31,26,F1,1,,,,,
2026-09-30,2026-09-30,CM,NSE,STK,8654,INF247L01BL0,MOLOWVOL,EQ,,,,,MOTILALAMC - MOLOWVOL,34.57,34.57,34.21,34.23,34.32,34.57,,34.23,,,6425,220405.21,59,F1,1,,,,,
2026-09-30,2026-09-30,CM,NSE,STK,25606,INF247L01DK8,MOMENTUM50,EQ,,,,,MOTILALAMC - MOMENTUM50,52.47,53.05,52.23,52.54,52.61,52.47,,52.54,,,591232,31155027.49,14081,F1,1,,,,,
2026-09-30,2026-09-30,CM,NSE,STK,764402,INF247L01HG7,MOMETAL,EQ,,,,,MOTILALAMC - MOMETAL,13.28,13.39,12.73,12.90,12.84,13.02,,12.90,,,132480,1705455.87,123,F1,1,,,,,
2026-09-30,2026-09-30,CM,NSE,STK,757099,INF247L01FK3,MOMGF,EQ,,,,,MOTILALAMC - MOMGF,155.80,159.00,154.75,155.08,155.13,155.86,,155.08,,,5453,847317.87,37,F1,1,,,,,
2026-09-30,2026-09-30,CM,NSE,STK,757817,INF247L01FQ0,MOMIDMTM,EQ,,,,,MOTILALAMC - MOMIDMTM,61.99,62.55,61.70,61.77,61.72,61.96,,61.77,,,25538,1581655.01,268,F1,1,,,,,
2026-09-30,2026-09-30,CM,NSE,STK,760054,INF247L01GK1,MOMNC,EQ,,,,,MOTILALAMC - MOMNC,30.82,30.82,30.22,30.25,30.22,30.67,,30.25,,,2920,88876.60,36,F1,1,,,,,
2026-09-30,2026-09-30,CM,NSE,STK,8182,INF247L01BK2,MOMOMENTUM,EQ,,,,,MOTILALAMC - MOMOMENTUM,60.64,60.64,59.52,59.90,60.09,60.34,,59.91,,,75860,4552056.55,505,F1,1,,,,,
2026-09-30,2026-09-30,CM,NSE,STK,756900,INF247L01FC0,MON50EQUAL,EQ,,,,,MOTILALAMC - MON50EQUAL,31.64,32.50,31.35,31.52,31.46,31.74,,31.52,,,16989,535258.91,146,F1,1,,,,,
2026-09-30,2026-09-30,CM,NSE,STK,757167,INF247L01FD8,MONEXT50,EQ,,,,,MOTILALAMC - MONEXT50,70.33,70.48,69.80,69.98,70.01,70.31,,69.98,,,2698,189272.77,55,F1,1,,,,,
2026-09-30,2026-09-30,CM,NSE,STK,759371,INF247L01GG9,MONIFTY100,EQ,,,,,MOTILALAMC - MONIFTY100,24.20,24.20,23.90,23.98,24.00,24.08,,23.98,,,104720,2516336.40,91,F1,1,,,,,
2026-09-30,2026-09-30,CM,NSE,STK,19237,INF247L01BU1,MONIFTY500,EQ,,,,,MOTILALAMC - MONIFTY500,22.80,22.90,22.62,22.67,22.71,22.79,,22.67,,,1019365,23186520.70,1595,F1,1,,,,,
2026-09-30,2026-09-30,CM,NSE,STK,7422,INF247L01AU3,MONQ50,EQ,,,,,MOTILALAMC - MONQ50,193.12,202.99,186.07,194.62,194.99,188.41,,194.60,,,960820,187644028.17,18997,F1,1,,,,,
2026-09-30,2026-09-30,CM,NSE,STK,764405,INF247L01HH5,MOOILGAS,EQ,,,,,MOTILALAMC - MOOILGAS,10.72,11.17,10.41,10.67,10.67,10.72,,10.67,,,22490,240876.67,85,F1,1,,,,,
2026-09-30,2026-09-30,CM,NSE,STK,757431,INF247L01FO5,MOPSE,EQ,,,,,MOTILALAMC - MOPSE,96.22,96.80,95.56,96.34,95.87,96.74,,96.34,,,239,22986.27,18,F1,1,,,,,
2026-09-30,2026-09-30,CM,NSE,STK,10822,INF247L01BH8,MOQUALITY,EQ,,,,,MOTILALAMC - MOQUALITY,188.90,190.65,188.00,189.01,188.74,188.62,,189.51,,,12136,2290263.20,73,F1,1,,,,,
2026-09-30,2026-09-30,CM,NSE,STK,23184,INF247L01CI4,MOREALTY,EQ,,,,,MOTILALAMC - MOREALTY,84.79,85.84,84.00,84.85,84.56,84.51,,84.85,,,300207,25376699.86,1407,F1,1,,,,,
2026-09-30,2026-09-30,CM,NSE,STK,760001,INF247L01GJ3,MOSERVICE,EQ,,,,,MOTILALAMC - MOSERVICE,29.40,30.30,29.08,29.73,29.27,29.32,,29.73,,,2492,73229.45,47,F1,1,,,,,
2026-09-30,2026-09-30,CM,NSE,STK,758457,INF247L01FZ1,MOSILVER,EQ,,,,,MOTILALAMC - MOSILVER,217.98,218.80,216.59,217.06,216.69,216.31,,217.06,,,96372,21034435.38,558,F1,1,,,,,
2026-09-30,2026-09-30,CM,NSE,STK,23181,INF247L01CH6,MOSMALL250,EQ,,,,,MOTILALAMC - MOSMALL250,18.00,18.05,17.90,17.93,17.94,17.92,,17.93,,,915284,16458598.26,1693,F1,1,,,,,
2026-09-30,2026-09-30,CM,NSE,STK,757443,INF247L01FP2,MOTOUR,EQ,,,,,MOTILALAMC - MOTOUR,76.39,76.72,75.89,76.35,76.35,75.66,,76.35,,,6380,487122.70,82,F1,1,,,,,
2026-09-30,2026-09-30,CM,NSE,STK,10825,INF247L01BE5,MOVALUE,EQ,,,,,MOTILALAMC - MOVALUE,107.09,110.98,107.01,108.15,107.36,107.90,,108.16,,,42580,4616546.56,600,F1,1,,,,,
2026-09-30,2026-09-30,CM,NSE,STK,20788,INE0FRK01020,MOTISONS,EQ,,,,,MOTISONS JEWELLERS LTD,17.62,18.28,17.52,18.00,18.01,17.62,,18.00,,,39407577,708543215.97,44500,F1,1,,,,,
2026-09-30,2026-09-30,CM,NSE,STK,2268,INE861B01023,MOTOGENFIN,EQ,,,,,MOTOR & GENERAL FINANCE L,25.50,25.77,25.20,25.50,25.77,25.57,,25.46,,,7018,178667.57,33,F1,1,,,,,
2026-09-30,2026-09-30,CM,NSE,STK,757810,INE0XM301010,MMEL,SM,,,,,MOVING MEDIA ENTER LTD,28.25,28.25,28.25,28.25,28.25,28.80,,28.25,,,2000,56500.00,1,F1,2000,,,,,
2026-09-30,2026-09-30,CM,NSE,STK,13502,INE0N6D01014,MOXSH,SM,,,,,MOXSH OVERSEAS EDUCON LTD,94.00,94.00,90.30,90.30,90.30,95.00,,90.30,,,3200,294880.00,2,F1,1600,,,,,
2026-09-30,2026-09-30,CM,NSE,STK,765138,INE493H01014,MPDL,BE,,,,,MPDL LTD.,26.75,29.37,26.59,29.35,29.35,27.98,,29.35,,,3970,111680.74,23,F1,1,,,,,
2026-09-30,2026-09-30,CM,NSE,STK,4503,INE356A01018,MPHASIS,EQ,,,,,MPHASIS LIMITED,2164.50,2252.60,2144.80,2154.40,2154.40,2154.40,,2154.40,,,701536,1538816244.10,39729,F1,1,,,,,
2026-09-30,2026-09-30,CM,NSE,STK,10578,INE943D01017,MPSLTD,EQ,,,,,MPS LIMITED,2648.00,2796.00,2622.10,2699.00,2695.00,2634.70,,2699.07,,,44086,120108170.70,7894,F1,1,,,,,
2026-09-30,2026-09-30,CM,NSE,STK,2277,INE883A01011,MRF,EQ,,,,,MRF LTD,123000.00,125800.00,123000.00,125280.00,125500.00,123080.00,,125281.29,,,4133,514582245.00,2754,F1,1,,,,,
2026-09-30,2026-09-30,CM,NSE,STK,2283,INE103A01014,MRPL,EQ,,,,,MRPL,172.50,180.80,162.50,169.29,168.20,171.65,,169.29,,,30852898,5299490753.90,193781,F1,1,,,,,
2026-09-30,2026-09-30,CM,NSE,STK,1628,INE495P01020,BECTORFOOD,EQ,,,,,MRS BECTORS FOOD SPE LTD,209.90,211.60,205.30,206.74,206.30,208.70,,206.75,,,816875,169273906.79,26888,F1,1,,,,,
2026-09-30,2026-09-30,CM,NSE,STK,11919,INE752G01015,MSPL,EQ,,,,,MSP STEEL & POWER LTD.,33.83,34.95,32.83,33.00,33.35,33.55,,33.00,,,2560393,85403302.09,5110,F1,1,,,,,
2026-09-30,2026-09-30,CM,NSE,STK,9356,INE255X01014,MSTCLTD,EQ,,,,,MSTC LIMITED,715.00,733.05,712.20,714.75,713.75,713.05,,714.75,,,219386,158047903.50,10801,F1,1,,,,,
2026-09-30,2026-09-30,CM,NSE,STK,31413,INE472M01018,MTEDUCARE,BE,,,,,MT EDUCARE LTD,1.64,1.78,1.64,1.72,1.69,1.70,,1.72,,,19570,33895.22,39,F1,1,,,,,
2026-09-30,2026-09-30,CM,NSE,STK,2715,INE864I01014,MTARTECH,BE,,,,,MTAR TECHNOLOGIES LIMITED,7797.00,7797.00,7797.00,7797.00,7797.00,7426.00,,7796.95,,,190323,1483948431.00,8434,F1,1,,,,,
2026-09-30,2026-09-30,CM,NSE,STK,19783,INE08KJ01020,MUFIN,EQ,,,,,MUFIN GREEN FINANCE LTD,131.97,133.65,130.01,131.51,130.36,132.15,,131.67,,,589751,77843165.63,3272,F1,1,,,,,
2026-09-30,2026-09-30,CM,NSE,STK,11325,INE304A01026,MUKANDLTD,EQ,,,,,MUKAND LTD.,176.00,184.80,174.25,180.13,180.00,172.49,,180.12,,,1438322,259687734.07,18853,F1,1,,,,,
2026-09-30,2026-09-30,CM,NSE,STK,764788,INE596B01017,MUKESHB,EQ,,,,,MUKESH BABU FINANC SER L,126.00,126.00,126.00,126.00,126.00,127.00,,126.00,,,56,7056.00,2,F1,1,,,,,
2026-09-30,2026-09-30,CM,NSE,STK,22981,INE0CG401037,MUKKA,BE,,,,,MUKKA PROTEINS LIMITED,26.33,26.88,25.66,25.98,26.20,26.33,,25.99,,,205991,5400295.78,963,F1,1,,,,,
2026-09-30,2026-09-30,CM,NSE,STK,8687,INE374B01019,MUKTAARTS,EQ,,,,,MUKTA ARTS LIMITED,56.50,57.50,55.40,57.09,57.09,56.57,,57.09,,,4149,234010.72,31,F1,1,,,,,
2026-09-30,2026-09-30,CM,NSE,STK,31181,INE745G01043,MCX,EQ,,,,,MULTI COMMODITY EXCHANGE,3280.10,3345.00,3255.00,3300.40,3300.40,3232.00,,3300.40,,,2066935,6849895556.60,110489,F1,1,,,,,
2026-09-30,2026-09-30,CM,NSE,STK,13511,INE672B01032,MUNJALAU,EQ,,,,,MUNJAL AUTO IND. LTD.,106.30,115.70,106.00,112.86,109.99,106.48,,112.84,,,9221059,1044853813.07,63164,F1,1,,,,,
2026-09-30,2026-09-30,CM,NSE,STK,2307,INE577A01027,MUNJALSHOW,EQ,,,,,MUNJAL SHOWA LTD,126.00,127.75,125.00,126.44,125.52,126.32,,126.43,,,28696,3628344.27,544,F1,1,,,,,
2026-09-30,2026-09-30,CM,NSE,STK,2313,INE692B01014,MURUDCERA,EQ,,,,,MURUDESHWAR CERAMICS LTD,28.00,29.00,28.00,28.51,28.50,28.00,,28.59,,,17394,496702.50,209,F1,1,,,,,
2026-09-30,2026-09-30,CM,NSE,STK,19877,INE919I01024,RADIOCITY,EQ,,,,,MUSIC BROADCAST LIMITED,6.01,6.02,5.90,5.99,6.01,6.01,,5.99,,,80434,479809.03,178,F1,1,,,,,
2026-09-30,2026-09-30,CM,NSE,STK,10415,INE296G01013,MUTHOOTCAP,EQ,,,,,MUTHOOT CAP SERV LTD,219.32,221.50,216.52,218.90,217.03,217.07,,218.91,,,5699,1243141.30,387,F1,1,,,,,
2026-09-30,2026-09-30,CM,NSE,STK,23650,INE414G01012,MUTHOOTFIN,EQ,,,,,MUTHOOT FINANCE LIMITED,2747.90,2783.90,2737.10,2737.10,2737.10,2736.80,,2737.12,,,459482,1267674333.40,52359,F1,1,,,,,
2026-09-30,2026-09-30,CM,NSE,STK,20831,INE046W01019,MUTHOOTMF,EQ,,,,,MUTHOOT MICROFIN LIMITED,177.73,181.78,177.58,178.40,178.60,177.64,,178.39,,,99224,17822969.87,2769,F1,1,,,,,
2026-09-30,2026-09-30,CM,NSE,STK,764397,INE0OWZ01020,MVELECTRO,EQ,,,,,MV ELECTROSYSTEMS LIMITED,840.30,843.40,811.55,818.15,818.00,838.05,,818.15,,,433635,358563051.75,15079,F1,1,,,,,
2026-09-30,2026-09-30,CM,NSE,STK,25208,INE0RVQ01016,MYMUDRA,SM,,,,,MY MUDRA FINCORP LIMITED,69.00,71.00,68.00,68.00,68.00,65.90,,68.00,,,16800,1174080.00,14,F1,1200,,,,,
2026-09-30,2026-09-30,CM,NSE,STK,8220,INE741A01011,MYSORPETRO,BE,,,,,MYSORE PETRO CHEMICALS L,124.00,124.88,122.00,122.25,122.01,127.82,,122.25,,,6396,786869.73,78,F1,1,,,,,
2026-09-30,2026-09-30,CM,NSE,STK,20314,INE740D01017,NRAIL,EQ,,,,,N R AGARWAL INDS LTD,670.40,679.45,651.05,669.45,672.40,660.50,,669.44,,,9700,6482551.85,827,F1,1,,,,,
2026-09-30,2026-09-30,CM,NSE,STK,757489,INE104101014,NRVANDANA,SM,,,,,N R VANDANA TEX IND LTD,68.50,71.00,68.50,70.20,68.50,69.00,,70.20,,,72000,5056500.00,7,F1,3000,,,,,
2026-09-30,2026-09-30,CM,NSE,STK,764798,INE920C01017,NTCIND,EQ,,,,,N T C INDUSTRIES LTD.,135.70,138.00,132.50,134.54,132.50,136.46,,134.54,,,769,103807.24,28,F1,1,,,,,
2026-09-30,2026-09-30,CM,NSE,STK,19111,INE365I01020,NBIFIN,EQ,,,,,N.B.I. IND. FIN. CO. LTD,1900.30,1916.90,1863.10,1897.50,1880.00,1876.60,,1897.50,,,352,663020.70,108,F1,1,,,,,
2026-09-30,2026-09-30,CM,NSE,STK,20425,INE295D01020,NACLIND,EQ,,,,,NACL INDUSTRIES LIMITED,132.10,136.99,132.10,132.86,133.10,132.45,,132.87,,,449680,60254701.52,7125,F1,1,,,,,
2026-09-30,2026-09-30,CM,NSE,STK,18371,INE756C01015,NDGL,EQ,,,,,NAGA DHUNSERI GROUP LTD,2478.10,2500.00,2466.00,2484.00,2499.90,2478.10,,2484.00,,,281,697786.10,45,F1,1,,,,,
2026-09-30,2026-09-30,CM,NSE,STK,14942,INE245I01016,NAGREEKCAP,EQ,,,,,NAGREEKA CAP & INFR.LTD,26.05,28.00,25.20,26.03,26.03,26.05,,26.54,,,3598,95852.18,51,F1,1,,,,,
2026-09-30,2026-09-30,CM,NSE,STK,14702,INE123B01028,NAGREEKEXP,EQ,,,,,NAGREEKA EXPORTS LTD.,21.72,22.69,21.50,21.70,21.52,22.09,,21.71,,,10252,224820.42,177,F1,1,,,,,
2026-09-30,2026-09-30,CM,NSE,STK,15360,INE049I01012,NAHARCAP,EQ,,,,,NAHAR CAP & FIN.,232.00,248.60,231.00,244.90,245.00,237.60,,244.91,,,3816,928603.90,86,F1,1,,,,,
2026-09-30,2026-09-30,CM,NSE,STK,13106,INE289A01011,NAHARINDUS,EQ,,,,,NAHAR INDS ENT LTD,131.16,133.19,129.00,130.13,131.00,130.17,,130.12,,,13521,1778927.52,254,F1,1,,,,,
2026-09-30,2026-09-30,CM,NSE,STK,14445,INE308A01027,NAHARPOLY,EQ,,,,,NAHAR POLY FILMS LIMITED,232.97,232.97,224.05,225.27,225.00,230.27,,225.26,,,3942,892447.19,188,F1,1,,,,,
2026-09-30,2026-09-30,CM,NSE,STK,14440,INE290A01027,NAHARSPING,EQ,,,,,NAHAR SPINNING MILLS LTD.,265.95,271.70,259.20,260.05,259.20,261.75,,260.05,,,15466,4080204.95,444,F1,1,,,,,
2026-09-30,2026-09-30,CM,NSE,STK,5401,INE236Y01012,NGIL,EQ,,,,,NAKODA GROUP OF IND. LTD,41.00,41.98,39.07,39.11,39.11,39.72,,39.20,,,36513,1456317.18,109,F1,1,,,,,
2026-09-30,2026-09-30,CM,NSE,STK,11239,INE023A01030,NSIL,EQ,,,,,NALWA SONS INVESTMENT LTD,5374.00,5439.50,5312.00,5324.00,5312.00,5350.00,,5324.42,,,940,5031552.00,278,F1,1,,,,,
2026-09-30,2026-09-30,CM,NSE,STK,23379,INE0RJM01010,NAMAN,SM,,,,,NAMAN INDUSTRE PRXIMA LTD,48.50,50.80,48.50,50.70,50.70,48.50,,50.70,,,10400,509200.00,8,F1,800,,,,,
2026-09-30,2026-09-30,CM,NSE,STK,25167,INE08NZ01012,NAMOEWASTE,SM,,,,,NAMO EWASTE MANAGEMENT L,331.00,338.60,319.00,320.85,319.60,334.65,,320.85,,,50400,16374880.00,63,F1,800,,,,,
2026-09-30,2026-09-30,CM,NSE,STK,31258,INE875G01048,NDL,EQ,,,,,NANDAN DENIM LIMITED,2.65,2.65,2.60,2.61,2.62,2.62,,2.61,,,635500,1662028.38,890,F1,1,,,,,
2026-09-30,2026-09-30,CM,NSE,STK,5516,INE696V01013,JAIPURKURT,EQ,,,,,NANDANI CREATION LIMITED,27.00,27.00,25.02,26.69,26.75,25.86,,26.69,,,48210,1274819.12,217,F1,1,,,,,
2026-09-30,2026-09-30,CM,NSE,STK,11840,INE410P01011,NH,EQ,,,,,NARAYANA HRUDAYALAYA LTD.,1776.00,1813.70,1730.10,1791.40,1775.00,1789.90,,1791.43,,,341005,605969878.20,43314,F1,1,,,,,
2026-09-30,2026-09-30,CM,NSE,STK,11627,INE117Z01029,NARMADA,EQ,,,,,NARMADA AGROBASE LIMITED,12.75,13.19,12.60,12.71,12.85,12.75,,12.71,,,465925,6030178.87,744,F1,1,,,,,
2026-09-30,2026-09-30,CM,NSE,STK,3918,INE987B01026,NATCOPHARM,EQ,,,,,NATCO PHARMA LTD.,845.00,849.00,821.10,827.50,826.00,843.10,,827.46,,,615035,511353618.50,66438,F1,1,,,,,
2026-09-30,2026-09-30,CM,NSE,STK,11065,INE448G01010,NATHBIOGEN,EQ,,,,,NATH BIO-GENES (I) LTD,145.30,145.44,142.35,142.81,142.35,142.22,,142.82,,,2506,359481.96,162,F1,1,,,,,
2026-09-30,2026-09-30,CM,NSE,STK,6364,INE139A01034,NATIONALUM,EQ,,,,,NATIONAL ALUMINIUM CO LTD,345.05,348.95,340.95,340.95,340.95,346.65,,340.95,,,5109676,1762588555.95,49142,F1,1,,,,,
2026-09-30,2026-09-30,CM,NSE,STK,13925,INE870D01012,NFL,EQ,,,,,NATIONAL FERT. LTD,65.25,65.94,64.72,65.20,65.12,64.79,,65.20,,,682231,44591935.72,5124,F1,1,,,,,
2026-09-30,2026-09-30,CM,NSE,STK,6531,INE0H7R23014,NHIT,IV,,,,,NATIONAL HIGHW INFRA TRUS,169.90,171.00,169.90,170.45,171.00,168.75,,170.45,,,225000,38255000.00,9,F1,25000,,,,,
2026-09-30,2026-09-30,CM,NSE,STK,762807,INE166R01015,NATIONSTD,EQ,,,,,NATIONAL STAND (INDIA) L,117.80,117.80,113.50,113.87,113.50,114.54,,113.86,,,6077,696548.23,166,F1,1,,,,,
2026-09-30,2026-09-30,CM,NSE,STK,29588,INE936B01015,NATCAPSUQ,BE,,,,,NATURAL CAPSULES LIMITED,164.95,168.85,164.95,165.80,167.46,163.14,,165.95,,,1477,246672.68,44,F1,1,,,,,
2026-09-30,2026-09-30,CM,NSE,STK,4014,INE725A01030,NAVA,EQ,,,,,NAVA LIMITED,547.00,565.50,547.00,559.35,559.00,545.95,,559.35,,,374867,210311820.80,20215,F1,1,,,,,
2026-09-30,2026-09-30,CM,NSE,STK,14672,INE048G01026,NAVINFLUOR,EQ,,,,,NAVIN FLUORINE INT. LTD,8334.00,8417.50,8200.50,8245.00,8216.50,8234.50,,8245.27,,,161189,1338802620.50,33933,F1,1,,,,,
2026-09-30,2026-09-30,CM,NSE,STK,10557,INE278M01019,NAVKARCORP,EQ,,,,,NAVKAR CORPORATION LTD.,87.00,88.05,84.11,84.88,85.45,86.60,,84.89,,,591236,50499628.88,4458,F1,1,,,,,
2026-09-30,2026-09-30,CM,NSE,STK,29146,INE268H01044,NAVKARURB,EQ,,,,,NAVKAR URBANSTRUCTURE LTD,0.88,0.90,0.84,0.86,0.87,0.86,,0.86,,,1280895,1093236.22,322,F1,1,,,,,
2026-09-30,2026-09-30,CM,NSE,STK,2385,INE060A01024,NAVNETEDUL,EQ,,,,,NAVNEET EDUCATION LTD,121.20,123.63,121.20,122.52,123.18,121.42,,122.52,,,77676,9532969.95,935,F1,1,,,,,
2026-09-30,2026-09-30,CM,NSE,STK,2987,INE418L01047,NAZARA,EQ,,,,,NAZARA TECHNOLOGIES LTD,386.20,401.90,386.20,392.85,393.00,388.40,,392.85,,,2088636,829488162.55,38700,F1,1,,,,,
2026-09-30,2026-09-30,CM,NSE,STK,31415,INE095N01031,NBCC,EQ,,,,,NBCC (INDIA) LIMITED,78.83,79.99,78.50,78.50,78.50,78.01,,78.51,,,6032283,478166290.70,33876,F1,1,,,,,
2026-09-30,2026-09-30,CM,NSE,STK,2319,INE868B01028,NCC,EQ,,,,,NCC LIMITED,128.50,130.42,128.00,128.88,128.35,128.27,,128.88,,,2665171,344185709.23,32777,F1,1,,,,,
2026-09-30,2026-09-30,CM,NSE,STK,14490,INE732C01016,NCLIND,EQ,,,,,NCL INDUSTRIES LIMITED,177.37,177.37,173.02,174.18,174.16,176.86,,174.18,,,23631,4122647.51,1426,F1,1,,,,,
2026-09-30,2026-09-30,CM,NSE,STK,14547,INE353A01023,NDLVENTURE,EQ,,,,,NDL VENTURES LIMITED,124.90,125.87,121.21,123.95,124.70,121.49,,123.90,,,11631,1439952.07,150,F1,1,,,,,
2026-09-30,2026-09-30,CM,NSE,STK,22255,INE07OG01012,NDRAUTO,EQ,,,,,NDR AUTO COMPONENTS LTD,748.90,749.30,710.00,717.70,714.60,739.90,,717.71,,,7470,5452250.80,843,F1,1,,,,,
2026-09-30,2026-09-30,CM,NSE,STK,22683,INE0Q7Q23015,NDRINVIT,BL,,,,,NDR INVIT TRUST,148.00,148.00,148.00,148.00,148.00,137.00,,148.00,,,3400000,503200000.00,1,F1,25000,,,,,
2026-09-30,2026-09-30,CM,NSE,STK,11427,INE155G01029,NDTV,EQ,,,,,NDTV LTD,70.00,70.20,68.16,69.14,68.21,69.06,,69.12,,,38185,2653586.34,887,F1,1,,,,,
2026-09-30,2026-09-30,CM,NSE,STK,11927,INE023H01027,NECLIFE,EQ,,,,,NECTAR LIFESCIENCES LTD.,10.70,10.95,10.30,10.50,10.63,10.71,,10.50,,,126810,1343280.52,416,F1,1,,,,,
2026-09-30,2026-09-30,CM,NSE,STK,14761,INE189I01024,NELCAST,EQ,,,,,NELCAST LIMITED,119.00,124.70,118.80,123.40,122.10,118.93,,123.40,,,394628,48285136.31,5596,F1,1,,,,,
2026-09-30,2026-09-30,CM,NSE,STK,2388,INE045B01015,NELCO,EQ,,,,,NELCO LTD,923.00,944.85,913.50,914.50,913.50,922.30,,914.51,,,112087,103548343.15,5338,F1,1,,,,,
2026-09-30,2026-09-30,CM,NSE,STK,760928,INE21UM01018,NEOCHEM,SM,,,,,NEOCHEM BIO SOLUTIONS LTD,102.00,103.80,101.10,102.35,103.80,104.00,,102.35,,,4800,490800.00,4,F1,1200,,,,,
2026-09-30,2026-09-30,CM,NSE,STK,9917,INE136S01016,NEOGEN,EQ,,,,,NEOGEN CHEMICALS LIMITED,2445.30,2480.00,2403.00,2451.60,2450.40,2435.30,,2451.51,,,147004,360780234.10,14126,F1,1,,,,,
2026-09-30,2026-09-30,CM,NSE,STK,24350,INE0SUN01013,NEPHROCARE,SM,,,,,NEPHRO CARE INDIA LIMITED,88.00,93.25,88.00,90.65,90.95,90.55,,90.65,,,12000,1087660.00,29,F1,400,,,,,
2026-09-30,2026-09-30,CM,NSE,STK,760346,INE428V01029,NEPHROPLUS,EQ,,,,,NEPHROCARE HEALTH SERV L,665.30,669.80,655.00,659.75,662.00,663.40,,659.76,,,391732,260835565.95,21739,F1,1,,,,,
2026-09-30,2026-09-30,CM,NSE,STK,757493,INE156901014,NEPTUNE,SM,,,,,NEPTUNE PETROCHEMICALS L,180.05,191.80,180.05,186.00,186.00,191.80,,186.00,,,2000,368950.00,4,F1,500,,,,,
2026-09-30,2026-09-30,CM,NSE,STK,15409,INE317F01035,NESCO,EQ,,,,,NESCO LTD.,1035.00,1054.20,1035.00,1046.90,1050.70,1040.50,,1046.78,,,24923,26094453.40,3537,F1,1,,,,,
2026-09-30,2026-09-30,CM,NSE,STK,17963,INE239A01024,NESTLEIND,EQ,,,,,NESTLE INDIA LIMITED,1341.50,1345.50,1310.00,1310.00,1310.00,1345.70,,1310.00,,,1278279,1685814427.50,50857,F1,1,,,,,
2026-09-30,2026-09-30,CM,NSE,STK,20406,INE518X01015,CBAZAAR,SM,,,,,NET AVENUE TECHNOLOGIES L,5.70,5.70,5.70,5.70,5.70,5.45,,5.70,,,32000,182400.00,3,F1,8000,,,,,
2026-09-30,2026-09-30,CM,NSE,STK,17433,INE0NT901020,NETWEB,EQ,,,,,NETWEB TECH INDIA LTD,4625.00,4684.50,4530.00,4548.00,4548.00,4613.00,,4548.12,,,586472,2707898240.00,55267,F1,1,,,,,
2026-09-30,2026-09-30,CM,NSE,STK,756324,INE0FFK01017,NPST,EQ,,,,,NETWORK PEOPLE SRV TECH L,1663.50,1800.00,1641.00,1764.80,1740.40,1653.00,,1764.39,,,117252,203751039.20,12597,F1,1,,,,,
2026-09-30,2026-09-30,CM,NSE,STK,14111,INE870H01013,NETWORK18,EQ,,,,,NETWORK18 MEDIA & INV LTD,26.01,26.52,25.75,25.87,25.75,25.88,,25.87,,,2299453,60187653.59,6405,F1,1,,,,,
2026-09-30,2026-09-30,CM,NSE,STK,30554,INE333I01044,NEUEON,BE,,,,,NEUEON CORPORATION LTD,13.85,15.06,13.64,15.06,15.06,14.35,,15.32,,,77987,1136117.55,147,F1,1,,,,,
2026-09-30,2026-09-30,CM,NSE,STK,2406,INE794A01010,NEULANDLAB,EQ,,,,,NEULAND LAB LTD.,21375.00,21600.00,21200.00,21350.00,21600.00,21375.00,,21351.17,,,51295,1095987135.00,17807,F1,1,,,,,
2026-09-30,2026-09-30,CM,NSE,STK,1164,INE619B01017,NEWGEN,EQ,,,,,NEWGEN SOFTWARE TECH LTD,474.90,481.20,465.55,467.85,467.00,473.00,,467.86,,,443488,210449391.15,19998,F1,1,,,,,
2026-09-30,2026-09-30,CM,NSE,STK,19161,INE0PW501021,NEWJAISA,ST,,,,,NEWJAISA TECHNOLOGIES LTD,18.90,18.90,17.85,17.95,17.95,18.00,,17.95,,,61500,1119900.00,30,F1,1500,,,,,
2026-09-30,2026-09-30,CM,NSE,STK,28801,INE0TP801012,NMSTEEL,SM,,,,,NEWMALAYALAM STEEL LTD,22.50,23.50,22.50,23.50,23.50,22.50,,23.50,,,3200,73600.00,2,F1,1600,,,,,
2026-09-30,2026-09-30,CM,NSE,STK,9867,INE747B01016,NEXTMEDIA,EQ,,,,,NEXT MEDIAWORKS LIMITED,3.78,3.78,3.64,3.73,3.75,3.70,,3.73,,,7958,29510.78,40,F1,1,,,,,
2026-09-30,2026-09-30,CM,NSE,STK,15815,INE0NDH25011,NXST,RR,,,,,NEXUS SELECT TRUST,165.00,167.74,165.00,167.30,167.00,164.70,,167.30,,,207622,34673522.72,7070,F1,1,,,,,
2026-09-30,2026-09-30,CM,NSE,STK,763536,INE0T1501010,NFPSAMPOOR,SM,,,,,NFP SAMPOORNA FOODS LTD,22.30,22.50,21.25,22.45,22.45,22.05,,22.45,,,14000,309500.00,7,F1,2000,,,,,
2026-09-30,2026-09-30,CM,NSE,STK,10277,INE887E01022,NGLFINE,EQ,,,,,NGL FINE CHEM LIMITED,2893.90,2944.70,2823.10,2909.50,2900.00,2870.90,,2909.43,,,4054,11680472.20,947,F1,1,,,,,
2026-09-30,2026-09-30,CM,NSE,STK,17400,INE848E01016,NHPC,EQ,,,,,NHPC LTD,73.56,73.99,72.80,72.81,72.81,73.32,,72.81,,,7849564,574960734.31,38386,F1,1,,,,,
2026-09-30,2026-09-30,CM,NSE,STK,29487,INE149O01018,NIBE,EQ,,,,,NIBE LIMITED,1251.00,1262.10,1230.50,1236.40,1240.80,1238.50,,1236.57,,,44693,55589832.90,3007,F1,1,,,,,
2026-09-30,2026-09-30,CM,NSE,STK,764793,INE653C01022,NICCOPAR,EQ,,,,,NICCO PARKS & RESORTS LTD,83.90,83.90,81.05,81.36,81.05,81.00,,80.61,,,354,29045.79,31,F1,1,,,,,
2026-09-30,2026-09-30,CM,NSE,STK,6592,INE0J6L01013,NIDAN,SM,,,,,NIDAN LABS AND HEALTH LTD,12.95,12.95,12.55,12.55,12.55,12.90,,12.55,,,6000,77050.00,4,F1,1000,,,,,
2026-09-30,2026-09-30,CM,NSE,STK,17747,INE342G01023,NIITMTS,EQ,,,,,NIIT LEARNING SYSTEMS LTD,206.67,208.80,203.02,204.51,205.26,204.96,,204.56,,,94153,19373005.93,2686,F1,1,,,,,
2026-09-30,2026-09-30,CM,NSE,STK,11522,INE161A01038,NIITLTD,EQ,,,,,NIIT LIMITED,86.45,87.84,85.62,86.17,86.67,86.37,,86.15,,,132517,11475457.68,2034,F1,1,,,,,
2026-09-30,2026-09-30,CM,NSE,STK,758178,INE0FLF01015,NIKITA,SM,,,,,NIKITA GRENTEC RECYCL LTD,65.30,66.10,65.30,66.10,66.10,70.00,,66.10,,,3600,236400.00,3,F1,1200,,,,,
2026-09-30,2026-09-30,CM,NSE,STK,9253,INE937C01029,NILAINFRA,EQ,,,,,NILA INFRASTRUCTURES LTD,6.77,6.99,6.66,6.71,6.70,6.71,,6.71,,,117718,802451.29,594,F1,1,,,,,
2026-09-30,2026-09-30,CM,NSE,STK,7411,INE00S901012,NILASPACES,EQ,,,,,NILA SPACES LIMITED,11.27,11.64,11.11,11.19,11.37,11.16,,11.19,,,471707,5361615.68,1305,F1,1,,,,,
2026-09-30,2026-09-30,CM,NSE,STK,762817,INE445D01013,NILE,EQ,,,,,NILE LTD.,1265.00,1293.30,1203.50,1219.50,1218.00,1264.70,,1220.16,,,10843,13410920.80,1378,F1,1,,,,,
2026-09-30,2026-09-30,CM,NSE,STK,2421,INE310A01015,NILKAMAL,EQ,,,,,NILKAMAL LIMITED,1901.00,1935.00,1896.50,1901.70,1896.50,1898.90,,1901.68,,,8647,16532063.50,2228,F1,1,,,,,
2026-09-30,2026-09-30,CM,NSE,STK,761720,INE875B01015,NIMBSPROJ,EQ,,,,,NIMBUS PROJECTS LIMITED,192.08,198.30,184.42,192.19,192.07,194.12,,192.23,,,34060,6480835.24,510,F1,1,,,,,
2026-09-30,2026-09-30,CM,NSE,STK,14194,INE395U01014,NINSYS,EQ,,,,,NINTEC SYSTEMS LIMITED,737.05,774.00,723.00,766.35,769.90,737.15,,766.50,,,15354,11723141.30,859,F1,1,,,,,
2026-09-30,2026-09-30,CM,NSE,STK,11439,INF204KB15I9,BANKBEES,EQ,,,,,NIP IND ETF BANK BEES,567.24,571.50,563.98,567.42,567.60,564.42,,567.42,,,414243,235329257.53,6543,F1,1,,,,,
2026-09-30,2026-09-30,CM,NSE,STK,2435,INF204KA1LD7,CONSUMBEES,EQ,,,,,NIP IND ETF CONSUMPTION,125.35,126.04,123.07,123.68,123.55,125.07,,123.68,,,94086,11666655.16,1201,F1,1,,,,,
2026-09-30,2026-09-30,CM,NSE,STK,2636,INF204KA1MS3,DIVOPPBEES,EQ,,,,,NIP IND ETF DIV OPP,73.15,73.49,72.52,72.88,73.43,72.76,,72.88,,,28022,2043653.93,588,F1,1,,,,,
2026-09-30,2026-09-30,CM,NSE,STK,9847,INF204KB18I3,NV20BEES,EQ,,,,,NIP IND ETF ETF NV20,132.35,132.87,131.30,131.80,131.30,132.43,,131.80,,,36907,4878392.15,261,F1,1,,,,,
2026-09-30,2026-09-30,CM,NSE,STK,14428,INF204KB17I5,GOLDBEES,EQ,,,,,NIP IND ETF GOLD BEES,121.12,122.10,121.12,121.59,121.72,120.64,,121.59,,,24806672,3017333531.51,85255,F1,1,,,,,
2026-09-30,2026-09-30,CM,NSE,STK,18284,INF204KB19I1,HNGSNGBEES,EQ,,,,,NIP IND ETF HANGSENG BEES,464.28,464.28,453.00,457.47,457.70,452.96,,457.43,,,66686,30336615.06,2851,F1,1,,,,,
2026-09-30,2026-09-30,CM,NSE,STK,20072,INF732E01268,INFRABEES,EQ,,,,,NIP IND ETF INFRA BEES,911.50,913.09,900.00,903.01,901.00,908.55,,903.02,,,8740,7916299.12,604,F1,1,,,,,
2026-09-30,2026-09-30,CM,NSE,STK,19084,INF204KB15V2,ITBEES,EQ,,,,,NIP IND ETF IT,31.57,31.57,30.75,30.86,30.95,30.80,,30.86,,,11992964,373128774.45,14598,F1,1,,,,,
2026-09-30,2026-09-30,CM,NSE,STK,10939,INF732E01045,JUNIORBEES,EQ,,,,,NIP IND ETF JUNIOR BEES,765.30,765.30,746.43,756.31,758.00,761.66,,756.30,,,325345,247050351.41,10049,F1,1,,,,,
2026-09-30,2026-09-30,CM,NSE,STK,11006,INF732E01037,LIQUIDBEES,EQ,,,,,NIP IND ETF LIQUID BEES,1000.01,1000.01,999.99,1000.00,1000.01,1000.00,,1000.00,,,5812069,5812101159.03,5469,F1,1,,,,,
2026-09-30,2026-09-30,CM,NSE,STK,17700,INF204KB1882,LTGILTBEES,EQ,,,,,NIP IND ETF LONGTERM GILT,29.56,29.65,29.56,29.58,29.58,29.55,,29.58,,,1530615,45306668.30,722,F1,1,,,,,
2026-09-30,2026-09-30,CM,NSE,STK,8506,INF204KB1V68,MID150BEES,EQ,,,,,NIP IND ETF MIDCAP 150,229.65,229.65,226.50,227.04,226.70,227.38,,227.03,,,492892,112188586.07,6844,F1,1,,,,,
2026-09-30,2026-09-30,CM,NSE,STK,29577,INF204K014N5,NIF100BEES,EQ,,,,,NIP IND ETF NIFTY 100,254.02,254.79,252.18,252.83,252.35,253.21,,252.84,,,35146,8908443.29,467,F1,1,,,,,
2026-09-30,2026-09-30,CM,NSE,STK,10576,INF204KB14I2,NIFTYBEES,EQ,,,,,NIP IND ETF NIFTY BEES,259.47,260.99,258.10,258.50,258.65,259.47,,258.50,,,8559818,2219940346.54,83812,F1,1,,,,,
2026-09-30,2026-09-30,CM,NSE,STK,15032,INF204KB16I7,PSUBNKBEES,EQ,,,,,NIP IND ETF PSU BANK BEES,89.71,90.74,89.01,89.59,89.86,89.71,,89.59,,,1523620,137127855.84,4650,F1,1,,,,,
2026-09-30,2026-09-30,CM,NSE,STK,17044,INF732E01128,SHARIABEES,EQ,,,,,NIP IND ETF SHARIAH BEES,427.30,429.98,421.80,422.87,427.00,425.18,,423.07,,,12440,5280490.24,578,F1,1,,,,,
2026-09-30,2026-09-30,CM,NSE,STK,357,INE298J01013,NAM-INDIA,EQ,,,,,NIPPON L I A M LTD,1077.00,1088.00,1062.00,1070.00,1070.00,1068.00,,1070.00,,,728404,781157541.40,47789,F1,1,,,,,
2026-09-30,2026-09-30,CM,NSE,STK,757725,INF204KC1FU1,LIQGRWBEES,EQ,,,,,NIPPONAMC - LIQGRWBEES,1057.52,1057.52,1057.50,1057.50,1057.50,1057.36,,1057.50,,,85673,90600338.64,162,F1,1,,,,,
2026-09-30,2026-09-30,CM,NSE,STK,758667,INF204KC1GH6,MANUFGBEES,EQ,,,,,NIPPONAMC - MANUFGBEES,156.17,158.69,155.75,155.82,156.27,156.03,,155.82,,,19120,3000217.23,186,F1,1,,,,,
2026-09-30,2026-09-30,CM,NSE,STK,7880,INF204KC1337,AUTOBEES,EQ,,,,,NIPPONAMC - NETFAUTO,270.00,274.27,270.00,272.25,272.85,272.72,,272.25,,,175105,47805944.24,2044,F1,1,,,,,
2026-09-30,2026-09-30,CM,NSE,STK,4973,INF204KC1089,PHARMABEES,EQ,,,,,NIPPONAMC - NETFPHARMA,27.79,28.55,27.22,27.32,27.39,27.79,,27.32,,,4945372,135607424.77,12849,F1,1,,,,,
2026-09-30,2026-09-30,CM,NSE,STK,8080,INF204KC1402,SILVERBEES,EQ,,,,,NIPPONAMC - NETFSILVER,209.51,211.20,209.23,209.62,209.72,209.15,,209.62,,,13114685,2756080004.58,49884,F1,1,,,,,
2026-09-30,2026-09-30,CM,NSE,STK,757455,INF204KC1EZ3,SNXT30BEES,EQ,,,,,NIPPONAMC - SNXT30BEES,41.20,41.20,40.50,40.69,40.97,41.00,,40.69,,,4851,197352.67,93,F1,1,,,,,
2026-09-30,2026-09-30,CM,NSE,STK,255,INE368I01016,NIRAJ,EQ,,,,,NIRAJ CEMENT STRUC LTD,27.70,28.95,27.25,27.66,27.50,28.36,,27.66,,,66899,1855990.34,147,F1,1,,,,,
2026-09-30,2026-09-30,CM,NSE,STK,18844,INE326T01011,NIRAJISPAT,BE,,,,,NIRAJ ISPAT IND LTD,301.00,301.00,299.95,301.00,301.00,301.00,,301.00,,,65,19536.65,4,F1,1,,,,,
2026-09-30,2026-09-30,CM,NSE,STK,2433,INE910A01012,NIRLON,EQ,,,,,NIRLON LTD,610.00,610.00,601.00,605.00,605.00,605.85,,602.66,,,1909,1155368.25,256,F1,1,,,,,
2026-09-30,2026-09-30,CM,NSE,STK,14722,INE0OK701014,NIRMAN,SM,,,,,NIRMAN AGRI GENTICS LTD,26.40,27.00,25.25,26.50,26.50,26.50,,26.50,,,20100,533295.00,47,F1,300,,,,,
2026-09-30,2026-09-30,CM,NSE,STK,13300,INE858F01012,NITCO,EQ,,,,,NITCO LIMITED,86.01,89.29,85.74,88.12,86.57,86.75,,88.13,,,905412,79534208.41,5006,F1,1,,,,,
2026-09-30,2026-09-30,CM,NSE,STK,13175,INE229H01012,NITINSPIN,EQ,,,,,NITIN SPINNERS LIMITED,610.60,615.95,595.70,598.30,599.00,606.15,,598.30,,,46740,28226453.55,4766,F1,1,,,,,
2026-09-30,2026-09-30,CM,NSE,STK,3247,INE439T01012,NITIRAJ,EQ,,,,,NITIRAJ ENGINEERS LTD,215.00,215.00,201.47,209.26,201.47,215.74,,209.26,,,1020,214873.90,48,F1,1,,,,,
2026-09-30,2026-09-30,CM,NSE,STK,762824,INE265B01019,NITTAGELA,EQ,,,,,NITTA GELATIN INDIA LTD.,1710.60,1735.00,1651.50,1678.60,1666.00,1702.80,,1680.37,,,2312,3932833.70,423,F1,1,,,,,
2026-09-30,2026-09-30,CM,NSE,STK,27097,INE995S01015,NIVABUPA,EQ,,,,,NIVA BUPA HEALTH INS CO L,73.05,75.80,72.82,74.81,74.00,73.28,,74.81,,,3744324,277295008.72,67642,F1,1,,,,,
2026-09-30,2026-09-30,CM,NSE,STK,2439,INE542C01019,NKIND,EQ,,,,,NK INDUSTRIES LTD,63.70,63.70,56.11,58.20,58.20,61.99,,58.20,,,317,19814.06,28,F1,1,,,,,
2026-09-30,2026-09-30,CM,NSE,STK,8585,INE589A01014,NLCINDIA,EQ,,,,,NLC INDIA LIMITED,258.55,263.50,255.40,261.70,261.80,255.75,,261.69,,,1940444,505518572.00,52228,F1,1,,,,,
2026-09-30,2026-09-30,CM,NSE,STK,15332,INE584A01023,NMDC,EQ,,,,,NMDC LTD.,77.00,77.79,76.54,76.54,76.54,77.00,,76.54,,,15817494,1219570220.10,71375,F1,1,,,,,
2026-09-30,2026-09-30,CM,NSE,STK,14180,INE0NNS01018,NSLNISP,EQ,,,,,NMDC STEEL LIMITED,42.00,42.35,41.15,41.32,41.30,41.79,,41.32,,,4305677,179761376.07,17167,F1,1,,,,,
2026-09-30,2026-09-30,CM,NSE,STK,2442,INE163A01018,NOCIL,EQ,,,,,NOCIL LIMITED,170.24,175.90,170.10,171.11,170.70,169.31,,171.11,,,1017979,175866872.91,21636,F1,1,,,,,
2026-09-30,2026-09-30,CM,NSE,STK,10786,INE781B01015,NOIDATOLL,EQ,,,,,NOIDA TOLL BRIDGE CO LTD,3.60,3.87,3.60,3.85,3.87,3.65,,3.85,,,96546,365335.13,465,F1,1,,,,,
2026-09-30,2026-09-30,CM,NSE,STK,4160,INE369C01017,NORBTEAEXP,EQ,,,,,NORBEN TEA & EXPORTS LTD,64.80,68.12,61.72,66.25,67.32,64.90,,66.25,,,4585,297721.73,85,F1,1,,,,,
2026-09-30,2026-09-30,CM,NSE,STK,13533,INE553C01016,NECCLTD,BE,,,,,NORTH EAST CARRY CORP LTD,18.17,18.50,18.08,18.42,18.45,18.08,,18.42,,,79006,1453095.09,130,F1,1,,,,,
2026-09-30,2026-09-30,CM,NSE,STK,25426,INE850M01015,NORTHARC,EQ,,,,,NORTHERN ARC CAPITAL LTD,290.00,297.05,285.55,287.35,287.95,290.75,,287.36,,,672623,195569316.05,12355,F1,1,,,,,
2026-09-30,2026-09-30,CM,NSE,STK,22477,INE02H701025,NOVAAGRI,EQ,,,,,NOVA AGRITECH LIMITED,22.50,22.85,22.10,22.43,22.80,22.28,,22.41,,,45494,1023565.16,411,F1,1,,,,,
2026-09-30,2026-09-30,CM,NSE,STK,9007,INE234A01025,NOVARTIND,EQ,,,,,NOVARTIS INDIA LIMITED,1924.10,2030.70,1910.00,1919.00,1915.00,1924.10,,1919.72,,,24059,47248593.80,3591,F1,1,,,,,
2026-09-30,2026-09-30,CM,NSE,STK,7553,INE349A01021,NRBBEARING,EQ,,,,,NRB BEARING LIMITED,542.00,555.00,527.55,534.05,528.10,541.05,,534.08,,,557714,299838170.50,21213,F1,1,,,,,
2026-09-30,2026-09-30,CM,NSE,STK,29733,INE047O01014,NIBL,EQ,,,,,NRB INDUS. BEARINGS LTD.,32.18,32.88,31.00,31.85,32.49,31.52,,31.92,,,5959,189467.45,116,F1,1,,,,,
2026-09-30,2026-09-30,CM,NSE,STK,27176,INE0ONG01011,NTPCGREEN,EQ,,,,,NTPC GREEN ENERGY LIMITED,89.99,93.92,89.91,93.37,93.60,89.99,,93.37,,,3214816,297347904.13,35194,F1,1,,,,,
2026-09-30,2026-09-30,CM,NSE,STK,11630,INE733E01010,NTPC,EQ,,,,,NTPC LTD,323.50,323.95,318.90,322.75,322.75,323.50,,322.75,,,6908628,2222014714.35,79691,F1,1,,,,,
2026-09-30,2026-09-30,CM,NSE,STK,10791,INE096B01018,NUCLEUS,EQ,,,,,NUCLEUS SOFTWARE EXPORTS,647.70,662.90,647.00,650.25,647.15,652.55,,650.27,,,15978,10445237.65,1503,F1,1,,,,,
2026-09-30,2026-09-30,CM,NSE,STK,13680,INE0JM501013,NRL,BE,,,,,NUPUR RECYCLERS LIMITED,163.10,163.10,159.80,159.80,159.80,160.00,,159.80,,,40280,6551782.65,225,F1,1,,,,,
2026-09-30,2026-09-30,CM,NSE,STK,2353,INE0DSF01015,NURECA,BE,,,,,NURECA LIMITED,355.00,376.00,355.00,366.60,369.10,361.50,,366.58,,,22080,8159957.35,406,F1,1,,,,,
2026-09-30,2026-09-30,CM,NSE,STK,18721,INE531F01023,NUVAMA,EQ,,,,,NUVAMA WEALTH MANAGE LTD,1655.40,1688.60,1645.50,1652.50,1651.10,1652.10,,1652.44,,,206395,342044039.00,20818,F1,1,,,,,
2026-09-30,2026-09-30,CM,NSE,STK,5426,INE118D01016,NUVOCO,EQ,,,,,NUVOCO VISTAS CORP LTD,333.15,344.05,331.00,337.80,337.10,330.20,,337.81,,,197279,66820941.80,13913,F1,1,,,,,
2026-09-30,2026-09-30,CM,NSE,STK,24298,INE0SF023016,NXT-INFRA,IV,,,,,NXT-INFRA TRUST,99.00,99.00,99.00,99.00,99.00,99.00,,99.00,,,400000,39600000.00,2,F1,25000,,,,,
2026-09-30,2026-09-30,CM,NSE,STK,8797,INE426Z01016,OBCL,EQ,,,,,OBCL LIMITED,56.00,59.50,54.70,55.34,55.31,54.68,,55.34,,,14378,816925.62,433,F1,1,,,,,
2026-09-30,2026-09-30,CM,NSE,STK,20242,INE093I01010,OBEROIRLTY,EQ,,,,,OBEROI REALTY LIMITED,1760.00,1796.30,1751.50,1765.70,1765.70,1762.90,,1765.70,,,573434,1019123076.80,44237,F1,1,,,,,
2026-09-30,2026-09-30,CM,NSE,STK,25923,INE0YHV01011,OBSCP,SM,,,,,OBSC PERFECTION LIMITED,923.95,942.00,908.00,913.55,912.00,917.25,,913.55,,,13600,12542240.00,34,F1,400,,,,,
2026-09-30,2026-09-30,CM,NSE,STK,25920,INE0PK601023,OCCLLTD,BE,,,,,OCCL LIMITED,184.00,187.44,182.17,187.44,187.44,178.52,,187.49,,,146245,27200723.49,828,F1,1,,,,,
2026-09-30,2026-09-30,CM,NSE,STK,27571,INE054301028,ODIGMA,EQ,,,,,ODIGMA CONSULTANCY SOL L,21.11,22.04,21.11,21.35,21.64,21.41,,21.35,,,8003,172723.19,431,F1,1,,,,,
2026-09-30,2026-09-30,CM,NSE,STK,764803,INE839E01023,ODYCORP,EQ,,,,,ODYSSEY CORPORATION LTD.,7.07,7.08,6.67,6.97,6.98,7.08,,7.03,,,6337,43444.15,48,F1,1,,,,,
2026-09-30,2026-09-30,CM,NSE,STK,2475,INE213A01029,ONGC,EQ,,,,,OIL AND NATURAL GAS CORP.,230.21,231.57,223.60,225.80,225.80,230.00,,225.78,,,11131417,2521782036.32,145921,F1,1,,,,,
2026-09-30,2026-09-30,CM,NSE,STK,8109,INE591A01010,OILCOUNTUB,BE,,,,,OIL COUNTRY TUBULAR LTD.,76.61,76.61,76.61,76.61,76.61,75.11,,76.51,,,21905,1678142.05,67,F1,1,,,,,
2026-09-30,2026-09-30,CM,NSE,STK,17438,INE274J01014,OIL,EQ,,,,,OIL INDIA LTD,458.00,462.25,446.25,448.65,448.65,459.45,,448.64,,,3069066,1386354140.85,53542,F1,1,,,,,
2026-09-30,2026-09-30,CM,NSE,STK,24777,INE0LXG01040,OLAELEC,EQ,,,,,OLA ELECTRIC MOBILITY LTD,37.51,38.25,36.71,36.92,36.94,37.42,,36.92,,,57479402,2159460113.31,123916,F1,1,,,,,
2026-09-30,2026-09-30,CM,NSE,STK,10637,INE260D01016,OLECTRA,EQ,,,,,OLECTRA GREENTECH LIMITED,1136.00,1167.00,1130.00,1134.20,1132.00,1136.90,,1134.19,,,391576,448855094.80,19255,F1,1,,,,,
2026-09-30,2026-09-30,CM,NSE,STK,759412,INE1BZC01019,OMFREIGHT,BE,,,,,OM FREIGHT FORWARDERS LTD,93.49,94.00,90.00,94.00,94.00,93.46,,94.00,,,12358,1151557.38,129,F1,1,,,,,
2026-09-30,2026-09-30,CM,NSE,STK,24231,INE239D01028,OMINFRAL,EQ,,,,,OM INFRA LIMITED,77.50,79.88,76.35,77.11,77.00,77.67,,77.11,,,46370,3602015.75,1045,F1,1,,,,,
2026-09-30,2026-09-30,CM,NSE,STK,762432,INE25E901019,OMPOWER,EQ,,,,,OM POWER TRANSMISSION LTD,164.00,166.73,153.50,156.95,156.72,163.18,,157.16,,,202294,32279095.67,1834,F1,1,,,,,
2026-09-30,2026-09-30,CM,NSE,STK,10922,INE090B01011,OMAXAUTO,EQ,,,,,OMAX AUTOS LTD,200.00,207.50,198.02,200.32,200.00,198.48,,200.32,,,53737,10870200.78,974,F1,1,,,,,
2026-09-30,2026-09-30,CM,NSE,STK,14853,INE800H01010,OMAXE,EQ,,,,,OMAXE LIMITED,109.48,113.00,109.13,109.76,109.99,109.48,,109.78,,,497588,55282012.61,5941,F1,1,,,,,
2026-09-30,2026-09-30,CM,NSE,STK,760865,INE0UH301010,OMNI,EQ,,,,,OMNITECH ENGINEERING LTD,555.00,580.00,552.00,564.05,564.55,560.40,,564.06,,,1008108,574779770.60,29802,F1,1,,,,,
2026-09-30,2026-09-30,CM,NSE,STK,19692,INE00ER01015,ONDOOR,SM,,,,,ON DOOR CONCEPTS LIMITED,248.40,266.70,210.00,262.05,254.00,257.65,,262.05,,,12900,3319995.00,28,F1,300,,,,,
2026-09-30,2026-09-30,CM,NSE,STK,6705,INE982J01020,PAYTM,EQ,,,,,ONE 97 COMMUNICATIONS LTD,1701.00,1708.00,1667.10,1678.00,1678.00,1683.00,,1677.98,,,2424277,4081456886.30,120197,F1,1,,,,,
2026-09-30,2026-09-30,CM,NSE,STK,765242,INE670O01013,ONEGLOBAL,EQ,,,,,ONE GLOBAL SERVICE PROV L,535.00,552.75,520.00,527.90,524.55,534.15,,528.09,,,6160,3259063.35,656,F1,1,,,,,
2026-09-30,2026-09-30,CM,NSE,STK,28046,INE0HLU01028,MOBIKWIK,EQ,,,,,ONE MOBIKWIK SYSTEMS LTD,194.95,202.39,194.95,196.32,196.16,194.93,,196.33,,,603060,119547469.24,8197,F1,1,,,,,
2026-09-30,2026-09-30,CM,NSE,STK,9939,INE840Y01029,ONEPOINT,EQ,,,,,ONE POINT ONE SOL LTD,71.55,74.40,70.62,73.39,73.33,71.62,,73.39,,,6743812,492149773.92,33780,F1,1,,,,,
2026-09-30,2026-09-30,CM,NSE,STK,19386,INE0OPS01011,OLIL,SM,,,,,ONECLICK LOGISTICS IND L,428.00,455.50,428.00,448.55,447.00,455.30,,448.55,,,12800,5751540.00,32,F1,400,,,,,
2026-09-30,2026-09-30,CM,NSE,STK,25496,INE912L01015,ONELIFECAP,BE,,,,,ONELIFE CAP ADVISORS LTD,39.14,40.50,38.90,40.08,40.40,38.97,,40.30,,,49109,1941744.97,145,F1,1,,,,,
2026-09-30,2026-09-30,CM,NSE,STK,763294,INE12F801023,KISSHT,EQ,,,,,ONEMI TECHNOLOGY SOL LTD,356.00,372.00,352.20,369.55,366.55,358.65,,369.51,,,2404648,874521138.90,44693,F1,1,,,,,
2026-09-30,2026-09-30,CM,NSE,STK,29224,INE013P01021,ONESOURCE,EQ,,,,,ONESOURCE SPECL PHARMA L,1587.00,1600.00,1506.10,1521.60,1515.00,1583.30,,1521.88,,,194917,301352831.20,19383,F1,1,,,,,
2026-09-30,2026-09-30,CM,NSE,STK,2202,INE831A01028,ONIDA,EQ,,,,,ONIDA ELECTRONICS LIMITED,31.76,32.74,31.50,32.03,31.61,31.75,,32.03,,,293561,9419688.85,1834,F1,1,,,,,
2026-09-30,2026-09-30,CM,NSE,STK,764808,INE173M01012,ONIXSOLAR,EQ,,,,,ONIX SOLAR ENERGY LTD.,337.00,350.90,335.00,343.05,340.20,344.50,,343.01,,,149626,51385819.35,2812,F1,1,,,,,
2026-09-30,2026-09-30,CM,NSE,STK,15282,INE809I01019,ONMOBILE,BE,,,,,ONMOBILE GLOBAL LTD.,49.84,52.30,49.84,50.62,50.51,50.10,,50.63,,,23929,1216970.55,268,F1,1,,,,,
2026-09-30,2026-09-30,CM,NSE,STK,2481,INE229A01017,ONWARDTEC,EQ,,,,,ONWARD TECHNOLOGIES LTD,287.50,294.80,285.75,288.35,290.95,287.40,,288.29,,,10723,3093193.25,475,F1,1,,,,,
2026-09-30,2026-09-30,CM,NSE,STK,27143,INE0WVU01018,ONYX,ST,,,,,ONYX BIOTEC LIMITED,37.00,37.05,37.00,37.00,37.05,37.05,,37.00,,,4000,148100.00,2,F1,2000,,,,,
2026-09-30,2026-09-30,CM,NSE,STK,21469,INE350C01017,OPTIEMUS,EQ,,,,,OPTIEMUS INFRACOM LTD,800.00,827.00,759.05,767.75,764.00,796.20,,767.87,,,716846,571908787.45,30321,F1,1,,,,,
2026-09-30,2026-09-30,CM,NSE,STK,764813,INE031G01022,OPTIFIN,EQ,,,,,OPTIMUS FINANCE LTD.,14.80,15.80,14.50,15.45,15.18,14.82,,15.39,,,71103,1081725.39,131,F1,1,,,,,
2026-09-30,2026-09-30,CM,NSE,STK,764528,INE1JZB01022,OPTIMYSTIX,SM,,,,,OPTIMYSTIX ENT INDIA LTD,132.00,140.00,129.00,139.30,139.00,129.75,,139.30,,,19200,2610560.00,23,F1,800,,,,,
2026-09-30,2026-09-30,CM,NSE,STK,758903,INE15B101011,OPTIVALUE,ST,,,,,OPTIVALUE TEK CONSULT LTD,231.00,231.00,220.00,224.35,223.00,229.50,,224.35,,,22400,5053200.00,14,F1,1600,,,,,
2026-09-30,2026-09-30,CM,NSE,STK,10738,INE881D01027,OFSS,EQ,,,,,ORACLE FIN SERV SOFT LTD.,10525.00,10869.00,10500.00,10630.00,10630.00,10406.00,,10630.45,,,272759,2912479246.00,44234,F1,1,,,,,
2026-09-30,2026-09-30,CM,NSE,STK,31475,INE231G01010,ORBTEXP,EQ,,,,,ORBIT EXPORTS LIMITED,272.85,282.85,254.00,258.51,255.00,262.01,,258.21,,,115278,31381570.44,3675,F1,1,,,,,
2026-09-30,2026-09-30,CM,NSE,STK,29492,INE215B01022,ORCHASP,EQ,,,,,ORCHASP LIMITED,1.33,1.37,1.31,1.32,1.34,1.33,,1.31,,,80375,108239.01,127,F1,1,,,,,
2026-09-30,2026-09-30,CM,NSE,STK,926,INE191A01027,ORCHPHARMA,EQ,,,,,ORCHID PHARMA LIMITED,1014.90,1034.40,990.00,997.00,1000.00,1014.90,,996.87,,,58886,59347918.55,6619,F1,1,,,,,
2026-09-30,2026-09-30,CM,NSE,STK,17882,INE0OUT01027,ORIANA,SM,,,,,ORIANA POWER LIMITED,315.55,327.00,311.00,314.75,315.00,317.20,,314.75,,,255750,81603431.25,486,F1,375,,,,,
2026-09-30,2026-09-30,CM,NSE,STK,10159,INE730A01022,ORICONENT,EQ,,,,,ORICON ENTERPRISES LTD,52.90,52.90,50.71,51.34,51.34,51.83,,51.34,,,55211,2841308.25,746,F1,1,,,,,
2026-09-30,2026-09-30,CM,NSE,STK,14278,INE607D01018,ORIENTBELL,EQ,,,,,ORIENT BELL LIMITED,404.90,408.25,396.05,398.55,402.50,402.60,,398.55,,,23214,9380610.50,1234,F1,1,,,,,
2026-09-30,2026-09-30,CM,NSE,STK,30089,INE876N01018,ORIENTCEM,EQ,,,,,ORIENT CEMENT LTD.,119.38,120.29,118.08,118.77,118.81,118.42,,118.77,,,189008,22526688.47,2112,F1,1,,,,,
2026-09-30,2026-09-30,CM,NSE,STK,13111,INE569C01020,ORIENTCER,EQ,,,,,ORIENT CERATECH LIMITED,46.39,46.60,44.50,44.90,44.99,45.60,,44.91,,,43434,1979072.85,1217,F1,1,,,,,
2026-09-30,2026-09-30,CM,NSE,STK,2972,INE142Z01019,ORIENTELEC,EQ,,,,,ORIENT ELECTRIC LIMITED,156.90,159.46,156.60,158.11,157.05,156.62,,158.10,,,128698,20332403.94,3246,F1,1,,,,,
2026-09-30,2026-09-30,CM,NSE,STK,20110,INE999K01014,GREENPOWER,EQ,,,,,ORIENT GREEN POWER CO LTD,8.85,9.00,8.80,8.83,8.84,8.85,,8.83,,,1424370,12627030.25,3119,F1,1,,,,,
2026-09-30,2026-09-30,CM,NSE,STK,2493,INE750A01020,ORIENTHOT,EQ,,,,,ORIENT HOTELS LTD,138.99,143.80,138.00,142.36,142.78,139.34,,142.36,,,511057,72496662.95,3679,F1,1,,,,,
2026-09-30,2026-09-30,CM,NSE,STK,2496,INE592A01026,ORIENTPPR,EQ,,,,,ORIENT PAPER AND INDS LTD,16.31,16.67,16.31,16.45,16.48,16.43,,16.46,,,116994,1929124.29,527,F1,1,,,,,
2026-09-30,2026-09-30,CM,NSE,STK,18211,INE609C01024,ORIENTLTD,BE,,,,,ORIENT PRESS LIMITED,76.02,78.23,76.02,78.23,78.23,79.90,,78.23,,,781,59749.53,22,F1,1,,,,,
2026-09-30,2026-09-30,CM,NSE,STK,24961,INE0PPK01015,ORIENTTECH,EQ,,,,,ORIENT TECHNOLOGIES LTD,231.50,239.00,230.76,231.53,231.50,231.50,,231.53,,,89355,20776376.45,2446,F1,1,,,,,
2026-09-30,2026-09-30,CM,NSE,STK,10768,INE959C01023,OAL,EQ,,,,,ORIENTAL AROMATICS LTD,542.00,553.00,527.20,533.25,527.20,541.85,,533.13,,,15746,8517325.40,1031,F1,1,,,,,
2026-09-30,2026-09-30,CM,NSE,STK,764818,INE457G01029,ORIRAIL,EQ,,,,,ORIENTAL RAIL INFRA L,123.69,134.90,121.42,127.31,126.98,122.81,,127.34,,,625276,81166676.78,6317,F1,1,,,,,
2026-09-30,2026-09-30,CM,NSE,STK,14346,INE998H01012,ORIENTALTL,EQ,,,,,ORIENTAL TRIMEX LTD,4.82,5.00,4.81,4.83,4.88,4.86,,4.83,,,75934,369298.30,392,F1,1,,,,,
2026-09-30,2026-09-30,CM,NSE,STK,19931,INE725E01024,ORISSAMINE,EQ,,,,,ORISSA MIN DEV CO LTD,3700.00,3743.80,3626.00,3651.50,3631.00,3673.30,,3651.29,,,5117,18859136.90,1189,F1,1,,,,,
2026-09-30,2026-09-30,CM,NSE,STK,759569,INE16NZ01023,ORKLAINDIA,EQ,,,,,ORKLA INDIA LIMITED,540.15,547.00,540.10,543.00,542.70,540.05,,543.00,,,47004,25554605.85,3255,F1,1,,,,,
2026-09-30,2026-09-30,CM,NSE,STK,2979,INE749B01020,ORTINGLOBE,EQ,,,,,ORTIN GLOBAL LIMITED,15.20,15.20,14.25,14.32,14.30,14.72,,14.32,,,7318,104776.10,36,F1,1,,,,,
2026-09-30,2026-09-30,CM,NSE,STK,25386,INE0RMF01018,OSELDEVICE,SM,,,,,OSEL DEVICES LIMITED,380.10,389.00,380.10,383.40,383.40,388.25,,383.40,,,13800,5295870.00,55,F1,200,,,,,
2026-09-30,2026-09-30,CM,NSE,STK,12643,INE06IR01021,OSIAHYPER,BE,,,,,OSIA HYPER RETAIL LIMITED,2.32,2.35,2.22,2.26,2.33,2.33,,2.26,,,177632,403005.75,307,F1,1,,,,,
2026-09-30,2026-09-30,CM,NSE,STK,2514,INE142A01012,OSWALAGRO,EQ,,,,,OSWAL AGRO MILLS LTD,34.75,34.97,33.70,33.95,34.00,34.90,,33.95,,,89147,3084901.34,920,F1,1,,,,,
2026-09-30,2026-09-30,CM,NSE,STK,471,INE143A01010,OSWALGREEN,EQ,,,,,OSWAL GREENTECH LIMITED,19.50,20.95,19.50,20.32,20.36,19.41,,20.32,,,240885,4886643.96,1370,F1,1,,,,,
2026-09-30,2026-09-30,CM,NSE,STK,756802,INE0BYP01024,OSWALPUMPS,EQ,,,,,OSWAL PUMPS LIMITED,265.30,274.80,264.50,266.75,267.80,266.25,,266.77,,,331888,89463336.25,7746,F1,1,,,,,
2026-09-30,2026-09-30,CM,NSE,STK,22914,INE0R8M01017,OWAIS,ST,,,,,OWAIS METAL & MINERAL,68.45,68.45,68.45,68.45,68.45,69.80,,68.45,,,2600,177970.00,12,F1,100,,,,,
2026-09-30,2026-09-30,CM,NSE,STK,765145,INE501F01018,PBMPOLY,EQ,,,,,P B M POLYTEX LTD.,59.47,69.80,57.16,60.32,57.16,61.00,,60.07,,,2085,126815.94,32,F1,1,,,,,
2026-09-30,2026-09-30,CM,NSE,STK,25312,INE953R01016,PNGJL,EQ,,,,,P N GADGIL JEWELLERS LTD,585.00,599.00,581.55,590.15,587.70,585.05,,590.14,,,257823,152764933.50,12940,F1,1,,,,,
2026-09-30,2026-09-30,CM,NSE,STK,764845,INE035S01028,POEL,EQ,,,,,P O C L ENTERPRISES LTD.,139.89,144.86,136.15,137.42,137.50,139.89,,137.29,,,35690,4975006.24,1690,F1,1,,,,,
2026-09-30,2026-09-30,CM,NSE,STK,29662,INE0XUS01020,PSRAJ,SM,,,,,P S RAJ STEELS LIMITED,100.25,100.50,99.00,100.10,99.00,99.80,,100.10,,,55000,5510750.00,14,F1,2500,,,,,
2026-09-30,2026-09-30,CM,NSE,STK,2535,INE179A01014,PGHH,EQ,,,,,P&G HYGIENE & HEALTH CARE,6904.00,6956.50,6782.00,6798.50,6811.00,6871.50,,6798.56,,,44984,307115332.50,10926,F1,1,,,,,
2026-09-30,2026-09-30,CM,NSE,STK,8735,INE0KN801013,PROPEQUITY,SM,,,,,P. E. ANALYTICS LIMITED,192.85,192.85,192.85,192.85,192.85,192.85,,192.85,,,600,115710.00,1,F1,600,,,,,
2026-09-30,2026-09-30,CM,NSE,STK,759342,INE0S3G01027,PACEDIGITK,EQ,,,,,PACE DIGITEK LIMITED,161.82,164.58,159.20,159.98,160.04,162.30,,159.93,,,350071,56473457.81,5776,F1,1,,,,,
2026-09-30,2026-09-30,CM,NSE,STK,764823,INE883C01025,PACIFICI,EQ,,,,,PACIFIC INDUSTRIES LTD.,135.00,135.00,134.50,134.50,134.50,132.96,,134.50,,,286,38589.50,3,F1,1,,,,,
2026-09-30,2026-09-30,CM,NSE,STK,14413,INE761H01022,PAGEIND,EQ,,,,,PAGE INDUSTRIES LTD,36695.00,37150.00,36210.00,36385.00,36385.00,36580.00,,36385.00,,,83553,3054923475.00,20372,F1,1,,,,,
2026-09-30,2026-09-30,CM,NSE,STK,25468,INE420C01059,PAISALO,EQ,,,,,PAISALO DIGITAL LIMITED,78.00,79.10,75.62,76.41,77.00,78.59,,76.41,,,7129862,548301263.65,19507,F1,1,,,,,
2026-09-30,2026-09-30,CM,NSE,STK,17197,INE551D01018,PAKKA,EQ,,,,,PAKKA LIMITED,75.19,75.20,72.00,72.89,73.00,72.83,,72.89,,,64593,4698539.08,1305,F1,1,,,,,
2026-09-30,2026-09-30,CM,NSE,STK,17062,INE218G01033,PALREDTEC,EQ,,,,,PALRED TECHNOLOGIES LTD,45.44,45.90,43.70,43.86,45.68,45.99,,44.02,,,12703,557712.83,106,F1,1,,,,,
2026-09-30,2026-09-30,CM,NSE,STK,4055,INE922B01023,PANACEABIO,EQ,,,,,PANACEA BIOTEC LTD,375.20,379.60,364.00,366.00,364.00,375.25,,365.99,,,50560,18663869.35,2360,F1,1,,,,,
2026-09-30,2026-09-30,CM,NSE,STK,16355,INE895W01019,PANACHE,BE,,,,,PANACHE DIGILIFE LIMITED,516.15,516.15,516.15,516.15,516.15,506.05,,516.15,,,28758,14843441.70,48,F1,1,,,,,
2026-09-30,2026-09-30,CM,NSE,STK,25392,INE305C01029,PANAMAPET,EQ,,,,,PANAMA PETROCHEM LTD,484.80,499.80,482.20,484.25,484.45,480.50,,484.25,,,222411,108919527.65,10122,F1,1,,,,,
2026-09-30,2026-09-30,CM,NSE,STK,764828,INE798F01010,PANCHMAHQ,EQ,,,,,PANCHMAHAL STEEL LTD.,306.50,306.50,275.50,294.95,295.00,290.00,,296.02,,,49,14291.20,12,F1,1,,,,,
2026-09-30,2026-09-30,CM,NSE,STK,765140,INE258R01028,PANORAMA,EQ,,,,,PANORAMA STUDIOS INTL. L,59.00,62.15,55.00,58.29,57.28,57.77,,58.29,,,1206378,70600226.14,5706,F1,1,,,,,
2026-09-30,2026-09-30,CM,NSE,STK,6141,INE697V01011,PANSARI,EQ,,,,,PANSARI DEVELOPERS LTD,274.65,275.00,270.00,274.00,274.00,274.55,,274.00,,,804,220741.25,15,F1,1,,,,,
2026-09-30,2026-09-30,CM,NSE,STK,5637,INE04LG01015,PAR,BE,,,,,PAR DRUGS AND CHEM LTD,125.32,128.95,124.00,126.64,126.00,125.32,,126.64,,,8540,1081515.01,134,F1,1,,,,,
2026-09-30,2026-09-30,CM,NSE,STK,9741,INE088F01024,PARADEEP,EQ,,,,,PARADEEP PHOSPHATES LTD,153.50,158.40,153.50,154.28,154.39,154.08,,154.28,,,1932116,302146198.23,28579,F1,1,,,,,
2026-09-30,2026-09-30,CM,NSE,STK,17130,INE883N01014,PARAGMILK,EQ,,,,,PARAG MILK FOODS LTD.,269.40,274.50,268.00,271.65,271.50,268.55,,271.64,,,893163,242831278.15,14198,F1,1,,,,,
2026-09-30,2026-09-30,CM,NSE,STK,19779,INE0N4G01012,PARAGON,SM,,,,,PARAGON FINE S.C. LTD.,50.00,50.95,50.00,50.50,50.50,48.25,,50.50,,,7200,363840.00,6,F1,1200,,,,,
2026-09-30,2026-09-30,CM,NSE,STK,25069,INE0S2W01018,PARAMATRIX,SM,,,,,PARAMATRIX TECHNOLOGIES L,57.00,57.00,56.00,56.00,56.00,57.00,,56.00,,,2400,135600.00,2,F1,1200,,,,,
2026-09-30,2026-09-30,CM,NSE,STK,13951,INE074B01023,PARACABLES,EQ,,,,,PARAMOUNT COMM LTD,58.58,59.39,56.00,56.36,57.15,57.85,,56.36,,,1234180,70889286.48,6782,F1,1,,,,,
2026-09-30,2026-09-30,CM,NSE,STK,25716,INE0TG801013,PARAMOUNT,SM,,,,,PARAMOUNT DYE TEC LIMITED,40.10,40.10,40.10,40.10,40.10,38.20,,40.10,,,4800,192480.00,4,F1,1200,,,,,
2026-09-30,2026-09-30,CM,NSE,STK,25431,INE0Q6001012,PSFL,SM,,,,,PARAMOUNT SPECIALI FORG L,31.70,32.25,31.70,32.25,32.25,34.00,,32.25,,,4000,127900.00,2,F1,2000,,,,,
2026-09-30,2026-09-30,CM,NSE,STK,5911,INE045601023,PARAS,EQ,,,,,PARAS DEF AND SPCE TECH L,1325.00,1346.00,1303.00,1311.00,1310.90,1325.00,,1311.08,,,529254,702833173.60,33732,F1,1,,,,,
2026-09-30,2026-09-30,CM,NSE,STK,3972,INE162C01024,PARASPETRO,EQ,,,,,PARAS PETROFILS LTD.,2.09,2.12,2.04,2.07,2.09,2.07,,2.07,,,45657,94929.96,182,F1,1,,,,,
2026-09-30,2026-09-30,CM,NSE,STK,766227,INE00U801010,PARIN,EQ,,,,,PARIN ENTERPRISES LIMITED,724.95,724.95,702.60,710.90,715.20,720.35,,710.90,,,26781,19008105.90,1952,F1,1,,,,,
2026-09-30,2026-09-30,CM,NSE,STK,760351,INE119201023,PARKHOSPS,EQ,,,,,PARK MEDI WORLD LIMITED,275.45,279.50,268.40,274.95,274.00,275.45,,274.94,,,877385,240101201.35,13805,F1,1,,,,,
2026-09-30,2026-09-30,CM,NSE,STK,22649,INE988S01028,PARKHOTELS,EQ,,,,,PARKHOTELS,102.00,107.50,99.97,105.92,106.05,102.02,,105.92,,,488392,50865522.80,12057,F1,1,,,,,
2026-09-30,2026-09-30,CM,NSE,STK,764833,INE383L01019,PARNAXLAB,EQ,,,,,PARNAX LAB LTD.,112.00,117.74,109.99,111.73,111.00,113.37,,111.60,,,2982,332852.59,122,F1,1,,,,,
2026-09-30,2026-09-30,CM,NSE,STK,13795,INE561H01026,PARSVNATH,BE,,,,,PARSVNATH DEVELOPER LTD,2.09,2.09,2.09,2.09,2.09,2.05,,2.09,,,57122,119384.98,37,F1,1,,,,,
2026-09-30,2026-09-30,CM,NSE,STK,758217,INE1H7V01011,PARTH,SM,,,,,PARTH ELEC & ENG LTD,505.00,522.95,501.00,505.95,509.90,502.00,,505.95,,,14000,7080160.00,28,F1,400,,,,,
2026-09-30,2026-09-30,CM,NSE,STK,2599,INE06ZX01015,PARTYCRUS,SM,,,,,PARTY CRUISERS LIMITED,98.50,98.50,98.50,98.50,98.50,98.95,,98.50,,,1000,98500.00,1,F1,1000,,,,,
2026-09-30,2026-09-30,CM,NSE,STK,766247,INE06ZX20015,PARTY-RE,ST,,,,,PARTY CRUISERS LTD,0.15,0.15,0.15,0.15,0.15,0.10,,0.15,,,332,49.80,2,F1,166,,,,,
2026-09-30,2026-09-30,CM,NSE,STK,757955,INE124Y01028,PASHUPATI,EQ,,,,,PASHUPATI COTSPIN LIMITED,111.26,111.26,74.18,75.40,74.18,92.72,,75.38,,,2778737,240791192.47,25303,F1,1,,,,,
2026-09-30,2026-09-30,CM,NSE,STK,6045,INE818B01023,PASUPTAC,EQ,,,,,PASUPATI ACRYLON LIMITED,76.10,76.89,71.87,72.73,72.05,75.20,,72.75,,,180671,13509299.43,2516,F1,1,,,,,
2026-09-30,2026-09-30,CM,NSE,STK,17029,INE619A01035,PATANJALI,EQ,,,,,PATANJALI FOODS LIMITED,369.70,372.25,363.00,363.00,363.00,371.40,,363.00,,,1344954,494506780.90,39615,F1,1,,,,,
2026-09-30,2026-09-30,CM,NSE,STK,11699,INE244B01030,PATELENG,EQ,,,,,PATEL ENGINEERING LTD.,26.41,27.45,26.35,26.45,26.41,26.45,,26.45,,,1520750,40696210.72,6828,F1,1,,,,,
2026-09-30,2026-09-30,CM,NSE,STK,15219,INE529D01014,PATINTLOG,EQ,,,,,PATEL INT. LOG. LTD,13.57,13.80,13.00,13.11,13.05,13.51,,13.08,,,72397,959756.63,301,F1,1,,,,,
2026-09-30,2026-09-30,CM,NSE,STK,759439,INE0R8B01010,PATELRMART,EQ,,,,,PATEL RETAIL LIMITED,215.00,219.60,210.50,211.52,212.39,213.59,,211.52,,,55798,11963079.10,1308,F1,1,,,,,
2026-09-30,2026-09-30,CM,NSE,STK,756966,INE17GV01016,PATILAUTOM,ST,,,,,PATIL AUTOMATION LIMITED,343.25,347.00,338.60,338.75,338.75,343.25,,338.75,,,30600,10466520.00,45,F1,600,,,,,
2026-09-30,2026-09-30,CM,NSE,STK,762834,INE291E01019,PML,EQ,,,,,PAUL MERCHANTS LTD.,498.95,498.95,465.00,465.85,477.30,472.70,,465.57,,,1277,599529.45,72,F1,1,,,,,
2026-09-30,2026-09-30,CM,NSE,STK,759969,INE111F01024,PAUSHAKLTD,EQ,,,,,PAUSHAK LIMITED,672.50,680.90,651.20,665.25,658.60,668.30,,665.20,,,26250,17525344.00,1979,F1,1,,,,,
2026-09-30,2026-09-30,CM,NSE,STK,16192,INE07S101038,PAVNAIND,EQ,,,,,PAVNA INDUSTRIES LIMITED,15.34,16.10,15.34,15.46,15.42,15.77,,15.46,,,40169,626407.52,310,F1,1,,,,,
2026-09-30,2026-09-30,CM,NSE,STK,6656,INE417T01026,POLICYBZR,EQ,,,,,PB FINTECH LIMITED,1087.00,1098.00,1031.40,1063.90,1063.90,1081.00,,1063.92,,,8915211,9483360945.60,223420,F1,1,,,,,
2026-09-30,2026-09-30,CM,NSE,STK,29124,INE785M01021,PCJEWELLER,EQ,,,,,PC JEWELLER LTD,13.29,13.74,13.11,13.20,13.20,13.23,,13.20,,,227698090,3070139132.05,126895,F1,1,,,,,
2026-09-30,2026-09-30,CM,NSE,STK,2649,INE602A01031,PCBL,EQ,,,,,PCBL CHEMICAL LIMITED,330.45,339.80,330.15,331.10,331.50,330.45,,331.10,,,1026589,343492628.65,30246,F1,1,,,,,
2026-09-30,2026-09-30,CM,NSE,STK,5264,INE111Q01021,PDSL,EQ,,,,,PDS LIMITED,350.00,357.00,349.85,352.30,353.00,348.95,,352.30,,,61453,21774655.20,8114,F1,1,,,,,
2026-09-30,2026-09-30,CM,NSE,STK,14260,INE940H01022,PGIL,EQ,,,,,PEARL GLOBAL IND LIMITED,1297.50,1324.60,1280.00,1282.10,1287.90,1290.40,,1282.14,,,87275,113144782.30,9838,F1,1,,,,,
2026-09-30,2026-09-30,CM,NSE,STK,2610,INE844A01013,PEARLPOLY,EQ,,,,,PEARL POLYMERS LTD,17.63,17.76,17.09,17.75,17.75,16.92,,17.82,,,7471,131101.65,65,F1,1,,,,,
2026-09-30,2026-09-30,CM,NSE,STK,25408,INE0VG601013,PELATRO,SM,,,,,PELATRO LIMITED,402.80,402.80,393.50,400.25,400.00,402.80,,400.25,,,35100,14035920.00,61,F1,300,,,,,
2026-09-30,2026-09-30,CM,NSE,STK,2256,INE138A01028,PENINLAND,EQ,,,,,PENINSULA LAND LIMITED,15.21,15.99,15.00,15.05,15.08,15.48,,15.05,,,247368,3794578.09,1112,F1,1,,,,,
2026-09-30,2026-09-30,CM,NSE,STK,20621,INE932A01024,PENIND,EQ,,,,,PENNAR INDUSTRIES LTD,183.00,187.25,182.10,184.00,184.19,180.28,,183.97,,,783073,144621617.04,11228,F1,1,,,,,
2026-09-30,2026-09-30,CM,NSE,STK,17139,INE0ORS01017,PENTAGON,ST,,,,,PENTAGON RUBBER LIMITED,85.00,85.00,85.00,85.00,85.00,86.00,,85.00,,,1000,85000.00,1,F1,1000,,,,,
2026-09-30,2026-09-30,CM,NSE,STK,758121,INE925S01012,PERFECT,SZ,,,,,PERFECT INFRAENGINEER LTD,1.70,1.70,1.70,1.70,1.70,1.70,,1.70,,,6000,10200.00,2,F1,3000,,,,,
2026-09-30,2026-09-30,CM,NSE,STK,764838,INE418E01018,PERMAGN,EQ,,,,,PERMANENT MAGNETS LTD.,840.00,841.75,825.05,832.05,837.45,837.10,,832.16,,,1822,1519834.75,241,F1,1,,,,,
2026-09-30,2026-09-30,CM,NSE,STK,18365,INE262H01021,PERSISTENT,EQ,,,,,PERSISTENT SYSTEMS LTD,5200.00,5397.00,5200.00,5279.00,5279.00,5162.00,,5279.01,,,611251,3232685006.50,47849,F1,1,,,,,
2026-09-30,2026-09-30,CM,NSE,STK,24290,INE998U01015,PCCL,SM,,,,,PETRO CARBON AND CHEMI L,430.10,438.00,430.10,434.90,434.90,440.00,,434.90,,,4400,1918720.00,8,F1,400,,,,,
2026-09-30,2026-09-30,CM,NSE,STK,11351,INE347G01014,PETRONET,EQ,,,,,PETRONET LNG LIMITED,285.10,288.90,284.00,284.50,284.50,282.95,,284.50,,,2419296,692213965.85,46496,F1,1,,,,,
2026-09-30,2026-09-30,CM,NSE,STK,760801,INE134E07DP0,7PFCL31,N3,,,,,PFCL 7.00% 2031 SR I,1015.00,1015.00,1015.00,1015.00,1015.00,1015.00,,1015.00,,,15,15225.00,2,F1,1,,,,,
2026-09-30,2026-09-30,CM,NSE,STK,2643,INE182A01018,PFIZER,EQ,,,,,PFIZER LTD,3916.00,3933.80,3833.50,3875.30,3875.00,3912.90,,3875.31,,,39848,154188160.60,9514,F1,1,,,,,
2026-09-30,2026-09-30,CM,NSE,STK,759563,INE140A07765,920PFL28,N2,,,,,PFL 9.20% SR III 2028,1079.00,1079.00,1076.20,1077.00,1077.00,1061.65,,1078.50,,,56,60299.60,3,F1,1,,,,,
2026-09-30,2026-09-30,CM,NSE,STK,25358,INE457L01029,PGEL,EQ,,,,,PG ELECTROPLAST LTD,499.90,506.00,493.45,493.45,493.45,493.15,,493.46,,,825728,412022556.80,22552,F1,1,,,,,
2026-09-30,2026-09-30,CM,NSE,STK,11612,INE0MLZ01019,PHANTOMFX,SM,,,,,PHANTOM DIGITAL EFF LTD,88.25,90.00,86.95,88.25,87.00,88.00,,88.25,,,17400,1546965.00,40,F1,300,,,,,
2026-09-30,2026-09-30,CM,NSE,STK,2658,INE245B01011,PHOENXINTL,EQ,,,,,PHOENIX INTERNATIONAL LTD,28.40,29.55,28.16,28.71,28.40,28.05,,28.71,,,3924,113757.38,51,F1,1,,,,,
2026-09-30,2026-09-30,CM,NSE,STK,25513,INE0FPO01018,PHOGLOBAL,SM,,,,,PHOENIX OVERSEAS LIMITED,16.85,16.85,16.50,16.50,16.50,17.05,,16.50,,,4000,66700.00,2,F1,2000,,,,,
2026-09-30,2026-09-30,CM,NSE,STK,759723,INE0LP301011,PWL,EQ,,,,,PHYSICSWALLAH LIMITED,126.05,126.70,122.00,123.48,122.65,125.15,,123.49,,,5681880,707303173.03,42128,F1,1,,,,,
2026-09-30,2026-09-30,CM,NSE,STK,24184,INE603J01030,PIIND,EQ,,,,,PI INDUSTRIES LTD,2290.00,2322.80,2270.00,2310.00,2310.00,2288.80,,2309.97,,,174009,400098642.70,17393,F1,1,,,,,
2026-09-30,2026-09-30,CM,NSE,STK,757754,INE546C01010,PICCADIL,EQ,,,,,PICCADILY AGRO INDUSTRI L,606.90,613.25,588.55,592.35,590.50,602.85,,592.40,,,87459,52515256.65,7172,F1,1,,,,,
2026-09-30,2026-09-30,CM,NSE,STK,24785,INE0YAL01017,PPSL,SM,,,,,PICTUREPOST STUDIOS LTD,2.80,2.85,2.75,2.85,2.85,2.75,,2.85,,,24000,67650.00,7,F1,3000,,,,,
2026-09-30,2026-09-30,CM,NSE,STK,2664,INE318A01026,PIDILITIND,EQ,,,,,PIDILITE INDUSTRIES LTD,1481.00,1496.90,1465.10,1465.10,1465.10,1461.00,,1465.11,,,940925,1390722018.50,44978,F1,1,,,,,
2026-09-30,2026-09-30,CM,NSE,STK,30835,INE600A01035,PILITA,EQ,,,,,PIL ITALICA LIFESTYLE LTD,7.70,7.70,7.17,7.52,7.63,7.34,,7.52,,,45283,334831.66,163,F1,1,,,,,
2026-09-30,2026-09-30,CM,NSE,STK,11445,INE417C01014,PILANIINVS,EQ,,,,,PILANI INV & IND COR LTD,4050.00,4127.00,3901.80,3956.50,3973.60,4027.70,,3957.70,,,5707,22893403.30,1520,F1,1,,,,,
2026-09-30,2026-09-30,CM,NSE,STK,759820,INE15B701018,PINELABS,EQ,,,,,PINE LABS LIMITED,172.00,176.75,169.14,171.79,171.45,171.55,,171.79,,,19780220,3432720221.56,111637,F1,1,,,,,
2026-09-30,2026-09-30,CM,NSE,STK,13463,INE156C01018,PIONEEREMB,EQ,,,,,PIONEER EMBROIDERIES LTD,21.00,21.25,20.45,20.59,21.00,20.79,,20.59,,,7008,145368.13,62,F1,1,,,,,
2026-09-30,2026-09-30,CM,NSE,STK,762832,INE746D01014,PIONRINV,BE,,,,,PIONEER INVESTCORP LTD.,75.95,80.80,75.95,75.95,75.95,77.50,,75.95,,,711,57419.45,6,F1,1,,,,,
2026-09-30,2026-09-30,CM,NSE,STK,759551,INE202B01038,PIRAMALFIN,EQ,,,,,PIRAMAL FINANCE LIMITED,2098.00,2127.50,2012.00,2043.90,2033.00,2127.50,,2043.91,,,230032,476835998.10,22155,F1,1,,,,,
2026-09-30,2026-09-30,CM,NSE,STK,11571,INE0DK501011,PPLPHARMA,EQ,,,,,PIRAMAL PHARMA LIMITED,209.00,210.40,205.21,206.52,206.00,209.07,,206.51,,,2240520,463916268.74,35726,F1,1,,,,,
2026-09-30,2026-09-30,CM,NSE,STK,14134,INE450D01021,PITTIENG,EQ,,,,,PITTI ENGINEERING LIMITED,1132.00,1154.80,1131.30,1139.50,1142.80,1131.40,,1139.53,,,35903,40988076.60,4456,F1,1,,,,,
2026-09-30,2026-09-30,CM,NSE,STK,9087,INE751B01018,PIXTRANS,EQ,,,,,PIX TRANSMISSIONS LIMITED,1732.30,1762.00,1725.00,1726.90,1725.00,1728.10,,1726.79,,,4070,7070832.50,865,F1,1,,,,,
2026-09-30,2026-09-30,CM,NSE,STK,13920,INE083C01022,PLASTIBLEN,EQ,,,,,PLASTIBLENDS INDIA LTD,205.85,207.00,199.23,200.29,200.89,204.50,,200.24,,,39036,7906262.28,1169,F1,1,,,,,
2026-09-30,2026-09-30,CM,NSE,STK,22930,INE0PT501018,PLATIND,EQ,,,,,PLATINUM INDUSTRIES LTD,207.02,210.89,205.41,206.85,207.70,205.70,,206.86,,,27227,5635866.09,822,F1,1,,,,,
2026-09-30,2026-09-30,CM,NSE,STK,19458,INE0INJ01017,PLAZACABLE,EQ,,,,,PLAZA WIRES LIMITED,61.88,61.88,59.05,59.15,59.05,59.90,,59.14,,,59674,3585628.37,951,F1,1,,,,,
2026-09-30,2026-09-30,CM,NSE,STK,8736,INE859A01011,PNBGILTS,EQ,,,,,PNB GILTS LIMITED,72.00,78.90,72.00,73.99,73.55,71.89,,73.99,,,2682738,203041566.78,18722,F1,1,,,,,
2026-09-30,2026-09-30,CM,NSE,STK,18908,INE572E01012,PNBHOUSING,EQ,,,,,PNB HOUSING FIN LTD.,1098.00,1132.50,1095.90,1120.00,1120.00,1098.20,,1120.00,,,1164222,1303975082.10,55567,F1,1,,,,,
2026-09-30,2026-09-30,CM,NSE,STK,9385,INE195J01029,PNCINFRA,EQ,,,,,PNC INFRATECH LTD.,130.05,134.89,130.05,133.18,133.25,129.80,,133.18,,,790721,104644757.81,11710,F1,1,,,,,
2026-09-30,2026-09-30,CM,NSE,STK,9342,INE392B01011,PNC,EQ,,,,,PNC MEDIA AND ENT LTD,17.40,18.50,16.40,17.65,17.50,17.40,,17.65,,,10929,193474.89,255,F1,1,,,,,
2026-09-30,2026-09-30,CM,NSE,STK,760242,INE1RDG01013,PNGSREVA,EQ,,,,,PNGS REVA DIAMOND JEWEL L,517.60,524.95,508.70,511.65,510.80,513.40,,511.65,,,78605,40631997.90,3639,F1,1,,,,,
2026-09-30,2026-09-30,CM,NSE,STK,19036,INE371C01013,PODDARMENT,EQ,,,,,PODDAR PIGMENTS LIMITED,259.20,266.70,255.60,257.15,262.50,259.05,,257.15,,,2926,764840.45,159,F1,1,,,,,
2026-09-30,2026-09-30,CM,NSE,STK,17651,INE637C01025,POKARNA,EQ,,,,,POKARNA LIMITED,724.40,737.75,702.25,705.70,703.05,718.05,,705.76,,,79843,56984854.20,4725,F1,1,,,,,
2026-09-30,2026-09-30,CM,NSE,STK,25718,INE205C01021,POLYMED,EQ,,,,,POLY MEDICURE LIMITED,1639.90,1684.50,1625.80,1673.80,1682.00,1644.70,,1673.84,,,118032,195593208.90,15276,F1,1,,,,,
2026-09-30,2026-09-30,CM,NSE,STK,9590,INE455K01017,POLYCAB,EQ,,,,,POLYCAB INDIA LIMITED,8102.50,8177.00,8026.00,8026.00,8026.00,8102.50,,8026.09,,,494724,4003875304.00,55306,F1,1,,,,,
2026-09-30,2026-09-30,CM,NSE,STK,2687,INE633B01018,POLYPLEX,EQ,,,,,POLYPLEX CORPORATION LTD,1066.60,1117.50,1050.00,1055.00,1061.20,1061.30,,1055.02,,,38586,41322005.10,3342,F1,1,,,,,
2026-09-30,2026-09-30,CM,NSE,STK,22711,INE517M01028,POLYSIL,SM,,,,,POLYSIL IRRIGATION SYST L,58.90,60.90,56.60,60.65,60.85,58.60,,60.65,,,11000,655150.00,14,F1,500,,,,,
2026-09-30,2026-09-30,CM,NSE,STK,765150,INE914G01029,POLYSPIN,EQ,,,,,POLYSPIN EXPORTS LTD.,30.00,31.39,29.30,31.22,31.22,31.46,,31.05,,,918,27563.94,28,F1,1,,,,,
2026-09-30,2026-09-30,CM,NSE,STK,14385,INE063E01061,POCL,EQ,,,,,PONDY OXIDES & CHEM LTD,464.20,466.65,450.00,452.65,455.75,461.60,,452.65,,,373694,169815520.25,11646,F1,1,,,,,
2026-09-30,2026-09-30,CM,NSE,STK,10661,INE838E01017,PONNIERODE,EQ,,,,,PONNIE SUGARS (ERODE) LTD,382.30,394.20,370.05,372.20,371.00,384.15,,372.20,,,21766,8229019.95,1516,F1,1,,,,,
2026-09-30,2026-09-30,CM,NSE,STK,766292,INE1C2Q01017,POOJALOGIS,ST,,,,,POOJA LOGISTICS LIMITED,118.00,123.90,118.00,123.90,123.90,115.00,,123.90,,,1658400,197659680.00,713,F1,1200,,,,,
2026-09-30,2026-09-30,CM,NSE,STK,11403,INE511C01022,POONAWALLA,EQ,,,,,POONAWALLA FINCORP LTD,445.10,453.90,442.20,443.85,445.25,443.00,,443.85,,,687449,307496359.95,26237,F1,1,,,,,
2026-09-30,2026-09-30,CM,NSE,STK,23142,INE772T01024,PVSL,EQ,,,,,POPULAR VEHICLES N SER L,95.02,99.96,95.00,95.50,95.35,97.01,,95.50,,,15961,1524855.48,512,F1,1,,,,,
2026-09-30,2026-09-30,CM,NSE,STK,24864,INE0S3H01017,POSITRON,SM,,,,,POSITRON ENERGY LIMITED,238.80,238.80,230.00,236.95,236.95,230.00,,236.95,,,5100,1200105.00,17,F1,300,,,,,
2026-09-30,2026-09-30,CM,NSE,STK,14299,INE134E01011,PFC,EQ,,,,,POWER FIN CORP LTD.,325.85,332.50,325.00,325.50,325.50,324.10,,325.50,,,9986223,3279326367.80,81726,F1,1,,,,,
2026-09-30,2026-09-30,CM,NSE,STK,14977,INE752E01010,POWERGRID,EQ,,,,,POWER GRID CORP. LTD.,261.50,262.00,258.10,260.50,260.50,261.50,,260.50,,,9769840,2544362365.70,88676,F1,1,,,,,
2026-09-30,2026-09-30,CM,NSE,STK,15716,INE557Z01018,PIGL,EQ,,,,,POWER INSTRUMENT (G) LTD,96.70,98.71,95.50,96.34,96.00,96.92,,96.34,,,34714,3364191.67,1451,F1,1,,,,,
2026-09-30,2026-09-30,CM,NSE,STK,10473,INE211R01019,POWERMECH,EQ,,,,,POWER MECH PROJECTS LTD.,2488.90,2535.00,2442.00,2490.50,2488.00,2397.20,,2490.51,,,293610,728145715.20,33615,F1,1,,,,,
2026-09-30,2026-09-30,CM,NSE,STK,3494,INE0GGX23010,PGINVIT,IV,,,,,POWERGRID INFRA. INVITS,102.20,102.50,101.97,102.41,102.35,102.03,,102.41,,,978488,100075991.84,9061,F1,1,,,,,
2026-09-30,2026-09-30,CM,NSE,STK,761680,INE921L01032,POWERICA,EQ,,,,,POWERICA LIMITED,607.00,620.85,598.00,600.60,601.50,599.75,,600.61,,,308631,186374234.25,11562,F1,1,,,,,
2026-09-30,2026-09-30,CM,NSE,STK,15213,INE095I01015,PPAP,BE,,,,,PPAP AUTOMOTIVE LIMITED,232.00,242.00,231.95,234.45,234.00,234.30,,234.69,,,5803,1372386.45,131,F1,1,,,,,
2026-09-30,2026-09-30,CM,NSE,STK,30134,INE0I0M01023,PRABHA,EQ,,,,,PRABHA ENERGY LIMITED,226.00,229.80,220.15,222.03,220.15,224.41,,222.05,,,44247,9988364.32,1321,F1,1,,,,,
2026-09-30,2026-09-30,CM,NSE,STK,762842,INE770A01010,PRADPME,BE,,,,,PRADEEP METALS LTD.,473.00,483.70,460.00,460.35,460.15,473.75,,460.56,,,13662,6367065.65,109,F1,1,,,,,
2026-09-30,2026-09-30,CM,NSE,STK,2705,INE074A01025,PRAJIND,EQ,,,,,PRAJ INDUSTRIES LTD,307.75,312.50,304.50,305.85,306.80,307.75,,305.86,,,391097,120685515.30,12122,F1,1,,,,,
2026-09-30,2026-09-30,CM,NSE,STK,13941,INE505C01016,PRAENG,EQ,,,,,PRAJAY ENG. SYN. LTD.,22.88,22.88,21.00,21.18,21.17,21.76,,21.18,,,46147,994084.29,526,F1,1,,,,,
2026-09-30,2026-09-30,CM,NSE,STK,2708,INE603A01013,PRAKASH,EQ,,,,,PRAKASH INDUSTRIES LTD,120.85,129.00,120.62,123.72,122.86,121.62,,123.72,,,750601,93932962.64,10716,F1,1,,,,,
2026-09-30,2026-09-30,CM,NSE,STK,10299,INE050001010,PPL,BE,,,,,PRAKASH PIPES LIMITED,249.45,255.20,245.10,253.35,252.00,251.50,,253.41,,,11802,2978033.80,239,F1,1,,,,,
2026-09-30,2026-09-30,CM,NSE,STK,19599,INE696K01024,PRAKASHSTL,EQ,,,,,PRAKASH STEELAGE LTD,3.64,3.64,3.55,3.59,3.60,3.59,,3.59,,,86867,310824.20,255,F1,1,,,,,
2026-09-30,2026-09-30,CM,NSE,STK,18514,INE0O7A01017,PRAMARA,SM,,,,,PRAMARA PROMOTIONS LTD,116.50,116.50,107.40,107.45,107.45,113.05,,107.45,,,35000,3833750.00,58,F1,500,,,,,
2026-09-30,2026-09-30,CM,NSE,STK,765287,INE2JG601017,PRAMODINI,SM,,,,,PRAMODINI MEDICARE LTD,117.50,121.70,117.30,118.60,117.50,117.65,,118.60,,,56400,6745800.00,47,F1,1200,,,,,
2026-09-30,2026-09-30,CM,NSE,STK,766000,INE0H4201019,PRANAV,EQ,,,,,PRANAV CONSTRUCTIONS LTD,101.50,103.15,97.25,100.10,99.80,100.18,,100.09,,,2087332,210905654.48,15195,F1,1,,,,,
2026-09-30,2026-09-30,CM,NSE,STK,25818,INE0VJG01014,PRANIK,SM,,,,,PRANIK LOGISTICS LIMITED,46.60,46.60,45.15,45.15,45.15,47.35,,45.15,,,3200,146800.00,2,F1,1600,,,,,
2026-09-30,2026-09-30,CM,NSE,STK,766016,INE455U01024,PRASOLCHEM,EQ,,,,,PRASOL CHEMICALS LIMITED,868.25,914.90,812.30,839.10,815.00,840.15,,839.23,,,2133289,1841420829.50,91252,F1,1,,,,,
2026-09-30,2026-09-30,CM,NSE,STK,21840,INE393P01035,DIAMONDYD,EQ,,,,,PRATAAP SNACKS LIMITED,1061.00,1124.90,1056.20,1108.50,1110.00,1051.10,,1108.53,,,164680,179061308.90,6037,F1,1,,,,,
2026-09-30,2026-09-30,CM,NSE,STK,23113,INE0QA601016,PRATHAM,SM,,,,,PRATHAM EPC PROJECTS LTD,120.00,126.00,120.00,125.95,125.95,120.00,,125.95,,,8400,1050800.00,17,F1,400,,,,,
2026-09-30,2026-09-30,CM,NSE,STK,762844,INE722B01019,PRAVEG,EQ,,,,,PRAVEG LTD.,244.35,248.00,240.50,241.80,241.00,242.60,,241.94,,,18438,4497951.45,649,F1,1,,,,,
2026-09-30,2026-09-30,CM,NSE,STK,1204,INE546Y01022,PRAXIS,EQ,,,,,PRAXIS HOME RETAIL LTD,4.70,4.89,4.59,4.59,4.59,4.83,,4.58,,,50073,233845.64,117,F1,1,,,,,
2026-09-30,2026-09-30,CM,NSE,STK,12603,INE484I01029,PRECAM,EQ,,,,,PRECISION CAMSHAFTS LTD.,117.65,120.19,116.30,116.78,116.30,117.16,,116.79,,,78594,9280503.79,2171,F1,1,,,,,
2026-09-30,2026-09-30,CM,NSE,STK,7963,INE0HKW01018,PRECISION,ST,,,,,PRECISION METALIKS LTD,7.00,7.00,6.70,6.80,6.80,6.80,,6.80,,,10000,68000.00,3,F1,2000,,,,,
2026-09-30,2026-09-30,CM,NSE,STK,2717,INE372C01037,PRECWIRE,EQ,,,,,PRECISION WIRES INDIA LTD,497.50,509.00,490.25,492.45,493.00,500.15,,492.35,,,310956,154812467.10,18353,F1,1,,,,,
2026-09-30,2026-09-30,CM,NSE,STK,2711,INE283A01014,PRECOT,EQ,,,,,PRECOT LIMITED,650.00,650.10,615.00,627.70,643.40,638.55,,627.70,,,2044,1289109.75,127,F1,1,,,,,
2026-09-30,2026-09-30,CM,NSE,STK,762849,INE001E01012,PREMCO,EQ,,,,,PREMCO GLOBAL LTD.,398.30,405.00,398.05,400.85,401.00,398.30,,401.20,,,806,324015.25,38,F1,1,,,,,
2026-09-30,2026-09-30,CM,NSE,STK,25049,INE0BS701011,PREMIERENE,EQ,,,,,PREMIER ENERGIES LIMITED,868.30,883.00,865.20,870.10,870.10,870.00,,870.13,,,1144007,1001163610.40,31941,F1,1,,,,,
2026-09-30,2026-09-30,CM,NSE,STK,17397,INE863B01029,PREMEXPLN,EQ,,,,,PREMIER EXPLOSIVES LTD,676.00,685.70,676.00,684.10,684.50,675.30,,684.10,,,494973,338024504.70,4155,F1,1,,,,,
2026-09-30,2026-09-30,CM,NSE,STK,6248,INE342A01018,PREMIER,BE,,,,,PREMIER LIMITED,2.75,2.77,2.73,2.73,2.73,2.66,,2.83,,,2674,7346.18,22,F1,1,,,,,
2026-09-30,2026-09-30,CM,NSE,STK,3908,INE309M01020,PREMIERPOL,EQ,,,,,PREMIER POLYFILM LTD,97.89,97.89,92.00,92.76,92.20,95.89,,92.77,,,208407,19545690.85,3818,F1,1,,,,,
2026-09-30,2026-09-30,CM,NSE,STK,23764,INE0CFG01012,PRLIND,SM,,,,,PREMIER ROADLINES LIMITED,45.25,45.25,45.25,45.25,45.25,45.20,,45.25,,,1000,45250.00,1,F1,1000,,,,,
2026-09-30,2026-09-30,CM,NSE,STK,25898,INE0M1F01011,PREMIUM,SM,,,,,PREMIUM PLAST LIMITED,44.30,46.00,44.00,45.90,46.00,44.00,,45.90,,,54000,2420400.00,18,F1,3000,,,,,
2026-09-30,2026-09-30,CM,NSE,STK,20506,INE0R1601012,PRESSTONIC,ST,,,,,PRESSTONIC ENGINEERING L,47.80,50.00,46.05,47.65,47.90,47.80,,47.65,,,36000,1740000.00,41,F1,800,,,,,
2026-09-30,2026-09-30,CM,NSE,STK,20302,INE811K01011,PRESTIGE,EQ,,,,,PRESTIGE ESTATE LTD,1425.00,1493.00,1420.50,1481.90,1481.90,1417.50,,1481.90,,,1284002,1891568561.00,57208,F1,1,,,,,
2026-09-30,2026-09-30,CM,NSE,STK,19631,INE726V01018,PRICOLLTD,EQ,,,,,PRICOL LIMITED,752.00,763.90,742.15,747.60,742.40,749.35,,747.68,,,240483,180906016.75,15856,F1,1,,,,,
2026-09-30,2026-09-30,CM,NSE,STK,759075,INE0CQA01020,PRIMECAB,ST,,,,,PRIME CABLE INDUSTRIES L,196.40,196.45,196.40,196.45,196.45,187.10,,196.45,,,20800,4085600.00,12,F1,1600,,,,,
2026-09-30,2026-09-30,CM,NSE,STK,13496,INE367G01038,PFOCUS,EQ,,,,,PRIME FOCUS LIMITED,318.65,326.00,313.35,316.00,315.50,317.50,,316.00,,,3709507,1190175486.30,31026,F1,1,,,,,
2026-09-30,2026-09-30,CM,NSE,STK,11864,INE032B01021,PRIMESECU,EQ,,,,,PRIME SECURITIES LIMITED,300.25,302.90,291.10,298.45,292.15,302.50,,298.45,,,5435,1615009.20,221,F1,1,,,,,
2026-09-30,2026-09-30,CM,NSE,STK,756925,INE607A01022,PRIMO,EQ,,,,,PRIMO CHEMICALS LIMITED,27.90,28.00,26.40,26.64,26.51,27.38,,26.63,,,448253,12227492.38,1740,F1,1,,,,,
2026-09-30,2026-09-30,CM,NSE,STK,16045,INE689W01016,PRINCEPIPE,EQ,,,,,PRINCE PIPES FITTINGS LTD,257.75,261.70,255.00,255.75,255.25,255.85,,255.74,,,55165,14197657.65,2323,F1,1,,,,,
2026-09-30,2026-09-30,CM,NSE,STK,765558,INE15EH01014,PRIORITY,EQ,,,,,PRIORITY JEWELS LIMITED,305.00,326.80,297.80,301.60,299.95,293.64,,301.68,,,517501,162311503.53,13501,F1,1,,,,,
2026-09-30,2026-09-30,CM,NSE,STK,2739,INE010A01011,PRSMJOHNSN,EQ,,,,,PRISM JOHNSON LIMITED,109.89,111.29,108.25,108.74,108.90,109.27,,108.74,,,221376,24361976.90,4520,F1,1,,,,,
2026-09-30,2026-09-30,CM,NSE,STK,765155,INE286N01028,PRISMX,EQ,,,,,PRISMX GLOBAL VENTURES L,0.54,0.55,0.52,0.52,0.53,0.53,,0.52,,,270697,144282.22,138,F1,1,,,,,
2026-09-30,2026-09-30,CM,NSE,STK,8304,INE974Z01015,PRITI,EQ,,,,,PRITI INTERNATIONAL LTD,32.98,32.98,32.00,32.71,32.00,32.14,,32.71,,,5984,193724.58,82,F1,1,,,,,
2026-09-30,2026-09-30,CM,NSE,STK,5292,INE583R01029,PRITIKAUTO,EQ,,,,,PRITIKA AUTO INDUS LTD,19.00,19.00,16.91,17.08,17.15,18.40,,17.08,,,394236,6995893.76,1502,F1,1,,,,,
2026-09-30,2026-09-30,CM,NSE,STK,8825,INE959A01019,PRIVISCL,EQ,,,,,PRIVI SPECIALITY CHE LTD,3605.00,3624.00,3557.30,3586.60,3565.20,3605.50,,3585.97,,,102693,368374584.70,15989,F1,1,,,,,
2026-09-30,2026-09-30,CM,NSE,STK,24511,INE0V9N01017,PRIZOR,ST,,,,,PRIZOR VIZTECH LIMITED,1173.50,1173.50,1173.50,1173.50,1173.50,1150.65,,1173.50,,,5200,6102200.00,11,F1,400,,,,,
2026-09-30,2026-09-30,CM,NSE,STK,757806,INE0VJT01017,PROFX,SM,,,,,PRO FX TECH LIMITED,69.95,69.95,68.00,68.25,68.25,69.95,,68.25,,,6400,438800.00,4,F1,1600,,,,,
2026-09-30,2026-09-30,CM,NSE,STK,940,INE199A01012,PGHL,EQ,,,,,PROCTER & GAMBLE HEALTH L,5644.50,5696.00,5503.50,5563.00,5570.00,5696.00,,5562.97,,,10902,60590934.50,4629,F1,1,,,,,
2026-09-30,2026-09-30,CM,NSE,STK,764345,INE1FFX01018,PROPSHOP,SM,,,,,PROPSHOP EVENTS AND EXH L,68.65,68.65,66.50,66.50,66.50,69.00,,66.50,,,8000,538500.00,4,F1,2000,,,,,
2026-09-30,2026-09-30,CM,NSE,STK,758173,INE0BX301013,PROSTARM,EQ,,,,,PROSTARM INFO SYSTEMS LTD,134.71,138.50,134.05,134.66,135.84,135.83,,134.67,,,156328,21236893.32,2916,F1,1,,,,,
2026-09-30,2026-09-30,CM,NSE,STK,29472,INE004A01022,PROTEAN,EQ,,,,,PROTEAN EGOV TECHNO LTD,666.65,684.40,651.65,659.30,657.35,666.65,,659.17,,,574562,384474689.65,15711,F1,1,,,,,
2026-09-30,2026-09-30,CM,NSE,STK,28859,INE195N01013,PROZONER,EQ,,,,,PROZONE REALTY LIMITED,56.10,57.70,55.85,56.52,56.35,56.20,,56.52,,,1330700,75332818.24,2914,F1,1,,,,,
2026-09-30,2026-09-30,CM,NSE,STK,9553,INE00F201020,PRUDENT,EQ,,,,,PRUDENT CORP ADV SER LTD,3105.70,3150.00,3084.20,3129.20,3100.00,3098.70,,3128.48,,,30361,94362292.00,3020,F1,1,,,,,
2026-09-30,2026-09-30,CM,NSE,STK,20527,INE024D01016,PRUDMOULI,EQ,,,,,PRUDENTIAL SUGAR CORPORAT,14.00,14.00,12.60,13.39,13.33,13.98,,13.44,,,6380,85238.84,67,F1,1,,,,,
2026-09-30,2026-09-30,CM,NSE,STK,20877,INE488V01015,PSPPROJECT,EQ,,,,,PSP PROJECTS LIMITED,787.00,803.90,763.95,767.00,764.05,782.65,,766.96,,,62418,48740617.10,3028,F1,1,,,,,
2026-09-30,2026-09-30,CM,NSE,STK,22602,INE560K01014,PFS,EQ,,,,,PTC INDIA FIN SERV LTD,28.00,29.49,27.65,29.08,29.21,28.00,,29.08,,,2963292,85443530.13,19188,F1,1,,,,,
2026-09-30,2026-09-30,CM,NSE,STK,11355,INE877F01012,PTC,EQ,,,,,PTC INDIA LIMITED,156.00,156.39,154.70,155.56,155.44,155.75,,155.56,,,1233686,192056406.41,14209,F1,1,,,,,
2026-09-30,2026-09-30,CM,NSE,STK,16682,INE596F01018,PTCIL,EQ,,,,,PTC INDUSTRIES LIMITED,22535.00,23245.00,22035.00,22190.00,22075.00,22535.00,,22190.13,,,20719,469975045.00,8645,F1,1,,,,,
2026-09-30,2026-09-30,CM,NSE,STK,14101,INE034D01049,PTL,EQ,,,,,PTL ENTERPRISES LTD,38.25,38.50,37.60,37.87,37.80,38.20,,37.87,,,40263,1531764.50,1089,F1,1,,,,,
2026-09-30,2026-09-30,CM,NSE,STK,15377,INE865T01018,PDMJEPAPER,EQ,,,,,PUDUMJEE PAPER PRO. LTD,94.50,99.80,94.00,97.22,94.50,94.67,,97.26,,,344257,33742149.40,5163,F1,1,,,,,
2026-09-30,2026-09-30,CM,NSE,STK,21001,INE608A01012,PSB,EQ,,,,,PUNJAB & SIND BANK,21.10,21.47,21.09,21.33,21.26,21.11,,21.33,,,1167887,24927620.45,4375,F1,1,,,,,
2026-09-30,2026-09-30,CM,NSE,STK,4344,INE277B01014,PUNJABCHEM,EQ,,,,,PUNJAB CHEM & CROP PROT L,1025.90,1059.80,1025.90,1054.50,1059.70,1035.80,,1054.50,,,2439,2560886.20,566,F1,1,,,,,
2026-09-30,2026-09-30,CM,NSE,STK,10666,INE160A01022,PNB,EQ,,,,,PUNJAB NATIONAL BANK,111.80,114.90,111.80,113.06,113.06,111.75,,113.06,,,15255055,1735223605.36,52720,F1,1,,,,,
2026-09-30,2026-09-30,CM,NSE,STK,14922,INE323I01011,PURVA,EQ,,,,,PURAVANKARA LIMITED,205.00,211.20,204.54,206.34,205.11,204.84,,206.35,,,81705,16973005.70,2378,F1,1,,,,,
2026-09-30,2026-09-30,CM,NSE,STK,765568,INE0I1B01016,PERNIASPOP,EQ,,,,,PURPLE STYLE LABS LIMITED,527.00,556.00,526.95,547.90,544.50,530.75,,547.82,,,97340,52693060.95,5019,F1,1,,,,,
2026-09-30,2026-09-30,CM,NSE,STK,28028,INE0P5R01014,PURPLEUTED,SM,,,,,PURPLE UNITED SALES LTD,482.10,496.45,461.10,466.70,467.00,482.00,,466.70,,,18750,9010325.00,59,F1,250,,,,,
2026-09-30,2026-09-30,CM,NSE,STK,22938,INE0R6C01012,PURVFLEXI,SM,,,,,PURV FLEXIPACK LIMITED,40.00,40.00,40.00,40.00,40.00,41.15,,40.00,,,3200,128000.00,3,F1,800,,,,,
2026-09-30,2026-09-30,CM,NSE,STK,757683,INE154801018,PUSHPA,SM,,,,,PUSHPA JEWELLERS LIMITED,121.00,125.00,119.30,123.10,122.20,119.00,,123.10,,,207000,25043050.00,143,F1,1000,,,,,
2026-09-30,2026-09-30,CM,NSE,STK,4010,INE362A01016,PVP,EQ,,,,,PVP VENTURES LIMITED,54.50,56.88,53.12,53.12,53.12,55.91,,53.13,,,2852031,154740134.02,8906,F1,1,,,,,
2026-09-30,2026-09-30,CM,NSE,STK,13147,INE191H01014,PVRINOX,EQ,,,,,PVR INOX LIMITED,1197.90,1262.60,1187.00,1242.70,1248.00,1190.10,,1242.68,,,711172,877692285.80,39162,F1,1,,,,,
2026-09-30,2026-09-30,CM,NSE,STK,18250,INE0MIS01010,PYRAMID,EQ,,,,,PYRAMID TECHNOPLAST LTD,156.54,162.90,154.98,156.01,155.21,156.54,,156.01,,,21871,3417849.35,552,F1,1,,,,,
2026-09-30,2026-09-30,CM,NSE,STK,763594,INE1G2W01011,QLINE,SM,,,,,Q-LINE BIOTECH LIMITED,673.00,700.00,673.00,681.00,676.25,672.75,,681.00,,,70000,48212560.00,151,F1,400,,,,,
2026-09-30,2026-09-30,CM,NSE,STK,751653,INE0FMW01018,QMSMEDI,BE,,,,,QMS MEDICAL ALLIED S LTD,215.40,215.40,205.96,205.96,205.96,216.79,,205.96,,,169995,35176426.00,715,F1,1,,,,,
2026-09-30,2026-09-30,CM,NSE,STK,5875,INE0GOJ01027,QUADPRO,ST,,,,,QUADPRO ITES LIMITED,4.20,4.20,4.20,4.20,4.20,4.40,,4.20,,,36000,151200.00,3,F1,12000,,,,,
2026-09-30,2026-09-30,CM,NSE,STK,29087,INE0LRY01011,QUADFUTURE,EQ,,,,,QUADRANT FUTURE TEK LTD,545.60,567.20,540.30,547.45,546.65,542.15,,547.45,,,852162,472091003.85,34028,F1,1,,,,,
2026-09-30,2026-09-30,CM,NSE,STK,765985,INE1XJ401012,QUALIANCE,SM,,,,,QUALIANCE INTERNATIONAL L,191.00,193.00,186.00,188.00,186.30,189.10,,188.00,,,48000,9105000.00,45,F1,1000,,,,,
2026-09-30,2026-09-30,CM,NSE,STK,29711,INE0SII01026,QPOWER,EQ,,,,,QUALITY POWER ELEC EQUP L,1610.10,1675.00,1572.30,1584.80,1585.00,1614.30,,1584.87,,,267707,431699903.10,20306,F1,1,,,,,
2026-09-30,2026-09-30,CM,NSE,STK,15330,INF082J01408,QGOLDHALF,EQ,,,,,QUANTUM GOLD ETF,122.28,122.31,121.50,121.85,121.88,120.80,,121.85,,,186588,22734822.79,803,F1,1,,,,,
2026-09-30,2026-09-30,CM,NSE,STK,16819,INF082J01499,QNIFTY,EQ,,,,,QUANTUM NIFTY 50 ETF,244.44,251.60,244.44,249.78,249.80,250.71,,249.79,,,1753,439083.29,105,F1,1,,,,,
2026-09-30,2026-09-30,CM,NSE,STK,765392,INF966L01EI5,SILVER001,EQ,,,,,QUANT_AMC - SILVER001,22.12,22.50,22.12,22.19,22.19,22.12,,22.19,,,7767,172618.00,55,F1,1,,,,,
2026-09-30,2026-09-30,CM,NSE,STK,17704,INE615P01015,QUESS,EQ,,,,,QUESS CORP LIMITED,342.10,346.00,332.05,334.95,332.50,342.10,,334.95,,,513187,173566770.00,19855,F1,1,,,,,
2026-09-30,2026-09-30,CM,NSE,STK,23793,INE0TNW01017,QUESTLAB,SM,,,,,QUEST LABORATORIES LTD,86.00,102.40,86.00,100.20,101.00,89.00,,100.20,,,220800,21426600.00,123,F1,1200,,,,,
2026-09-30,2026-09-30,CM,NSE,STK,13116,INE306L01010,QUICKHEAL,EQ,,,,,QUICK HEAL TECH LTD,146.00,149.79,143.35,144.49,144.20,145.92,,144.50,,,78444,11530260.63,1855,F1,1,,,,,
2026-09-30,2026-09-30,CM,NSE,STK,15285,INE0K4D01020,QUICKTOUCH,SM,,,,,QUICKTOUCH TECHNOLOGIES L,14.80,14.80,14.75,14.75,14.75,14.75,,14.75,,,1500,22175.00,3,F1,500,,,,,
2026-09-30,2026-09-30,CM,NSE,STK,762857,INE641R01017,QUINT,BE,,,,,QUINT DIGITAL LTD.,72.35,72.35,72.35,72.35,72.35,76.15,,72.21,,,1949,141010.15,44,F1,1,,,,,
2026-09-30,2026-09-30,CM,NSE,STK,9355,INE033B01011,QUINTEGRA,EQ,,,,,QUINTEGRA SOLUTIONS LTD.,1.28,1.28,1.28,1.28,1.28,1.22,,1.33,,,298,381.44,2,F1,1,,,,,
2026-09-30,2026-09-30,CM,NSE,STK,24957,INE0KZF01015,QVCEL,SM,,,,,QVC EXPORTS LIMITED,26.15,26.15,24.00,24.00,24.00,25.00,,24.00,,,3200,80240.00,2,F1,1600,,,,,
2026-09-30,2026-09-30,CM,NSE,STK,23043,INE0NQ801033,RKSWAMY,EQ,,,,,R K SWAMY LIMITED,92.87,92.87,87.51,90.09,88.50,89.48,,90.06,,,20350,1816076.53,479,F1,1,,,,,
2026-09-30,2026-09-30,CM,NSE,STK,757836,INE219Y01026,RMDRIP,BE,,,,,R M DRIP & SPRINK SYS LTD,23.50,23.79,23.50,23.51,23.52,23.52,,23.51,,,283668,6677186.80,372,F1,1,,,,,
2026-09-30,2026-09-30,CM,NSE,STK,762864,INE951M01037,RRIL,EQ,,,,,R R I L LTD.,15.30,15.71,15.17,15.36,15.21,15.48,,15.36,,,25713,396405.92,102,F1,1,,,,,
2026-09-30,2026-09-30,CM,NSE,STK,18566,INE777K01022,RRKABEL,EQ,,,,,R R KABEL LIMITED,2530.00,2537.00,2477.00,2518.60,2526.00,2523.20,,2518.71,,,254650,641102410.80,29990,F1,1,,,,,
2026-09-30,2026-09-30,CM,NSE,STK,13414,INE411H01032,RSYSTEMS,EQ,,,,,R SYS INTERNATIONAL LTD,300.00,303.70,269.51,279.90,285.71,298.69,,279.71,,,12512625,3619572224.66,139454,F1,1,,,,,
2026-09-30,2026-09-30,CM,NSE,STK,764855,INE005C01017,RTSPOWR,EQ,,,,,R T S POWER CORPN. LTD.,118.18,121.80,107.20,109.87,110.98,118.18,,110.35,,,31060,3487799.57,778,F1,1,,,,,
2026-09-30,2026-09-30,CM,NSE,STK,758984,INE012Q01039,RNBDENIMS,BE,,,,,R&B DENIMS LIMITED,9.04,9.20,9.00,9.11,9.10,9.04,,9.09,,,82555,751636.26,288,F1,1,,,,,
2026-09-30,2026-09-30,CM,NSE,STK,6429,INE165B01029,RSSOFTWARE,EQ,,,,,R. S. SOFTWARE (INDIA) LI,31.00,31.00,29.70,29.73,29.72,29.97,,29.73,,,9352,280240.96,150,F1,1,,,,,
2026-09-30,2026-09-30,CM,NSE,STK,20760,INE324L01013,RPPINFRA,EQ,,,,,R.P.P INFRA PROJECTS LTD,50.20,52.28,50.20,51.49,51.25,50.80,,51.49,,,40361,2081688.00,575,F1,1,,,,,
2026-09-30,2026-09-30,CM,NSE,STK,762244,INE2PB023011,RIIT,IV,,,,,RAAJMARG INFRA INVEST T,121.90,122.41,120.40,120.99,121.25,120.38,,120.99,,,214187,25971851.84,1685,F1,1,,,,,
2026-09-30,2026-09-30,CM,NSE,STK,15391,INE084Q01012,RACE,EQ,,,,,RACE ECO CHAIN LIMITED,124.00,124.00,118.00,118.02,118.00,119.85,,118.03,,,26073,3115734.74,484,F1,1,,,,,
2026-09-30,2026-09-30,CM,NSE,STK,9854,INE02OY01016,RILINFRA,SM,,,,,RACHANA INFRA LTD,33.45,33.65,31.70,32.45,32.30,33.10,,32.45,,,8600,284705.00,52,F1,100,,,,,
2026-09-30,2026-09-30,CM,NSE,STK,27171,INE704B01017,RACLGEAR,EQ,,,,,RACL GEARTECH LIMITED,1581.40,1616.80,1570.20,1594.80,1575.00,1588.60,,1594.75,,,32646,52052689.60,5650,F1,1,,,,,
2026-09-30,2026-09-30,CM,NSE,STK,10932,INE874F01027,RADAAN,EQ,,,,,RADAAN MEDIAWORKS (I) LTD,2.96,3.07,2.91,3.00,3.02,2.96,,2.99,,,28286,84846.49,93,F1,1,,,,,
2026-09-30,2026-09-30,CM,NSE,STK,10347,INE583V01021,RADHIKAJWE,BE,,,,,RADHIKA JEWELTECH LIMITED,69.29,70.90,68.11,70.23,70.35,68.69,,70.26,,,173131,12125253.35,808,F1,1,,,,,
2026-09-30,2026-09-30,CM,NSE,STK,13580,INE855R01021,RADIANTCMS,EQ,,,,,RADIANT CASH MGMT SER LTD,35.20,36.01,35.20,35.41,35.26,35.65,,35.41,,,62571,2221234.40,740,F1,1,,,,,
2026-09-30,2026-09-30,CM,NSE,STK,10990,INE944F01028,RADICO,EQ,,,,,RADICO KHAITAN LTD,4408.90,4516.00,4365.10,4366.00,4366.00,4364.00,,4365.99,,,387850,1720105027.70,45971,F1,1,,,,,
2026-09-30,2026-09-30,CM,NSE,STK,23445,INE430U01019,RADIOWALLA,ST,,,,,RADIOWALLA NETWORK LTD,28.60,28.60,28.60,28.60,28.60,29.15,,28.60,,,4800,137280.00,3,F1,1600,,,,,
2026-09-30,2026-09-30,CM,NSE,STK,24735,INE912T01018,RPEL,EQ,,,,,RAGHAV PRODUCTIVITY ENH L,1737.80,1824.00,1731.00,1809.00,1810.00,1718.10,,1809.03,,,153483,275118068.30,18267,F1,1,,,,,
2026-09-30,2026-09-30,CM,NSE,STK,9552,INE415G01027,RVNL,EQ,,,,,RAIL VIKAS NIGAM LIMITED,198.70,209.65,198.25,201.76,201.76,197.90,,201.77,,,17689293,3642950715.64,110396,F1,1,,,,,
2026-09-30,2026-09-30,CM,NSE,STK,2431,INE0DD101019,RAILTEL,EQ,,,,,RAILTEL CORP OF IND LTD,259.10,281.00,258.65,265.65,265.20,259.25,,265.66,,,6564878,1794732059.35,112200,F1,1,,,,,
2026-09-30,2026-09-30,CM,NSE,STK,15337,INE855B01025,RAIN,EQ,,,,,RAIN INDUSTRIES LIMITED,213.50,219.99,212.30,213.94,213.40,215.41,,213.94,,,2138947,463935097.55,19376,F1,1,,,,,
2026-09-30,2026-09-30,CM,NSE,STK,9408,INE961O01016,RAINBOW,EQ,,,,,RAINBOW CHILDRENS MED LTD,1360.80,1383.00,1305.10,1314.30,1315.60,1367.80,,1314.34,,,363556,483265043.70,33247,F1,1,,,,,
2026-09-30,2026-09-30,CM,NSE,STK,359,INE294G01026,ROML,EQ,,,,,RAJ OIL MILLS LIMITED,41.56,43.53,41.56,43.38,43.39,41.91,,43.38,,,1171,50633.92,46,F1,1,,,,,
2026-09-30,2026-09-30,CM,NSE,STK,8428,INE533D01032,RAJRILTD,BE,,,,,RAJ RAYON INDUSTRIES LTD,20.12,20.84,20.12,20.17,20.15,20.46,,20.17,,,9852,202035.37,95,F1,1,,,,,
2026-09-30,2026-09-30,CM,NSE,STK,14403,INE952H01027,RAJTV,EQ,,,,,RAJ TV NETWORK LTD,10.58,11.09,10.08,10.88,11.00,10.59,,10.85,,,58444,604109.01,226,F1,1,,,,,
2026-09-30,2026-09-30,CM,NSE,STK,762859,INE296E01026,RAJPALAYAM,EQ,,,,,RAJAPALAYAM MILLS LTD.,760.20,775.00,741.20,749.15,742.00,757.80,,749.42,,,7143,5423761.60,192,F1,1,,,,,
2026-09-30,2026-09-30,CM,NSE,STK,181,INE610C01014,ARENTERP,EQ,,,,,RAJDARSHAN INDUSTRIES LTD,34.40,34.40,31.12,33.90,33.95,32.95,,33.90,,,137,4641.52,13,F1,1,,,,,
2026-09-30,2026-09-30,CM,NSE,STK,760461,INE343B01030,RAJESHEXPO,BZ,,,,,RAJESH EXPORTS LTD,63.01,65.88,60.25,64.70,64.40,63.38,,64.74,,,332577,20583645.63,3048,F1,1,,,,,
2026-09-30,2026-09-30,CM,NSE,STK,19681,INE0BZQ01011,RCDL,SM,,,,,RAJGOR CASTOR DERIVATI L,18.55,18.55,17.85,17.85,17.85,18.75,,17.85,,,69000,1237950.00,20,F1,3000,,,,,
2026-09-30,2026-09-30,CM,NSE,STK,2168,INE00KV01022,RAJMET,EQ,,,,,RAJNANDINI METAL LIMITED,3.11,3.16,3.06,3.12,3.14,3.06,,3.12,,,208256,648148.56,547,F1,1,,,,,
2026-09-30,2026-09-30,CM,NSE,STK,757052,INE535F01024,RAJOOENG,BE,,,,,RAJOO ENGINEERS LIMITED,53.32,54.50,52.61,53.43,53.69,53.32,,53.38,,,208140,11120680.70,514,F1,1,,,,,
2026-09-30,2026-09-30,CM,NSE,STK,27269,INE0VHU01019,RAJPUTANA,SM,,,,,RAJPUTANA BIODIESEL LTD,199.00,199.35,199.00,199.00,199.00,198.50,,199.00,,,1500,298675.00,3,F1,500,,,,,
2026-09-30,2026-09-30,CM,NSE,STK,24707,INE0PCU01012,RAJINDLTD,SM,,,,,RAJPUTANA INDUSTRIES LTD,66.00,66.55,66.00,66.55,66.55,64.40,,66.55,,,4500,298575.00,3,F1,1500,,,,,
2026-09-30,2026-09-30,CM,NSE,STK,761439,INE313L01016,RSL,EQ,,,,,RAJPUTANA STAINLESS LTD,166.88,171.00,166.31,168.36,169.00,165.45,,168.39,,,279565,47162559.31,4780,F1,1,,,,,
2026-09-30,2026-09-30,CM,NSE,STK,18962,INE451D01029,RAJRATAN,EQ,,,,,RAJRATAN GLOBAL WIRE LTD,465.00,470.75,458.50,461.60,458.80,466.15,,461.64,,,36265,16791999.40,4301,F1,1,,,,,
2026-09-30,2026-09-30,CM,NSE,STK,6915,INE760W01023,RPPL,BE,,,,,RAJSHREE POLYPACK LTD,19.60,19.88,18.90,18.97,18.90,19.49,,18.97,,,58148,1113107.89,149,F1,1,,,,,
2026-09-30,2026-09-30,CM,NSE,STK,2809,INE562B01019,RAJSREESUG,EQ,,,,,RAJSHREE SUGAR & CHEMICAL,30.66,31.78,28.50,28.87,28.99,30.58,,28.87,,,201576,6058113.47,1225,F1,1,,,,,
2026-09-30,2026-09-30,CM,NSE,STK,2816,INE613A01020,RALLIS,EQ,,,,,RALLIS INDIA LTD,199.70,200.86,198.05,199.73,199.92,199.96,,199.73,,,503038,100437404.49,16696,F1,1,,,,,
2026-09-30,2026-09-30,CM,NSE,STK,10485,INE207E01023,RAMRAT,EQ,,,,,RAM RATNA WIRES LIMITED,589.70,597.00,578.65,582.40,579.50,583.80,,582.42,,,193834,114068175.00,13997,F1,1,,,,,
2026-09-30,2026-09-30,CM,NSE,STK,10568,INE809A01032,RAMAPHO,EQ,,,,,RAMA PHOSPHATES LIMITED,120.72,122.41,119.50,120.09,120.12,120.33,,120.09,,,14729,1776008.91,344,F1,1,,,,,
2026-09-30,2026-09-30,CM,NSE,STK,10304,INE230R01035,RAMASTEEL,BE,,,,,RAMA STEEL TUBES LIMITED,4.47,4.56,4.47,4.56,4.56,4.48,,4.57,,,3775009,17071655.58,1199,F1,1,,,,,
2026-09-30,2026-09-30,CM,NSE,STK,757777,INE14W901010,RTL,SM,,,,,RAMA TELECOM LIMITED,77.00,79.20,77.00,79.20,79.20,78.50,,79.20,,,4000,312400.00,2,F1,2000,,,,,
2026-09-30,2026-09-30,CM,NSE,STK,4587,INE614A01028,RAMCOIND,EQ,,,,,RAMCO INDUSTRIES LIMITED,310.05,323.70,305.15,307.60,306.90,310.10,,307.58,,,172756,54129872.90,4598,F1,1,,,,,
2026-09-30,2026-09-30,CM,NSE,STK,7851,INE246B01019,RAMCOSYS,EQ,,,,,RAMCO SYSTEMS LTD.,556.00,572.30,552.20,554.60,555.60,553.70,,554.60,,,42408,23805677.10,2353,F1,1,,,,,
2026-09-30,2026-09-30,CM,NSE,STK,23565,INE0RJH01010,RBS,SM,,,,,RAMDEVBABA SOLVENT LTD,83.00,83.90,80.00,82.50,82.50,84.90,,82.50,,,21600,1754600.00,23,F1,800,,,,,
2026-09-30,2026-09-30,CM,NSE,STK,11411,INE399G01023,RKFORGE,EQ,,,,,RAMKRISHNA FORGINGS LTD,719.90,724.00,699.10,702.30,700.35,714.65,,702.26,,,529472,375812843.10,22101,F1,1,,,,,
2026-09-30,2026-09-30,CM,NSE,STK,20134,INE874I01013,RAMKY,EQ,,,,,RAMKY INFRA LTD,291.05,301.00,274.50,279.10,274.50,294.05,,279.17,,,161267,46130097.95,4224,F1,1,,,,,
2026-09-30,2026-09-30,CM,NSE,STK,2837,INE625B01014,RANASUG,EQ,,,,,RANA SUGARS LTD.,13.67,13.87,13.19,13.24,13.25,13.67,,13.24,,,334802,4499749.10,911,F1,1,,,,,
2026-09-30,2026-09-30,CM,NSE,STK,11975,INE050H01012,RML,EQ,,,,,RANE (MADRAS) LIMITED,1397.40,1405.00,1348.50,1351.90,1357.00,1380.90,,1351.94,,,51913,71375661.20,5430,F1,1,,,,,
2026-09-30,2026-09-30,CM,NSE,STK,2844,INE384A01010,RANEHOLDIN,EQ,,,,,RANE HOLDINGS LIMITED,1544.00,1555.00,1526.70,1529.80,1526.70,1541.30,,1529.80,,,9347,14391447.50,830,F1,1,,,,,
2026-09-30,2026-09-30,CM,NSE,STK,30460,INE0QX901013,RAPIDFLEET,SM,,,,,RAPID FLEET MGT SERVICE L,200.00,200.40,200.00,200.40,200.40,200.40,,200.40,,,5400,1081080.00,9,F1,600,,,,,
2026-09-30,2026-09-30,CM,NSE,STK,25610,INE0MVO01012,RAPPID,SM,,,,,RAPPID VALVES (INDIA) LTD,340.60,359.50,340.50,351.40,351.40,340.50,,351.40,,,9000,3159630.00,14,F1,600,,,,,
2026-09-30,2026-09-30,CM,NSE,STK,22670,INE0J1F01024,RPTECH,EQ,,,,,RASHI PERIPHERALS LIMITED,930.15,1004.70,930.15,953.50,950.10,925.35,,953.40,,,1657051,1618493110.55,88201,F1,1,,,,,
2026-09-30,2026-09-30,CM,NSE,STK,2866,INE027A01015,RCF,EQ,,,,,RASHTRIYA CHEMICALS & FER,108.20,111.90,108.20,109.97,110.24,108.11,,109.97,,,2028734,223654689.86,25761,F1,1,,,,,
2026-09-30,2026-09-30,CM,NSE,STK,7177,INE0CLI01024,RATEGAIN,EQ,,,,,RATEGAIN TRAVEL TECHN LTD,835.00,870.00,823.40,851.55,855.00,830.00,,851.56,,,381974,324985837.20,33094,F1,1,,,,,
2026-09-30,2026-09-30,CM,NSE,STK,13451,INE703B01027,RATNAMANI,EQ,,,,,RATNAMANI MET & TUB LTD.,2822.50,2833.00,2715.10,2725.50,2719.70,2833.30,,2725.42,,,42223,116533065.10,8347,F1,1,,,,,
2026-09-30,2026-09-30,CM,NSE,STK,18423,INE05CZ01011,RATNAVEER,EQ,,,,,RATNAVEER PRECISION ENG L,332.65,344.40,328.20,330.75,330.00,331.15,,330.74,,,6063423,2024452411.35,49024,F1,1,,,,,
2026-09-30,2026-09-30,CM,NSE,STK,27297,INE834M01019,RTNINDIA,EQ,,,,,RATTANINDIA ENT LIMITED,26.00,27.58,25.45,26.06,25.81,25.66,,26.06,,,5394562,143739768.29,21173,F1,1,,,,,
2026-09-30,2026-09-30,CM,NSE,STK,17520,INE399K01017,RTNPOWER,EQ,,,,,RATTANINDIA POWER LIMITED,6.80,6.98,6.80,6.89,6.90,6.87,,6.89,,,10508623,72635871.38,11191,F1,1,,,,,
2026-09-30,2026-09-30,CM,NSE,STK,20950,INE722J01012,RKDL,EQ,,,,,RAVI KUMAR DIST. LTD.,18.47,18.47,17.60,18.17,18.20,18.36,,18.13,,,2815,50564.81,59,F1,1,,,,,
2026-09-30,2026-09-30,CM,NSE,STK,1565,INE09E501017,RVHL,EQ,,,,,RAVINDER HEIGHTS LIMITED,37.80,39.00,37.80,38.20,38.50,38.28,,38.21,,,5964,229656.33,96,F1,1,,,,,
2026-09-30,2026-09-30,CM,NSE,STK,24596,INE206N01018,RELTD,EQ,,,,,RAVINDRA ENERGY LIMITED,149.12,151.50,146.51,149.67,149.05,149.12,,149.67,,,173979,25976367.12,2558,F1,1,,,,,
2026-09-30,2026-09-30,CM,NSE,STK,25073,INE02ID01020,RAYMONDLSL,EQ,,,,,RAYMOND LIFESTYLE LIMITED,664.45,669.25,638.20,642.05,642.00,660.55,,642.05,,,195234,127188510.40,11012,F1,1,,,,,
2026-09-30,2026-09-30,CM,NSE,STK,2859,INE301A01014,RAYMOND,EQ,,,,,RAYMOND LTD,1185.75,1241.00,1185.40,1213.05,1202.00,1185.75,,1213.15,,,1545036,1885571716.95,57311,F1,1,,,,,
2026-09-30,2026-09-30,CM,NSE,STK,758551,INE1SY401010,RAYMONDREL,EQ,,,,,RAYMOND REALTY LIMITED,676.00,684.90,666.60,669.95,668.90,672.55,,669.95,,,620734,419373556.35,21636,F1,1,,,,,
2026-09-30,2026-09-30,CM,NSE,STK,765936,INE1FCO01014,MOMSBELIEF,EQ,,,,,RAYS OF BELIEF LIMITED,255.96,256.89,230.60,234.64,235.00,255.96,,234.62,,,300642,72894465.57,9422,F1,1,,,,,
2026-09-30,2026-09-30,CM,NSE,STK,18391,INE976G01028,RBLBANK,EQ,,,,,RBL BANK LIMITED,405.00,412.35,403.35,403.35,403.35,402.00,,403.35,,,3855694,1575244141.50,69227,F1,1,,,,,
2026-09-30,2026-09-30,CM,NSE,STK,13570,INE0NA301016,RBMINFRA,SM,,,,,RBM INFRACON LIMITED,236.50,246.80,235.00,240.90,240.55,241.40,,240.90,,,28600,6866750.00,108,F1,200,,,,,
2026-09-30,2026-09-30,CM,NSE,STK,20893,INE0PEQ01016,RBZJEWEL,BE,,,,,RBZ JEWELLERS LIMITED,197.00,207.66,197.00,207.23,207.66,197.78,,206.98,,,238976,49336069.99,1536,F1,1,,,,,
2026-09-30,2026-09-30,CM,NSE,STK,764850,INE0AK901016,RRECL,EQ,,,,,RDB REAL ESTATE CONS L,139.99,139.99,134.95,134.95,134.95,129.19,,134.95,,,431,58184.39,12,F1,1,,,,,
2026-09-30,2026-09-30,CM,NSE,STK,29561,INE10QL01011,READYMIX,SM,,,,,READYMIX CONSTRU MACHI L,64.30,65.85,63.25,65.80,65.80,65.40,,65.80,,,5000,322750.00,5,F1,1000,,,,,
2026-09-30,2026-09-30,CM,NSE,STK,15355,INE020B01018,RECLTD,EQ,,,,,REC LIMITED,294.00,301.75,293.00,299.00,299.00,292.45,,299.00,,,6842344,2046461789.70,75005,F1,1,,,,,
2026-09-30,2026-09-30,CM,NSE,STK,14255,INE891D01026,REDINGTON,EQ,,,,,REDINGTON LIMITED,405.45,413.50,404.40,407.00,407.40,405.45,,407.00,,,4204334,1717974136.05,66471,F1,1,,,,,
2026-09-30,2026-09-30,CM,NSE,STK,17859,INE0LXT01019,REDTAPE,EQ,,,,,REDTAPE LIMITED,118.00,119.20,116.50,117.60,116.80,117.48,,117.60,,,211189,24830269.10,4776,F1,1,,,,,
2026-09-30,2026-09-30,CM,NSE,STK,17764,INE056I01025,REFEX,EQ,,,,,REFEX INDUSTRIES LIMITED,272.05,279.75,264.00,265.25,264.00,272.05,,265.36,,,312704,84322694.70,6394,F1,1,,,,,
2026-09-30,2026-09-30,CM,NSE,STK,23718,INE0TNX01015,REFRACTORY,SM,,,,,REFRACTORY SHAPES LIMITED,40.25,42.45,38.85,40.65,42.45,40.80,,40.65,,,7000,280000.00,7,F1,1000,,,,,
2026-09-30,2026-09-30,CM,NSE,STK,758680,INE0MHO01029,REGAAL,EQ,,,,,REGAAL RESOURCES LIMITED,89.47,91.19,87.60,88.08,87.70,88.64,,88.07,,,119212,10591807.94,2045,F1,1,,,,,
2026-09-30,2026-09-30,CM,NSE,STK,4130,INE277C01012,REGENCERAM,EQ,,,,,REGENCY CERAMICS LTD.,33.40,34.10,31.11,32.38,32.10,32.51,,32.40,,,32772,1072835.70,284,F1,1,,,,,
2026-09-30,2026-09-30,CM,NSE,STK,24225,INE131B01039,RELAXO,EQ,,,,,RELAXO FOOT LTD.,291.55,297.45,290.80,291.20,291.00,291.50,,291.20,,,115881,34010213.90,6836,F1,1,,,,,
2026-09-30,2026-09-30,CM,NSE,STK,3172,INF204KC1030,GILT5YBEES,EQ,,,,,RELCAPAMC - NETFGILT5Y,67.11,67.11,64.62,65.79,65.80,65.79,,65.79,,,167837,11036890.69,388,F1,1,,,,,
2026-09-30,2026-09-30,CM,NSE,STK,24378,INE375Y01018,RELIABLE,EQ,,,,,RELIABLE DATA SERVICE LTD,148.07,148.07,141.77,144.28,145.98,145.17,,144.28,,,60326,8668541.81,571,F1,1,,,,,
2026-09-30,2026-09-30,CM,NSE,STK,9652,INE750D01016,RELCHEMQ,EQ,,,,,RELIANCE CHEMOTEX IND LTD,115.00,116.85,113.18,116.23,116.79,113.09,,115.63,,,1280,147279.16,73,F1,1,,,,,
2026-09-30,2026-09-30,CM,NSE,STK,13188,INE330H01018,RCOM,BE,,,,,RELIANCE COMMUNICATIONS L,0.85,0.86,0.83,0.84,0.85,0.86,,0.84,,,3639203,3089086.09,1962,F1,1,,,,,
2026-09-30,2026-09-30,CM,NSE,STK,759204,INE217K01011,RHFL,BZ,,,,,RELIANCE HOME FINANCE LTD,1.59,1.60,1.56,1.58,1.60,1.59,,1.58,,,367909,581219.07,725,F1,1,,,,,
2026-09-30,2026-09-30,CM,NSE,STK,2912,INE046A01015,RIIL,EQ,,,,,RELIANCE INDUSTRIAL INFRA,676.00,687.45,673.00,677.35,673.10,677.05,,677.35,,,39546,26882887.60,1948,F1,1,,,,,
2026-09-30,2026-09-30,CM,NSE,STK,2885,INE002A01018,RELIANCE,EQ,,,,,RELIANCE INDUSTRIES LTD,1182.00,1196.50,1181.70,1187.00,1187.00,1182.00,,1187.00,,,16376789,19480713993.90,328896,F1,1,,,,,
2026-09-30,2026-09-30,CM,NSE,STK,4791,INE036A01016,RELINFRA,BE,,,,,RELIANCE INFRASTRUCTU LTD,42.56,44.28,42.56,44.27,44.28,43.42,,44.27,,,736701,32042673.13,2683,F1,1,,,,,
2026-09-30,2026-09-30,CM,NSE,STK,15259,INE614G01033,RPOWER,EQ,,,,,RELIANCE POWER LTD.,19.77,20.39,19.63,19.69,19.70,19.77,,19.70,,,19097261,381982447.27,36527,F1,1,,,,,
2026-09-30,2026-09-30,CM,NSE,STK,765330,INF205KA1CB9,IVZBANKNF,EQ,,,,,RELIGARAMC - IVZBANKNF,54.66,54.66,53.23,53.49,53.23,54.46,,53.49,,,181,9794.77,10,F1,1,,,,,
2026-09-30,2026-09-30,CM,NSE,STK,765327,INF205KA1CA1,IVZSENSEX,EQ,,,,,RELIGARAMC - IVZSENSEX,73.03,73.50,72.51,72.77,72.77,73.03,,72.16,,,4734,345423.17,17,F1,1,,,,,
2026-09-30,2026-09-30,CM,NSE,STK,15068,INE621H01010,RELIGARE,EQ,,,,,RELIGARE ENTER. LTD.,232.60,235.00,228.00,228.91,228.50,232.05,,228.90,,,1077320,248962169.11,10115,F1,1,,,,,
2026-09-30,2026-09-30,CM,NSE,STK,3965,INE474C01023,REMSONSIND,EQ,,,,,REMSONS INDUSTRIES LTD,113.43,124.80,112.97,113.93,115.50,111.56,,113.94,,,869570,101915869.13,8670,F1,1,,,,,
2026-09-30,2026-09-30,CM,NSE,STK,16154,INE0O5T01011,REMUS,SM,,,,,REMUS PHARMACEUTICALS L,940.30,945.00,900.00,903.20,900.00,925.05,,903.20,,,5400,4969320.00,46,F1,100,,,,,
2026-09-30,2026-09-30,CM,NSE,STK,15129,INE722H01024,RGL,EQ,,,,,RENAISSANCE GLOBAL LTD,165.90,167.60,163.28,165.02,163.50,164.27,,165.02,,,340639,56357552.11,5177,F1,1,,,,,
2026-09-30,2026-09-30,CM,NSE,STK,758157,INE0VZX01015,RNPL,SM,,,,,RENOL POLYCHEM LIMITED,65.70,65.70,65.70,65.70,65.70,62.60,,65.70,,,3600,236520.00,3,F1,1200,,,,,
2026-09-30,2026-09-30,CM,NSE,STK,766077,INE08T701025,RENTOMOJO,EQ,,,,,RENTOMOJO LIMITED,505.10,532.40,505.10,510.35,509.00,502.15,,510.34,,,2511330,1305562589.35,61648,F1,1,,,,,
2026-09-30,2026-09-30,CM,NSE,STK,29598,INE612J01015,REPCOHOME,EQ,,,,,REPCO HOME FINANCE LTD,345.00,346.25,340.00,341.70,341.50,343.65,,341.71,,,51214,17550338.20,2052,F1,1,,,,,
2026-09-30,2026-09-30,CM,NSE,STK,13126,INE461B01014,REPRO,EQ,,,,,REPRO INDIA LIMITED,320.00,327.95,311.00,318.60,316.00,317.05,,318.58,,,25861,8280782.35,1039,F1,1,,,,,
2026-09-30,2026-09-30,CM,NSE,STK,20323,INE688D01026,RESPONIND,EQ,,,,,RESPONSIVE INDUSTRIES LTD,168.02,176.59,163.35,165.38,165.29,168.09,,165.39,,,390374,66215872.88,6939,F1,1,,,,,
2026-09-30,2026-09-30,CM,NSE,STK,1494,INE07T201019,RBA,EQ,,,,,RESTAURANT BRAND ASIA LTD,92.25,92.45,90.00,91.58,91.31,91.98,,91.58,,,1853911,169251554.77,23023,F1,1,,,,,
2026-09-30,2026-09-30,CM,NSE,STK,25157,INE0DAB01012,RVTH,EQ,,,,,REVATHI EQUIPMENT INDIA L,664.00,700.00,641.90,669.80,670.00,664.90,,670.21,,,900,612207.30,59,F1,1,,,,,
2026-09-30,2026-09-30,CM,NSE,STK,29270,INE113601012,REXPRO,SM,,,,,REXPRO ENTERPRISES LTD,34.00,34.00,33.30,33.30,33.30,33.55,,33.30,,,3000,101300.00,3,F1,1000,,,,,
2026-09-30,2026-09-30,CM,NSE,STK,759062,INE0KKN01029,RHETAN,EQ,,,,,RHETAN TMT LIMITED,17.52,17.52,17.51,17.51,17.51,16.69,,17.51,,,9861676,172762207.14,3599,F1,1,,,,,
2026-09-30,2026-09-30,CM,NSE,STK,31163,INE743M01012,RHIM,EQ,,,,,RHI MAGNESITA INDIA LTD,393.90,398.90,383.75,384.85,385.70,393.20,,384.87,,,469409,183039328.60,16474,F1,1,,,,,
2026-09-30,2026-09-30,CM,NSE,STK,2909,INE209B01025,RICOAUTO,EQ,,,,,RICO AUTO INDUSTRIES LTD,126.50,129.18,125.65,126.92,126.03,126.22,,126.92,,,579784,74089698.51,5849,F1,1,,,,,
2026-09-30,2026-09-30,CM,NSE,STK,764121,INE302D01024,RIR,EQ,,,,,RIR POWER ELECTRONICS L,190.00,197.90,183.11,184.10,184.12,188.08,,184.09,,,2667403,511123132.95,24862,F1,1,,,,,
2026-09-30,2026-09-30,CM,NSE,STK,18417,INE0N2P01017,RISHABH,EQ,,,,,RISHABH INSTRUMENTS LTD,723.90,729.70,695.00,703.00,701.00,723.85,,702.93,,,122457,86628131.40,7461,F1,1,,,,,
2026-09-30,2026-09-30,CM,NSE,STK,8944,INE01EG01016,RITCO,EQ,,,,,RITCO LOGISTICS LIMITED,282.95,284.95,274.05,280.25,280.05,280.85,,279.86,,,51847,14413395.05,1173,F1,1,,,,,
2026-09-30,2026-09-30,CM,NSE,STK,11910,INE0MRA01019,RITEZONE,SM,,,,,RITE ZONE CHEMCON IND LTD,17.55,17.55,17.55,17.55,17.55,16.75,,17.55,,,6400,112320.00,4,F1,1600,,,,,
2026-09-30,2026-09-30,CM,NSE,STK,3761,INE320J01015,RITES,EQ,,,,,RITES LIMITED,192.60,218.90,192.60,209.05,212.34,192.31,,209.06,,,50416237,10695151123.67,417368,F1,1,,,,,
2026-09-30,2026-09-30,CM,NSE,STK,1547,INE786W01010,RKEC,EQ,,,,,RKEC PROJECTS LIMITED,23.97,26.94,21.62,23.09,22.25,23.61,,23.09,,,229395,5671374.25,1157,F1,1,,,,,
2026-09-30,2026-09-30,CM,NSE,STK,762346,INE655V01019,RMC,EQ,,,,,RMC SWITCHGEARS LIMITED,213.77,223.19,207.96,209.58,209.00,210.37,,209.69,,,40748,8724380.51,1764,F1,1,,,,,
2026-09-30,2026-09-30,CM,NSE,STK,24589,INE0SA001017,RNFI,SM,,,,,RNFI SERVICES LIMITED,314.00,315.00,309.50,310.00,310.00,311.80,,310.00,,,19200,5977290.00,28,F1,600,,,,,
2026-09-30,2026-09-30,CM,NSE,STK,15157,INE508K01013,RHL,EQ,,,,,ROBUST HOTELS LIMITED,165.50,169.90,164.99,165.18,164.99,164.99,,165.18,,,501,83286.24,24,F1,1,,,,,
2026-09-30,2026-09-30,CM,NSE,STK,20289,INE0PTR01012,ROCKINGDCE,SM,,,,,ROCKINGDEALS CIRCU ECO L,216.00,225.00,216.00,221.95,224.90,215.90,,221.95,,,750,166475.00,3,F1,250,,,,,
2026-09-30,2026-09-30,CM,NSE,STK,5279,INE645S01024,ROLEXRINGS,EQ,,,,,ROLEX RINGS LIMITED,192.11,193.99,188.25,190.09,188.25,190.58,,190.10,,,1052365,201744433.17,19004,F1,1,,,,,
2026-09-30,2026-09-30,CM,NSE,STK,19108,INE927A01040,ROLLT,BE,,,,,ROLLATAINERS LIMITED,4.98,4.98,4.98,4.98,4.98,5.24,,4.97,,,407225,2027980.50,274,F1,1,,,,,
2026-09-30,2026-09-30,CM,NSE,STK,19410,INE02A801020,ROSSARI,EQ,,,,,ROSSARI BIOTECH LIMITED,430.00,434.60,416.00,417.95,419.80,427.70,,417.82,,,70439,29727627.15,4183,F1,1,,,,,
2026-09-30,2026-09-30,CM,NSE,STK,28913,INE847C01020,ROSSELLIND,EQ,,,,,ROSSELL INDIA LIMITED,51.44,51.89,50.31,50.87,51.00,51.03,,50.87,,,17079,870532.26,452,F1,1,,,,,
2026-09-30,2026-09-30,CM,NSE,STK,27353,INE0OJW01016,ROSSTECH,EQ,,,,,ROSSELL TECHSYS LIMITED,1480.00,1525.00,1455.20,1503.20,1486.00,1481.70,,1503.13,,,253108,379722602.40,23945,F1,1,,,,,
2026-09-30,2026-09-30,CM,NSE,STK,9049,INE535D01037,ROTO,EQ,,,,,ROTO PUMPS LIMITED,63.73,65.55,63.57,64.58,64.18,63.26,,64.58,,,473626,30457060.33,3232,F1,1,,,,,
2026-09-30,2026-09-30,CM,NSE,STK,128,INE450U01017,ROUTE,EQ,,,,,ROUTE MOBILE LIMITED,446.00,456.55,444.05,445.00,445.35,447.20,,445.01,,,67891,30568671.50,3590,F1,1,,,,,
2026-09-30,2026-09-30,CM,NSE,STK,20167,INE0PDJ01013,ROXHITECH,SM,,,,,ROX HI TECH LIMITED,46.55,53.90,46.55,51.10,51.00,46.55,,51.10,,,81600,4121120.00,50,F1,1600,,,,,
2026-09-30,2026-09-30,CM,NSE,STK,29727,INE0EO401019,ROYALARC,SM,,,,,ROYAL ARC ELECTRODES LTD,147.80,173.95,147.05,168.00,172.00,150.00,,168.00,,,12000,1866180.00,9,F1,1200,,,,,
2026-09-30,2026-09-30,CM,NSE,STK,13182,INE283H01019,ROHLTD,EQ,,,,,ROYAL ORCHID HOTELS LTD,306.35,306.35,297.00,299.85,297.00,306.35,,299.85,,,7843,2359707.10,325,F1,1,,,,,
2026-09-30,2026-09-30,CM,NSE,STK,16725,INE105J01010,RPGLIFE,EQ,,,,,RPG LIFE SCIENCES LTD,3103.60,3112.80,2986.00,3037.10,3041.40,3089.20,,3036.99,,,46586,141712639.30,9048,F1,1,,,,,
2026-09-30,2026-09-30,CM,NSE,STK,8119,INE425Y01011,RPSGVENT,EQ,,,,,RPSG VENTURES LIMITED,837.05,873.90,835.00,850.50,848.75,833.85,,850.30,,,40383,34438857.40,2417,F1,1,,,,,
2026-09-30,2026-09-30,CM,NSE,STK,2794,INE611A01016,RSWM,EQ,,,,,RSWM LIMITED,210.25,215.50,207.00,208.60,207.01,212.37,,208.59,,,45977,9664740.70,1433,F1,1,,,,,
2026-09-30,2026-09-30,CM,NSE,STK,24730,INE642C01025,RUBFILA,EQ,,,,,RUBFILA INTERNATIONAL LTD,64.30,64.64,62.80,63.05,63.50,63.85,,63.02,,,32520,2061058.57,482,F1,1,,,,,
2026-09-30,2026-09-30,CM,NSE,STK,759316,INE506V01022,RUBICON,EQ,,,,,RUBICON RESEARCH LIMITED,1601.20,1635.00,1577.70,1619.40,1635.00,1609.00,,1619.09,,,228306,366866104.40,33007,F1,1,,,,,
2026-09-30,2026-09-30,CM,NSE,STK,4566,INE413B01023,RUCHINFRA,EQ,,,,,RUCHI INFRASTRUCTURE LTD,4.81,5.68,4.81,4.91,4.97,5.05,,4.92,,,142608,711043.65,494,F1,1,,,,,
2026-09-30,2026-09-30,CM,NSE,STK,13821,INE803H01014,RUCHIRA,EQ,,,,,RUCHIRA PAPERS LIMITED,104.27,106.90,102.01,103.25,102.01,104.29,,103.25,,,15631,1627629.04,417,F1,1,,,,,
2026-09-30,2026-09-30,CM,NSE,STK,760392,INE027T01023,RUDRA,EQ,,,,,RUDRA GLOBAL INFRA PROD L,18.39,19.15,18.00,18.77,18.90,18.03,,18.77,,,20494,378780.56,194,F1,1,,,,,
2026-09-30,2026-09-30,CM,NSE,STK,1480,INE364Z01019,REPL,EQ,,,,,RUDRABHISHEK ENTERP LTD,64.13,64.13,59.00,59.35,59.16,61.14,,59.35,,,5329,326842.21,86,F1,1,,,,,
2026-09-30,2026-09-30,CM,NSE,STK,23830,INE0R7301013,RULKA,SM,,,,,RULKA ELECTRICALS LIMITED,107.45,111.85,107.45,110.30,110.65,107.40,,110.30,,,4200,465315.00,13,F1,300,,,,,
2026-09-30,2026-09-30,CM,NSE,STK,25724,INE895B01021,RUPA,EQ,,,,,RUPA & COMPANY LTD,132.10,133.88,130.00,130.52,130.20,132.39,,130.51,,,90771,11901444.79,5808,F1,1,,,,,
2026-09-30,2026-09-30,CM,NSE,STK,24595,INE573K01025,RUSHIL,EQ,,,,,RUSHIL DECOR LIMITED,16.00,16.29,16.00,16.14,16.10,16.13,,16.14,,,107116,1730291.26,312,F1,1,,,,,
2026-09-30,2026-09-30,CM,NSE,STK,24674,INE0BSN01013,SATECH,SM,,,,,S A TECH SOFTWARE INDIA L,37.00,37.00,34.75,36.40,36.40,37.60,,36.40,,,11000,392650.00,11,F1,1000,,,,,
2026-09-30,2026-09-30,CM,NSE,STK,20698,INE807K01035,SCHAND,EQ,,,,,S CHAND AND COMPANY LTD,143.52,148.73,143.52,148.08,148.40,147.29,,148.07,,,17383,2565334.07,470,F1,1,,,,,
2026-09-30,2026-09-30,CM,NSE,STK,11212,INE500L01026,SHK,EQ,,,,,S H KELKAR AND CO. LTD.,139.96,142.78,139.65,141.02,141.88,140.33,,141.02,,,181372,25575152.82,3748,F1,1,,,,,
2026-09-30,2026-09-30,CM,NSE,STK,20542,INE0F3301020,SJLOGISTIC,SM,,,,,S J LOGISTICS (INDIA) LTD,325.00,325.00,307.55,310.10,310.00,322.55,,310.10,,,43000,13527712.50,111,F1,250,,,,,
2026-09-30,2026-09-30,CM,NSE,STK,764940,INE159L01013,SVGLOBAL,EQ,,,,,S V GLOBAL MILL LTD.,143.19,146.50,135.11,137.18,138.00,143.20,,137.18,,,1595,224021.13,74,F1,1,,,,,
2026-09-30,2026-09-30,CM,NSE,STK,2951,INE902B01017,S&SPOWER,EQ,,,,,S&S POWER SWITCHGEARS LTD,301.00,309.40,295.00,298.15,298.00,301.25,,297.91,,,12222,3677122.40,128,F1,1,,,,,
2026-09-30,2026-09-30,CM,NSE,STK,18252,INE212I01016,SPAL,EQ,,,,,S. P. APPARELS LIMITED,940.00,970.00,940.00,964.60,969.00,935.80,,964.60,,,35667,34251938.40,3575,F1,1,,,,,
2026-09-30,2026-09-30,CM,NSE,STK,11634,INE658G01014,SALSTEEL,EQ,,,,,S.A.L. STEEL LTD.,99.87,101.53,97.00,99.06,98.00,97.08,,99.06,,,1173619,116841311.67,8178,F1,1,,,,,
2026-09-30,2026-09-30,CM,NSE,STK,19112,INE0PSK01027,SAAKSHI,ST,,,,,SAAKSHI MEDTEC N PANELS L,364.00,365.00,363.50,365.00,365.00,367.00,,365.00,,,4200,1529700.00,6,F1,600,,,,,
2026-09-30,2026-09-30,CM,NSE,STK,759057,INE13B501022,SAATVIKGL,EQ,,,,,SAATVIK GREEN ENERGY LTD,415.50,421.60,410.00,413.55,417.05,414.50,,413.54,,,33023,13740051.05,2054,F1,1,,,,,
2026-09-30,2026-09-30,CM,NSE,STK,757409,INE1ARD01016,SACHEEROME,SM,,,,,SACHEEROME LIMITED,466.00,480.00,460.00,465.00,465.00,457.25,,465.00,,,10800,5061240.00,34,F1,300,,,,,
2026-09-30,2026-09-30,CM,NSE,STK,13236,INE226H01026,SADBHAV,EQ,,,,,SADBHAV ENGINEERING LTD,7.10,7.27,7.09,7.15,7.19,6.93,,7.15,,,138349,994869.64,314,F1,1,,,,,
2026-09-30,2026-09-30,CM,NSE,STK,10618,INE764L01010,SADBHIN,EQ,,,,,SADBHAV INFRA PROJ LTD.,2.55,2.62,2.51,2.60,2.61,2.56,,2.60,,,90108,232671.67,194,F1,1,,,,,
2026-09-30,2026-09-30,CM,NSE,STK,15349,INE888C01040,SADHNANIQ,BE,,,,,SADHANA NITROCHEM LIMITED,2.60,2.68,2.49,2.53,2.59,2.59,,2.53,,,1260041,3247802.80,745,F1,1,,,,,
2026-09-30,2026-09-30,CM,NSE,STK,22897,INE0K5H01010,SADHAV,SM,,,,,SADHAV SHIPPING LIMITED,107.45,118.50,106.10,117.65,116.00,110.00,,117.65,,,63000,7250100.00,78,F1,600,,,,,
2026-09-30,2026-09-30,CM,NSE,STK,13035,INE429E01023,SAFARI,EQ,,,,,SAFARI IND (INDIA) LTD,1439.90,1439.90,1418.10,1429.60,1422.90,1430.90,,1429.42,,,58651,83842502.20,6814,F1,1,,,,,
2026-09-30,2026-09-30,CM,NSE,STK,757583,INE17D601016,SAFEENTP,SM,,,,,SAFE ENTER RETAIL FIX LTD,242.00,244.50,239.15,242.60,244.00,239.25,,242.60,,,24500,5931525.00,41,F1,500,,,,,
2026-09-30,2026-09-30,CM,NSE,STK,14068,INE229C01021,SAGCEM,EQ,,,,,SAGAR CEMENTS LIMITED,146.15,150.28,146.15,148.64,148.01,147.45,,148.63,,,22428,3339025.18,652,F1,1,,,,,
2026-09-30,2026-09-30,CM,NSE,STK,8175,INE976T01013,SAGARDEEP,EQ,,,,,SAGARDEEP ALLOYS LIMITED,23.98,23.98,22.83,23.13,23.00,23.44,,23.13,,,8443,196329.61,69,F1,1,,,,,
2026-09-30,2026-09-30,CM,NSE,STK,27052,INE0W2G01015,SAGILITY,EQ,,,,,SAGILITY LIMITED,42.69,43.40,42.38,42.58,42.58,42.54,,42.59,,,11436383,490641417.32,27074,F1,1,,,,,
2026-09-30,2026-09-30,CM,NSE,STK,24478,INE0P4701011,SAHAJSOLAR,SM,,,,,SAHAJ SOLAR LIMITED,89.90,89.90,88.20,89.00,89.00,87.90,,89.00,,,8000,712900.00,20,F1,400,,,,,
2026-09-30,2026-09-30,CM,NSE,STK,16711,INE0LEX01011,SAHANA,SM,,,,,SAHANA SYSTEM LIMITED,811.05,827.45,810.10,810.10,810.10,806.00,,810.10,,,5700,4658947.50,28,F1,150,,,,,
2026-09-30,2026-09-30,CM,NSE,STK,25668,INE0RBQ01018,SAHASRA,SM,,,,,SAHASRA ELECTRONIC SOLU L,421.00,454.35,414.00,454.35,454.35,432.75,,454.35,,,126400,55030720.00,240,F1,400,,,,,
2026-09-30,2026-09-30,CM,NSE,STK,14900,INE280H01015,SAHYADRI,EQ,,,,,SAHYADRI INDUSTRIES LTD,350.00,356.95,341.00,346.75,342.25,349.20,,346.75,,,7745,2702191.40,430,F1,1,,,,,
2026-09-30,2026-09-30,CM,NSE,STK,764865,INE531X01018,SAICAPI,EQ,,,,,SAI CAPITAL LTD.,156.09,156.09,145.10,146.50,146.50,155.09,,146.50,,,180,27047.51,17,F1,1,,,,,
2026-09-30,2026-09-30,CM,NSE,STK,27839,INE570L01029,SAILIFE,EQ,,,,,SAI LIFE SCIENCES LIMITED,1565.70,1577.90,1516.40,1524.50,1529.00,1559.90,,1524.54,,,537181,825078732.20,43592,F1,1,,,,,
2026-09-30,2026-09-30,CM,NSE,STK,761675,INE0H9F01037,SAIPARENT,EQ,,,,,SAI PARENTERALS LIMITED,500.05,539.95,500.05,529.30,529.00,502.50,,529.26,,,352158,185918282.70,12373,F1,1,,,,,
2026-09-30,2026-09-30,CM,NSE,STK,18755,INE438K01021,KALAMANDIR,EQ,,,,,SAI SILKS (KALAMANDIR) L,76.00,77.63,75.90,76.27,76.25,76.19,,76.27,,,385217,29586681.58,4044,F1,1,,,,,
2026-09-30,2026-09-30,CM,NSE,STK,764880,INE068B01017,SEKURITIND,EQ,,,,,SAINT GOBAIN SEKUR IND L,111.44,114.00,110.03,110.93,112.40,109.55,,110.91,,,18760,2100702.23,441,F1,1,,,,,
2026-09-30,2026-09-30,CM,NSE,STK,25715,INE00MT01022,SAJHOTELS,ST,,,,,SAJ HOTELS LIMITED,28.80,30.50,28.50,28.60,28.60,30.00,,28.60,,,16000,462200.00,8,F1,2000,,,,,
2026-09-30,2026-09-30,CM,NSE,STK,9539,INE732S01012,SAKAR,EQ,,,,,SAKAR HEALTHCARE LIMITED,1116.40,1143.80,1082.00,1093.05,1095.00,1121.85,,1093.05,,,58262,64344913.50,4916,F1,1,,,,,
2026-09-30,2026-09-30,CM,NSE,STK,11794,INE667G01023,SAKSOFT,EQ,,,,,SAKSOFT LIMITED,140.00,143.67,136.61,139.43,140.00,139.78,,139.43,,,169137,23823471.37,3705,F1,1,,,,,
2026-09-30,2026-09-30,CM,NSE,STK,2969,INE623A01011,SAKHTISUG,EQ,,,,,SAKTHI SUGARS LTD,18.45,18.48,18.00,18.01,18.08,18.11,,18.01,,,79469,1445328.17,638,F1,1,,,,,
2026-09-30,2026-09-30,CM,NSE,STK,13251,INE190H01024,SAKUMA,EQ,,,,,SAKUMA EXPORTS LIMITED,1.57,1.58,1.52,1.56,1.57,1.55,,1.56,,,797045,1237175.93,738,F1,1,,,,,
2026-09-30,2026-09-30,CM,NSE,STK,21362,INE170V01027,SALASAR,EQ,,,,,SALASAR TECHNO ENGG. LTD.,4.16,4.30,3.80,4.08,4.07,4.16,,4.08,,,14749412,59457488.01,27592,F1,1,,,,,
2026-09-30,2026-09-30,CM,NSE,STK,17351,INE498E01010,SALONA,EQ,,,,,SALONA COTSPIN LTD.,267.10,267.10,256.00,260.70,256.00,266.95,,259.82,,,116,30392.95,28,F1,1,,,,,
2026-09-30,2026-09-30,CM,NSE,STK,11399,INE457F01013,SALZERELEC,EQ,,,,,SALZER ELECTRONICS LTD,535.70,546.00,530.35,536.40,531.90,535.65,,536.38,,,18504,9963343.70,1622,F1,1,,,,,
2026-09-30,2026-09-30,CM,NSE,STK,764870,INE304D01012,SAMBANDAM,EQ,,,,,SAMBANDAM SPINNING MILL L,109.98,114.70,105.10,111.40,111.40,109.98,,111.40,,,576,64988.17,22,F1,1,,,,,
2026-09-30,2026-09-30,CM,NSE,STK,4127,INE699B01027,SAMBHAAV,EQ,,,,,SAMBHAAV MEDIA LTD,5.93,6.24,5.56,5.74,5.75,5.92,,5.74,,,155497,905468.17,243,F1,1,,,,,
2026-09-30,2026-09-30,CM,NSE,STK,757767,INE12NJ01018,SAMBHV,EQ,,,,,SAMBHV STEEL TUBES LTD,162.45,167.31,160.11,164.90,164.40,162.24,,164.90,,,5951525,978245073.90,52025,F1,1,,,,,
2026-09-30,2026-09-30,CM,NSE,STK,21096,INE0PZA01015,SAIFL,SM,,,,,SAMEERA AGRO AND INFRA L,4.25,4.25,4.15,4.20,4.20,4.25,,4.20,,,96000,403000.00,23,F1,4000,,,,,
2026-09-30,2026-09-30,CM,NSE,STK,18614,INE08U801020,SAMHI,EQ,,,,,SAMHI HOTELS LIMITED,149.35,155.00,149.35,153.68,153.30,149.34,,153.68,,,803682,122884899.91,11287,F1,1,,,,,
2026-09-30,2026-09-30,CM,NSE,STK,30125,INE148I01020,SAMMAANCAP,EQ,,,,,SAMMAAN CAPITAL LIMITED,136.94,141.19,136.00,136.54,136.50,136.48,,136.54,,,4575005,632876288.45,33355,F1,1,,,,,
2026-09-30,2026-09-30,CM,NSE,STK,27303,INE735M01018,SAMPANN,EQ,,,,,SAMPANN UTPADAN INDIA LTD,24.70,24.70,23.56,24.17,24.10,23.82,,24.17,,,3944,95093.59,70,F1,1,,,,,
2026-09-30,2026-09-30,CM,NSE,STK,4204,INE775A01035,MOTHERSON,EQ,,,,,SAMVRDHNA MTHRSN INTL LTD,160.35,164.10,160.35,163.26,163.26,158.56,,163.26,,,15307995,2489471824.82,71984,F1,1,,,,,
2026-09-30,2026-09-30,CM,NSE,STK,28805,INE0JPD01013,SANATHAN,EQ,,,,,SANATHAN TEXTILES LIMITED,524.00,527.75,505.00,508.15,509.00,515.00,,508.18,,,99234,51344605.75,4333,F1,1,,,,,
2026-09-30,2026-09-30,CM,NSE,STK,2988,INE583B01015,SANDESH,EQ,,,,,SANDESH LTD,1023.10,1037.40,990.60,999.30,992.00,1029.60,,999.21,,,1002,1008877.60,134,F1,1,,,,,
2026-09-30,2026-09-30,CM,NSE,STK,2397,INE278H01035,SANDHAR,EQ,,,,,SANDHAR TECHNOLOGIES LTD,583.00,599.95,583.00,585.90,586.00,582.70,,585.98,,,133185,78756399.10,6914,F1,1,,,,,
2026-09-30,2026-09-30,CM,NSE,STK,18359,INE149K01016,SANDUMA,EQ,,,,,SANDUR MANG & IRON ORES L,181.27,184.69,181.00,182.18,182.20,182.69,,182.18,,,268845,49239616.79,8472,F1,1,,,,,
2026-09-30,2026-09-30,CM,NSE,STK,4184,INE495C01010,SANGAMIND,EQ,,,,,SANGAM (INDIA) LTD,642.35,650.55,619.85,626.90,622.40,645.55,,627.21,,,27711,17597370.05,1844,F1,1,,,,,
2026-09-30,2026-09-30,CM,NSE,STK,18035,INE0OVI01010,SANGANI,SM,,,,,SANGANI HOSPITALS LIMITED,54.00,57.00,54.00,57.00,57.00,56.30,,57.00,,,4500,247500.00,3,F1,1500,,,,,
2026-09-30,2026-09-30,CM,NSE,STK,14058,INE989A01032,SANGHVIMOV,EQ,,,,,SANGHVI MOVERS LTD,457.10,471.90,452.40,455.20,457.00,454.00,,455.29,,,204771,94724624.25,8276,F1,1,,,,,
2026-09-30,2026-09-30,CM,NSE,STK,25222,INE0UOS01011,SANOFICONR,EQ,,,,,SANOFI CONS HEALTHC IND L,3853.70,3919.00,3796.00,3802.80,3800.10,3867.00,,3802.88,,,6012,22971571.40,1369,F1,1,,,,,
2026-09-30,2026-09-30,CM,NSE,STK,1442,INE058A01010,SANOFI,EQ,,,,,SANOFI INDIA LIMITED,3080.00,3175.00,3051.60,3057.00,3051.60,3072.10,,3057.08,,,15072,46419885.50,3708,F1,1,,,,,
2026-09-30,2026-09-30,CM,NSE,STK,5751,INE953O01021,SANSERA,EQ,,,,,SANSERA ENGINEERING LTD,4450.00,4571.00,4317.30,4537.50,4505.00,4362.20,,4537.43,,,247139,1113099877.10,33862,F1,1,,,,,
2026-09-30,2026-09-30,CM,NSE,STK,24582,INE08NE01025,SANSTAR,EQ,,,,,SANSTAR LIMITED,105.20,108.14,104.15,104.94,104.70,105.90,,104.94,,,61552,6532522.88,1345,F1,1,,,,,
2026-09-30,2026-09-30,CM,NSE,STK,46,INE890C01046,SANWARIA,BZ,,,,,SANWARIA CONSUMER LIMITED,0.19,0.20,0.19,0.19,0.19,0.19,,0.19,,,577796,114182.72,111,F1,1,,,,,
2026-09-30,2026-09-30,CM,NSE,STK,6718,INE806T01020,SAPPHIRE,EQ,,,,,SAPPHIRE FOODS INDIA LTD,211.48,216.92,209.45,212.08,210.95,211.05,,212.08,,,448922,95760440.06,19895,F1,1,,,,,
2026-09-30,2026-09-30,CM,NSE,STK,19863,INE0PUC01020,SARTELE,SM,,,,,SAR TELEVENTURE LIMITED,92.95,107.00,92.95,101.85,101.50,91.95,,101.85,,,329000,33929450.00,490,F1,500,,,,,
2026-09-30,2026-09-30,CM,NSE,STK,762985,INE967G01019,ZSARACOM,EQ,,,,,SARASWATI COMM (INDIA) L,10199.00,10287.00,10100.00,10140.00,10101.00,10233.00,,10140.00,,,30,303694.00,20,F1,1,,,,,
2026-09-30,2026-09-30,CM,NSE,STK,24856,INE0PQ101010,SSDL,EQ,,,,,SARASWATI SAREE DEPOT LTD,80.88,80.88,74.30,75.81,75.00,83.92,,75.86,,,224216,17303411.57,2645,F1,1,,,,,
2026-09-30,2026-09-30,CM,NSE,STK,17758,INE385C01021,SARDAEN,EQ,,,,,SARDA ENERGY & MIN LTD,500.35,507.75,495.10,497.30,496.00,500.35,,497.28,,,213966,107533718.15,9332,F1,1,,,,,
2026-09-30,2026-09-30,CM,NSE,STK,4892,INE979A01025,SAREGAMA,EQ,,,,,SAREGAMA INDIA LIMITED,498.90,518.65,495.35,506.55,507.00,493.45,,506.56,,,643873,328186732.65,35414,F1,1,,,,,
2026-09-30,2026-09-30,CM,NSE,STK,14043,INE453D01025,SARLAPOLY,EQ,,,,,SARLA PERF. FIBERS LTD,96.86,99.23,93.50,93.96,93.50,95.67,,93.96,,,28986,2771655.38,632,F1,1,,,,,
2026-09-30,2026-09-30,CM,NSE,STK,18506,INE0PCL01011,SAROJA,SM,,,,,SAROJA PHARMA INDUS IND L,40.80,40.80,40.80,40.80,40.80,38.90,,40.80,,,1600,65280.00,1,F1,1600,,,,,
2026-09-30,2026-09-30,CM,NSE,STK,6843,INE017W01010,SMLT,EQ,,,,,SARTHAK METALS LIMITED,63.40,63.40,59.00,61.82,63.00,59.31,,61.93,,,11905,728569.45,288,F1,1,,,,,
2026-09-30,2026-09-30,CM,NSE,STK,12913,INE324X01026,SARVESHWAR,EQ,,,,,SARVESHWAR FOODS LIMITED,3.45,3.56,3.45,3.49,3.49,3.44,,3.49,,,1207657,4229355.92,1619,F1,1,,,,,
2026-09-30,2026-09-30,CM,NSE,STK,11983,INE231F01020,SASKEN,EQ,,,,,SASKEN TECHNOLOGIES LTD,1680.00,1709.80,1650.00,1672.70,1680.00,1658.80,,1671.98,,,12713,21324550.40,2488,F1,1,,,,,
2026-09-30,2026-09-30,CM,NSE,STK,29151,INE0NB801022,SATKARTAR,SM,,,,,SAT KARTAR LIFE LIMITED,181.50,209.95,171.55,194.10,194.15,179.30,,194.10,,,143200,27181000.00,164,F1,800,,,,,
2026-09-30,2026-09-30,CM,NSE,STK,24697,INE0RFP01011,SSEGL,SM,,,,,SATHLOKHAR SYN E&C GLOB L,372.00,384.90,372.00,380.05,380.05,374.45,,380.05,,,72200,27417350.00,122,F1,200,,,,,
2026-09-30,2026-09-30,CM,NSE,STK,11045,INE170E01023,SATIA,EQ,,,,,SATIA INDUSTRIES LIMITED,68.70,71.26,68.70,69.70,69.34,68.48,,69.70,,,198881,13914959.15,3054,F1,1,,,,,
2026-09-30,2026-09-30,CM,NSE,STK,10453,INE836B01017,SATIN,EQ,,,,,SATIN CREDIT NET LTD,239.30,239.30,230.15,232.20,232.00,237.69,,232.20,,,386106,90299435.84,6635,F1,1,,,,,
2026-09-30,2026-09-30,CM,NSE,STK,758960,INE14DW01018,SATTVAENGG,SM,,,,,SATTVA ENGINEERING CSTN L,54.25,56.80,53.20,54.35,54.25,53.70,,54.35,,,35200,1899440.00,22,F1,1600,,,,,
2026-09-30,2026-09-30,CM,NSE,STK,3018,INE626A01014,SAURASHCEM,EQ,,,,,SAURASHTRA CEMENT LIMITED,53.94,55.50,53.55,54.53,54.50,54.10,,54.53,,,54035,2937924.63,555,F1,1,,,,,
2026-09-30,2026-09-30,CM,NSE,STK,3021,INE035D01020,SOTL,EQ,,,,,SAVITA OIL TECHNOLO. LTD,860.40,860.40,711.40,718.80,715.00,717.00,,718.81,,,2590903,1979298183.05,85063,F1,1,,,,,
2026-09-30,2026-09-30,CM,NSE,STK,757704,INE0UCN01017,SAVY,SM,,,,,SAVY INFRA AND LOGI LTD,136.10,136.10,136.10,136.10,136.10,137.00,,136.10,,,1200,163320.00,1,F1,1200,,,,,
2026-09-30,2026-09-30,CM,NSE,STK,758444,INE10VS01016,SAWALIYA,SM,,,,,SAWALIYA FOOD PRODUCTS L,175.00,180.00,172.00,179.35,180.00,173.60,,179.35,,,73200,12972450.00,48,F1,600,,,,,
2026-09-30,2026-09-30,CM,NSE,STK,764875,INE327G01032,SAYAJIIND,EQ,,,,,SAYAJI INDUSTRIES LTD.,121.00,121.00,116.50,119.90,119.90,118.70,,119.86,,,2055,248210.87,14,F1,1,,,,,
2026-09-30,2026-09-30,CM,NSE,STK,6792,INE04AK01028,SBC,EQ,,,,,SBC EXPORTS LIMITED,54.99,59.50,54.81,58.29,58.75,54.73,,58.29,,,35616365,2071517760.10,67813,F1,1,,,,,
2026-09-30,2026-09-30,CM,NSE,STK,18026,INE423Y01016,SBFC,EQ,,,,,SBFC FINANCE LIMITED,85.40,86.36,84.70,85.48,85.20,84.46,,85.48,,,642934,55045789.50,17308,F1,1,,,,,
2026-09-30,2026-09-30,CM,NSE,STK,17971,INE018E01016,SBICARD,EQ,,,,,SBI CARDS & PAY SER LTD,585.15,591.25,578.05,578.05,578.05,581.00,,578.02,,,582328,340260736.40,20630,F1,1,,,,,
2026-09-30,2026-09-30,CM,NSE,STK,764173,INE640G01020,SBIFUNDS,EQ,,,,,SBI FUNDS MANAGEMENT LTD,517.80,524.45,514.00,516.05,514.30,517.80,,516.06,,,1541375,799313954.15,48520,F1,1,,,,,
2026-09-30,2026-09-30,CM,NSE,STK,21808,INE123W01016,SBILIFE,EQ,,,,,SBI LIFE INSURANCE CO LTD,1724.00,1729.50,1681.00,1696.40,1696.40,1735.00,,1696.39,,,1813203,3082765855.80,79423,F1,1,,,,,
2026-09-30,2026-09-30,CM,NSE,STK,17272,INF200KA16D8,SETFGOLD,EQ,,,,,SBI-ETF GOLD,125.27,126.04,124.97,125.61,125.86,124.44,,125.61,,,4803338,603063890.68,13011,F1,1,,,,,
2026-09-30,2026-09-30,CM,NSE,STK,10176,INF200KA1FS1,SETFNIF50,EQ,,,,,SBI-ETF NIFTY 50,245.44,246.26,243.96,244.45,244.99,245.02,,244.45,,,973095,238490284.52,5087,F1,1,,,,,
2026-09-30,2026-09-30,CM,NSE,STK,7361,INF200KA1580,SETFNIFBK,EQ,,,,,SBI-ETF NIFTY BANK,561.28,567.11,560.00,563.39,563.33,561.34,,563.43,,,9974,5618134.63,932,F1,1,,,,,
2026-09-30,2026-09-30,CM,NSE,STK,7353,INF200KA1598,SETFNN50,EQ,,,,,SBI-ETF NIFTY NEXT 50,757.50,757.50,746.77,749.01,751.66,754.68,,749.01,,,41960,31555973.34,1648,F1,1,,,,,
2026-09-30,2026-09-30,CM,NSE,STK,19705,INF200KA13Z8,LIQUIDSBI,EQ,,,,,SBIAMC - LIQUIDSBI,1000.00,1000.01,999.99,1000.01,1000.01,1000.00,,1000.01,,,4432,4432000.80,42,F1,1,,,,,
2026-09-30,2026-09-30,CM,NSE,STK,30290,INF200KB1712,SBIBPB,EQ,,,,,SBIAMC - SBIBPB,46.76,47.23,46.64,46.76,46.95,46.66,,46.78,,,30253,1421395.95,418,F1,1,,,,,
2026-09-30,2026-09-30,CM,NSE,STK,5168,INF200KA1X17,SBIETFCON,EQ,,,,,SBIAMC - SBIETFCON,117.47,117.47,113.71,114.18,114.86,115.90,,114.18,,,3810,438403.17,188,F1,1,,,,,
2026-09-30,2026-09-30,CM,NSE,STK,740,INF200KA1S14,SBIETFIT,EQ,,,,,SBIAMC - SBIETFIT,307.50,315.32,305.12,307.98,308.93,307.50,,307.98,,,3156,979915.88,313,F1,1,,,,,
2026-09-30,2026-09-30,CM,NSE,STK,722,INF200KA1S22,SBIETFPB,EQ,,,,,SBIAMC - SBIETFPB,270.63,275.50,270.22,273.40,274.66,270.52,,273.40,,,1997,545622.17,164,F1,1,,,,,
2026-09-30,2026-09-30,CM,NSE,STK,7218,INF200KA1WX6,SBIETFQLTY,EQ,,,,,SBIAMC - SBIETFQLTY,209.47,210.00,207.00,207.69,208.13,209.05,,207.69,,,432,90175.07,56,F1,1,,,,,
2026-09-30,2026-09-30,CM,NSE,STK,758496,INF200KB1969,SBILIQETF,EQ,,,,,SBIAMC - SBILIQETF,1058.01,1058.03,1058.01,1058.02,1058.02,1057.87,,1058.02,,,15055,15928589.41,38,F1,1,,,,,
2026-09-30,2026-09-30,CM,NSE,STK,761095,INF200KB1AJ0,SBIMIDMOM,EQ,,,,,SBIAMC - SBIMIDMOM,61.94,61.94,60.76,61.00,61.12,61.33,,61.00,,,69405,4236799.47,171,F1,1,,,,,
2026-09-30,2026-09-30,CM,NSE,STK,24524,INF200KB1282,SBINEQWETF,EQ,,,,,SBIAMC - SBINEQWETF,31.80,31.80,31.39,31.43,31.52,31.65,,31.43,,,51596,1628416.82,328,F1,1,,,,,
2026-09-30,2026-09-30,CM,NSE,STK,761741,INF200KB1AK8,SBINMID150,EQ,,,,,SBIAMC - SBINMID150,22.39,22.39,21.90,21.97,22.04,22.34,,21.97,,,173495,3824354.62,226,F1,1,,,,,
2026-09-30,2026-09-30,CM,NSE,STK,24366,INF200KB1217,SBISILVER,EQ,,,,,SBIAMC - SBISILVER,215.19,216.50,214.64,215.04,215.50,214.53,,215.04,,,895460,192778990.15,5097,F1,1,,,,,
2026-09-30,2026-09-30,CM,NSE,STK,763543,INF200KB1AY9,SBISMLETF,EQ,,,,,SBIAMC - SBISMLETF,18.02,18.17,17.84,17.92,17.91,17.84,,17.92,,,22979,413379.75,264,F1,1,,,,,
2026-09-30,2026-09-30,CM,NSE,STK,763546,INF200KB1AX1,SBIVALETF,EQ,,,,,SBIAMC - SBIVALETF,14.13,14.19,14.05,14.05,14.05,14.06,,14.05,,,4256,59937.63,29,F1,1,,,,,
2026-09-30,2026-09-30,CM,NSE,STK,17395,INF200KA1JT1,SETF10GILT,EQ,,,,,SBIAMC - SETF10GILT,260.60,262.50,260.21,261.84,261.85,261.83,,261.84,,,4092,1070685.51,31,F1,1,,,,,
2026-09-30,2026-09-30,CM,NSE,STK,762887,INE099G01011,SCANSTL,BE,,,,,SCAN STEELS LTD.,50.73,50.73,48.22,49.37,49.90,49.64,,49.37,,,14776,736724.19,87,F1,1,,,,,
2026-09-30,2026-09-30,CM,NSE,STK,1011,INE513A01022,SCHAEFFLER,EQ,,,,,SCHAEFFLER INDIA LIMITED,3950.00,3960.00,3877.30,3897.10,3900.00,3920.00,,3897.03,,,63788,248802010.90,12583,F1,1,,,,,
2026-09-30,2026-09-30,CM,NSE,STK,31234,INE839M01018,SCHNEIDER,EQ,,,,,SCHNEIDER ELECTRIC INFRA,1197.30,1226.80,1190.00,1203.40,1190.00,1192.70,,1203.49,,,249878,301433173.30,20132,F1,1,,,,,
2026-09-30,2026-09-30,CM,NSE,STK,757462,INE148I07XX3,SCL01825,N6,,,,,SCL 0% 2027 SR III,1070.50,1070.50,1070.50,1070.50,1070.50,1070.50,,1070.50,,,10,10705.00,1,F1,1,,,,,
2026-09-30,2026-09-30,CM,NSE,STK,28933,INE148I07VI8,1025SCL34Z,N1,,,,,SCL 10.25% 2034 SR XII,1010.00,1010.00,1010.00,1010.00,1010.00,1000.00,,1010.00,,,30,30300.00,1,F1,1,,,,,
2026-09-30,2026-09-30,CM,NSE,STK,30238,INE148I07WU1,902SCL28,N1,,,,,SCL 9.02% SR V,999.54,999.54,999.54,999.54,999.54,999.00,,999.54,,,221,220898.34,3,F1,1,,,,,
2026-09-30,2026-09-30,CM,NSE,STK,757471,INE148I07YB7,925SCL30,NF,,,,,SCL 9.25% 2030 SR VIII,980.00,980.00,980.00,980.00,980.00,990.00,,980.00,,,1,980.00,1,F1,1,,,,,
2026-09-30,2026-09-30,CM,NSE,STK,30220,INE148I07WH8,925SCL27B,N1,,,,,SCL 9.25% SR II,1000.00,1000.00,1000.00,1000.00,1000.00,1000.00,,1000.00,,,38,38000.00,3,F1,1,,,,,
2026-09-30,2026-09-30,CM,NSE,STK,757499,INE148I07XF0,955SCL35,NO,,,,,SCL 9.55% 2035 SR XIII,985.00,985.00,985.00,985.00,985.00,980.00,,985.00,,,10,9850.00,1,F1,1,,,,,
2026-09-30,2026-09-30,CM,NSE,STK,30222,INE148I07WI6,990SCL28,N1,,,,,SCL 9.90% SR IV,1054.50,1054.50,1054.50,1054.50,1054.50,1054.50,,1054.50,,,50,52725.00,1,F1,1,,,,,
2026-09-30,2026-09-30,CM,NSE,STK,757497,INE148I07XY1,995SCL2035,NM,,,,,SCL 9.95% 2035 SR XII,1010.66,1010.66,1001.00,1001.00,1001.00,1010.00,,1001.00,,,86,86820.16,3,F1,1,,,,,
2026-09-30,2026-09-30,CM,NSE,STK,30226,INE148I07WL0,SCL190325A,N1,,,,,SCL SR VI,1145.00,1145.00,1145.00,1145.00,1145.00,1069.00,,1145.00,,,10,11450.00,1,F1,1,,,,,
2026-09-30,2026-09-30,CM,NSE,STK,757478,INE090501011,SCODATUBES,EQ,,,,,SCODA TUBES LIMITED,127.75,127.90,124.03,124.87,124.63,130.14,,124.86,,,553569,69587880.75,4668,F1,1,,,,,
2026-09-30,2026-09-30,CM,NSE,STK,22496,IN1420230220,765GA34,SG,,,,,SDL GA 7.65% 2034,96.45,96.45,96.45,96.45,96.45,96.00,,96.45,,,100,9645.00,1,F1,100,,,,,
2026-09-30,2026-09-30,CM,NSE,STK,765437,IN1520260135,747GJ36A,SG,,,,,SDL GJ 7.47% 2036,95.50,95.50,95.50,95.50,95.50,100.00,,95.50,,,500,47750.00,1,F1,100,,,,,
2026-09-30,2026-09-30,CM,NSE,STK,20927,IN1520230153,758GJ32,SG,,,,,SDL GJ 7.58% 2032,97.34,97.34,97.34,97.34,97.34,100.00,,97.34,,,500,48670.00,1,F1,100,,,,,
2026-09-30,2026-09-30,CM,NSE,STK,11507,IN1620220237,783HR32,SG,,,,,SDL HR 7.83% 2032,100.33,100.33,100.33,100.33,100.33,102.61,,100.33,,,100,10033.00,1,F1,100,,,,,
2026-09-30,2026-09-30,CM,NSE,STK,25470,IN1920240018,695KA28,SG,,,,,SDL KA 6.95% 2028,97.25,97.25,97.25,97.25,97.25,97.57,,97.25,,,100,9725.00,1,F1,100,,,,,
2026-09-30,2026-09-30,CM,NSE,STK,763197,IN2020260047,783KL49,SG,,,,,SDL KL 7.83% 2049,99.00,99.00,99.00,99.00,99.00,100.00,,99.00,,,100,9900.00,1,F1,100,,,,,
2026-09-30,2026-09-30,CM,NSE,STK,25360,IN2220240286,713MH37,SG,,,,,SDL MH 7.13% 2037,91.20,91.20,91.20,91.20,91.20,96.00,,91.20,,,2000,182400.00,2,F1,100,,,,,
2026-09-30,2026-09-30,CM,NSE,STK,23540,IN2220230311,742MH34,SG,,,,,SDL MH 7.42% 2034,95.01,95.01,95.01,95.01,95.01,100.00,,95.01,,,500,47505.00,1,F1,100,,,,,
2026-09-30,2026-09-30,CM,NSE,STK,763198,IN2120260038,764MP34,SG,,,,,SDL MP 7.64% 2034,100.00,100.00,100.00,100.00,100.00,99.61,,100.00,,,5000,500000.00,1,F1,100,,,,,
2026-09-30,2026-09-30,CM,NSE,STK,759863,IN2920250270,675RJ30A,SG,,,,,SDL RJ 6.75% 2030,96.30,96.30,96.30,96.30,96.30,100.00,,96.30,,,100,9630.00,1,F1,100,,,,,
2026-09-30,2026-09-30,CM,NSE,STK,758718,IN2920250163,749RJ35,SG,,,,,SDL RJ 7.49% 2035,95.02,98.50,95.02,98.50,98.50,100.00,,98.50,,,1100,104971.00,5,F1,100,,,,,
2026-09-30,2026-09-30,CM,NSE,STK,763068,IN2920260048,781RJ49,SG,,,,,SDL RJ 7.81% 2049,96.10,96.10,96.10,96.10,96.10,100.50,,96.10,,,200,19220.00,2,F1,100,,,,,
2026-09-30,2026-09-30,CM,NSE,STK,758923,IN3120250243,627TN27,SG,,,,,SDL TN 6.27% 2027,96.10,96.10,96.10,96.10,96.10,95.63,,96.10,,,100,9610.00,1,F1,100,,,,,
2026-09-30,2026-09-30,CM,NSE,STK,759851,IN3120250391,655TN29,SG,,,,,SDL TN 6.55% 2029,96.99,96.99,96.99,96.99,96.99,100.00,,96.99,,,100,9699.00,1,F1,100,,,,,
2026-09-30,2026-09-30,CM,NSE,STK,759735,IN3120250375,701TN32,SG,,,,,SDL TN 7.01% 2032,95.48,95.48,95.48,95.48,95.48,100.00,,95.48,,,100,9548.00,1,F1,100,,,,,
2026-09-30,2026-09-30,CM,NSE,STK,759854,IN3120250409,716TN35,SG,,,,,SDL TN 7.16% 2035,95.02,95.02,95.02,95.02,95.02,100.00,,95.02,,,1000,95020.00,1,F1,100,,,,,
2026-09-30,2026-09-30,CM,NSE,STK,759337,IN3120250318,744TN55A,SG,,,,,SDL TN 7.44% 2055,92.45,92.45,92.45,92.45,92.45,92.14,,92.45,,,300,27735.00,1,F1,100,,,,,
2026-09-30,2026-09-30,CM,NSE,STK,763737,IN3120260051,774TN36,SG,,,,,SDL TN 7.74% 2036,97.26,97.26,97.26,97.26,97.26,100.00,,97.26,,,100,9726.00,1,F1,100,,,,,
2026-09-30,2026-09-30,CM,NSE,STK,763074,IN4520260048,77TS37,SG,,,,,SDL TS 7.7% 2037,97.56,97.56,97.56,97.56,97.56,100.00,,97.56,,,100,9756.00,1,F1,100,,,,,
2026-09-30,2026-09-30,CM,NSE,STK,761649,IN4520260014,797TS43,SG,,,,,SDL TS 7.97% 2043,99.50,99.50,99.50,99.50,99.50,99.50,,99.50,,,200,19900.00,1,F1,100,,,,,
2026-09-30,2026-09-30,CM,NSE,STK,22749,IN3320230268,748UP34,SG,,,,,SDL UP 7.48% 2034,105.00,105.00,105.00,105.00,105.00,100.00,,105.00,,,100,10500.00,1,F1,100,,,,,
2026-09-30,2026-09-30,CM,NSE,STK,23543,IN3320230334,748UP40,SG,,,,,SDL UP 7.48% 2040,95.00,95.00,95.00,95.00,95.00,100.00,,95.00,,,100,9500.00,1,F1,100,,,,,
2026-09-30,2026-09-30,CM,NSE,STK,31638,IN3320260034,774UP38,SG,,,,,SDL UP 7.74% 2038,96.45,96.45,96.45,96.45,96.45,94.67,,96.45,,,500,48225.00,1,F1,100,,,,,
2026-09-30,2026-09-30,CM,NSE,STK,760471,IN3420250232,758WB42,SG,,,,,SDL WB 7.58% 2042,95.00,95.00,95.00,95.00,95.00,100.00,,95.00,,,100,9500.00,1,F1,100,,,,,
2026-09-30,2026-09-30,CM,NSE,STK,20643,INE027E07972,935LTF29,N5,,,,,SE RE NCD 9.35% SR.V OP2,1095.00,1095.00,1095.00,1095.00,1095.00,1100.00,,1095.00,,,5,5475.00,2,F1,1,,,,,
2026-09-30,2026-09-30,CM,NSE,STK,2616,INE497B01018,SEAMECLTD,EQ,,,,,SEAMEC LIMITED,1685.00,1739.70,1609.70,1641.60,1638.00,1653.20,,1641.51,,,71134,116929170.40,7368,F1,1,,,,,
2026-09-30,2026-09-30,CM,NSE,STK,7666,INE477L07AP4,IIFLHFZC27,NB,,,,,SEC RE NCD 0% SR.V,1460.00,1460.00,1460.00,1460.00,1460.00,1460.00,,1460.00,,,113,164980.00,2,F1,1,,,,,
2026-09-30,2026-09-30,CM,NSE,STK,20771,INE413U07277,10ISFL26,N3,,,,,SEC RE NCD 10% SR 4,1063.70,1068.00,1063.20,1067.50,1067.50,1065.50,,1067.50,,,37,39442.40,8,F1,1,,,,,
2026-09-30,2026-09-30,CM,NSE,STK,20779,INE413U07269,1003ISFL28,N4,,,,,SEC RE NCD 10.03% SR 5,1005.00,1005.00,1005.00,1005.00,1005.00,1009.62,,1005.00,,,100,100500.00,1,F1,1,,,,,
2026-09-30,2026-09-30,CM,NSE,STK,24141,INE413U07301,1003IIFL29,NC,,,,,SEC RE NCD 10.03% SR V,1025.00,1025.00,1025.00,1025.00,1025.00,1025.00,,1022.50,,,1,1025.00,1,F1,1,,,,,
2026-09-30,2026-09-30,CM,NSE,STK,15253,INE244L07523,890SFIL23A,NZ,,,,,SEC RE NCD 10.03% SR.VIII,373.00,373.00,373.00,373.00,373.00,371.10,,373.00,,,24,8952.00,2,F1,1,,,,,
2026-09-30,2026-09-30,CM,NSE,STK,21056,INE148I07RZ0,835SCL23B,YM,,,,,SEC RE NCD 10.25% SR XII,1015.00,1015.00,1015.00,1015.00,1015.00,1008.00,,1015.00,,,3,3045.00,1,F1,1,,,,,
2026-09-30,2026-09-30,CM,NSE,STK,18906,INE148I07PV3,888SCL25E,N4,,,,,SEC RE NCD 10.25% SR XII,700.50,700.50,600.00,600.00,600.00,686.40,,620.10,,,4,2601.00,2,F1,1,,,,,
2026-09-30,2026-09-30,CM,NSE,STK,20130,INE148I07RB1,965SCL25F,NZ,,,,,SEC RE NCD 10.25% SR XII,800.00,848.00,799.98,848.00,848.00,803.00,,884.35,,,1513,1210683.17,18,F1,1,,,,,
2026-09-30,2026-09-30,CM,NSE,STK,23311,INE148I07SM6,1050SCFL31,Z2,,,,,SEC RE NCD 10.5% SR IX,985.00,985.00,985.00,985.00,985.00,1062.00,,985.00,,,300,295500.00,5,F1,1,,,,,
2026-09-30,2026-09-30,CM,NSE,STK,20784,INE413U07251,1050ISFL28,N5,,,,,SEC RE NCD 10.50% SR 6,1066.00,1066.00,1065.50,1065.50,1065.50,1075.00,,1065.50,,,40,42621.50,2,F1,1,,,,,
2026-09-30,2026-09-30,CM,NSE,STK,15249,INE244L07556,1003SFIL28,NX,,,,,SEC RE NCD 10.50% SR.VII,419.00,461.00,378.00,419.86,378.00,391.55,,419.86,,,77,32301.00,6,F1,1,,,,,
2026-09-30,2026-09-30,CM,NSE,STK,23123,INE342T07460,1065NFL27,NC,,,,,SEC RE NCD 10.65% SR.IV,1011.00,1014.00,1008.05,1014.00,1014.00,1012.00,,1007.00,,,177,178925.50,9,F1,1,,,,,
2026-09-30,2026-09-30,CM,NSE,STK,21042,INE148I07RW7,1075SCL33,YK,,,,,SEC RE NCD 10.75% SR XI,1070.00,1070.00,1070.00,1070.00,1070.00,1062.30,,1070.00,,,100,107000.00,2,F1,1,,,,,
2026-09-30,2026-09-30,CM,NSE,STK,11658,INE0H7R07017,79NHIT35,N1,,,,,SEC RE NCD 7.90% STRPP A,310.01,310.01,310.01,310.01,310.01,310.00,,309.64,,,100,31001.00,1,F1,1,,,,,
2026-09-30,2026-09-30,CM,NSE,STK,11665,INE0H7R07025,79NHIT40,N2,,,,,SEC RE NCD 7.90% STRPP B,313.89,313.89,311.10,311.10,311.10,310.05,,311.10,,,201,62534.34,3,F1,1,,,,,
2026-09-30,2026-09-30,CM,NSE,STK,11669,INE0H7R07033,79NHIT47,N3,,,,,SEC RE NCD 7.90% STRPP C,419.00,419.00,417.41,418.98,418.98,419.00,,418.98,,,170,71196.20,4,F1,1,,,,,
2026-09-30,2026-09-30,CM,NSE,STK,3476,INE219X07280,797IGT31,NL,,,,,SEC RE NCD 7.97% SR.VI,1054.96,1054.96,1054.96,1054.96,1054.96,1017.90,,1054.96,,,120,126595.20,1,F1,1,,,,,
2026-09-30,2026-09-30,CM,NSE,STK,3464,INE219X07264,82IGT31,NJ,,,,,SEC RE NCD 8.20% SR.V,1039.00,1039.00,1039.00,1039.00,1039.00,1043.90,,1039.00,,,100,103900.00,2,F1,1,,,,,
2026-09-30,2026-09-30,CM,NSE,STK,20435,INE121A07RO8,850CIFCL26,NE,,,,,SEC RE NCD 8.50% SR 3,1075.00,1075.00,1075.00,1075.00,1075.00,1060.00,,1075.00,,,4,4300.00,1,F1,1,,,,,
2026-09-30,2026-09-30,CM,NSE,STK,7662,INE477L07AO7,850IIFL27,NA,,,,,SEC RE NCD 8.50% SR.IV,1053.30,1057.00,1053.30,1057.00,1057.00,1050.20,,1057.00,,,18,18989.00,2,F1,1,,,,,
2026-09-30,2026-09-30,CM,NSE,STK,20443,INE121A07RM2,860CIFCL28,NG,,,,,SEC RE NCD 8.60% SR 5,1020.00,1020.00,1020.00,1020.00,1020.00,1020.00,,1020.00,,,100,102000.00,1,F1,1,,,,,
2026-09-30,2026-09-30,CM,NSE,STK,17039,INE530B07385,865IFL28,NZ,,,,,SEC RE NCD 8.65% SR.V,982.50,983.05,981.20,981.20,981.20,988.00,,981.20,,,300,294683.00,6,F1,1,,,,,
2026-09-30,2026-09-30,CM,NSE,STK,28869,INE477L07BG1,89IHFL29,N1,,,,,SEC RE NCD 8.90% SR VI,984.00,984.00,984.00,984.00,984.00,984.00,,984.00,,,90,88560.00,1,F1,1,,,,,
2026-09-30,2026-09-30,CM,NSE,STK,23706,INE338I07164,897MOFSL29,N4,,,,,SEC RE NCD 8.97% SR V,1038.00,1039.00,1038.00,1038.98,1038.98,1037.96,,1039.49,,,277,287738.60,12,F1,1,,,,,
2026-09-30,2026-09-30,CM,NSE,STK,13854,INE530B07260,9IIFL28A,NT,,,,,SEC RE NCD 9% SR.VI,1049.50,1049.50,1049.00,1049.00,1049.00,1049.50,,1049.00,,,52,54560.50,3,F1,1,,,,,
2026-09-30,2026-09-30,CM,NSE,STK,11861,INE148I07MZ1,93SCL24A,ZN,,,,,SEC RE NCD 9.15% SR.VIII,999.99,999.99,999.99,999.99,999.99,999.90,,999.99,,,44,43999.56,1,F1,1,,,,,
2026-09-30,2026-09-30,CM,NSE,STK,28872,INE477L07BH9,925IHFL29,N1,,,,,SEC RE NCD 9.25% SR VII,1044.80,1044.80,1044.80,1044.80,1044.80,1044.80,,1044.80,,,20,20896.00,1,F1,1,,,,,
2026-09-30,2026-09-30,CM,NSE,STK,25283,INE423A07310,932AEL27,N3,,,,,SEC RE NCD 9.32% SR III,1001.00,1001.12,1001.00,1001.00,1001.00,1012.00,,1001.50,,,200,200206.80,4,F1,1,,,,,
2026-09-30,2026-09-30,CM,NSE,STK,25294,INE423A07336,956AEL29,N6,,,,,SEC RE NCD 9.56% SR VI,1040.00,1040.00,1040.00,1040.00,1040.00,1040.00,,1040.00,,,100,104000.00,2,F1,1,,,,,
2026-09-30,2026-09-30,CM,NSE,STK,25287,INE423A07328,965AEL27,N4,,,,,SEC RE NCD 9.65% SR IV,1012.00,1012.00,1011.00,1011.00,1011.00,1013.50,,1011.00,,,910,920024.00,19,F1,1,,,,,
2026-09-30,2026-09-30,CM,NSE,STK,14704,INE148I07NW6,965SCL28,AK,,,,,SEC RE NCD 9.65% SR.VII,475.00,475.00,475.00,475.00,475.00,430.00,,475.00,,,518,246050.00,1,F1,1,,,,,
2026-09-30,2026-09-30,CM,NSE,STK,18487,INE741K07579,970CAGL28,ND,,,,,SEC RE NCD 9.70% SR VII,1015.00,1015.00,1015.00,1015.00,1015.00,1014.50,,1015.00,,,1000,1015000.00,3,F1,1,,,,,
2026-09-30,2026-09-30,CM,NSE,STK,14718,INE148I07NV8,971SCL28,AN,,,,,SEC RE NCD 9.71% SR.VIII,390.00,390.00,390.00,390.00,390.00,390.00,,394.20,,,200,78000.00,3,F1,1,,,,,
2026-09-30,2026-09-30,CM,NSE,STK,14038,INE244L07416,985SFIL28,NO,,,,,SEC RE NCD 9.85% SR.VIII,383.50,439.00,383.50,431.80,430.00,381.01,,431.80,,,55,22300.00,5,F1,1,,,,,
2026-09-30,2026-09-30,CM,NSE,STK,23944,INE148I07TF8,99SCL27,ZH,,,,,SEC RE NCD 9.9% SR IV,1030.80,1030.80,1030.80,1030.80,1030.80,1030.80,,1030.80,,,35,36078.00,2,F1,1,,,,,
2026-09-30,2026-09-30,CM,NSE,STK,25548,INE148I07UE9,990SCL27B,N1,,,,,SEC RE NCD 9.90% SR IV,997.00,997.00,995.00,995.05,995.05,1086.25,,998.03,,,1000,995324.80,15,F1,1,,,,,
2026-09-30,2026-09-30,CM,NSE,STK,25296,INE423A07344,99AEL29,N7,,,,,SEC RE NCD 9.90% SR VII,1050.20,1050.20,1050.20,1050.20,1050.20,1048.00,,1050.20,,,20,21004.00,1,F1,1,,,,,
2026-09-30,2026-09-30,CM,NSE,STK,23704,INE338I07099,0MOFSL27,N3,,,,,SEC RE NCD SR IV,1225.00,1225.00,1224.00,1224.00,1224.00,1225.00,,1224.00,,,500,612085.00,5,F1,1,,,,,
2026-09-30,2026-09-30,CM,NSE,STK,21008,INE148I07RL0,SCLZC26G,YA,,,,,SEC RE NCD SR VI,1280.00,1280.00,1280.00,1280.00,1280.00,1285.15,,1280.00,,,160,204800.00,4,F1,1,,,,,
2026-09-30,2026-09-30,CM,NSE,STK,14219,INE00QS24043,IMC1,N1,,,,,SEC RE NCGB 8.25% STRPP B,252.99,252.99,252.99,252.99,252.99,252.99,,252.99,,,120,30358.80,1,F1,1,,,,,
2026-09-30,2026-09-30,CM,NSE,STK,14228,INE00QS24035,IMC1,N3,,,,,SEC RE NCGB 8.25% STRPP D,251.50,252.99,251.50,252.99,252.99,251.50,,252.99,,,590,149114.20,8,F1,1,,,,,
2026-09-30,2026-09-30,CM,NSE,STK,7975,INE804IA7014,1015ECL29,NR,,,,,SEC RED NCD 10.15% SR. VI,1020.00,1020.99,1017.00,1019.94,1019.94,1020.99,,1019.94,,,1239,1262234.34,18,F1,1,,,,,
2026-09-30,2026-09-30,CM,NSE,STK,7986,INE804IA7022,1060ECL29,NS,,,,,SEC RED NCD 10.6% SR. VII,1119.00,1119.00,1075.01,1075.01,1075.01,1084.99,,1079.51,,,310,343385.59,6,F1,1,,,,,
2026-09-30,2026-09-30,CM,NSE,STK,4288,INE804I078Y8,943ECL28,NJ,,,,,SEC RED NCD 9.43% SR. VI,1003.02,1003.02,985.00,1000.65,998.00,1003.02,,1000.65,,,837,837391.55,18,F1,1,,,,,
2026-09-30,2026-09-30,CM,NSE,STK,19496,INE0BTM01013,SECMARK,EQ,,,,,SECMARK CONSULTANCY LTD,141.40,142.30,140.00,140.00,140.00,142.75,,142.00,,,175,24630.38,14,F1,1,,,,,
2026-09-30,2026-09-30,CM,NSE,STK,11058,INE650K01021,SECURKLOUD,EQ,,,,,SECUREKLOUD TECH LIMITED,17.05,17.16,16.45,16.61,17.00,17.06,,16.61,,,17158,287641.06,136,F1,1,,,,,
2026-09-30,2026-09-30,CM,NSE,STK,761153,INE00XB01019,SEDEMAC,EQ,,,,,SEDEMAC MECHATRONICS LTD,3499.00,3587.00,3460.80,3494.50,3490.00,3485.60,,3494.35,,,178976,626479330.20,33454,F1,1,,,,,
2026-09-30,2026-09-30,CM,NSE,STK,7091,INE955I01044,SEJALLTD,EQ,,,,,SEJAL GLASS LIMITED,656.90,680.00,656.80,674.00,674.90,648.75,,674.12,,,6126,4102342.75,343,F1,1,,,,,
2026-09-30,2026-09-30,CM,NSE,STK,11961,INE617A01013,SEMAC,EQ,,,,,SEMAC CONSTRUCTION LTD,254.85,254.85,231.80,232.85,232.70,243.95,,232.96,,,6426,1549110.05,240,F1,1,,,,,
2026-09-30,2026-09-30,CM,NSE,STK,17271,INE602W01027,SENCO,EQ,,,,,SENCO GOLD LIMITED,329.00,332.70,320.00,320.95,321.00,328.30,,320.96,,,502576,163482167.00,16857,F1,1,,,,,
2026-09-30,2026-09-30,CM,NSE,STK,28888,INE0RB801010,SENORES,EQ,,,,,SENORES PHARMACEUTICALS L,1403.70,1413.00,1370.00,1385.80,1387.00,1403.70,,1385.78,,,268540,373162032.00,24081,F1,1,,,,,
2026-09-30,2026-09-30,CM,NSE,STK,15308,INE964H01014,SEPC,EQ,,,,,SEPC LIMITED,5.15,5.19,5.01,5.02,5.04,5.10,,5.02,,,5233528,26569670.83,3735,F1,1,,,,,
2026-09-30,2026-09-30,CM,NSE,STK,21197,INE306N07LM5,865TCAPS27,N8,,,,,SERENCD8.65%SR.IIICIII&IV,1017.50,1020.00,1017.50,1018.57,1018.00,1016.07,,1018.57,,,300,305549.70,9,F1,1,,,,,
2026-09-30,2026-09-30,CM,NSE,STK,17399,INE0P1Q01015,SERVICE,SM,,,,,SERVICE CARE LIMITED,69.65,69.65,69.05,69.20,69.20,66.35,,69.20,,,16000,1108600.00,8,F1,2000,,,,,
2026-09-30,2026-09-30,CM,NSE,STK,5507,INE782X01033,SERVOTECH,EQ,,,,,SERVOTECH REN POW SYS LTD,71.10,72.19,70.04,70.25,70.09,71.34,,70.25,,,364902,25934948.61,4677,F1,1,,,,,
2026-09-30,2026-09-30,CM,NSE,STK,759934,INE04VU01023,STYL,EQ,,,,,SESHAASAI TECHNOLOGIES L,372.15,377.80,368.20,369.95,370.10,368.80,,369.95,,,48584,18018809.10,3177,F1,1,,,,,
2026-09-30,2026-09-30,CM,NSE,STK,3066,INE630A01024,SESHAPAPER,EQ,,,,,SESHASAYEE PAPER & BOARDS,244.26,246.19,234.81,240.47,240.00,242.53,,240.47,,,62115,14944547.25,1333,F1,1,,,,,
2026-09-30,2026-09-30,CM,NSE,STK,17518,INE878E01021,SETCO,BE,,,,,SETCO AUTOMOTIVE LTD,18.67,19.25,18.21,18.31,18.65,18.67,,18.31,,,61697,1142984.26,193,F1,1,,,,,
2026-09-30,2026-09-30,CM,NSE,STK,18024,INE023M01027,SETUINFRA,BZ,,,,,SETUBANDHAN INFRA LTD,0.52,0.52,0.52,0.52,0.52,0.53,,0.52,,,12422,6459.44,14,F1,1,,,,,
2026-09-30,2026-09-30,CM,NSE,STK,10836,INE573R01012,SEYAIND,BE,,,,,SEYA INDUSTRIES LIMITED,13.59,13.59,13.07,13.45,13.45,13.33,,13.32,,,7911,103840.91,36,F1,1,,,,,
2026-09-30,2026-09-30,CM,NSE,STK,758853,INE618R01015,SGFIN,EQ,,,,,SG FINSERVE LIMITED,595.30,613.20,593.20,604.35,607.00,595.30,,604.29,,,293138,176939313.30,9871,F1,1,,,,,
2026-09-30,2026-09-30,CM,NSE,STK,758889,INE385F01024,SGMART,EQ,,,,,SG MART LIMITED,760.85,769.05,743.00,750.75,749.00,755.95,,750.77,,,125096,94409354.10,8880,F1,1,,,,,
2026-09-30,2026-09-30,CM,NSE,STK,765247,INE967B01028,SGLRES,EQ,,,,,SGL RESOURCES LIMITED,2.28,2.43,2.22,2.38,2.38,2.33,,2.39,,,78563,184013.73,136,F1,1,,,,,
2026-09-30,2026-09-30,CM,NSE,STK,761469,INE12UN01015,SHADOWFAX,EQ,,,,,SHADOWFAX TECHNOLOGIES L,282.00,289.80,278.15,280.25,279.00,280.85,,280.26,,,7428809,2105723373.40,84104,F1,1,,,,,
2026-09-30,2026-09-30,CM,NSE,STK,11859,INE640C01011,SHAHALLOYS,BE,,,,,SHAH ALLOYS LIMITED,87.00,90.89,86.16,86.77,89.45,89.35,,86.80,,,9770,863720.67,85,F1,1,,,,,
2026-09-30,2026-09-30,CM,NSE,STK,20296,INE482J01021,SHAH,EQ,,,,,SHAH METACORP LIMITED,3.15,3.17,3.09,3.14,3.15,3.15,,3.14,,,678623,2121827.41,633,F1,1,,,,,
2026-09-30,2026-09-30,CM,NSE,STK,8727,INE151G01028,SHAILY,EQ,,,,,SHAILY ENG PLASTICS LTD,3042.70,3125.00,3042.70,3063.00,3050.00,3040.80,,3062.99,,,80016,246809656.80,18088,F1,1,,,,,
2026-09-30,2026-09-30,CM,NSE,STK,25574,INE908D01010,SHAKTIPUMP,EQ,,,,,SHAKTI PUMPS (I) LTD,459.95,471.00,458.60,461.35,460.80,458.00,,461.36,,,477179,221528203.80,23538,F1,1,,,,,
2026-09-30,2026-09-30,CM,NSE,STK,714,INE597J01018,SHALBY,EQ,,,,,SHALBY LIMITED,142.00,145.88,135.00,138.65,137.01,142.01,,138.66,,,263673,36453851.42,4446,F1,1,,,,,
2026-09-30,2026-09-30,CM,NSE,STK,761688,INE861D01011,SAHLIBHFI,EQ,,,,,SHALIBHADRA FINANCE LTD,80.00,80.99,78.10,78.84,79.50,78.37,,78.82,,,9062,723327.18,328,F1,1,,,,,
2026-09-30,2026-09-30,CM,NSE,STK,15346,INE849C01026,SHALPAINTS,BE,,,,,SHALIM PAINTS LTD,77.99,81.99,77.99,80.62,81.00,78.09,,80.62,,,101983,8260650.86,435,F1,1,,,,,
2026-09-30,2026-09-30,CM,NSE,STK,25737,INE01NE01012,SRD,EQ,,,,,SHANKAR LAL RAMPAL LTD,39.40,39.74,37.95,38.54,38.21,38.78,,38.65,,,52650,2041050.21,276,F1,1,,,,,
2026-09-30,2026-09-30,CM,NSE,STK,20321,INE274V01019,SHANKARA,EQ,,,,,SHANKARA BLDG PRODUCT LTD,133.90,133.90,125.00,126.48,126.97,127.47,,126.52,,,39804,5106562.98,880,F1,1,,,,,
2026-09-30,2026-09-30,CM,NSE,STK,760594,INE24OJ01011,BUILDPRO,EQ,,,,,SHANKARA BUILDPRO LIMITED,1249.10,1257.90,1221.10,1231.00,1227.20,1244.20,,1231.08,,,84714,105689968.20,2863,F1,1,,,,,
2026-09-30,2026-09-30,CM,NSE,STK,765382,INE1WFC01025,SHANKESH,EQ,,,,,SHANKESH JEWELLERS LTD,89.80,94.44,89.24,90.25,90.50,88.80,,90.25,,,3014634,277122085.38,20929,F1,1,,,,,
2026-09-30,2026-09-30,CM,NSE,STK,19752,INE0Q9Q01017,SHANTHALA,SM,,,,,SHANTHALA FMCG PRODUCTS L,14.15,14.35,13.00,13.50,13.50,14.05,,13.50,,,10800,149160.00,9,F1,1200,,,,,
2026-09-30,2026-09-30,CM,NSE,STK,3078,INE631A01022,SHANTIGEAR,EQ,,,,,SHANTHI GEARS LTD,604.80,604.80,571.60,579.90,579.00,601.65,,579.94,,,120371,70232673.15,4511,F1,1,,,,,
2026-09-30,2026-09-30,CM,NSE,STK,762889,INE440T01028,SEIL,EQ,,,,,SHANTI EDU INITIATIVES L,187.84,191.49,187.21,189.64,189.00,188.92,,189.65,,,129978,24652619.66,1528,F1,1,,,,,
2026-09-30,2026-09-30,CM,NSE,STK,758002,INE06ZD01017,SHANTIGOLD,EQ,,,,,SHANTI GOLD INTERNATION L,308.00,321.00,306.15,308.60,308.97,306.85,,308.61,,,3315946,1041700250.28,37106,F1,1,,,,,
2026-09-30,2026-09-30,CM,NSE,STK,765577,INE1ZEE01019,SHANTIINOR,SM,,,,,SHANTI INORGANICS LIMITED,177.05,182.00,175.00,176.50,176.50,177.70,,176.50,,,80000,14219200.00,43,F1,1600,,,,,
2026-09-30,2026-09-30,CM,NSE,STK,5650,INE933X01016,SHANTI,EQ,,,,,SHANTI OVERSEAS INDIA LTD,5.57,5.83,5.30,5.49,5.55,5.57,,5.49,,,46100,254284.69,101,F1,1,,,,,
2026-09-30,2026-09-30,CM,NSE,STK,762904,INE220Z01013,SHINDL,EQ,,,,,SHARAT INDUSTRIES LTD.,160.32,160.39,158.16,159.60,158.16,160.10,,159.60,,,66280,10577951.01,562,F1,1,,,,,
2026-09-30,2026-09-30,CM,NSE,STK,4992,INE221J01015,SHARDACROP,EQ,,,,,SHARDA CROPCHEM LTD.,719.15,734.85,719.15,723.50,723.60,721.45,,723.49,,,58845,42750395.25,7439,F1,1,,,,,
2026-09-30,2026-09-30,CM,NSE,STK,10530,INE597I01028,SHARDAMOTR,EQ,,,,,SHARDA MOTOR INDS LTD,964.75,986.85,953.05,956.95,957.00,971.25,,957.04,,,37174,36031344.50,5609,F1,1,,,,,
2026-09-30,2026-09-30,CM,NSE,STK,762897,INE037B01020,SHARDUL,BE,,,,,SHARDUL SECURITIES LTD.,56.18,57.80,55.00,56.98,57.00,55.54,,56.98,,,25684,1456014.77,109,F1,1,,,,,
2026-09-30,2026-09-30,CM,NSE,STK,104,INE932X01026,SHAREINDIA,EQ,,,,,SHARE IND. SECURITIES LTD,206.58,208.90,202.50,205.01,203.85,205.68,,205.02,,,703869,145359529.44,9046,F1,1,,,,,
2026-09-30,2026-09-30,CM,NSE,STK,19469,INE460Q01014,SCML,SM,,,,,SHARP CHUCKS N MACHINES L,78.00,84.00,78.00,82.00,82.00,74.65,,82.00,,,26000,2108450.00,21,F1,1000,,,,,
2026-09-30,2026-09-30,CM,NSE,STK,19184,INE916U01025,SFL,EQ,,,,,SHEELA FOAM LIMITED,637.30,645.10,630.00,634.10,631.55,631.50,,634.08,,,76853,48912330.50,8679,F1,1,,,,,
2026-09-30,2026-09-30,CM,NSE,STK,12081,INE501Y01019,SCPL,BE,,,,,SHEETAL COOL PRODUCTS LTD,637.10,648.50,625.05,629.15,637.95,641.05,,628.98,,,1092,693216.85,170,F1,1,,,,,
2026-09-30,2026-09-30,CM,NSE,STK,20415,INE04VX01019,SHEETAL,SM,,,,,SHEETAL UNIVERSAL LIMITED,360.00,360.00,354.40,357.15,357.00,354.00,,357.15,,,6000,2142400.00,8,F1,500,,,,,
2026-09-30,2026-09-30,CM,NSE,STK,21099,INE268L01046,SHEKHAWATI,BE,,,,,SHEKHAWATI INDUSTRIES LTD,31.68,31.68,31.68,31.68,31.68,30.18,,32.00,,,19430,615542.40,43,F1,1,,,,,
2026-09-30,2026-09-30,CM,NSE,STK,5068,INE363M01019,SHEMAROO,EQ,,,,,SHEMAROO ENTER. LTD.,118.15,122.00,116.55,117.12,118.50,117.95,,117.12,,,14665,1739430.82,170,F1,1,,,,,
2026-09-30,2026-09-30,CM,NSE,STK,14172,INE0MM001019,SHERA,SM,,,,,SHERA ENERGY LIMITED,196.20,204.00,196.20,198.00,198.00,195.30,,198.00,,,136000,27273600.00,118,F1,1000,,,,,
2026-09-30,2026-09-30,CM,NSE,STK,764890,INE011D01013,SHERVANI,EQ,,,,,SHERVANI INDUSTRIAL SYN L,325.00,335.00,325.00,335.00,335.00,325.00,,335.00,,,3,985.00,3,F1,1,,,,,
2026-09-30,2026-09-30,CM,NSE,STK,8394,INE03KJ01013,SHIGAN,SM,,,,,SHIGAN QUANTUM TECH LTD,62.50,62.60,62.50,62.60,62.60,58.30,,62.60,,,57000,3564750.00,3,F1,1500,,,,,
2026-09-30,2026-09-30,CM,NSE,STK,759847,INE024F01011,SHILCTECH,EQ,,,,,SHILCHAR TECHNOLOGIES LTD,4050.00,4105.60,4036.40,4084.00,4078.00,4032.70,,4083.86,,,9905,40444164.60,2588,F1,1,,,,,
2026-09-30,2026-09-30,CM,NSE,STK,764895,INE960A01017,SHILGRAVQ,EQ,,,,,SHILP GRAVURES LTD.,142.00,149.80,139.82,146.05,146.05,139.82,,145.81,,,3356,483307.94,114,F1,1,,,,,
2026-09-30,2026-09-30,CM,NSE,STK,17752,INE790G01031,SHILPAMED,EQ,,,,,SHILPA MEDICARE LTD,1060.00,1075.00,1033.50,1047.20,1041.95,1055.75,,1047.15,,,492219,518788422.30,32209,F1,1,,,,,
2026-09-30,2026-09-30,CM,NSE,STK,23127,INE0PB301013,SCILAL,EQ,,,,,SHIPPING CORP OF ILA LTD,36.69,37.34,36.60,36.86,36.72,36.69,,36.86,,,117368,4344521.92,865,F1,1,,,,,
2026-09-30,2026-09-30,CM,NSE,STK,3048,INE109A01011,SCI,EQ,,,,,SHIPPING CORP OF INDIA LT,273.00,275.95,269.75,270.50,270.00,272.90,,270.50,,,1048767,285808606.15,23757,F1,1,,,,,
2026-09-30,2026-09-30,CM,NSE,STK,765282,INE0FOO01011,SHIPROCKET,EQ,,,,,SHIPROCKET LIMITED,120.00,123.97,119.51,120.16,119.85,119.99,,120.16,,,1916192,231901211.99,20264,F1,1,,,,,
2026-09-30,2026-09-30,CM,NSE,STK,759747,INE719F01016,SHIVAUM,EQ,,,,,SHIV AUM STEELS LIMITED,545.05,559.10,545.00,557.15,555.05,545.40,,557.15,,,122580,66924525.55,348,F1,1,,,,,
2026-09-30,2026-09-30,CM,NSE,STK,765160,INE555C01029,SHIVACEM,EQ,,,,,SHIVA CEMENT LTD.,14.50,14.50,13.00,13.76,13.69,14.91,,13.77,,,694858,9522422.71,1984,F1,1,,,,,
2026-09-30,2026-09-30,CM,NSE,STK,764900,INE960E01019,SHIVAAGRO,EQ,,,,,SHIVA GLOBAL AGRO INDS. L,41.00,41.15,37.61,39.47,39.50,39.13,,39.47,,,5236,206197.56,94,F1,1,,,,,
2026-09-30,2026-09-30,CM,NSE,STK,1497,INE644Y01017,SHIVAMILLS,EQ,,,,,SHIVA MILLS LIMITED,61.50,61.50,58.00,58.14,58.03,60.00,,57.67,,,580,34107.15,18,F1,1,,,,,
2026-09-30,2026-09-30,CM,NSE,STK,804,INE705C01020,SHIVATEX,EQ,,,,,SHIVA TEXYARN LIMITED,168.00,173.78,165.01,166.87,165.04,168.97,,166.83,,,623,104156.34,35,F1,1,,,,,
2026-09-30,2026-09-30,CM,NSE,STK,24249,INE0T7B01010,SPCL,SM,,,,,SHIVALIC POWER CONTROL L,64.55,64.55,61.35,62.35,62.10,64.90,,62.35,,,24000,1522140.00,39,F1,600,,,,,
2026-09-30,2026-09-30,CM,NSE,STK,4656,INE386D01027,SBCL,EQ,,,,,SHIVALIK BIMETAL CON. LTD,1140.00,1148.90,1060.00,1071.70,1075.90,1111.30,,1071.77,,,233735,254752327.20,15059,F1,1,,,,,
2026-09-30,2026-09-30,CM,NSE,STK,7016,INE788J01021,SHIVALIK,EQ,,,,,SHIVALIK RASAYAN LIMITED,414.80,423.00,400.00,403.45,406.00,411.35,,403.41,,,45380,18541557.15,2342,F1,1,,,,,
2026-09-30,2026-09-30,CM,NSE,STK,13756,INE637H01024,SHIVAMAUTO,EQ,,,,,SHIVAM AUTO.LTD,17.50,18.54,16.85,17.04,17.02,16.70,,17.04,,,113889,1994101.21,628,F1,1,,,,,
2026-09-30,2026-09-30,CM,NSE,STK,758744,INE1DLF01018,SHIVASHRIT,SM,,,,,SHIVASHRIT FOODS LIMITED,115.00,115.50,112.00,113.65,113.50,113.30,,113.65,,,26000,2959850.00,20,F1,1000,,,,,
2026-09-30,2026-09-30,CM,NSE,STK,11813,INE498B01024,SHOPERSTOP,EQ,,,,,SHOPPERS STOP LIMITED,410.00,426.00,410.00,415.00,415.00,418.95,,415.01,,,26629,11081142.60,1725,F1,1,,,,,
2026-09-30,2026-09-30,CM,NSE,STK,764905,INE311M01018,SHRADDHA,EQ,,,,,SHRADDHA PRIME PROJECTS L,148.64,159.70,143.10,152.31,152.92,147.91,,151.76,,,10595,1616238.52,299,F1,1,,,,,
2026-09-30,2026-09-30,CM,NSE,STK,708,INE715Y01031,SHRADHA,EQ,,,,,SHRADHA REALTY LIMITED,31.30,31.38,30.00,30.50,30.50,29.58,,30.50,,,845,25692.27,45,F1,1,,,,,
2026-09-30,2026-09-30,CM,NSE,STK,10588,INE712K01011,SHREEPUSHK,EQ,,,,,SHRE PUSH CHEM & FERT LTD,480.90,505.05,480.90,492.75,492.05,481.90,,492.74,,,70018,34617685.70,3676,F1,1,,,,,
2026-09-30,2026-09-30,CM,NSE,STK,762874,INE185C01017,SAPPL,EQ,,,,,SHREE AJIT PULP & PAPER L,296.00,305.00,280.00,300.10,303.00,293.55,,300.33,,,6609,1950283.80,148,F1,1,,,,,
2026-09-30,2026-09-30,CM,NSE,STK,3103,INE070A01015,SHREECEM,EQ,,,,,SHREE CEMENT LIMITED,21900.00,22400.00,21900.00,22345.00,22345.00,21900.00,,22345.00,,,20963,465312155.00,8593,F1,1,,,,,
2026-09-30,2026-09-30,CM,NSE,STK,3099,INE232A01011,SHREDIGCEM,EQ,,,,,SHREE DIGVIJAY CEM CO LTD,66.99,67.19,65.50,65.92,65.55,66.41,,65.94,,,32697,2166103.50,804,F1,1,,,,,
2026-09-30,2026-09-30,CM,NSE,STK,764885,INE414Y01015,SGRL,EQ,,,,,SHREE GANESH REMEDIES LTD,665.85,704.00,665.85,687.15,689.00,665.75,,687.00,,,13348,9186593.55,1200,F1,1,,,,,
2026-09-30,2026-09-30,CM,NSE,STK,23074,INE0S4Y01010,SHREEKARNI,SM,,,,,SHREE KARNI FABCOM LTD,380.00,388.00,380.00,382.00,382.00,378.00,,382.00,,,900,346950.00,5,F1,150,,,,,
2026-09-30,2026-09-30,CM,NSE,STK,20603,INE02S501018,SHREEOSFM,SM,,,,,SHREE OSFM E-MOBILITY LTD,51.00,51.90,51.00,51.70,51.90,51.00,,51.70,,,4000,205900.00,4,F1,1000,,,,,
2026-09-30,2026-09-30,CM,NSE,STK,760188,INE19GK01015,SRTL,EQ,,,,,SHREE RAM TWISTEX LIMITED,37.75,37.75,36.63,37.26,37.35,37.35,,37.26,,,7793,289801.15,267,F1,1,,,,,
2026-09-30,2026-09-30,CM,NSE,STK,7627,INE879A01019,SHREERAMA,EQ,,,,,SHREE RAMA MULTI TECH LTD,43.22,45.40,43.22,43.73,43.65,43.71,,43.73,,,26435,1164948.18,334,F1,1,,,,,
2026-09-30,2026-09-30,CM,NSE,STK,13565,INE278B01020,RAMANEWS,EQ,,,,,SHREE RAMA NEWSPRINT LTD,30.65,31.48,30.01,30.27,30.21,30.31,,30.27,,,6718,205456.59,106,F1,1,,,,,
2026-09-30,2026-09-30,CM,NSE,STK,12026,INE087H01022,RENUKA,EQ,,,,,SHREE RENUKA SUGARS LTD,22.60,23.02,21.73,21.89,21.89,22.54,,21.89,,,8847058,198039329.09,14110,F1,1,,,,,
2026-09-30,2026-09-30,CM,NSE,STK,25203,INE0S2G01011,BALAJEE,EQ,,,,,SHREE TIRUPATI BALAJEE L,24.67,26.44,24.67,25.20,25.00,25.43,,25.20,,,36875,932345.57,447,F1,1,,,,,
2026-09-30,2026-09-30,CM,NSE,STK,15121,INE00CE01017,SVLL,EQ,,,,,SHREE VASU LOGISTICS LTD,813.50,835.05,805.00,805.80,805.00,813.35,,805.80,,,2386,1955495.10,99,F1,1,,,,,
2026-09-30,2026-09-30,CM,NSE,STK,762159,INE0K3301012,SHREEDHAR,ST,,,,,SHREEDHAR SPINNERS LTD,148.95,164.55,148.95,163.60,164.55,156.75,,163.60,,,118000,18387200.00,46,F1,2000,,,,,
2026-09-30,2026-09-30,CM,NSE,STK,759802,INE1FL101016,SHETHJI,SM,,,,,SHREEJI GLOBAL FMCG LTD,190.75,195.70,181.90,185.70,186.00,187.10,,185.70,,,25000,4637100.00,20,F1,1000,,,,,
2026-09-30,2026-09-30,CM,NSE,STK,759448,INE1B6101010,SHREEJISPG,EQ,,,,,SHREEJI SHIPPING GLOBAL L,764.00,774.00,764.00,770.40,766.50,763.30,,770.40,,,359788,277232780.75,7262,F1,1,,,,,
2026-09-30,2026-09-30,CM,NSE,STK,14305,INE00IK01029,OSWALSEEDS,EQ,,,,,SHREEOSWAL S AND CHE LTD,12.64,12.69,12.11,12.34,12.48,12.52,,12.34,,,63193,779843.77,290,F1,1,,,,,
2026-09-30,2026-09-30,CM,NSE,STK,760252,INE632X01030,SHRENIK,BZ,,,,,SHRENIK LIMITED,0.30,0.30,0.28,0.29,0.29,0.29,,0.29,,,268021,78019.54,138,F1,1,,,,,
2026-09-30,2026-09-30,CM,NSE,STK,3126,INE231C01019,SHREYANIND,EQ,,,,,SHREYANS INDUSTRIES LTD,129.95,133.99,129.00,130.45,130.80,129.00,,129.95,,,4801,627070.27,160,F1,1,,,,,
2026-09-30,2026-09-30,CM,NSE,STK,756406,INE0DM401012,SHRIAHIMSA,SM,,,,,SHRI AHIMSA NATURALS LTD,437.55,442.00,428.20,438.00,438.00,437.55,,438.00,,,13800,5990820.00,22,F1,600,,,,,
2026-09-30,2026-09-30,CM,NSE,STK,762899,INE402H01015,SHBAJRG,EQ,,,,,SHRI BAJRANG ALLIANCE L,168.00,171.90,157.11,159.79,159.23,169.16,,159.81,,,25638,4171478.64,281,F1,1,,,,,
2026-09-30,2026-09-30,CM,NSE,STK,758568,INE0NON01025,SHKSIL,SM,,,,,SHRI HARE-KRI SPO IRON L,32.05,32.05,32.00,32.00,32.00,33.35,,32.00,,,4000,128100.00,2,F1,2000,,,,,
2026-09-30,2026-09-30,CM,NSE,STK,764910,INE564J01026,SHRJAGP,EQ,,,,,SHRI JAGDAMBA POLYMERS L,635.00,693.00,635.00,665.60,660.05,634.35,,662.87,,,758,502375.15,72,F1,1,,,,,
2026-09-30,2026-09-30,CM,NSE,STK,760202,INE1V4601019,SHRIKANHA,SM,,,,,SHRI KANHA STAINLESS LTD,22.00,22.10,21.70,22.10,22.10,22.50,,22.10,,,17600,384000.00,6,F1,1600,,,,,
2026-09-30,2026-09-30,CM,NSE,STK,762909,INE997I01012,SHRIKRISH,EQ,,,,,SHRI KRISHNA DEVCON LTD.,35.20,35.20,33.17,33.89,34.00,36.10,,33.89,,,2386,81344.38,31,F1,1,,,,,
2026-09-30,2026-09-30,CM,NSE,STK,17684,INE0OMF01015,SHRITECH,SM,,,,,SHRI TECHTEX LIMITED,61.40,61.50,61.40,61.50,61.50,60.00,,61.50,,,4000,245800.00,2,F1,2000,,,,,
2026-09-30,2026-09-30,CM,NSE,STK,759093,INE1B3L01017,SHRINGARMS,EQ,,,,,SHRINGAR HOU OF MANGALS L,216.85,231.00,216.79,224.60,224.00,215.91,,224.60,,,2130481,480774972.42,16668,F1,1,,,,,
2026-09-30,2026-09-30,CM,NSE,STK,24374,INF680P01422,LIQUIDSHRI,EQ,,,,,SHRIRAM - LIQUIDSHRI,1123.56,1123.56,1123.54,1123.55,1123.56,1123.41,,1123.55,,,16544,18588165.24,29,F1,1,,,,,
2026-09-30,2026-09-30,CM,NSE,STK,4306,INE721A01047,SHRIRAMFIN,EQ,,,,,SHRIRAM FINANCE LIMITED,972.20,987.00,965.10,982.70,982.70,971.50,,982.70,,,5552495,5438536493.70,126352,F1,1,,,,,
2026-09-30,2026-09-30,CM,NSE,STK,7200,INE217L01019,SHRIRAMPPS,EQ,,,,,SHRIRAM PROPERTIES LTD,70.15,70.64,68.51,69.21,69.20,69.86,,69.21,,,334575,23346963.19,3138,F1,1,,,,,
2026-09-30,2026-09-30,CM,NSE,STK,25240,INE0UL701015,SHUBHSHREE,SM,,,,,SHUBHSHREE BIOFUELS ENE L,348.00,348.00,333.00,333.00,333.00,335.60,,333.00,,,2100,713340.00,6,F1,300,,,,,
2026-09-30,2026-09-30,CM,NSE,STK,764537,INE551C01044,SHUKRAPHAR,EQ,,,,,SHUKRA PHARMACEUTICALS L,60.96,63.36,60.77,62.09,62.16,60.30,,62.09,,,6037718,373692566.91,34756,F1,1,,,,,
2026-09-30,2026-09-30,CM,NSE,STK,10192,INE979R01011,SHYAMCENT,BE,,,,,SHYAM CENTURY FERROUS LTD,4.85,5.09,4.85,4.97,4.97,4.99,,4.97,,,11943,59381.77,58,F1,1,,,,,
2026-09-30,2026-09-30,CM,NSE,STK,761210,INE1CRP01016,SHYAMDHANI,SM,,,,,SHYAM DHANI INDUSTRIES L,52.30,52.30,52.00,52.30,52.30,52.00,,52.30,,,14000,729700.00,7,F1,2000,,,,,
2026-09-30,2026-09-30,CM,NSE,STK,4693,INE810G01011,SHYAMMETL,EQ,,,,,SHYAM METALICS AND ENGY L,1076.90,1078.50,1055.00,1065.00,1059.10,1074.00,,1064.55,,,235248,251646525.90,18679,F1,1,,,,,
2026-09-30,2026-09-30,CM,NSE,STK,13740,INE635A01023,SHYAMTEL,EQ,,,,,SHYAM TELECOM LIMITED,10.81,11.34,10.81,10.99,10.81,10.86,,11.03,,,2507,27608.24,25,F1,1,,,,,
2026-09-30,2026-09-30,CM,NSE,STK,16875,INE176J01011,SICAGEN,EQ,,,,,SICAGEN INDIA LIMITED,51.20,52.88,51.20,51.74,51.60,51.18,,51.74,,,5078,264418.02,89,F1,1,,,,,
2026-09-30,2026-09-30,CM,NSE,STK,19440,INE075B01020,SICALLOG,BE,,,,,SICAL LOGISTICS LIMITED,89.12,91.74,89.00,91.19,91.40,89.12,,91.19,,,15134,1375919.28,114,F1,1,,,,,
2026-09-30,2026-09-30,CM,NSE,STK,3148,INE0A1E01018,SIDDHIKA,SM,,,,,SIDDHIKA COATINGS LIMITED,218.00,219.00,214.00,214.00,214.00,208.80,,214.00,,,4000,863500.00,7,F1,500,,,,,
2026-09-30,2026-09-30,CM,NSE,STK,756871,INE1NPP01017,ENRIN,EQ,,,,,SIEMENS ENERGY INDIA LTD,3211.40,3322.80,3200.00,3200.00,3200.00,3199.00,,3200.05,,,666697,2178077479.10,60404,F1,1,,,,,
2026-09-30,2026-09-30,CM,NSE,STK,3150,INE003A01024,SIEMENS,EQ,,,,,SIEMENS LTD,3721.10,3789.10,3720.00,3725.60,3725.60,3710.00,,3725.69,,,183302,689178215.60,20825,F1,1,,,,,
2026-09-30,2026-09-30,CM,NSE,STK,6663,INE0D0K01022,SIGACHI,EQ,,,,,SIGACHI INDUSTRIES LTD,28.83,29.46,28.74,28.80,28.78,28.76,,28.80,,,1852936,53758606.02,6268,F1,1,,,,,
2026-09-30,2026-09-30,CM,NSE,STK,14797,INE933B01012,SIGMAADV,BE,,,,,SIGMA ADVANCED SYSTEM LTD,990.25,1025.70,990.05,1025.70,1025.70,976.90,,1025.43,,,370551,378181156.55,2431,F1,1,,,,,
2026-09-30,2026-09-30,CM,NSE,STK,16658,INE0A0S01028,SIGMA,EQ,,,,,SIGMA SOLVE LIMITED,44.50,45.83,43.55,44.25,44.40,43.90,,44.25,,,48186,2140311.60,1258,F1,1,,,,,
2026-09-30,2026-09-30,CM,NSE,STK,18743,INE903U01023,SIGNATURE,EQ,,,,,SIGNATUREGLOBAL INDIA LTD,750.00,761.85,721.05,727.15,726.10,754.45,,727.20,,,331497,245359525.70,14350,F1,1,,,,,
2026-09-30,2026-09-30,CM,NSE,STK,4517,INE529F01035,SIGIND,BE,,,,,SIGNET INDUSTRIES LIMITED,70.00,70.00,65.50,68.73,68.89,68.37,,68.73,,,12504,849695.47,91,F1,1,,,,,
2026-09-30,2026-09-30,CM,NSE,STK,23150,INE0RDE01010,SIGNORIA,ST,,,,,SIGNORIA CREATION LIMITED,145.00,145.00,143.00,143.00,143.00,145.00,,143.00,,,2000,288000.00,2,F1,1000,,,,,
2026-09-30,2026-09-30,CM,NSE,STK,22656,INE0KGZ01021,SIGNPOST,EQ,,,,,SIGNPOST INDIA LIMITED,257.00,268.85,256.95,262.00,261.85,257.85,,262.00,,,48744,12812962.30,1628,F1,1,,,,,
2026-09-30,2026-09-30,CM,NSE,STK,762914,INE438E01032,SIKA,EQ,,,,,SIKA INTERPLANT SYSTEMS L,1033.95,1039.00,1010.00,1014.35,1011.95,1025.45,,1014.27,,,12197,12481385.90,1568,F1,1,,,,,
2026-09-30,2026-09-30,CM,NSE,STK,6226,INE112X01025,SIKKO,BE,,,,,SIKKO INDUSTRIES LIMITED,6.58,6.58,6.27,6.33,6.31,6.51,,6.33,,,283323,1811074.31,581,F1,1,,,,,
2026-09-30,2026-09-30,CM,NSE,STK,4105,INE923A01015,SILINV,EQ,,,,,SIL INVESTMENTS LIMITED,435.00,444.90,431.00,431.45,431.00,436.60,,431.45,,,1394,605681.85,116,F1,1,,,,,
2026-09-30,2026-09-30,CM,NSE,STK,2492,INE01II01013,SILGO,EQ,,,,,SILGO RETAIL LIMITED,70.49,71.09,69.69,70.21,70.00,70.49,,70.21,,,50805,3573613.08,444,F1,1,,,,,
2026-09-30,2026-09-30,CM,NSE,STK,23736,INE0STN01015,SILKFLEX,SM,,,,,SILKFLEX POLYMERS INDIA L,273.50,280.50,273.10,273.10,273.10,287.45,,273.10,,,40000,10998750.00,35,F1,1000,,,,,
2026-09-30,2026-09-30,CM,NSE,STK,757679,INE0SN801015,SILKY,SM,,,,,SILKY OVERSEAS LIMITED,69.70,69.70,65.50,65.50,65.50,67.75,,65.50,,,8800,586640.00,9,F1,800,,,,,
2026-09-30,2026-09-30,CM,NSE,STK,9422,INE625X01026,SILVERTUC,EQ,,,,,SILVER TOUCH TECHNO LTD,141.50,144.80,138.86,140.49,143.60,140.59,,140.45,,,261015,36759614.34,3885,F1,1,,,,,
2026-09-30,2026-09-30,CM,NSE,STK,758836,INE748T01016,SIMBHALS,BZ,,,,,SIMBHAOLI SUGARS LTD.,6.19,6.43,6.19,6.40,6.43,6.31,,6.43,,,14489,92373.05,15,F1,1,,,,,
2026-09-30,2026-09-30,CM,NSE,STK,763378,INE1K4J01018,SIMCA,ST,,,,,SIMCA ADVERTISING LIMITED,282.55,292.00,282.55,287.50,287.50,291.00,,287.50,,,67800,19488450.00,81,F1,600,,,,,
2026-09-30,2026-09-30,CM,NSE,STK,3162,INE059B01024,SIMPLEXINF,EQ,,,,,SIMPLEX INFRASTRUCTURES L,242.90,255.00,241.00,245.50,244.80,242.85,,245.54,,,73280,18189631.65,1858,F1,1,,,,,
2026-09-30,2026-09-30,CM,NSE,STK,764915,INE167H01014,SIMPLXREA,EQ,,,,,SIMPLEX REALTY LTD.,130.85,130.85,125.88,130.00,130.00,130.88,,130.00,,,89,11560.89,9,F1,1,,,,,
2026-09-30,2026-09-30,CM,NSE,STK,23480,INE985A01022,SINCLAIR,EQ,,,,,SINCLAIRS HOTELS LIMITED,77.04,79.65,76.51,78.63,78.12,77.43,,78.69,,,7388,580550.62,369,F1,1,,,,,
2026-09-30,2026-09-30,CM,NSE,STK,16859,INE325D01025,SINDHUTRAD,EQ,,,,,SINDHU TRADE LINKS LTD,22.92,23.27,22.70,22.89,22.71,22.86,,22.89,,,154892,3560108.09,443,F1,1,,,,,
2026-09-30,2026-09-30,CM,NSE,STK,761420,INE638A01035,SINGERIND,EQ,,,,,SINGER INDIA LIMITED,78.20,78.20,75.20,77.31,77.50,76.79,,77.31,,,76015,5857244.98,588,F1,1,,,,,
2026-09-30,2026-09-30,CM,NSE,STK,381,INE129Z01016,SINTERCOM,EQ,,,,,SINTERCOM INDIA LIMITED,80.30,80.30,77.01,79.91,79.99,76.96,,79.91,,,1109,88540.89,33,F1,1,,,,,
2026-09-30,2026-09-30,CM,NSE,STK,11050,INE792Z01011,SIRCA,EQ,,,,,SIRCA PAINT INDIA LIMITED,409.00,416.30,409.00,410.10,409.50,408.05,,410.10,,,138309,57123710.10,3074,F1,1,,,,,
2026-09-30,2026-09-30,CM,NSE,STK,21501,INE285J01028,SIS,EQ,,,,,SIS LIMITED,416.40,424.00,415.80,419.10,419.15,418.65,,419.10,,,321349,135282574.40,18966,F1,1,,,,,
2026-09-30,2026-09-30,CM,NSE,STK,29210,INE965H01011,SITINET,BZ,,,,,SITI NETWORKS LIMITED,0.28,0.28,0.27,0.27,0.28,0.27,,0.27,,,378627,104688.21,184,F1,1,,,,,
2026-09-30,2026-09-30,CM,NSE,STK,14096,INE076B01028,SIYSIL,EQ,,,,,SIYARAM SILK MILLS LTD,543.90,543.90,538.00,539.95,540.00,541.40,,539.95,,,14052,7584841.40,2665,F1,1,,,,,
2026-09-30,2026-09-30,CM,NSE,STK,6643,INE284S01014,SJS,EQ,,,,,SJS ENTERPRISES LIMITED,2300.00,2319.60,2252.20,2258.00,2277.00,2309.80,,2258.01,,,89175,202861212.00,11928,F1,1,,,,,
2026-09-30,2026-09-30,CM,NSE,STK,18883,INE002L01015,SJVN,EQ,,,,,SJVN LTD,59.98,60.30,59.01,59.32,59.20,59.83,,59.32,,,2571072,153531829.06,28045,F1,1,,,,,
2026-09-30,2026-09-30,CM,NSE,STK,760101,INE2J8701016,SKFINDUS,EQ,,,,,SKF IND (INDUSTRIAL) LTD,2780.00,2842.90,2735.00,2767.90,2759.20,2789.00,,2767.92,,,172115,481490746.20,10593,F1,1,,,,,
2026-09-30,2026-09-30,CM,NSE,STK,3186,INE640A01023,SKFINDIA,EQ,,,,,SKF INDIA LTD,1513.00,1524.60,1500.30,1509.90,1509.00,1514.00,,1509.90,,,30500,46076416.30,4361,F1,1,,,,,
2026-09-30,2026-09-30,CM,NSE,STK,9428,INE439E01022,SKIPPER,EQ,,,,,SKIPPER LIMITED,541.90,548.65,528.25,531.15,530.90,541.55,,531.18,,,260601,140162108.60,9542,F1,1,,,,,
2026-09-30,2026-09-30,CM,NSE,STK,4732,INE411D01023,SKMEGGPROD,EQ,,,,,SKM EGG PROD EXPORT(I) LT,220.95,223.90,210.10,211.15,211.05,219.10,,211.14,,,187953,40401034.20,4074,F1,1,,,,,
2026-09-30,2026-09-30,CM,NSE,STK,10325,INE0KZA01016,SKP,SM,,,,,SKP BEARING INDUSTRI. LTD,166.95,166.95,165.00,165.80,165.80,166.95,,165.80,,,1500,248875.00,3,F1,500,,,,,
2026-09-30,2026-09-30,CM,NSE,STK,13631,INE01IU01018,SKYGOLD,EQ,,,,,SKY GOLD AND DIAMONDS LTD,824.95,838.45,806.00,810.70,811.90,820.85,,810.65,,,695736,570879475.85,27973,F1,1,,,,,
2026-09-30,2026-09-30,CM,NSE,STK,765333,INE0VFE01017,SKYTECH,SM,,,,,SKYTECH INFINITE PLATFM L,37.05,37.05,37.05,37.05,37.05,35.30,,37.05,,,3200,118560.00,2,F1,1600,,,,,
2026-09-30,2026-09-30,CM,NSE,STK,765480,INE0PX301025,SKYWAYS,EQ,,,,,SKYWAYS AIR SERVICES LTD,116.00,117.79,112.31,113.26,113.32,115.31,,113.26,,,2306221,263874074.11,24779,F1,1,,,,,
2026-09-30,2026-09-30,CM,NSE,STK,757619,INE14GK01016,SMARTEN,SM,,,,,SMARTEN POWER SYSTEMS LTD,59.50,61.00,59.45,61.00,61.00,60.70,,61.00,,,9600,573960.00,8,F1,1200,,,,,
2026-09-30,2026-09-30,CM,NSE,STK,9893,INE178C01020,SMARTLINK,BE,,,,,SMARTLINK HOLDINGS LTD,203.00,213.47,203.00,211.91,213.00,203.47,,211.89,,,6158,1289917.49,76,F1,1,,,,,
2026-09-30,2026-09-30,CM,NSE,STK,757965,INE0NAZ01010,SMARTWORKS,EQ,,,,,SMARTWORKS COWORKING SP L,528.95,538.65,515.15,519.85,517.10,514.25,,519.86,,,108747,56877688.00,5462,F1,1,,,,,
2026-09-30,2026-09-30,CM,NSE,STK,760218,INE05NX24023,8SMC29,N1,,,,,SMC 8% 2029 STRPP A,502.00,502.00,499.00,499.50,500.00,500.00,,499.50,,,93,46458.70,8,F1,1,,,,,
2026-09-30,2026-09-30,CM,NSE,STK,760219,INE05NX24031,8SMC30,N2,,,,,SMC 8% 2030 STRPP B,502.00,502.00,500.00,500.00,500.00,508.11,,500.00,,,74,37002.00,5,F1,1,,,,,
2026-09-30,2026-09-30,CM,NSE,STK,2320,INE103C01036,SMCGLOBAL,EQ,,,,,SMC GLOBAL SECURITIES LTD,93.00,96.24,91.17,94.48,94.50,92.98,,94.48,,,6836896,639567956.42,43561,F1,1,,,,,
2026-09-30,2026-09-30,CM,NSE,STK,3387,INE294B01019,SMLMAH,EQ,,,,,SML MAHINDRA LIMITED,6620.00,6709.50,6468.00,6578.00,6590.00,6616.50,,6578.12,,,48022,316055975.50,10965,F1,1,,,,,
2026-09-30,2026-09-30,CM,NSE,STK,14329,INE812G01025,SMSPHARMA,EQ,,,,,SMS PHARMACEUTICALS LTD.,483.90,485.00,467.50,476.60,473.00,479.40,,476.63,,,372222,177568129.50,13682,F1,1,,,,,
2026-09-30,2026-09-30,CM,NSE,STK,847,INE702Y01013,SMVD,SM,,,,,SMVD POLY PACK LIMITED,14.55,14.55,14.55,14.55,14.55,15.30,,14.55,,,4040,58782.00,1,F1,4040,,,,,
2026-09-30,2026-09-30,CM,NSE,STK,758946,INE1OIC01018,SNEHAA,SM,,,,,SNEHAA ORGANICS LIMITED,43.50,43.50,42.00,42.00,42.00,43.15,,42.00,,,6000,257200.00,6,F1,1000,,,,,
2026-09-30,2026-09-30,CM,NSE,STK,4843,INE734N01019,SNOWMAN,EQ,,,,,SNOWMAN LOGISTICS LTD.,34.51,35.99,34.25,34.64,34.50,34.69,,34.42,,,120284,4187202.00,1379,F1,1,,,,,
2026-09-30,2026-09-30,CM,NSE,STK,13826,INE671H01015,SOBHA,EQ,,,,,SOBHA LIMITED,1201.00,1239.00,1198.00,1221.60,1225.00,1216.50,,1221.56,,,121889,148197999.00,14395,F1,1,,,,,
2026-09-30,2026-09-30,CM,NSE,STK,8266,INE728Z01015,SOFTTECH,EQ,,,,,SOFTTECH ENGINEERS LTD,522.00,522.00,492.50,493.50,492.50,502.85,,493.65,,,17609,9091186.70,342,F1,1,,,,,
2026-09-30,2026-09-30,CM,NSE,STK,13332,INE343H01029,SOLARINDS,EQ,,,,,SOLAR INDUSTRIES (I) LTD,19030.00,19820.00,19030.00,19700.00,19700.00,18650.00,,19696.42,,,302167,5910566560.00,64195,F1,1,,,,,
2026-09-30,2026-09-30,CM,NSE,STK,3672,INE624Z01016,SOLARA,EQ,,,,,SOLARA ACTIVE PHA SCI LTD,759.00,759.00,720.00,725.40,720.00,749.85,,725.38,,,177501,131037387.25,7983,F1,1,,,,,
2026-09-30,2026-09-30,CM,NSE,STK,759929,INE0TY101024,SOLARWORLD,EQ,,,,,SOLARWORLD ENERGY SOL LTD,128.75,137.56,128.00,129.28,128.81,128.98,,129.28,,,320705,42003771.82,5127,F1,1,,,,,
2026-09-30,2026-09-30,CM,NSE,STK,759397,INE880Y01017,SOLEX,EQ,,,,,SOLEX ENERGY LIMITED,694.70,704.70,675.05,678.85,675.05,688.55,,678.88,,,27975,19167230.90,2170,F1,1,,,,,
2026-09-30,2026-09-30,CM,NSE,STK,1338,INE480C01038,SDBL,EQ,,,,,SOM DIST & BREW LTD,78.96,80.69,77.50,78.17,78.00,79.05,,78.17,,,1674455,131729923.88,10130,F1,1,,,,,
2026-09-30,2026-09-30,CM,NSE,STK,4201,INE314C01013,SOMATEX,EQ,,,,,SOMA TEXTILES & INDUST LT,79.35,81.70,79.05,79.16,79.05,81.52,,79.16,,,1858,148151.98,40,F1,1,,,,,
2026-09-30,2026-09-30,CM,NSE,STK,3880,INE355A01028,SOMANYCERA,EQ,,,,,SOMANY CERAMICS LIMITED,614.00,622.00,606.55,617.75,610.00,613.85,,617.64,,,64566,39810447.05,3733,F1,1,,,,,
2026-09-30,2026-09-30,CM,NSE,STK,17794,INE323J01019,SOMICONVEY,EQ,,,,,SOMI CONVEYOR BELT. LTD.,88.10,89.98,87.50,89.31,87.56,88.62,,89.29,,,5523,488228.86,127,F1,1,,,,,
2026-09-30,2026-09-30,CM,NSE,STK,4684,INE073K01018,SONACOMS,EQ,,,,,SONA BLW PRECISION FRGS L,821.95,837.00,816.40,830.00,830.00,815.65,,830.00,,,2734579,2264549977.95,70671,F1,1,,,,,
2026-09-30,2026-09-30,CM,NSE,STK,23052,INE0Q6H01012,SONAMAC,SM,,,,,SONA MACHINERY LIMITED,30.60,31.05,30.55,31.05,31.05,31.00,,31.05,,,3000,92200.00,3,F1,1000,,,,,
2026-09-30,2026-09-30,CM,NSE,STK,762919,INE321M01017,SONAL,EQ,,,,,SONAL MERCANTILE LTD.,90.00,90.18,87.50,87.56,87.56,91.72,,87.56,,,94,8431.36,4,F1,1,,,,,
2026-09-30,2026-09-30,CM,NSE,STK,8817,INE00LM01029,SONAMLTD,BE,,,,,SONAM LIMITED,68.47,70.25,68.00,68.15,68.80,68.40,,68.15,,,117828,8112158.52,309,F1,1,,,,,
2026-09-30,2026-09-30,CM,NSE,STK,766203,INE0LLZ01011,SONA,BE,,,,,SONASELECTION INDIA LTD,97.98,99.70,95.20,96.03,96.10,98.41,,96.06,,,197715,19205272.02,1552,F1,1,,,,,
2026-09-30,2026-09-30,CM,NSE,STK,6596,INE269A01021,SONATSOFTW,EQ,,,,,SONATA SOFTWARE LTD,260.85,267.40,257.00,258.25,258.00,260.85,,258.25,,,817817,214040552.50,24653,F1,1,,,,,
2026-09-30,2026-09-30,CM,NSE,STK,9458,INE0JZA01018,SONUINFRA,SM,,,,,SONU INFRATECH LIMITED,45.00,45.00,43.55,43.55,43.55,45.80,,43.55,,,7500,332325.00,5,F1,1500,,,,,
2026-09-30,2026-09-30,CM,NSE,STK,9678,INE980Y01015,SOUTHWEST,EQ,,,,,SOUTH WEST PINNACLE LTD,183.50,186.28,180.35,182.49,180.36,183.41,,182.53,,,62445,11467784.59,1865,F1,1,,,,,
2026-09-30,2026-09-30,CM,NSE,STK,8521,INE0JW501011,SPRL,SM,,,,,SP REFRACTORIES LIMITED,139.25,139.25,139.25,139.25,139.25,132.65,,139.25,,,1600,222800.00,2,F1,800,,,,,
2026-09-30,2026-09-30,CM,NSE,STK,19372,INE970N01027,SPCENET,EQ,,,,,SPACENET ENTERS IND LTD,3.16,3.35,3.15,3.18,3.20,3.19,,3.18,,,450589,1445643.21,483,F1,1,,,,,
2026-09-30,2026-09-30,CM,NSE,STK,11435,INE572J01011,SPANDANA,EQ,,,,,SPANDANA SPHOORTY FIN LTD,226.68,231.00,219.01,220.76,219.99,226.67,,220.76,,,304252,67563932.71,8533,F1,1,,,,,
2026-09-30,2026-09-30,CM,NSE,STK,760135,INE1CW901027,SPEB,SM,,,,,SPEB ADHESIVES LIMITED,88.40,88.40,88.40,88.40,88.40,87.50,,88.40,,,2000,176800.00,1,F1,2000,,,,,
2026-09-30,2026-09-30,CM,NSE,STK,27111,INE247M01014,SPECIALITY,BE,,,,,SPECIALITY REST LTD,153.00,154.85,151.00,154.10,154.50,153.99,,154.10,,,15753,2402022.13,144,F1,1,,,,,
2026-09-30,2026-09-30,CM,NSE,STK,766218,INE0GAN01010,SPECTRAA,ST,,,,,SPECTRAA TECH SOLUTIONS L,248.10,255.00,244.00,251.00,251.00,248.10,,251.00,,,207600,51857040.00,124,F1,1200,,,,,
2026-09-30,2026-09-30,CM,NSE,STK,30457,INE01EO01010,SPECTRUM,BE,,,,,SPECTRUM ELECTRIC IND LTD,3830.00,3879.80,3650.10,3846.10,3850.00,3720.90,,3845.53,,,13516,51741716.20,966,F1,1,,,,,
2026-09-30,2026-09-30,CM,NSE,STK,16876,INE0OL001018,SPECTSTM,SM,,,,,SPECTRUM TALENT MGMT LTD,54.05,61.50,53.95,61.50,61.50,60.00,,61.50,,,80800,4505760.00,66,F1,800,,,,,
2026-09-30,2026-09-30,CM,NSE,STK,8163,INE020801028,SPENCERS,EQ,,,,,SPENCER S RETAIL LIMITED,27.40,27.59,26.50,26.71,26.58,27.40,,26.69,,,37693,1017725.63,721,F1,1,,,,,
2026-09-30,2026-09-30,CM,NSE,STK,3252,INE147A01011,SPIC,EQ,,,,,SPIC LTD,63.47,64.24,63.43,63.94,63.88,63.47,,63.94,,,140574,8969872.69,1545,F1,1,,,,,
2026-09-30,2026-09-30,CM,NSE,STK,11935,INE978G01016,SPLIL,EQ,,,,,SPL INDUSTRIES LIMITED,30.50,30.50,28.72,29.24,28.99,29.89,,29.24,,,5213,153839.87,62,F1,1,,,,,
2026-09-30,2026-09-30,CM,NSE,STK,3321,INE937A01023,SPMLINFRA,EQ,,,,,SPML INFRA LIMITED,161.00,164.91,159.50,161.02,162.50,162.07,,161.04,,,99740,16232012.75,1701,F1,1,,,,,
2026-09-30,2026-09-30,CM,NSE,STK,10733,INE885H01029,SPORTKING,EQ,,,,,SPORTKING INDIA LIMITED,212.20,217.61,208.10,210.50,209.05,212.16,,210.49,,,121292,25853333.77,8291,F1,1,,,,,
2026-09-30,2026-09-30,CM,NSE,STK,25306,INE0QR801013,SPPPOLY,SM,,,,,SPP POLYMER LIMITED,11.85,11.85,11.85,11.85,11.85,11.85,,11.85,,,2000,23700.00,1,F1,2000,,,,,
2026-09-30,2026-09-30,CM,NSE,STK,17186,INE526E01018,SHRIPISTON,EQ,,,,,SPR AUTO TECHNOLOGIES LTD,4774.40,4774.40,4620.30,4653.70,4640.40,4749.20,,4653.58,,,75703,353917526.30,16289,F1,1,,,,,
2026-09-30,2026-09-30,CM,NSE,STK,757865,INE19QH01010,SPUNWEB,SM,,,,,SPUNWEB NONWOVEN LIMITED,99.50,99.65,99.50,99.65,99.65,100.00,,99.65,,,2400,238980.00,2,F1,1200,,,,,
2026-09-30,2026-09-30,CM,NSE,STK,14582,INE917H01012,SRHHYPOLTD,EQ,,,,,SREE RAYALSEEMA HHP LTD.,581.35,583.45,563.00,563.90,566.50,575.50,,563.81,,,17963,10241909.90,1173,F1,1,,,,,
2026-09-30,2026-09-30,CM,NSE,STK,31841,INE099F01013,SREEL,BE,,,,,SREELEATHERS LIMITED,291.74,295.00,282.00,287.59,292.80,288.86,,286.62,,,18887,5440737.85,241,F1,1,,,,,
2026-09-30,2026-09-30,CM,NSE,STK,3273,INE647A01010,SRF,EQ,,,,,SRF LTD,2450.30,2502.10,2450.30,2472.50,2472.50,2420.10,,2472.50,,,292029,724994928.00,31766,F1,1,,,,,
2026-09-30,2026-09-30,CM,NSE,STK,18119,INE559N01010,SRGHFL,EQ,,,,,SRG HOUSING FINANCE L,135.10,144.60,135.10,136.40,135.75,138.70,,136.48,,,16267,2273148.90,244,F1,1,,,,,
2026-09-30,2026-09-30,CM,NSE,STK,7457,INE293B01029,HAVISHA,EQ,,,,,SRI HAVISHA HOSP & INFR L,1.36,1.39,1.32,1.34,1.34,1.32,,1.33,,,33131,44811.96,76,F1,1,,,,,
2026-09-30,2026-09-30,CM,NSE,STK,765168,INE009C01019,SRIKPRIND,BE,,,,,SRI KPR INDUSTRIES LTD.,26.11,28.00,26.11,26.25,26.20,27.48,,26.25,,,1518,40860.60,33,F1,1,,,,,
2026-09-30,2026-09-30,CM,NSE,STK,758147,INE0V9Q01010,LOTUSDEV,BE,,,,,SRI LOTUS DEVLPRS N RTY L,218.00,224.85,215.00,224.53,223.50,214.15,,224.54,,,1330015,296688943.72,4116,F1,1,,,,,
2026-09-30,2026-09-30,CM,NSE,STK,761393,INE0TPJ01019,SPCON,SM,,,,,SRINIBAS PRADHAN CONST L,172.00,172.00,170.00,170.00,170.00,172.00,,170.00,,,2400,410400.00,2,F1,1200,,,,,
2026-09-30,2026-09-30,CM,NSE,STK,18059,INE0ON201012,SSFL,ST,,,,,SRIVARI SPICES N FOODS L,279.20,289.90,279.20,280.10,280.10,282.00,,280.10,,,5500,1557350.00,10,F1,500,,,,,
2026-09-30,2026-09-30,CM,NSE,STK,14416,INE0NPI01014,SRIVASAVI,ST,,,,,SRIVASAVI ADHESIVE TAPE L,77.65,77.65,77.65,77.65,77.65,77.65,,77.65,,,1000,77650.00,1,F1,1000,,,,,
2026-09-30,2026-09-30,CM,NSE,STK,23402,INE0R6Z01013,SRM,EQ,,,,,SRM CONTRACTORS LIMITED,413.00,416.90,400.75,404.40,401.00,408.25,,404.40,,,42098,17217032.95,2242,F1,1,,,,,
2026-09-30,2026-09-30,CM,NSE,STK,766176,INE1EQW01028,SSRETAIL,EQ,,,,,SS RETAIL LIMITED,756.05,761.60,725.30,749.50,735.00,746.85,,749.65,,,13357301,9919129303.25,286361,F1,1,,,,,
2026-09-30,2026-09-30,CM,NSE,STK,29205,INE0RYC01010,STALLION,BE,,,,,STALLION IND FLUOROCHEM L,221.10,230.55,221.10,230.55,230.55,219.58,,231.82,,,312277,71313867.12,2493,F1,1,,,,,
2026-09-30,2026-09-30,CM,NSE,STK,29075,INE0M4D01010,SETL,EQ,,,,,STANDARD ENGNG TCNLGY LTD,428.95,436.95,415.00,422.80,423.90,428.95,,422.71,,,407519,172447778.25,9278,F1,1,,,,,
2026-09-30,2026-09-30,CM,NSE,STK,11297,INE173A01025,SIL,EQ,,,,,STANDARD INDUSTRIES LTD.,16.60,16.79,15.50,15.69,15.90,16.42,,15.72,,,158905,2554212.22,698,F1,1,,,,,
2026-09-30,2026-09-30,CM,NSE,STK,24226,INE01A001028,STANLEY,EQ,,,,,STANLEY LIFESTYLES LTD,136.34,141.99,135.25,136.31,136.01,137.58,,136.31,,,136853,18786623.99,2776,F1,1,,,,,
2026-09-30,2026-09-30,CM,NSE,STK,21091,INE460H01021,STARCEMENT,EQ,,,,,STAR CEMENT LIMITED,179.67,183.15,179.08,181.96,181.91,178.10,,181.96,,,123938,22551447.12,5552,F1,1,,,,,
2026-09-30,2026-09-30,CM,NSE,STK,7083,INE575P01011,STARHEALTH,EQ,,,,,STAR HEALTH & AL INS CO L,538.10,542.80,531.35,534.65,533.95,538.10,,534.64,,,240982,129412042.95,26553,F1,1,,,,,
2026-09-30,2026-09-30,CM,NSE,STK,3291,INE733A01018,STARPAPER,EQ,,,,,STAR PAPER MILLS LTD,153.06,158.00,150.03,152.52,154.80,153.03,,152.52,,,6486,1005183.52,169,F1,1,,,,,
2026-09-30,2026-09-30,CM,NSE,STK,9305,INE992I01013,STARTECK,EQ,,,,,STARTECK FINANCE LIMITED,334.80,334.80,301.90,306.95,304.00,335.40,,306.95,,,7138,2231416.50,511,F1,1,,,,,
2026-09-30,2026-09-30,CM,NSE,STK,3045,INE062A01020,SBIN,EQ,,,,,STATE BANK OF INDIA,964.70,972.80,959.50,959.50,959.50,964.70,,959.50,,,8010571,7740234558.40,203154,F1,1,,,,,
2026-09-30,2026-09-30,CM,NSE,STK,766065,INE0FRO01022,STEAMHOUSE,EQ,,,,,STEAMHOUSE INDIA LIMITED,111.40,113.85,110.30,110.94,110.50,110.86,,110.95,,,3547240,397305316.12,24385,F1,1,,,,,
2026-09-30,2026-09-30,CM,NSE,STK,2963,INE114A01011,SAIL,EQ,,,,,STEEL AUTHORITY OF INDIA,181.85,186.00,180.26,181.49,181.49,181.82,,181.49,,,15646382,2866325991.26,77693,F1,1,,,,,
2026-09-30,2026-09-30,CM,NSE,STK,10406,INE395H01011,STEELCITY,EQ,,,,,STEEL CITY SECURITIES LTD,82.11,82.78,80.73,81.35,81.90,82.18,,81.35,,,3777,308801.21,117,F1,1,,,,,
2026-09-30,2026-09-30,CM,NSE,STK,21339,INE503B01021,STEELXIND,EQ,,,,,STEEL EXCHANGE INDIA LTD,11.20,11.74,11.20,11.42,11.35,11.19,,11.42,,,7015322,80752213.02,6506,F1,1,,,,,
2026-09-30,2026-09-30,CM,NSE,STK,765170,INE205F01016,STLSTRINF,EQ,,,,,STEEL STRIPS INFRA L,23.01,24.44,22.12,22.25,22.20,23.00,,22.25,,,7368,168128.87,93,F1,1,,,,,
2026-09-30,2026-09-30,CM,NSE,STK,11829,INE802C01033,SSWL,EQ,,,,,STEEL STRIPS WHEELS LTD.,405.40,413.75,403.20,408.10,406.00,400.65,,408.09,,,1299841,530190445.00,40586,F1,1,,,,,
2026-09-30,2026-09-30,CM,NSE,STK,6803,INE124E01038,STEELCAS,EQ,,,,,STEELCAST LIMITED,372.80,380.10,366.10,377.20,376.05,371.80,,377.26,,,169841,63658356.75,5189,F1,1,,,,,
2026-09-30,2026-09-30,CM,NSE,STK,21484,INE577L01016,STEL,EQ,,,,,STEL HOLDINGS LIMITED,615.40,622.00,561.25,570.10,570.00,597.95,,570.07,,,11379,6628246.70,1492,F1,1,,,,,
2026-09-30,2026-09-30,CM,NSE,STK,4299,INE334A01023,STERTOOLS,EQ,,,,,STERLING TOOLS LIMITED,221.98,229.80,215.00,218.31,216.00,221.24,,218.60,,,18805,4198958.35,725,F1,1,,,,,
2026-09-30,2026-09-30,CM,NSE,STK,9313,INE089C01029,STLTECH,BE,,,,,STERLITE TECHNOLOGIES LTD,909.90,909.90,909.90,909.90,909.90,866.60,,909.90,,,1691349,1538958455.10,9224,F1,1,,,,,
2026-09-30,2026-09-30,CM,NSE,STK,13367,INE353H01010,SGL,EQ,,,,,STL GLOBAL LIMITED,9.43,9.43,8.42,8.56,8.66,9.35,,8.54,,,84208,726878.99,531,F1,1,,,,,
2026-09-30,2026-09-30,CM,NSE,STK,758958,INE1VXE01018,STLNETWORK,EQ,,,,,STL NETWORKS LIMITED,51.93,51.93,48.48,48.97,49.32,49.46,,48.97,,,26400187,1354059390.35,36566,F1,1,,,,,
2026-09-30,2026-09-30,CM,NSE,STK,2107,INE00IN01015,STOVEKRAFT,EQ,,,,,STOVE KRAFT LIMITED,809.60,823.80,791.10,794.95,794.10,813.65,,794.95,,,70280,56362413.20,5291,F1,1,,,,,
2026-09-30,2026-09-30,CM,NSE,STK,761091,INE1XWN01017,STRIDERS,SM,,,,,STRIDERS IMPEX LIMITED,50.05,50.05,48.00,49.95,50.00,50.95,,49.95,,,38400,1898240.00,24,F1,1600,,,,,
2026-09-30,2026-09-30,CM,NSE,STK,7374,INE939A01011,STAR,EQ,,,,,STRIDES PHARMA SCI LTD,1167.00,1174.50,1110.00,1120.00,1110.30,1172.60,,1119.73,,,447494,506091852.20,40952,F1,1,,,,,
2026-09-30,2026-09-30,CM,NSE,STK,12489,INE00M201021,SWSOLAR,EQ,,,,,STRLNG & WIL REN ENE LTD,170.75,177.60,170.10,171.18,170.70,171.08,,171.17,,,1116546,193519945.31,14229,F1,1,,,,,
2026-09-30,2026-09-30,CM,NSE,STK,759587,INE00Q601028,STUDDS,EQ,,,,,STUDDS ACCESSORIES LTD,398.50,404.00,389.45,393.85,395.00,395.65,,393.85,,,55228,21825538.20,4812,F1,1,,,,,
2026-09-30,2026-09-30,CM,NSE,STK,758527,INE17VO01028,STUDIOLSD,SM,,,,,STUDIO LSD LIMITED,8.95,8.95,8.95,8.95,8.95,8.95,,8.95,,,6000,53700.00,3,F1,2000,,,,,
2026-09-30,2026-09-30,CM,NSE,STK,5186,INE239C01020,STYLAMIND,EQ,,,,,STYLAM INDUSTRIES LIMITED,3317.20,3348.00,3287.70,3308.70,3318.00,3336.40,,3308.74,,,14001,46527955.10,3956,F1,1,,,,,
2026-09-30,2026-09-30,CM,NSE,STK,19,INE189B01011,STYRENIX,EQ,,,,,STYRENIX PERFORMANCE LTD,2001.00,2044.60,1993.40,2015.50,2009.00,2000.80,,2015.16,,,21522,43364238.70,3424,F1,1,,,,,
2026-09-30,2026-09-30,CM,NSE,STK,760112,INE0RYR01018,SUBAHOTELS,SM,,,,,SUBA HOTELS LIMITED,88.65,96.20,88.65,93.05,93.00,91.70,,93.05,,,25200,2334000.00,20,F1,1200,,,,,
2026-09-30,2026-09-30,CM,NSE,STK,967,INE754A01055,SUBEXLTD,EQ,,,,,SUBEX LTD,20.60,20.89,19.60,19.73,19.80,20.35,,19.73,,,10266212,207133979.41,20014,F1,1,,,,,
2026-09-30,2026-09-30,CM,NSE,STK,3324,INE287B01021,SUBROS,EQ,,,,,SUBROS LIMITED,702.20,710.45,693.00,699.35,701.00,702.20,,699.39,,,18044,12685727.75,1845,F1,1,,,,,
2026-09-30,2026-09-30,CM,NSE,STK,3327,INE659A01023,SUDARSCHEM,EQ,,,,,SUDARSHAN CHEMICAL INDS L,1203.80,1241.60,1195.00,1203.90,1196.50,1197.30,,1203.94,,,406263,491650398.60,20582,F1,1,,,,,
2026-09-30,2026-09-30,CM,NSE,STK,715,INE492A01029,SUDARCOLOR,EQ,,,,,SUDARSHAN COLORNT IND LTD,380.90,390.00,375.00,376.95,376.00,383.70,,376.99,,,2873,1096172.20,361,F1,1,,,,,
2026-09-30,2026-09-30,CM,NSE,STK,760039,INE0QPI01025,SUDEEPPHRM,EQ,,,,,SUDEEP PHARMA LIMITED,1195.10,1249.80,1181.50,1205.80,1202.00,1195.20,,1205.78,,,176078,215439472.30,14162,F1,1,,,,,
2026-09-30,2026-09-30,CM,NSE,STK,11804,INE450E01029,SUKHJITS,EQ,,,,,SUKHJIT STARCH & CHEM LTD,158.01,158.62,155.05,156.42,155.05,157.95,,156.42,,,5663,890164.32,182,F1,1,,,,,
2026-09-30,2026-09-30,CM,NSE,STK,13218,INE142Q01026,SULA,EQ,,,,,SULA VINEYARDS LIMITED,132.00,134.67,132.00,133.30,133.00,131.77,,133.31,,,137957,18384729.02,3224,F1,1,,,,,
2026-09-30,2026-09-30,CM,NSE,STK,765507,INE11Z001019,SUMAX,SM,,,,,SUMAX ENGINEERING LIMITED,106.00,107.00,103.50,103.75,103.70,105.15,,103.75,,,52800,5534340.00,44,F1,1200,,,,,
2026-09-30,2026-09-30,CM,NSE,STK,765175,INE886B01012,SUMEDHA,EQ,,,,,SUMEDHA FISCAL SERVICES L,44.50,46.90,44.00,45.48,45.50,43.63,,44.79,,,1311,59532.05,96,F1,1,,,,,
2026-09-30,2026-09-30,CM,NSE,STK,20790,INE235C01036,SUMEETINDS,EQ,,,,,SUMEET IND LIMITED,11.45,11.66,10.71,10.92,11.06,11.20,,10.92,,,833546,9245219.94,1631,F1,1,,,,,
2026-09-30,2026-09-30,CM,NSE,STK,11140,INE748Z01013,SUMIT,EQ,,,,,SUMIT WOODS LIMITED,49.97,52.00,49.00,49.59,50.24,49.97,,49.59,,,12830,635160.46,150,F1,1,,,,,
2026-09-30,2026-09-30,CM,NSE,STK,17105,INE258G01013,SUMICHEM,EQ,,,,,SUMITOMO CHEM INDIA LTD,430.00,445.90,430.00,433.25,431.00,431.15,,433.25,,,261894,114341176.75,16891,F1,1,,,,,
2026-09-30,2026-09-30,CM,NSE,STK,21275,INE519C01017,SUMMITSEC,EQ,,,,,SUMMIT SECURITIES LTD,1330.40,1336.40,1305.00,1318.90,1320.80,1322.60,,1319.06,,,2412,3178197.10,473,F1,1,,,,,
2026-09-30,2026-09-30,CM,NSE,STK,14788,INE232I01014,SPARC,EQ,,,,,SUN PHARMA ADV.RES.CO.LTD,208.85,210.65,196.00,197.19,196.99,208.85,,197.19,,,1366000,275818519.70,27740,F1,1,,,,,
2026-09-30,2026-09-30,CM,NSE,STK,3351,INE044A01036,SUNPHARMA,EQ,,,,,SUN PHARMACEUTICAL IND L,1861.30,1863.60,1814.20,1816.60,1816.60,1865.00,,1816.61,,,2401495,4401163518.80,111724,F1,1,,,,,
2026-09-30,2026-09-30,CM,NSE,STK,13404,INE424H01027,SUNTV,EQ,,,,,SUN TV NETWORK LIMITED,555.00,663.90,554.05,605.00,596.00,553.25,,604.96,,,34672457,21547292114.65,550809,F1,1,,,,,
2026-09-30,2026-09-30,CM,NSE,STK,4179,INE073D01013,SUNDRMBRAK,EQ,,,,,SUNDARAM BRAK LININGS LTD,684.00,684.00,672.60,676.05,678.45,671.75,,676.05,,,396,268275.40,51,F1,1,,,,,
2026-09-30,2026-09-30,CM,NSE,STK,20956,INE0Q3R01026,SUNCLAY,EQ,,,,,SUNDARAM CLAYTON LIMITED,1239.70,1249.20,1225.00,1228.90,1228.00,1231.50,,1228.90,,,4681,5760485.00,388,F1,1,,,,,
2026-09-30,2026-09-30,CM,NSE,STK,3339,INE660A01013,SUNDARMFIN,EQ,,,,,SUNDARAM FINANCE LTD,4325.00,4407.80,4315.00,4355.00,4353.20,4334.80,,4354.95,,,54266,236271456.00,16194,F1,1,,,,,
2026-09-30,2026-09-30,CM,NSE,STK,18931,INE108E01023,SUNDARAM,EQ,,,,,SUNDARAM MULTI PAP LTD,1.10,1.12,1.05,1.09,1.09,1.10,,1.08,,,613063,671387.95,371,F1,1,,,,,
2026-09-30,2026-09-30,CM,NSE,STK,3345,INE387A01021,SUNDRMFAST,EQ,,,,,SUNDRAM FASTENERS LTD,1146.40,1159.00,1135.00,1139.30,1137.10,1143.20,,1139.30,,,74514,85280888.50,9479,F1,1,,,,,
2026-09-30,2026-09-30,CM,NSE,STK,761202,INE0CTB01014,SOCL,SM,,,,,SUNDREX OIL COMPANY LTD,28.75,28.75,28.75,28.75,28.75,27.40,,28.75,,,3200,92000.00,2,F1,1600,,,,,
2026-09-30,2026-09-30,CM,NSE,STK,1663,INE209A01019,SUNDROP,EQ,,,,,SUNDROP BRANDS LIMITED,758.25,761.90,740.00,745.20,749.00,750.75,,745.02,,,6739,5017857.75,502,F1,1,,,,,
2026-09-30,2026-09-30,CM,NSE,STK,3348,INE947A01014,SUNFLAG,EQ,,,,,SUNFLAG IRON AND STEEL CO,465.00,471.00,447.60,456.05,452.65,464.30,,455.95,,,624779,287042802.75,15258,F1,1,,,,,
2026-09-30,2026-09-30,CM,NSE,STK,18264,INE0O3O01017,SEL,SM,,,,,SUNGARNER ENERGIES LTD,325.00,325.00,312.15,313.35,312.15,325.00,,313.35,,,1000,318020.00,5,F1,200,,,,,
2026-09-30,2026-09-30,CM,NSE,STK,765180,INE671C01016,SUNLOC,EQ,,,,,SUNIL HEALTHCARE LTD.,74.80,74.80,68.70,68.80,68.80,68.00,,68.22,,,336,24367.42,18,F1,1,,,,,
2026-09-30,2026-09-30,CM,NSE,STK,24868,INE0U2N01013,SUNLITE,SM,,,,,SUNLITE RECYCLING IND LTD,639.95,649.00,610.00,617.85,621.00,625.20,,617.85,,,56400,35201835.00,104,F1,300,,,,,
2026-09-30,2026-09-30,CM,NSE,STK,764925,INE671K01027,SUNRAKSHAK,EQ,,,,,SUNRAKSHAKK INDUS IND L,365.90,367.40,355.05,358.90,367.40,365.60,,359.56,,,12756,4652142.85,225,F1,1,,,,,
2026-09-30,2026-09-30,CM,NSE,STK,764930,INE199E01014,SUNSHIEL,EQ,,,,,SUNSHIELD CHEMICALS LTD.,1094.80,1114.60,1034.80,1054.00,1040.00,1087.50,,1053.94,,,15883,16857100.20,1251,F1,1,,,,,
2026-09-30,2026-09-30,CM,NSE,STK,765387,INE1B3O01011,SUNSHINE,EQ,,,,,SUNSHINE PICTURES LIMITED,447.95,467.00,443.30,453.65,451.65,445.05,,453.64,,,290474,132416815.45,5698,F1,1,,,,,
2026-09-30,2026-09-30,CM,NSE,STK,757763,INE0SGZ01016,SUNTECH,SM,,,,,SUNTECH INFRA SOLUTIONS L,36.70,38.50,36.70,38.45,38.45,36.70,,38.45,,,14400,546080.00,7,F1,1600,,,,,
2026-09-30,2026-09-30,CM,NSE,STK,17641,INE805D01034,SUNTECK,EQ,,,,,SUNTECK REALTY LIMITED,278.60,284.00,276.00,277.40,276.50,280.30,,277.41,,,67009,18782789.05,2657,F1,1,,,,,
2026-09-30,2026-09-30,CM,NSE,STK,8931,INE662A01027,SUPERSPIN,BE,,,,,SUPER SPINNING MILLS LTD,7.70,8.08,7.50,7.71,7.90,7.70,,7.71,,,30674,243078.91,49,F1,1,,,,,
2026-09-30,2026-09-30,CM,NSE,STK,764938,INE460D01038,SUPTANERY,BE,,,,,SUPER TANNERY LTD.,8.70,8.79,8.42,8.48,8.42,8.86,,8.47,,,210580,1790112.32,626,F1,1,,,,,
2026-09-30,2026-09-30,CM,NSE,STK,20616,INE712B01010,SUPERHOUSE,EQ,,,,,SUPERHOUSE LIMITED,161.70,164.49,159.22,160.05,160.00,159.90,,160.06,,,3513,566855.18,138,F1,1,,,,,
2026-09-30,2026-09-30,CM,NSE,STK,3147,INE843L01012,SIEL,EQ,,,,,SUPERIOR INDUSTRIAL ENT L,30.50,30.60,28.99,29.01,29.01,30.50,,31.64,,,204,5953.63,11,F1,1,,,,,
2026-09-30,2026-09-30,CM,NSE,STK,11689,INE399C01030,SUPRAJIT,EQ,,,,,SUPRAJIT ENGINEERING LTD,495.00,495.00,479.00,481.20,479.80,492.10,,481.21,,,43215,20896126.60,4276,F1,1,,,,,
2026-09-30,2026-09-30,CM,NSE,STK,758997,INE319Z01021,SUPREMEENG,BZ,,,,,SUPREME ENGINEERING LTD,4.16,4.16,4.16,4.16,4.16,4.08,,4.16,,,233489,971314.24,103,F1,1,,,,,
2026-09-30,2026-09-30,CM,NSE,STK,28069,INE0U6N01014,SFML,SM,,,,,SUPREME FACILITY MGMT LTD,20.05,20.05,20.05,20.05,20.05,20.40,,20.05,,,1600,32080.00,1,F1,1600,,,,,
2026-09-30,2026-09-30,CM,NSE,STK,29439,INE822E01011,SUPREME,EQ,,,,,SUPREME HOLDIN N HOSP I L,29.84,30.89,29.48,30.42,30.53,29.77,,30.42,,,12129,367090.92,148,F1,1,,,,,
2026-09-30,2026-09-30,CM,NSE,STK,3363,INE195A01028,SUPREMEIND,EQ,,,,,SUPREME INDUSTRIES LTD,3462.00,3545.00,3446.10,3451.00,3451.00,3445.80,,3451.07,,,139486,487632633.10,17361,F1,1,,,,,
2026-09-30,2026-09-30,CM,NSE,STK,15002,INE550H01011,SUPREMEINF,EQ,,,,,SUPREME INFRA. LTD.,84.75,84.75,73.15,73.90,73.90,77.83,,73.91,,,95895,7324127.58,2111,F1,1,,,,,
2026-09-30,2026-09-30,CM,NSE,STK,9617,INE663A01033,SPLPETRO,EQ,,,,,SUPREME PETROCHEM LIMITED,834.90,855.00,801.65,808.20,808.00,831.85,,808.18,,,247547,203612780.90,20533,F1,1,,,,,
2026-09-30,2026-09-30,CM,NSE,STK,21067,INE0QHG01026,SUPREMEPWR,SM,,,,,SUPREME POWER EQUIPMENT L,210.00,216.85,206.35,209.15,208.55,208.00,,209.15,,,47500,10024200.00,83,F1,500,,,,,
2026-09-30,2026-09-30,CM,NSE,STK,7390,INE07RO01027,SUPRIYA,EQ,,,,,SUPRIYA LIFESCIENCE LTD,995.25,995.95,945.20,950.25,949.85,985.05,,950.27,,,229715,220609893.90,16934,F1,1,,,,,
2026-09-30,2026-09-30,CM,NSE,STK,20822,INE843S01025,SURAJEST,EQ,,,,,SURAJ ESTATE DEVELOPERS L,209.00,214.82,203.24,207.69,207.00,209.06,,207.63,,,91950,19092716.36,1599,F1,1,,,,,
2026-09-30,2026-09-30,CM,NSE,STK,24966,INE713C01016,SURAJLTD,EQ,,,,,SURAJ LIMITED,196.00,196.00,195.00,195.00,195.00,193.14,,194.75,,,7,1366.00,5,F1,1,,,,,
2026-09-30,2026-09-30,CM,NSE,STK,27334,INE877V01027,SURAKSHA,EQ,,,,,SURAKSHA DIAGNOSTIC LTD,356.00,357.60,350.10,355.40,355.00,355.05,,355.40,,,121095,42919196.95,4336,F1,1,,,,,
2026-09-30,2026-09-30,CM,NSE,STK,21077,INE272L01022,SURANASOL,EQ,,,,,SURANA SOLAR LIMITED,24.40,25.00,24.25,24.87,24.70,24.51,,24.87,,,18686,460748.54,269,F1,1,,,,,
2026-09-30,2026-09-30,CM,NSE,STK,10700,INE130B01031,SURANAT&P,EQ,,,,,SURANA TELECOM AND POW LT,16.20,16.20,15.81,15.84,15.89,15.87,,15.85,,,15359,244132.27,172,F1,1,,,,,
2026-09-30,2026-09-30,CM,NSE,STK,8513,INE01ZJ01015,SURANI,SM,,,,,SURANI STEEL TUBES LTD.,98.45,98.45,98.30,98.45,98.45,98.45,,98.45,,,3200,315010.00,7,F1,200,,,,,
2026-09-30,2026-09-30,CM,NSE,STK,14139,INE05ST01028,SBGLP,EQ,,,,,SURATWWALA BUS GROUP LTD,23.18,23.89,22.30,22.84,22.83,22.98,,22.84,,,49077,1127223.84,261,F1,1,,,,,
2026-09-30,2026-09-30,CM,NSE,STK,3375,INE335A01020,SURYAROSNI,EQ,,,,,SURYA ROSHNI LTD,220.75,225.50,220.74,221.37,221.50,220.75,,221.36,,,298508,66618653.27,6366,F1,1,,,,,
2026-09-30,2026-09-30,CM,NSE,STK,11852,INE713B01026,SURYALAXMI,EQ,,,,,SURYALAKSHMI COT MIL LTD,58.85,60.40,58.00,58.80,58.00,56.63,,58.80,,,6614,393015.33,90,F1,1,,,,,
2026-09-30,2026-09-30,CM,NSE,STK,762924,INE132C01027,SURYALA,EQ,,,,,SURYALATA SPINNING MILL L,380.00,385.00,376.35,377.00,377.00,376.65,,377.00,,,350,132673.15,44,F1,1,,,,,
2026-09-30,2026-09-30,CM,NSE,STK,2970,INE428Q01011,SURYODAY,EQ,,,,,SURYODAY SMALL FIN BK LTD,144.68,147.56,144.15,145.16,145.60,144.68,,145.16,,,143795,20985070.95,2500,F1,1,,,,,
2026-09-30,2026-09-30,CM,NSE,STK,21321,INE0R8O23017,SEITINVIT,IV,,,,,SUSTAINABLE ENERGY INFRA,122.40,125.00,122.40,123.33,125.00,122.50,,123.33,,,150000,18430000.00,5,F1,25000,,,,,
2026-09-30,2026-09-30,CM,NSE,STK,13804,INE645H01027,SUTLEJTEX,BE,,,,,SUTLEJ TEXT & INDUS LTD,36.55,38.23,36.55,37.50,38.00,36.41,,37.31,,,24675,940358.83,134,F1,1,,,,,
2026-09-30,2026-09-30,CM,NSE,STK,11233,INE495B01038,SUVEN,EQ,,,,,SUVEN LIFE SCIENCES LTD,326.00,328.50,315.60,320.20,319.00,324.75,,320.18,,,402663,129901107.80,9278,F1,1,,,,,
2026-09-30,2026-09-30,CM,NSE,STK,2998,INE018401013,SUVIDHAA,EQ,,,,,SUVIDHAA INFOSERVE LTD,2.10,2.21,2.04,2.09,2.10,2.09,,2.09,,,104823,219070.65,295,F1,1,,,,,
2026-09-30,2026-09-30,CM,NSE,STK,24851,INE442P01014,SUYOG,EQ,,,,,SUYOG TELEMATICS LIMITED,710.00,725.00,670.00,695.10,672.30,689.95,,695.11,,,70242,49142264.85,3459,F1,1,,,,,
2026-09-30,2026-09-30,CM,NSE,STK,12018,INE040H01021,SUZLON,EQ,,,,,SUZLON ENERGY LIMITED,39.51,39.99,39.20,39.49,39.49,39.50,,39.49,,,47026942,1861807360.57,110303,F1,1,,,,,
2026-09-30,2026-09-30,CM,NSE,STK,5020,INE308E01029,SVPGLOB,EQ,,,,,SVP GLOBAL TEXTILES LTD,3.16,3.30,3.00,3.13,3.04,3.15,,3.13,,,23663,72275.39,94,F1,1,,,,,
2026-09-30,2026-09-30,CM,NSE,STK,27095,INE665A01038,SWANCORP,EQ,,,,,SWAN CORP LIMITED,283.95,288.70,279.40,280.20,280.50,284.05,,280.21,,,919733,259886836.75,12396,F1,1,,,,,
2026-09-30,2026-09-30,CM,NSE,STK,29164,INE542F01020,SWANDEF,BE,,,,,SWAN DEFENCE N HEVY IND L,2715.00,2791.20,2663.00,2756.60,2730.00,2704.40,,2756.30,,,19651,53849919.90,1071,F1,1,,,,,
2026-09-30,2026-09-30,CM,NSE,STK,3384,INE277A01016,SWARAJENG,EQ,,,,,SWARAJ ENGINES LTD,3550.00,3583.60,3501.00,3546.20,3548.00,3548.20,,3545.85,,,4835,17132888.60,1240,F1,1,,,,,
2026-09-30,2026-09-30,CM,NSE,STK,764496,INE0GMR01016,SWARAJ,BE,,,,,SWARAJ SUITING LIMITED,379.00,391.85,365.00,388.60,390.50,373.20,,392.67,,,66614,25435173.35,570,F1,1,,,,,
2026-09-30,2026-09-30,CM,NSE,STK,765185,INE967A01012,SWARNSAR,EQ,,,,,SWARNSARITA JEWELS IND L,41.29,41.94,39.10,39.96,40.00,41.29,,40.43,,,3258,130310.13,47,F1,1,,,,,
2026-09-30,2026-09-30,CM,NSE,STK,11497,INE0DGC01025,SWASTIK,ST,,,,,SWASTIK PIPE LIMITED,20.00,20.00,19.50,19.50,19.50,19.75,,19.50,,,2400,47400.00,2,F1,1200,,,,,
2026-09-30,2026-09-30,CM,NSE,STK,766301,INE1QJA01015,SWASTIKAIN,BE,,,,,SWASTIKA INFRA LIMITED,200.00,210.00,200.00,210.00,210.00,185.00,,210.00,,,3274663,665946088.61,22317,F1,1,,,,,
2026-09-30,2026-09-30,CM,NSE,STK,11909,INE409B01013,SWELECTES,EQ,,,,,SWELECT ENERGY SYS LTD,586.95,616.65,580.00,597.90,592.00,582.65,,597.86,,,44503,26829318.05,2879,F1,1,,,,,
2026-09-30,2026-09-30,CM,NSE,STK,27066,INE00H001014,SWIGGY,EQ,,,,,SWIGGY LIMITED,255.95,257.00,250.00,250.10,250.10,253.70,,250.10,,,9125415,2303451773.00,60584,F1,1,,,,,
2026-09-30,2026-09-30,CM,NSE,STK,765193,INE010C01025,SWISSMLTRY,BE,,,,,SWISS MILITARY CON GOOD L,14.23,14.28,13.75,13.88,13.75,13.95,,13.89,,,53388,746161.88,401,F1,1,,,,,
2026-09-30,2026-09-30,CM,NSE,STK,765485,INE899I01028,SYMBIOTEC,EQ,,,,,SYMBIOTEC PHARMALAB LTD,1158.00,1196.80,1138.20,1176.75,1179.55,1144.20,,1176.71,,,2016189,2369784601.45,100904,F1,1,,,,,
2026-09-30,2026-09-30,CM,NSE,STK,24190,INE225D01027,SYMPHONY,EQ,,,,,SYMPHONY LIMITED,580.15,590.00,576.10,582.45,587.00,580.40,,582.32,,,18960,11010849.25,1793,F1,1,,,,,
2026-09-30,2026-09-30,CM,NSE,STK,11992,INE312C01025,SYNCOMF,EQ,,,,,SYNCOM FORMU (I) LTD,27.49,27.49,24.50,25.08,24.90,26.18,,25.09,,,99577808,2533028424.46,210558,F1,1,,,,,
2026-09-30,2026-09-30,CM,NSE,STK,5114,INE00QT01015,SGIL,EQ,,,,,SYNERGY GREEN IND. LTD,633.30,669.00,633.30,666.20,666.00,657.35,,665.93,,,4759,3127671.80,390,F1,1,,,,,
2026-09-30,2026-09-30,CM,NSE,STK,10243,INE398R01022,SYNGENE,EQ,,,,,SYNGENE INTERNATIONAL LTD,367.20,373.30,363.10,365.30,364.20,367.20,,365.26,,,345192,126911968.90,21324,F1,1,,,,,
2026-09-30,2026-09-30,CM,NSE,STK,10793,INE0DYJ01015,SYRMA,EQ,,,,,SYRMA SGS TECHNOLOGY LTD,1686.00,1820.00,1686.00,1782.90,1785.50,1692.60,,1782.86,,,3788979,6745343101.10,174596,F1,1,,,,,
2026-09-30,2026-09-30,CM,NSE,STK,14506,INE0O7R01011,SYSTANGO,SM,,,,,SYSTANGO TECHNOLOGIES LTD,222.90,225.15,218.00,220.65,220.00,223.25,,220.65,,,17200,3786880.00,37,F1,400,,,,,
2026-09-30,2026-09-30,CM,NSE,STK,759358,INE356B01024,SYSTMTXC,BE,,,,,SYSTEMATIX CORP SERVICE L,75.90,75.90,75.01,75.46,75.46,75.46,,75.23,,,3567,269544.62,15,F1,1,,,,,
2026-09-30,2026-09-30,CM,NSE,STK,764955,INE284B01028,TGVSL,EQ,,,,,T G V SRAAC LTD.,123.60,125.00,120.00,121.48,122.49,122.47,,121.49,,,424592,51803051.58,4448,F1,1,,,,,
2026-09-30,2026-09-30,CM,NSE,STK,14314,INE592B01024,TTL,EQ,,,,,T T LIMITED,7.70,8.44,7.35,8.07,8.19,7.71,,8.06,,,1258014,9829642.57,991,F1,1,,,,,
2026-09-30,2026-09-30,CM,NSE,STK,762929,INE524T01029,TAALTECH,EQ,,,,,TAAL TECH LTD.,1053.60,1057.90,990.10,1001.00,1000.00,1044.40,,1001.21,,,28224,28696356.80,3223,F1,1,,,,,
2026-09-30,2026-09-30,CM,NSE,STK,23441,INE0SOY01013,TAC,ST,,,,,TAC INFOSEC LIMITED,417.50,424.50,398.75,403.60,409.00,419.70,,403.60,,,123400,50354310.00,483,F1,200,,,,,
2026-09-30,2026-09-30,CM,NSE,STK,3396,INE123C01018,TAINWALCHM,EQ,,,,,TAINWALA CHEMICAL AND PLA,209.99,209.99,204.00,205.19,205.10,205.36,,205.19,,,1091,223957.47,37,F1,1,,,,,
2026-09-30,2026-09-30,CM,NSE,STK,9354,INE586B01026,TAJGVK,EQ,,,,,TAJ GVK HOTELS & RESORTS,316.55,327.70,314.80,320.20,319.80,316.55,,320.20,,,36962,11844861.75,1950,F1,1,,,,,
2026-09-30,2026-09-30,CM,NSE,STK,14917,INE142I01023,TAKE,EQ,,,,,TAKE LIMITED,13.31,14.59,13.31,13.31,13.31,14.01,,13.28,,,843488,11330378.19,868,F1,1,,,,,
2026-09-30,2026-09-30,CM,NSE,STK,13648,INE187D01029,TALBROAUTO,EQ,,,,,TALBROS AUTO. COMP. LTD,432.90,440.45,426.80,429.85,429.95,433.20,,429.78,,,126449,54642742.95,5220,F1,1,,,,,
2026-09-30,2026-09-30,CM,NSE,STK,762937,INE864J01012,TAMBOLIIN,BE,,,,,TAMBOLI INDUSTRIES LTD.,299.90,305.00,291.35,294.70,292.10,292.15,,294.70,,,1034,310094.15,34,F1,1,,,,,
2026-09-30,2026-09-30,CM,NSE,STK,10945,INE668A01016,TMB,EQ,,,,,TAMILNAD MERCA BANK LTD,861.25,878.20,861.25,871.30,878.00,863.55,,871.29,,,119178,103836253.30,16567,F1,1,,,,,
2026-09-30,2026-09-30,CM,NSE,STK,3980,INE107A01015,TNPL,EQ,,,,,TAMILNADU NEWSPRT & PAPER,150.62,152.90,149.75,150.61,149.80,151.80,,150.59,,,68064,10293072.58,2169,F1,1,,,,,
2026-09-30,2026-09-30,CM,NSE,STK,3509,INE148A01019,TNPETRO,EQ,,,,,TAMILNADU PETROPRODUCTS L,125.77,129.99,123.15,124.08,124.00,125.67,,124.07,,,945747,119556304.31,12734,F1,1,,,,,
2026-09-30,2026-09-30,CM,NSE,STK,3512,INE141D01018,TNTELE,EQ,,,,,TAMILNADU TELECOMMUNICATI,13.11,13.20,12.84,12.84,12.84,14.26,,12.84,,,217122,2823686.58,569,F1,1,,,,,
2026-09-30,2026-09-30,CM,NSE,STK,764945,INE692C01020,TANAA,EQ,,,,,TANEJA AEROSPACE & AVIA L,334.00,355.00,332.50,338.55,338.00,335.00,,338.51,,,40704,14018166.00,1705,F1,1,,,,,
2026-09-30,2026-09-30,CM,NSE,STK,756338,INE0Z7N01017,TANKUP,ST,,,,,TANKUP ENGINEERS LIMITED,1753.35,1753.35,1753.35,1753.35,1753.35,1719.00,,1753.35,,,250,438337.50,1,F1,250,,,,,
2026-09-30,2026-09-30,CM,NSE,STK,13976,INE483C01032,TANLA,EQ,,,,,TANLA PLATFORMS LIMITED,491.85,503.00,490.35,492.15,493.45,490.65,,492.16,,,265486,131897357.65,11596,F1,1,,,,,
2026-09-30,2026-09-30,CM,NSE,STK,23512,INE555Z01020,TARACHAND,EQ,,,,,TARA CHAND INFRA SOLN LTD,48.00,48.00,46.53,47.72,48.00,47.27,,47.72,,,42702,2023839.79,1784,F1,1,,,,,
2026-09-30,2026-09-30,CM,NSE,STK,18827,INE747K01017,TARAPUR,EQ,,,,,TARAPUR TRANSFORMERS LTD,12.60,12.60,12.00,12.16,12.30,12.03,,12.17,,,12032,146268.49,110,F1,1,,,,,
2026-09-30,2026-09-30,CM,NSE,STK,1581,INE0EK901012,TARC,EQ,,,,,TARC LIMITED,128.00,128.29,125.26,125.96,126.02,127.02,,125.95,,,140774,17799457.56,2811,F1,1,,,,,
2026-09-30,2026-09-30,CM,NSE,STK,14771,INE924H01018,TARMAT,EQ,,,,,TARMAT LIMITED,57.03,61.00,55.50,59.40,59.80,57.03,,59.33,,,48224,2826721.16,512,F1,1,,,,,
2026-09-30,2026-09-30,CM,NSE,STK,6943,INE144Z01023,TARSONS,EQ,,,,,TARSONS PRODUCTS LIMITED,330.35,334.00,319.95,320.30,320.00,330.35,,320.31,,,121512,39718551.65,3963,F1,1,,,,,
2026-09-30,2026-09-30,CM,NSE,STK,20092,INE488B01017,TASTYBITE,EQ,,,,,TASTY BITE EATABLES LTD,9703.00,9759.00,9415.00,9487.00,9491.00,9611.00,,9491.69,,,1318,12625376.00,524,F1,1,,,,,
2026-09-30,2026-09-30,CM,NSE,STK,759265,INE976I01016,TATACAP,EQ,,,,,TATA CAPITAL LIMITED,331.35,331.35,324.80,327.95,327.50,331.35,,327.96,,,1709693,559241942.90,52892,F1,1,,,,,
2026-09-30,2026-09-30,CM,NSE,STK,3405,INE092A01019,TATACHEM,EQ,,,,,TATA CHEMICALS LTD,615.00,628.75,610.20,611.45,611.40,613.85,,611.43,,,1113198,688260951.05,28600,F1,1,,,,,
2026-09-30,2026-09-30,CM,NSE,STK,3721,INE151A01013,TATACOMM,EQ,,,,,TATA COMMUNICATIONS LTD,1640.10,1668.10,1640.10,1656.20,1660.10,1654.70,,1656.19,,,137552,227927305.60,19861,F1,1,,,,,
2026-09-30,2026-09-30,CM,NSE,STK,11536,INE467B01029,TCS,EQ,,,,,TATA CONSULTANCY SERV LT,2069.00,2101.00,2050.60,2050.60,2050.60,2032.40,,2050.59,,,3656425,7578320461.10,124004,F1,1,,,,,
2026-09-30,2026-09-30,CM,NSE,STK,3432,INE192A01025,TATACONSUM,EQ,,,,,TATA CONSUMER PRODUCT LTD,966.00,968.10,949.50,949.50,949.50,967.70,,949.51,,,1708408,1641796243.90,67909,F1,1,,,,,
2026-09-30,2026-09-30,CM,NSE,STK,3411,INE670A01012,TATAELXSI,EQ,,,,,TATA ELXSI LIMITED,3150.00,3203.00,3085.00,3088.90,3088.90,3211.70,,3089.50,,,356864,1120898789.00,37533,F1,1,,,,,
2026-09-30,2026-09-30,CM,NSE,STK,1621,INE672A01026,TATAINVEST,EQ,,,,,TATA INVESTMENT CORP LTD,630.00,636.00,616.15,620.05,619.40,625.45,,620.09,,,313002,195781772.80,18708,F1,1,,,,,
2026-09-30,2026-09-30,CM,NSE,STK,759782,INE1TAE01010,TMCV,EQ,,,,,TATA MOTORS LIMITED,430.15,438.15,418.70,421.65,420.00,430.15,,421.65,,,10915749,4636539580.50,212660,F1,1,,,,,
2026-09-30,2026-09-30,CM,NSE,STK,3456,INE155A01022,TMPV,EQ,,,,,TATA MOTORS PASS VEH LTD,281.00,287.05,280.10,283.50,283.50,280.95,,283.51,,,11539983,3274458637.20,107404,F1,1,,,,,
2026-09-30,2026-09-30,CM,NSE,STK,3426,INE245A01021,TATAPOWER,EQ,,,,,TATA POWER CO LTD,357.95,362.05,356.55,359.00,359.00,359.00,,359.00,,,5401745,1942198550.05,62988,F1,1,,,,,
2026-09-30,2026-09-30,CM,NSE,STK,3499,INE081A01020,TATASTEEL,EQ,,,,,TATA STEEL LIMITED,189.00,189.55,184.30,184.30,184.30,188.00,,184.30,,,32381754,6058865328.54,245993,F1,1,,,,,
2026-09-30,2026-09-30,CM,NSE,STK,20293,INE142M01025,TATATECH,EQ,,,,,TATA TECHNOLOGIES LIMITED,686.75,719.75,686.75,707.50,706.50,686.75,,707.49,,,891561,631653895.80,48962,F1,1,,,,,
2026-09-30,2026-09-30,CM,NSE,STK,8954,INE517B01013,TTML,EQ,,,,,TATA TELESERV(MAHARASTRA),34.86,35.67,34.02,34.30,34.30,35.18,,34.30,,,3429419,119270269.08,14969,F1,1,,,,,
2026-09-30,2026-09-30,CM,NSE,STK,7838,INF277K015R5,NETF,EQ,,,,,TATAAML - NETF,249.80,249.80,245.61,246.60,246.51,247.71,,246.60,,,2020,501636.01,89,F1,1,,,,,
2026-09-30,2026-09-30,CM,NSE,STK,12978,INF277K010X4,NPBET,EQ,,,,,TATAAML - NPBET,276.00,278.26,274.00,274.88,276.37,274.80,,274.88,,,607,167656.34,32,F1,1,,,,,
2026-09-30,2026-09-30,CM,NSE,STK,8882,INF277KA1364,TNIDETF,EQ,,,,,TATAAML - TNIDETF,84.00,84.86,82.72,82.98,83.99,83.49,,82.98,,,49766,4161647.88,638,F1,1,,,,,
2026-09-30,2026-09-30,CM,NSE,STK,21401,INF277KA1976,TATAGOLD,EQ,,,,,TATAAML-TATAGOLD,14.27,14.37,14.24,14.30,14.32,14.19,,14.30,,,38787360,554517577.21,56851,F1,1,,,,,
2026-09-30,2026-09-30,CM,NSE,STK,21428,INF277KA1984,TATSILV,EQ,,,,,TATAAML-TATSILV,21.28,21.47,21.27,21.30,21.30,21.25,,21.30,,,22886470,488704400.59,33260,F1,1,,,,,
2026-09-30,2026-09-30,CM,NSE,STK,5162,INE0GK401011,TATVA,EQ,,,,,TATVA CHIN PHARM CHEM LTD,1811.90,1825.00,1776.10,1784.20,1787.00,1806.40,,1784.10,,,55095,99435119.20,9669,F1,1,,,,,
2026-09-30,2026-09-30,CM,NSE,STK,759759,INE0XWS01018,TAURIAN,ST,,,,,TAURIAN MPS LIMITED,623.90,623.90,591.05,593.50,593.00,601.60,,593.50,,,12800,7825600.00,14,F1,800,,,,,
2026-09-30,2026-09-30,CM,NSE,STK,11730,INE053F07801,728IRFC30,NG,,,,,TAX FREE  7.28% SR. 103,1066.00,1066.00,1066.00,1066.00,1066.00,1297.00,,1066.00,,,500,533000.00,1,F1,1,,,,,
2026-09-30,2026-09-30,CM,NSE,STK,11754,INE053F07835,753IRFC30,NJ,,,,,TAX FREE  7.53% SR. 103 A,1099.00,1118.50,1072.50,1072.62,1072.65,1144.00,,1072.62,,,1256,1355436.59,28,F1,1,,,,,
2026-09-30,2026-09-30,CM,NSE,STK,15168,INE053F07900,764IRFC31,NO,,,,,TAX FREE  7.64% SR. 108A,1099.00,1099.00,1074.05,1074.10,1074.05,1148.05,,1074.10,,,1800,1934405.20,20,F1,1,,,,,
2026-09-30,2026-09-30,CM,NSE,STK,14529,INE906B07EP5,769NHAI31,NE,,,,,TAX FREE 7.69% SR. IIB,1084.00,1086.75,1078.18,1079.96,1078.18,1086.40,,1079.93,,,1195,1290400.64,20,F1,1,,,,,
2026-09-30,2026-09-30,CM,NSE,STK,12003,INE906B07EJ8,76NHAI31,NA,,,,,TAX FREE7.60% SR.IIB,1111.75,1119.98,1111.75,1114.99,1114.99,1111.75,,1115.00,,,1078,1199253.06,17,F1,1,,,,,
2026-09-30,2026-09-30,CM,NSE,STK,24019,INE0N2D01013,TBI,SM,,,,,TBI CORN LIMITED,75.05,77.00,71.50,72.00,72.00,75.90,,72.00,,,31800,2331960.00,32,F1,600,,,,,
2026-09-30,2026-09-30,CM,NSE,STK,23740,INE673O01025,TBOTEK,EQ,,,,,TBO TEK LIMITED,1670.50,1729.90,1660.00,1685.20,1690.00,1684.70,,1685.08,,,446861,760685070.00,19757,F1,1,,,,,
2026-09-30,2026-09-30,CM,NSE,STK,761814,INE887D01024,TCC,EQ,,,,,TCC CONCEPT LIMITED,50.10,54.55,48.15,49.93,49.31,50.09,,49.99,,,2215816,114810909.51,14402,F1,1,,,,,
2026-09-30,2026-09-30,CM,NSE,STK,19226,INE586V01016,TCIEXP,BL,,,,,TCI EXPRESS LIMITED,525.00,525.00,525.00,525.00,525.00,485.00,,525.00,,,480000,252000000.00,1,F1,999999999,,,,,
2026-09-30,2026-09-30,CM,NSE,STK,19223,INE586V01016,TCIEXP,EQ,,,,,TCI EXPRESS LIMITED,533.10,552.00,508.60,521.65,509.35,531.85,,521.44,,,794380,424337181.55,26171,F1,1,,,,,
2026-09-30,2026-09-30,CM,NSE,STK,4771,INE911B01018,TCIFINANCE,EQ,,,,,TCI FINANCE LTD,14.98,14.98,14.50,14.78,14.91,14.48,,14.78,,,8014,118074.51,46,F1,1,,,,,
2026-09-30,2026-09-30,CM,NSE,STK,184,INE822C01015,TCPLPACK,EQ,,,,,TCPL PACKAGING LIMITED,4117.40,4179.20,4050.00,4102.60,4101.00,4117.40,,4102.59,,,5095,20908611.20,1317,F1,1,,,,,
2026-09-30,2026-09-30,CM,NSE,STK,25178,INE419M01035,TDPOWERSYS,EQ,,,,,TD POWER SYSTEMS LTD.,783.00,801.00,770.15,786.05,781.00,777.35,,785.99,,,2612869,2061637422.50,110713,F1,1,,,,,
2026-09-30,2026-09-30,CM,NSE,STK,10717,INE289C01025,TEAMGTY,EQ,,,,,TEAM INDIA GUARANTY LTD,235.00,235.01,235.00,235.00,235.00,235.00,,235.00,,,165,38775.10,10,F1,1,,,,,
2026-09-30,2026-09-30,CM,NSE,STK,12716,INE985S01024,TEAMLEASE,EQ,,,,,TEAMLEASE SERVICES LTD.,1148.60,1159.90,1131.50,1148.60,1145.60,1148.60,,1148.51,,,9039,10349864.00,2936,F1,1,,,,,
2026-09-30,2026-09-30,CM,NSE,STK,17000,INE065J01024,TPHQ,BE,,,,,TEAMO PRODUCTIONS HQ LTD,0.52,0.52,0.49,0.50,0.50,0.51,,0.50,,,1294657,652842.21,288,F1,1,,,,,
2026-09-30,2026-09-30,CM,NSE,STK,763571,INE2OL601013,TEAMTECH,ST,,,,,TEAMTECH FORMWORK SOL LTD,138.00,143.85,138.00,143.85,143.85,137.00,,143.85,,,70000,9989600.00,35,F1,2000,,,,,
2026-09-30,2026-09-30,CM,NSE,STK,13538,INE669C01036,TECHM,EQ,,,,,TECH MAHINDRA LIMITED,1524.60,1559.50,1518.00,1524.00,1524.00,1510.50,,1524.00,,,2794174,4289289869.40,81207,F1,1,,,,,
2026-09-30,2026-09-30,CM,NSE,STK,759138,INE0Y5H01014,TECHD,SM,,,,,TECHD CYBERSECURITY LTD,547.00,557.00,541.00,543.95,541.00,549.00,,543.95,,,8400,4612710.00,27,F1,300,,,,,
2026-09-30,2026-09-30,CM,NSE,STK,25652,INE0JQS01019,TECHERA,SM,,,,,TECHERA ENGINEER (IND) L,170.05,175.90,162.30,175.65,175.90,167.55,,175.65,,,362400,62409480.00,355,F1,800,,,,,
2026-09-30,2026-09-30,CM,NSE,STK,6445,INE285K01026,TECHNOE,EQ,,,,,TECHNO ELEC & ENG CO. LTD,1006.20,1027.35,1001.50,1008.75,1004.55,1010.15,,1008.52,,,133810,135702797.90,12662,F1,1,,,,,
2026-09-30,2026-09-30,CM,NSE,STK,14223,INE545H01011,TIIL,EQ,,,,,TECHNOCRAFT IND LTD,2950.00,2985.10,2862.30,2900.90,2900.00,2926.40,,2901.50,,,29702,87247452.60,6007,F1,1,,,,,
2026-09-30,2026-09-30,CM,NSE,STK,764532,INE1D0W01018,TECHNOCRAF,EQ,,,,,TECHNOCRAFT VENTURES LTD,482.50,487.10,470.50,476.55,476.55,480.85,,476.24,,,677585,325371212.85,14831,F1,1,,,,,
2026-09-30,2026-09-30,CM,NSE,STK,762939,INE314H01012,TECHNVISN,EQ,,,,,TECHNVISION VENTURES LTD.,3896.50,4090.00,3702.00,3961.50,3852.50,3896.50,,3950.24,,,417,1620825.50,90,F1,1,,,,,
2026-09-30,2026-09-30,CM,NSE,STK,3453,INE014B01011,TECILCHEM,EQ,,,,,TECIL CHEMICALS,9.20,9.46,8.75,9.02,9.40,9.21,,9.02,,,6287,57036.31,61,F1,1,,,,,
2026-09-30,2026-09-30,CM,NSE,STK,23530,INE0K6601012,TGL,ST,,,,,TEERTH GOPICON LIMITED,13.45,13.45,13.45,13.45,13.45,13.70,,13.45,,,3600,48420.00,16,F1,200,,,,,
2026-09-30,2026-09-30,CM,NSE,STK,7105,INE011K01018,TEGA,EQ,,,,,TEGA INDUSTRIES LIMITED,2080.20,2198.00,2062.60,2106.70,2100.00,2060.60,,2106.75,,,1493714,3197329990.10,89628,F1,1,,,,,
2026-09-30,2026-09-30,CM,NSE,STK,763825,INE0R1301019,TEJA,SM,,,,,TEJA ENGINEERING IND L,214.25,219.40,213.00,218.80,213.00,214.25,,218.80,,,13200,2877570.00,8,F1,600,,,,,
2026-09-30,2026-09-30,CM,NSE,STK,29723,INE17WC01013,TEJASCARGO,SM,,,,,TEJAS CARGO INDIA LIMITED,404.00,404.00,404.00,404.00,404.00,419.00,,404.00,,,400,161600.00,1,F1,400,,,,,
2026-09-30,2026-09-30,CM,NSE,STK,21131,INE010J01012,TEJASNET,EQ,,,,,TEJAS NETWORKS LIMITED,488.50,496.90,482.25,486.20,486.45,490.40,,486.21,,,935883,458701993.35,29209,F1,1,,,,,
2026-09-30,2026-09-30,CM,NSE,STK,3275,INE869Y01028,TEMBO,EQ,,,,,TEMBO GLOBAL IND LTD,58.00,58.56,57.05,57.67,57.50,57.99,,57.67,,,736216,42569883.21,4296,F1,1,,,,,
2026-09-30,2026-09-30,CM,NSE,STK,765426,INE1KZI01025,TEMPSENS,EQ,,,,,TEMPSENS INST (INDIA) LTD,529.65,537.95,523.00,526.75,524.85,529.30,,526.74,,,700380,370850692.50,23413,F1,1,,,,,
2026-09-30,2026-09-30,CM,NSE,STK,759880,INE19RI01016,TENNIND,EQ,,,,,TENNECO CLEAN AIR INDIA L,514.50,516.75,506.25,508.25,506.30,508.60,,508.23,,,502623,257590664.15,41267,F1,1,,,,,
2026-09-30,2026-09-30,CM,NSE,STK,19292,INE482B01010,TERASOFT,EQ,,,,,TERA SOFTWARE LIMITED,210.00,215.95,204.00,207.20,204.95,209.25,,207.20,,,33412,6956576.55,1870,F1,1,,,,,
2026-09-30,2026-09-30,CM,NSE,STK,764950,INE390D01011,TERAI,EQ,,,,,TERAI TEA CO. LTD.,115.75,117.00,114.00,116.75,116.75,115.80,,116.75,,,118,13502.25,10,F1,1,,,,,
2026-09-30,2026-09-30,CM,NSE,STK,11549,INE435C01024,TEXINFRA,EQ,,,,,TEXMACO INFRA & HOLDG LTD,115.13,125.00,115.13,119.41,118.11,115.54,,119.41,,,649299,78911189.08,9172,F1,1,,,,,
2026-09-30,2026-09-30,CM,NSE,STK,21828,INE621L01012,TEXRAIL,EQ,,,,,TEXMACO RAIL & ENG. LTD.,125.75,135.40,125.75,131.73,130.90,125.67,,131.73,,,16021545,2123025045.71,123900,F1,1,,,,,
2026-09-30,2026-09-30,CM,NSE,STK,18214,INE141K01013,TEXMOPIPES,EQ,,,,,TEXMO PIPE & PRODUCTS LTD,52.75,58.59,52.75,55.08,55.79,53.72,,55.09,,,182461,10247406.25,2930,F1,1,,,,,
2026-09-30,2026-09-30,CM,NSE,STK,10744,INE733E07JT8,737NTPC35C,NA,,,,,TFB 7.37% 2035 SR. 3A,1149.00,1359.00,1149.00,1359.00,1359.00,1359.00,,1359.00,,,97,111663.00,2,F1,1,,,,,
2026-09-30,2026-09-30,CM,NSE,STK,10749,INE733E07JV4,753NTPC30E,NC,,,,,TFB 7.53% 2030 SR. 2B,1077.00,1077.00,1077.00,1077.00,1077.00,1070.09,,1077.00,,,5,5385.00,1,F1,1,,,,,
2026-09-30,2026-09-30,CM,NSE,STK,10751,INE733E07JW2,762NTPC35F,ND,,,,,TFB 7.62% 2035 SR. 3B,1150.00,1169.99,1150.00,1169.99,1169.99,1150.00,,1169.99,,,19,22209.82,2,F1,1,,,,,
2026-09-30,2026-09-30,CM,NSE,STK,14607,INE797H01018,TGBHOTELS,EQ,,,,,TGB BANQUETS&HOTELS LTD,9.48,10.24,9.10,9.60,9.60,9.13,,9.60,,,33333,313873.64,195,F1,1,,,,,
2026-09-30,2026-09-30,CM,NSE,STK,22777,INE0QJL01014,TCL,SM,,,,,THAAI CASTING LIMITED,120.00,140.00,120.00,139.70,140.00,131.10,,139.70,,,75200,10316840.00,77,F1,800,,,,,
2026-09-30,2026-09-30,CM,NSE,STK,762944,INE077P01034,THACKER,EQ,,,,,THACKER & CO. LTD.,997.00,997.00,910.00,954.30,954.00,996.80,,954.30,,,218,203258.10,30,F1,1,,,,,
2026-09-30,2026-09-30,CM,NSE,STK,762949,INE403F01017,THAKDEV,EQ,,,,,THAKKERS DEVELOPERS LTD.,135.00,135.00,135.00,135.00,135.00,135.00,,135.00,,,223,30105.00,2,F1,1,,,,,
2026-09-30,2026-09-30,CM,NSE,STK,18118,INE085J01014,THANGAMAYL,EQ,,,,,THANGAMAYIL JEWELLERY LTD,5210.50,5240.00,5050.00,5062.00,5075.00,5204.50,,5062.07,,,38301,196369329.50,11129,F1,1,,,,,
2026-09-30,2026-09-30,CM,NSE,STK,9014,INE294Z01018,ANUP,EQ,,,,,THE ANUP ENGINEERING LTD,1605.30,1635.00,1590.10,1596.30,1591.00,1591.20,,1595.99,,,11751,18936850.90,2443,F1,1,,,,,
2026-09-30,2026-09-30,CM,NSE,STK,7919,INE319B01014,BYKE,EQ,,,,,THE BYKE HOSPITALITY LTD,29.50,29.87,29.00,29.12,29.08,28.93,,29.16,,,40573,1183006.24,266,F1,1,,,,,
2026-09-30,2026-09-30,CM,NSE,STK,13776,INE017A01032,GESHIP,EQ,,,,,THE GE SHPG.LTD,1538.00,1583.00,1538.00,1560.00,1561.20,1537.80,,1560.00,,,938291,1467205374.00,62022,F1,1,,,,,
2026-09-30,2026-09-30,CM,NSE,STK,17770,INE646C01018,GROBTEA,EQ,,,,,THE GROB TEA COMPANY LTD,887.50,909.35,887.50,909.10,909.35,899.00,,909.10,,,123,110293.50,19,F1,1,,,,,
2026-09-30,2026-09-30,CM,NSE,STK,8568,INE127B01011,HITECHGEAR,BE,,,,,THE HI-TECH GEARS LIMITED,639.00,645.00,615.00,621.80,621.00,625.50,,621.83,,,4081,2555560.50,129,F1,1,,,,,
2026-09-30,2026-09-30,CM,NSE,STK,1515,INE383A01012,INDIACEM,EQ,,,,,THE INDIA CEMENTS LIMITED,301.10,309.90,300.15,301.85,301.00,303.70,,301.86,,,337561,102563945.20,17034,F1,1,,,,,
2026-09-30,2026-09-30,CM,NSE,STK,1512,INE053A01029,INDHOTEL,EQ,,,,,THE INDIAN HOTELS CO. LTD,714.35,736.90,713.00,728.65,728.65,714.35,,728.65,,,3733640,2720942610.70,54830,F1,1,,,,,
2026-09-30,2026-09-30,CM,NSE,STK,21427,INE924D01017,THEINVEST,EQ,,,,,THE INVEST TRUST OF IND L,92.34,94.74,91.25,93.45,93.70,90.53,,93.50,,,3646,337791.72,183,F1,1,,,,,
2026-09-30,2026-09-30,CM,NSE,STK,399,INE470Y01017,NIACL,EQ,,,,,THE NEW INDIA ASSU CO LTD,167.91,169.29,165.70,167.02,166.10,168.29,,167.02,,,1160229,194167089.23,19623,F1,1,,,,,
2026-09-30,2026-09-30,CM,NSE,STK,10318,INE431F01018,PKTEA,BE,,,,,THE P K TEA PROD CO LTD,1000.00,1043.35,972.00,1043.35,1043.35,993.70,,1043.35,,,18800,19051442.40,148,F1,1,,,,,
2026-09-30,2026-09-30,CM,NSE,STK,14552,INE211B01039,PHOENIXLTD,EQ,,,,,THE PHOENIX MILLS LTD,1940.40,1963.40,1916.20,1935.00,1935.00,1929.00,,1935.00,,,421345,819113264.80,37845,F1,1,,,,,
2026-09-30,2026-09-30,CM,NSE,STK,2043,INE331A01037,RAMCOCEM,EQ,,,,,THE RAMCO CEMENTS LIMITED,849.90,869.00,842.05,845.55,845.00,844.25,,845.56,,,205668,174710788.45,11838,F1,1,,,,,
2026-09-30,2026-09-30,CM,NSE,STK,2939,INE301D01026,RUBYMILLS,EQ,,,,,THE RUBY MILLS LTD,495.90,509.70,495.90,499.75,499.95,491.80,,499.69,,,15683,7867344.90,1039,F1,1,,,,,
2026-09-30,2026-09-30,CM,NSE,STK,5948,INE683A01023,SOUTHBANK,EQ,,,,,THE SOUTH INDIAN BANK LTD,48.90,49.67,48.00,48.24,48.17,48.71,,48.24,,,15754423,770278971.14,52709,F1,1,,,,,
2026-09-30,2026-09-30,CM,NSE,STK,10948,INE655A01013,STCINDIA,EQ,,,,,THE STATE TRADING CORPN,108.99,112.00,108.10,109.14,109.65,106.98,,109.29,,,20049,2200359.89,592,F1,1,,,,,
2026-09-30,2026-09-30,CM,NSE,STK,19582,INE071E01023,UGARSUGAR,BE,,,,,THE UGAR SUGAR WORKS LTD,56.50,60.00,55.90,57.26,57.00,57.81,,57.23,,,301755,17268529.29,1160,F1,1,,,,,
2026-09-30,2026-09-30,CM,NSE,STK,20481,INE215F01023,WIPL,EQ,,,,,THE WESTERN INDIA PLY LTD,165.01,169.00,164.05,164.80,164.40,163.72,,164.80,,,151,24861.33,18,F1,1,,,,,
2026-09-30,2026-09-30,CM,NSE,STK,19279,INE121N01019,THEJO,EQ,,,,,THEJO ENGINEERING LIMITED,2113.90,2226.80,2100.20,2175.40,2174.00,2110.30,,2175.40,,,11455,24884429.30,2020,F1,1,,,,,
2026-09-30,2026-09-30,CM,NSE,STK,14485,INE083B01024,THEMISMED,EQ,,,,,THEMIS MEDICARE LTD.,120.90,122.19,115.25,116.46,116.50,119.95,,116.46,,,468486,54697617.44,1409,F1,1,,,,,
2026-09-30,2026-09-30,CM,NSE,STK,3475,INE152A01029,THERMAX,EQ,,,,,THERMAX LTD,3280.00,3424.50,3276.00,3392.20,3379.90,3291.00,,3392.14,,,406098,1374986331.70,42055,F1,1,,,,,
2026-09-30,2026-09-30,CM,NSE,STK,25651,INE0SHE01019,THESL,ST,,,,,THINKING HATS ENTER SOL L,14.85,14.85,14.85,14.85,14.85,14.15,,14.85,,,6000,89100.00,2,F1,3000,,,,,
2026-09-30,2026-09-30,CM,NSE,STK,3496,INE338A01024,TIRUMALCHM,EQ,,,,,THIRUMALAI CHEMICALS LTD,152.70,155.83,150.74,151.39,151.24,152.39,,151.45,,,243364,37231712.94,4678,F1,1,,,,,
2026-09-30,2026-09-30,CM,NSE,STK,3481,INE332A01027,THOMASCOOK,EQ,,,,,THOMAS COOK (INDIA) LTD,103.03,104.58,102.00,102.39,102.53,103.92,,102.40,,,582675,60099375.18,6782,F1,1,,,,,
2026-09-30,2026-09-30,CM,NSE,STK,31017,INE480M01011,THOMASCOTT,EQ,,,,,THOMAS SCOTT (INDIA) LTD,255.00,276.40,240.85,267.35,270.20,250.35,,267.27,,,115936,30298513.65,2863,F1,1,,,,,
2026-09-30,2026-09-30,CM,NSE,STK,17032,INE594H01019,THYROCARE,EQ,,,,,THYROCARE TECH LTD,547.00,550.60,532.70,534.15,535.00,547.10,,534.15,,,237351,127956573.10,15956,F1,1,,,,,
2026-09-30,2026-09-30,CM,NSE,STK,759176,INE906O01029,TIGERLOGS,EQ,,,,,TIGER LOGISTICS (INDIA) L,26.94,27.00,25.80,26.25,26.34,26.17,,26.23,,,123268,3240612.97,941,F1,1,,,,,
2026-09-30,2026-09-30,CM,NSE,STK,25486,INE440L01017,TIJARIA,BE,,,,,TIJARIA POLYPIPES LTD,6.57,6.86,6.25,6.60,6.60,6.54,,6.60,,,106200,694034.30,230,F1,1,,,,,
2026-09-30,2026-09-30,CM,NSE,STK,9802,INE806C01018,TIL,BE,,,,,TIL LTD,249.25,259.00,247.50,252.69,251.50,249.03,,252.69,,,72482,18301834.33,444,F1,1,,,,,
2026-09-30,2026-09-30,CM,NSE,STK,19196,INE133E01013,TI,EQ,,,,,TILAKNAGAR INDUSTRIES LTD,551.00,565.30,536.25,540.65,538.20,550.85,,540.69,,,864319,469674973.45,29914,F1,1,,,,,
2026-09-30,2026-09-30,CM,NSE,STK,14707,INE508G01029,TIMETECHNO,EQ,,,,,TIME TECHNOPLAST LTD.,183.75,188.40,181.41,182.36,182.80,183.92,,182.35,,,3950098,731548942.64,24546,F1,1,,,,,
2026-09-30,2026-09-30,CM,NSE,STK,762954,INE064A01026,TIMEX,EQ,,,,,TIMEX GROUP INDIA LTD.,729.10,746.40,713.20,719.55,716.80,729.10,,719.61,,,317889,231303865.90,17200,F1,1,,,,,
2026-09-30,2026-09-30,CM,NSE,STK,14198,INE325A01013,TIMKEN,EQ,,,,,TIMKEN INDIA LTD.,3116.60,3145.00,3075.00,3136.00,3140.00,3086.20,,3135.84,,,76082,236964309.10,17223,F1,1,,,,,
2026-09-30,2026-09-30,CM,NSE,STK,756020,INE015C01016,TINNARUBR,EQ,,,,,TINNA RUBBER AND INFR LTD,954.00,977.55,941.50,952.10,945.00,955.20,,952.17,,,24523,23554711.00,2698,F1,1,,,,,
2026-09-30,2026-09-30,CM,NSE,STK,11374,INE0LQS01015,TIPSFILMS,EQ,,,,,TIPS FILMS LIMITED,348.95,348.95,306.35,318.25,319.50,339.55,,318.31,,,24583,7849248.80,1490,F1,1,,,,,
2026-09-30,2026-09-30,CM,NSE,STK,9117,INE716B01029,TIPSMUSIC,EQ,,,,,TIPS MUSIC LIMITED,649.00,663.00,648.95,657.85,655.00,647.20,,657.88,,,184367,121133022.50,8893,F1,1,,,,,
2026-09-30,2026-09-30,CM,NSE,STK,22284,INE319Y01024,TIRUPATIFL,BE,,,,,TIRUPATI FORGE LIMITED,76.69,76.69,76.69,76.69,76.69,75.19,,76.69,,,333265,25558092.85,484,F1,1,,,,,
2026-09-30,2026-09-30,CM,NSE,STK,15414,INE615H01020,TITAGARH,EQ,,,,,TITAGARH RAIL SYSTEMS LTD,819.30,850.90,814.10,818.15,817.00,819.35,,818.18,,,933675,777234877.15,42362,F1,1,,,,,
2026-09-30,2026-09-30,CM,NSE,STK,3506,INE280A01028,TITAN,EQ,,,,,TITAN COMPANY LIMITED,4683.00,4698.00,4587.00,4587.00,4587.00,4675.00,,4587.00,,,927060,4292462229.50,77841,F1,1,,,,,
2026-09-30,2026-09-30,CM,NSE,STK,3837,INE932C01012,TOKYOPLAST,EQ,,,,,TOKYO PLAST INTL LTD,73.50,74.90,71.01,73.20,73.20,73.50,,73.20,,,1509,110188.37,31,F1,1,,,,,
2026-09-30,2026-09-30,CM,NSE,STK,25262,INE0RWQ01014,TOLINS,EQ,,,,,TOLINS TYRES LIMITED,86.15,88.49,85.01,85.86,85.35,86.21,,85.88,,,41099,3561969.06,1021,F1,1,,,,,
2026-09-30,2026-09-30,CM,NSE,STK,3518,INE685A01028,TORNTPHARM,EQ,,,,,TORRENT PHARMACEUTICALS L,4935.00,4935.00,4786.00,4800.00,4800.00,4894.00,,4800.00,,,397999,1920774704.50,33549,F1,1,,,,,
2026-09-30,2026-09-30,CM,NSE,STK,13786,INE813H01021,TORNTPOWER,EQ,,,,,TORRENT POWER LTD,1230.00,1256.40,1230.00,1245.90,1240.10,1220.20,,1245.89,,,187402,232952351.90,29924,F1,1,,,,,
2026-09-30,2026-09-30,CM,NSE,STK,22425,INE336X01012,TOTAL,BE,,,,,TOTAL TRANSPORT SYS LTD,71.90,72.00,68.12,69.54,68.12,71.38,,69.54,,,3994,282887.46,34,F1,1,,,,,
2026-09-30,2026-09-30,CM,NSE,STK,16908,INE486Y01013,TOUCHWOOD,EQ,,,,,TOUCHWOOD ENTERTAIN LTD.,59.01,60.00,57.00,59.22,59.79,59.99,,59.22,,,2223,129955.09,111,F1,1,,,,,
2026-09-30,2026-09-30,CM,NSE,STK,3466,INE305A01023,TFCILTD,EQ,,,,,TOURISM FINANCE CORP. OF,139.10,148.50,139.10,141.91,141.48,138.92,,142.25,,,31904742,4608440055.12,98196,F1,1,,,,,
2026-09-30,2026-09-30,CM,NSE,STK,765195,INE457P01020,TOYAMSL,EQ,,,,,TOYAM SPORTS LTD.,0.72,0.75,0.71,0.72,0.75,0.74,,0.72,,,2003449,1443898.96,543,F1,1,,,,,
2026-09-30,2026-09-30,CM,NSE,STK,9219,INE413G01022,TPLPLASTEH,EQ,,,,,TPL PLASTECH LIMITED,68.67,78.00,68.00,71.14,71.30,65.26,,71.14,,,2013255,147046218.17,15645,F1,1,,,,,
2026-09-30,2026-09-30,CM,NSE,STK,11582,INE0HMF01019,TRACXN,EQ,,,,,TRACXN TECHNOLOGIES LTD,32.55,33.20,32.16,32.91,33.00,32.94,,32.92,,,152016,4988188.99,6469,F1,1,,,,,
2026-09-30,2026-09-30,CM,NSE,STK,15174,INE763I01026,TARIL,EQ,,,,,TRANS & RECTI. LTD,274.85,278.00,268.00,270.10,268.60,272.85,,270.10,,,783795,213898659.95,21051,F1,1,,,,,
2026-09-30,2026-09-30,CM,NSE,STK,765200,INE330E01023,TRANSCOR,EQ,,,,,TRANSCORP INTERNATIONAL L,23.74,25.00,23.52,24.22,24.89,23.85,,24.08,,,10425,253699.03,196,F1,1,,,,,
2026-09-30,2026-09-30,CM,NSE,STK,17795,INE0O3901029,TREL,EQ,,,,,TRANSINDIA REAL ESTATE L,28.80,29.90,27.87,28.89,29.00,28.40,,28.89,,,205678,5940353.92,5621,F1,1,,,,,
2026-09-30,2026-09-30,CM,NSE,STK,7669,INE687A01016,TRANSPEK,BE,,,,,TRANSPEK INDUSTRIES LTD,1352.50,1352.50,1320.90,1340.20,1352.00,1352.50,,1339.75,,,635,846983.80,33,F1,1,,,,,
2026-09-30,2026-09-30,CM,NSE,STK,10580,INE688A01022,TCI,EQ,,,,,TRANSPORT CORPN OF INDIA,874.00,884.90,863.85,872.50,874.80,868.70,,872.51,,,148301,129457532.25,10946,F1,1,,,,,
2026-09-30,2026-09-30,CM,NSE,STK,28714,INE454P01035,TRANSRAILL,EQ,,,,,TRANSRAIL LIGHTING LTD,448.80,498.00,448.80,476.40,473.90,451.65,,476.45,,,6739028,3254351937.40,176146,F1,1,,,,,
2026-09-30,2026-09-30,CM,NSE,STK,19801,INE0NVI01020,TRANSTEEL,SM,,,,,TRANSTEEL SEATING TECH L,82.30,82.30,80.00,80.05,80.50,80.15,,80.05,,,41000,3288650.00,16,F1,1000,,,,,
2026-09-30,2026-09-30,CM,NSE,STK,14319,INE804H01012,TFL,EQ,,,,,TRANSWARRANTY FIN. LTD.,11.89,12.19,11.62,11.63,11.63,11.64,,11.63,,,2612,30731.41,21,F1,1,,,,,
2026-09-30,2026-09-30,CM,NSE,STK,8619,INE757B01015,TRANSWORLD,BE,,,,,TRANSWORLD SHIP LINES LTD,161.50,162.99,160.30,162.00,162.00,163.00,,160.85,,,6816,1097833.74,41,F1,1,,,,,
2026-09-30,2026-09-30,CM,NSE,STK,757545,INE103V01028,TRAVELFOOD,EQ,,,,,TRAVEL FOOD SERVICES LTD,1196.60,1208.30,1184.00,1200.30,1200.00,1196.60,,1200.25,,,28635,34254264.50,3909,F1,1,,,,,
2026-09-30,2026-09-30,CM,NSE,STK,25082,INE040M01013,TREEHOUSE,EQ,,,,,TREE HOUSE EDU LTD,5.81,5.99,5.72,5.78,5.90,5.81,,5.78,,,28154,164026.68,83,F1,1,,,,,
2026-09-30,2026-09-30,CM,NSE,STK,7518,INE00CA01015,TREJHARA,EQ,,,,,TREJHARA SOLUTIONS LTD,141.50,141.50,136.69,138.84,139.97,135.70,,138.74,,,10186,1418761.07,425,F1,1,,,,,
2026-09-30,2026-09-30,CM,NSE,STK,1964,INE849A01020,TRENT,EQ,,,,,TRENT LTD,2651.10,2669.90,2618.00,2621.60,2621.60,2635.00,,2621.62,,,785465,2069639495.00,49243,F1,1,,,,,
2026-09-30,2026-09-30,CM,NSE,STK,17987,INE391D01019,TRF,EQ,,,,,TRF LIMITED,207.75,209.00,196.55,197.82,198.01,202.90,,197.90,,,18651,3778659.64,911,F1,1,,,,,
2026-09-30,2026-09-30,CM,NSE,STK,27041,INE760L01018,TBZ,BE,,,,,TRIB BHIMJI ZAVERI LTD,625.80,651.00,620.10,635.05,638.50,625.80,,635.25,,,175552,112447045.20,3146,F1,1,,,,,
2026-09-30,2026-09-30,CM,NSE,STK,9685,INE064C01022,TRIDENT,EQ,,,,,TRIDENT LIMITED,22.49,22.79,22.35,22.44,22.49,22.49,,22.44,,,2060666,46561279.51,13119,F1,1,,,,,
2026-09-30,2026-09-30,CM,NSE,STK,21078,INE0QD201012,TECHLABS,SM,,,,,TRIDENT TECHLABS LIMITED,114.00,116.20,113.00,113.05,113.00,112.80,,113.05,,,21375,2436293.75,102,F1,125,,,,,
2026-09-30,2026-09-30,CM,NSE,STK,5428,INE948A01012,TRIGYN,EQ,,,,,TRIGYN TECHNOLOGIES LTD,53.80,54.44,52.50,53.10,52.70,53.03,,53.12,,,15509,833764.73,315,F1,1,,,,,
2026-09-30,2026-09-30,CM,NSE,STK,764960,INE440G01017,TRITONV,EQ,,,,,TRITON VALVES LTD.,1087.50,1099.90,1076.10,1083.80,1080.00,1075.40,,1080.92,,,476,518797.00,144,F1,1,,,,,
2026-09-30,2026-09-30,CM,NSE,STK,13081,INE256C01024,TRIVENI,EQ,,,,,TRIVENI ENGG. & INDS. LTD,239.90,243.50,235.00,235.70,235.25,239.15,,235.70,,,310906,73884515.55,11555,F1,1,,,,,
2026-09-30,2026-09-30,CM,NSE,STK,25584,INE152M01016,TRITURBINE,EQ,,,,,TRIVENI TURBINE LIMITED,542.00,548.45,537.70,539.40,540.20,543.55,,539.40,,,332296,180481933.30,39988,F1,1,,,,,
2026-09-30,2026-09-30,CM,NSE,STK,24642,INE0SYV01018,TROM,SM,,,,,TROM INDUSTRIES LIMITED,53.00,54.70,52.00,54.70,54.70,53.00,,54.70,,,6600,349890.00,8,F1,600,,,,,
2026-09-30,2026-09-30,CM,NSE,STK,759210,INE0MWH01014,TRUALT,EQ,,,,,TRUALT BIOENERGY LIMITED,458.40,472.50,447.05,468.65,472.00,458.40,,468.45,,,396825,182666375.50,7757,F1,1,,,,,
2026-09-30,2026-09-30,CM,NSE,STK,9378,INE615R01029,TRU,EQ,,,,,TRUCAP FINANCE LIMITED,4.02,4.16,4.02,4.10,4.16,4.06,,4.10,,,25979,106128.48,83,F1,1,,,,,
2026-09-30,2026-09-30,CM,NSE,STK,23417,INE0SWN01019,TRUST,SM,,,,,TRUST FINTECH LIMITED,25.55,26.95,25.55,26.95,26.95,25.65,,26.95,,,4200,111900.00,7,F1,600,,,,,
2026-09-30,2026-09-30,CM,NSE,STK,757861,INE16VK01010,TSC,ST,,,,,TSC INDIA LIMITED,50.90,51.00,50.90,50.95,50.90,53.55,,50.95,,,6000,305600.00,3,F1,2000,,,,,
2026-09-30,2026-09-30,CM,NSE,STK,2183,INE202Z01029,TSFINV,EQ,,,,,TSF INVESTMENTS LIMITED,422.00,434.80,415.90,417.15,417.10,421.45,,417.15,,,59183,25020267.50,3380,F1,1,,,,,
2026-09-30,2026-09-30,CM,NSE,STK,11369,INE910C01018,TTKHLTCARE,EQ,,,,,TTK HEALTHCARE LIMITED,1041.30,1050.60,1012.60,1023.00,1012.60,1033.70,,1022.52,,,7751,8024760.10,1251,F1,1,,,,,
2026-09-30,2026-09-30,CM,NSE,STK,3546,INE690A01028,TTKPRESTIG,EQ,,,,,TTK PRESTIGE LTD,529.50,536.15,513.20,515.85,514.25,533.75,,515.88,,,51023,26640465.05,4858,F1,1,,,,,
2026-09-30,2026-09-30,CM,NSE,STK,312,INE974X01010,TIINDIA,EQ,,,,,TUBE INVEST OF INDIA LTD,2419.40,2449.60,2373.20,2375.00,2375.00,2413.00,,2374.99,,,690294,1653446363.10,44907,F1,1,,,,,
2026-09-30,2026-09-30,CM,NSE,STK,24520,INE0OXV01027,TUNWAL,SM,,,,,TUNWAL E-MOTORS LIMITED,25.85,25.90,25.40,25.90,25.90,25.85,,25.90,,,72000,1854200.00,25,F1,2000,,,,,
2026-09-30,2026-09-30,CM,NSE,STK,756090,INE0OC301013,TURTLEMINT,EQ,,,,,TURTLEMINT FINTECH SOLS L,79.00,82.00,75.60,76.44,75.80,79.52,,76.44,,,2617903,206086148.23,17922,F1,1,,,,,
2026-09-30,2026-09-30,CM,NSE,STK,765205,INE400A01014,TUTIALKA,EQ,,,,,TUTICORIN ALKAL CH & FE L,55.80,56.00,54.00,54.40,55.33,54.74,,54.40,,,2819,154269.71,81,F1,1,,,,,
2026-09-30,2026-09-30,CM,NSE,STK,11275,INE038F01029,TVTODAY,EQ,,,,,TV TODAY NETWORK LTD,106.00,106.00,103.30,104.19,104.02,103.84,,104.24,,,13484,1405962.13,625,F1,1,,,,,
2026-09-30,2026-09-30,CM,NSE,STK,18508,INE871L01013,TVVISION,BE,,,,,TV VISION LIMITED,2.82,2.85,2.68,2.68,2.68,2.82,,2.70,,,41298,110956.39,89,F1,1,,,,,
2026-09-30,2026-09-30,CM,NSE,STK,11265,INE236G01019,TVSELECT,EQ,,,,,TVS ELECTRONICS LTD,372.05,440.55,371.15,416.15,417.00,374.30,,416.09,,,2795681,1179452722.30,64019,F1,1,,,,,
2026-09-30,2026-09-30,CM,NSE,STK,29008,INE105A01035,TVSHLTD,EQ,,,,,TVS HOLDINGS LIMITED,12300.00,12450.00,12045.00,12107.00,12074.00,12298.00,,12107.05,,,8540,104642508.00,3610,F1,1,,,,,
2026-09-30,2026-09-30,CM,NSE,STK,8479,INE494B01023,TVSMOTOR,EQ,,,,,TVS MOTOR COMPANY  LTD,4100.00,4174.70,4084.10,4106.00,4106.00,4091.10,,4106.00,,,605529,2501962633.80,46144,F1,1,,,,,
2026-09-30,2026-09-30,CM,NSE,STK,14245,INE421C01016,TVSSRICHAK,EQ,,,,,TVS SRICHAKRA LIMITED,4466.50,4520.00,4402.50,4437.50,4426.00,4435.00,,4438.16,,,4983,22233862.50,1434,F1,1,,,,,
2026-09-30,2026-09-30,CM,NSE,STK,18151,INE395N01027,TVSSCS,EQ,,,,,TVS SUPPLY CHAIN SOL L,131.00,134.40,130.05,130.57,130.35,131.30,,130.57,,,488937,64253177.34,10476,F1,1,,,,,
2026-09-30,2026-09-30,CM,NSE,STK,19503,INE388G01026,TICL,BE,,,,,TWAMEV CONS AND INFRA LTD,7.42,7.42,7.42,7.42,7.42,7.07,,7.44,,,17843,132395.06,33,F1,1,,,,,
2026-09-30,2026-09-30,CM,NSE,STK,25629,INE152C01025,UYFINCORP,BE,,,,,U. Y. FINCORP LIMITED,21.80,21.80,21.80,21.80,21.80,20.77,,21.85,,,415001,9047021.80,164,F1,1,,,,,
2026-09-30,2026-09-30,CM,NSE,STK,7739,INE139B01016,UCAL,BE,,,,,UCAL LIMITED,139.00,142.45,139.00,140.15,141.25,139.00,,140.15,,,5043,709210.14,76,F1,1,,,,,
2026-09-30,2026-09-30,CM,NSE,STK,756004,INE583D07596,1050UCL28,NH,,,,,UCL 10.50% SR V,1010.00,1010.00,1010.00,1010.00,1010.00,1019.90,,1008.00,,,50,50500.00,6,F1,1,,,,,
2026-09-30,2026-09-30,CM,NSE,STK,11223,INE691A01018,UCOBANK,EQ,,,,,UCO BANK,23.05,23.50,23.05,23.28,23.31,23.05,,23.29,,,2802505,65457471.24,14748,F1,1,,,,,
2026-09-30,2026-09-30,CM,NSE,STK,764965,INE551B01012,UDAYJEW,EQ,,,,,UDAY JEWELLERY INDS. LTD.,177.90,177.90,165.19,166.94,165.19,168.37,,166.94,,,13109,2212454.01,530,F1,1,,,,,
2026-09-30,2026-09-30,CM,NSE,STK,14871,INE0N0Y01013,USK,EQ,,,,,UDAYSHIVAKUMAR INFRA LTD,20.30,20.30,18.30,19.14,19.10,19.57,,19.14,,,35344,673464.66,405,F1,1,,,,,
2026-09-30,2026-09-30,CM,NSE,STK,1053,INE516A01017,UFLEX,EQ,,,,,UFLEX LIMITED,656.00,671.00,652.00,657.85,660.00,647.70,,657.86,,,159191,105421180.45,7141,F1,1,,,,,
2026-09-30,2026-09-30,CM,NSE,STK,9039,INE527H01019,UFO,EQ,,,,,UFO MOVIEZ INDIA LTD.,59.98,59.98,58.00,58.12,58.01,58.93,,58.15,,,11186,654735.14,463,F1,1,,,,,
2026-09-30,2026-09-30,CM,NSE,STK,5313,INE583D01011,UGROCAP,EQ,,,,,UGRO CAPITAL LIMITED,81.67,84.56,81.15,83.68,83.20,81.07,,83.68,,,277232,23085457.57,2711,F1,1,,,,,
2026-09-30,2026-09-30,CM,NSE,STK,23507,INE899L01030,UEL,EQ,,,,,UJAAS ENERGY LIMITED,186.50,189.40,182.01,184.92,185.00,184.75,,184.99,,,12717,2363339.54,668,F1,1,,,,,
2026-09-30,2026-09-30,CM,NSE,STK,15228,INE551W01018,UJJIVANSFB,EQ,,,,,UJJIVAN SMALL FINANC BANK,65.98,68.30,65.70,67.50,67.50,65.26,,67.50,,,28889413,1945550400.18,67741,F1,1,,,,,
2026-09-30,2026-09-30,CM,NSE,STK,762961,INE405A01021,ULTRAMAR,EQ,,,,,ULTRAMARINE & PIGMENTS L,420.00,428.95,408.10,409.40,408.10,418.50,,409.42,,,1302805,540512483.20,12985,F1,1,,,,,
2026-09-30,2026-09-30,CM,NSE,STK,11532,INE481G01011,ULTRACEMCO,EQ,,,,,ULTRATECH CEMENT LIMITED,10829.00,10971.00,10800.00,10956.00,10956.00,10829.00,,10956.01,,,257558,2810437652.00,35938,F1,1,,,,,
2026-09-30,2026-09-30,CM,NSE,STK,13349,INE067901012,UMA,SM,,,,,UMA CONVERTER LIMITED,17.85,17.85,17.85,17.85,17.85,17.75,,17.85,,,4000,71400.00,1,F1,4000,,,,,
2026-09-30,2026-09-30,CM,NSE,STK,8845,INE0GIU01018,UMAEXPORTS,BE,,,,,UMA EXPORTS LIMITED,22.06,22.06,21.62,21.62,21.62,22.06,,21.90,,,7137,156025.02,36,F1,1,,,,,
2026-09-30,2026-09-30,CM,NSE,STK,8998,INE398B01018,UMIYA-MRO,EQ,,,,,UMIYA BUILDCON LIMITED,94.00,95.94,92.01,93.16,93.95,94.80,,93.26,,,21344,2003531.07,224,F1,1,,,,,
2026-09-30,2026-09-30,CM,NSE,STK,3579,INE351A01035,UNICHEMLAB,EQ,,,,,UNICHEM LABORATORIES LTD,569.00,579.20,542.10,545.50,542.50,568.40,,545.53,,,217861,121742280.80,11737,F1,1,,,,,
2026-09-30,2026-09-30,CM,NSE,STK,24809,INE00U401027,UNIECOM,EQ,,,,,UNICOMMERCE ESOLUTIONS L,82.89,84.50,82.25,83.90,84.31,82.45,,83.90,,,194948,16251343.28,1972,F1,1,,,,,
2026-09-30,2026-09-30,CM,NSE,STK,18582,INE0PRF01011,UNIHEALTH,SM,,,,,UNIHEALTH HOSPITALS LTD,626.00,626.00,593.00,600.45,603.00,626.40,,600.45,,,51000,30668450.00,95,F1,500,,,,,
2026-09-30,2026-09-30,CM,NSE,STK,7791,INE481Z01011,UNIINFO,EQ,,,,,UNIINFO TELECOM SERVI LTD,11.03,11.35,10.61,10.94,11.09,11.08,,10.94,,,1270,14002.40,25,F1,1,,,,,
2026-09-30,2026-09-30,CM,NSE,STK,25633,INE0B2801011,UNILEX,SM,,,,,UNILEX COLOURS AND CHEM L,31.40,31.45,31.40,31.45,31.45,30.85,,31.45,,,4800,150800.00,3,F1,1600,,,,,
2026-09-30,2026-09-30,CM,NSE,STK,28960,INE0U3I01011,UNIMECH,EQ,,,,,UNIMECH AEROSPACE N MFG L,1721.00,1753.90,1705.10,1724.00,1727.90,1675.00,,1723.91,,,274093,474451431.30,31905,F1,1,,,,,
2026-09-30,2026-09-30,CM,NSE,STK,10753,INE692A01016,UNIONBANK,EQ,,,,,UNION BANK OF INDIA,169.98,172.60,169.95,171.00,171.00,166.00,,170.99,,,16921657,2901554106.45,79629,F1,1,,,,,
2026-09-30,2026-09-30,CM,NSE,STK,29687,INF582M01KS4,UNIONGOLD,EQ,,,,,UNIONAMC - UNIONGOLD,143.10,149.90,143.10,144.50,149.90,143.00,,144.50,,,162729,23528714.15,215,F1,1,,,,,
2026-09-30,2026-09-30,CM,NSE,STK,13057,INE244O01017,UNIPARTS,EQ,,,,,UNIPARTS INDIA LIMITED,849.00,859.00,829.55,836.00,830.50,843.55,,836.01,,,63990,53985940.45,7209,F1,1,,,,,
2026-09-30,2026-09-30,CM,NSE,STK,11293,INE037A01022,UNIENTER,EQ,,,,,UNIPHOS ENTERPRISES LTD,91.10,91.10,88.67,88.75,89.20,89.01,,88.75,,,5499,488872.43,98,F1,1,,,,,
2026-09-30,2026-09-30,CM,NSE,STK,3594,INE694A01020,UNITECH,EQ,,,,,UNITECH LTD,3.95,3.99,3.90,3.96,3.97,3.92,,3.96,,,3132347,12388709.07,1805,F1,1,,,,,
2026-09-30,2026-09-30,CM,NSE,STK,16713,INE686F01025,UBL,EQ,,,,,UNITED BREWERIES LTD,1210.30,1213.80,1151.00,1158.10,1156.00,1210.20,,1158.11,,,322312,377674642.50,28841,F1,1,,,,,
2026-09-30,2026-09-30,CM,NSE,STK,201,INE961D01019,UNIDT,EQ,,,,,UNITED DRILLING TOOLS LTD,231.00,236.00,220.50,222.06,223.40,229.83,,222.06,,,43999,9932214.83,1513,F1,1,,,,,
2026-09-30,2026-09-30,CM,NSE,STK,3133,INE382M01027,UFBL,BE,,,,,UNITED FOODBRANDS LIMITED,666.70,700.00,642.20,678.80,670.00,674.15,,678.76,,,31677,21211215.50,1117,F1,1,,,,,
2026-09-30,2026-09-30,CM,NSE,STK,25938,INE0SMR01011,UHTL,ST,,,,,UNITED HEAT TRANSFER LTD,199.50,199.50,195.60,196.00,196.00,199.55,,196.00,,,48000,9449800.00,23,F1,2000,,,,,
2026-09-30,2026-09-30,CM,NSE,STK,17999,INE458F01011,UNITEDTEA,EQ,,,,,UNITED NILGIRI TEA LTD,405.20,433.75,405.20,427.90,427.90,421.60,,427.90,,,313,132791.00,23,F1,1,,,,,
2026-09-30,2026-09-30,CM,NSE,STK,7560,INE368U01029,UNITEDPOLY,EQ,,,,,UNITED POLYFAB GUJ. LTD.,46.93,47.56,46.26,47.47,47.51,46.87,,47.47,,,555562,26226376.01,1315,F1,1,,,,,
2026-09-30,2026-09-30,CM,NSE,STK,10447,INE854D01024,UNITDSPR,EQ,,,,,UNITED SPIRITS LIMITED,1371.00,1376.50,1337.60,1354.00,1354.00,1363.00,,1354.00,,,976345,1320786464.70,38804,F1,1,,,,,
2026-09-30,2026-09-30,CM,NSE,STK,18979,INE562X01013,UNIVASTU,BE,,,,,UNIVASTU INDIA LIMITED,123.50,132.96,123.50,132.96,132.96,126.63,,132.96,,,57992,7645281.40,332,F1,1,,,,,
2026-09-30,2026-09-30,CM,NSE,STK,3607,INE279A01012,UNIVCABLES,EQ,,,,,UNIVERSAL CABLES LTD,1470.00,1484.00,1433.30,1443.00,1435.00,1468.40,,1443.01,,,41248,60130232.40,4380,F1,1,,,,,
2026-09-30,2026-09-30,CM,NSE,STK,17661,INE03V001013,UNIVPHOTO,BE,,,,,UNIVERSUS IMAGINGS LTD,500.00,536.00,489.00,512.75,511.20,513.80,,512.75,,,465,242319.95,38,F1,1,,,,,
2026-09-30,2026-09-30,CM,NSE,STK,14154,INE405E01023,UNOMINDA,EQ,,,,,UNO MINDA LIMITED,1159.10,1184.10,1159.10,1170.00,1170.00,1162.00,,1170.00,,,527106,619306748.90,39435,F1,1,,,,,
2026-09-30,2026-09-30,CM,NSE,STK,2871,INE530B08094,10IIFL28A,NE,,,,,UNSE RE NCD 10% SR.I,1059.00,1059.00,1059.00,1059.00,1059.00,1060.00,,1048.21,,,199,210741.00,2,F1,1,,,,,
2026-09-30,2026-09-30,CM,NSE,STK,2877,INE530B08102,96IIFL28A,NF,,,,,UNSE RE NCD 9.6% SR.II,997.90,999.99,997.00,998.56,998.40,997.70,,998.56,,,1198,1196775.82,32,F1,1,,,,,
2026-09-30,2026-09-30,CM,NSE,STK,5217,INE477L08162,IIFLZC28C,N6,,,,,UNSEC RE NCD 0% SR.III,1600.20,1600.20,1600.20,1600.20,1600.20,1600.20,,1600.20,,,20,32004.00,1,F1,1,,,,,
2026-09-30,2026-09-30,CM,NSE,STK,5212,INE477L08147,10IIFL28,N4,,,,,UNSEC RE NCD 10% SR.I,1009.00,1009.00,1001.00,1007.50,1008.00,1009.97,,1007.50,,,184,185182.34,10,F1,1,,,,,
2026-09-30,2026-09-30,CM,NSE,STK,5214,INE477L08154,96IIFL28,N5,,,,,UNSEC RE NCD 9.60% SR.II,998.99,998.99,998.32,998.42,998.33,998.99,,998.42,,,915,913897.91,13,F1,1,,,,,
2026-09-30,2026-09-30,CM,NSE,STK,19045,INE866I08279,10IIFL29,N6,,,,,UNSEC RED NCD 10.0% SR. V,1005.01,1012.00,1000.00,1003.72,1012.00,1012.00,,1003.77,,,843,846136.10,11,F1,1,,,,,
2026-09-30,2026-09-30,CM,NSE,STK,21225,INE306N08292,910TCAP28,NA,,,,,UNSERENCD9.1%SRIIICIII&IV,1035.10,1039.90,1035.00,1035.00,1035.00,1033.10,,1035.00,,,452,467830.80,8,F1,1,,,,,
2026-09-30,2026-09-30,CM,NSE,STK,19113,INE851I01011,UDS,EQ,,,,,UPDATER SERVICES LIMITED,209.00,211.92,205.27,208.57,208.00,207.79,,208.56,,,59154,12314046.17,1897,F1,1,,,,,
2026-09-30,2026-09-30,CM,NSE,STK,11287,INE628A01036,UPL,EQ,,,,,UPL LIMITED,539.25,544.90,535.25,539.75,539.75,538.00,,539.75,,,3114983,1684283432.35,41403,F1,1,,,,,
2026-09-30,2026-09-30,CM,NSE,STK,10610,INE0CBM01019,USASEEDS,SM,,,,,UPSURGE SEEDS OF AGRI LTD,90.00,93.45,89.00,89.00,89.00,89.00,,89.00,,,1712,156583.80,4,F1,428,,,,,
2026-09-30,2026-09-30,CM,NSE,STK,17081,INE568Z01015,URAVIDEF,BE,,,,,URAVI DEFENCE &TECH LTD,105.00,106.50,105.00,105.05,105.05,104.55,,104.03,,,335,35193.45,12,F1,1,,,,,
2026-09-30,2026-09-30,CM,NSE,STK,759084,INE0CAZ01013,URBANCO,EQ,,,,,URBAN COMPANY LIMITED,163.40,164.29,155.85,157.48,156.50,163.71,,157.47,,,3304372,527338430.33,34438,F1,1,,,,,
2026-09-30,2026-09-30,CM,NSE,STK,16888,INE0O0201019,URBAN,SM,,,,,URBAN ENVIRO WASTE MGMT L,121.95,125.65,120.00,124.00,124.00,122.80,,124.00,,,10400,1280680.00,12,F1,800,,,,,
2026-09-30,2026-09-30,CM,NSE,STK,20203,INE550C01020,URJA,EQ,,,,,URJA GLOBAL LIMITED,8.88,8.93,8.67,8.77,8.80,8.90,,8.77,,,428412,3771150.39,2756,F1,1,,,,,
2026-09-30,2026-09-30,CM,NSE,STK,25955,INE0LS001014,USHAFIN,ST,,,,,USHA FINANCIAL SERVICES L,48.35,48.60,48.35,48.45,48.45,50.85,,48.45,,,22400,1085280.00,12,F1,1600,,,,,
2026-09-30,2026-09-30,CM,NSE,STK,19142,INE240C01028,UMESLTD,EQ,,,,,USHA MARTIN EDU & SOL LTD,4.69,4.69,4.15,4.49,4.50,4.41,,4.49,,,22388,99717.74,134,F1,1,,,,,
2026-09-30,2026-09-30,CM,NSE,STK,8840,INE228A01035,USHAMART,EQ,,,,,USHA MARTIN LTD.,498.95,505.35,493.50,498.65,493.50,498.90,,498.65,,,808936,404719897.70,21121,F1,1,,,,,
2026-09-30,2026-09-30,CM,NSE,STK,4214,INE00NI01015,UCL,ST,,,,,USHANTI COLOUR CHEM LTD,210.35,210.35,210.35,210.35,210.35,221.40,,210.35,,,4000,841400.00,2,F1,2000,,,,,
2026-09-30,2026-09-30,CM,NSE,STK,527,INE094J01016,UTIAMC,EQ,,,,,UTI ASSET MNGMT CO LTD,873.25,894.55,873.25,882.40,885.00,877.60,,882.39,,,50373,44485465.20,7137,F1,1,,,,,
2026-09-30,2026-09-30,CM,NSE,STK,764180,INF789F1AG68,LIQUIDBETA,EQ,,,,,UTIAMC - LIQUIDBETA,1010.02,1010.04,1010.02,1010.02,1010.02,1009.64,,1010.02,,,14,14140.34,5,F1,1,,,,,
2026-09-30,2026-09-30,CM,NSE,STK,765431,INF789F1AG76,NIF500BETA,EQ,,,,,UTIAMC - NIF500BETA,38.51,38.51,35.49,36.61,38.25,37.58,,35.80,,,5196,186053.77,60,F1,1,,,,,
2026-09-30,2026-09-30,CM,NSE,STK,766104,INF789F1AH42,SECLEDBETA,EQ,,,,,UTIAMC - SECLEDBETA,14.28,14.35,13.89,13.93,13.93,13.93,,13.93,,,12408,174347.82,37,F1,1,,,,,
2026-09-30,2026-09-30,CM,NSE,STK,22440,INF789F1AUV1,BANKBETA,EQ,,,,,UTIAMC-BANKBETA,56.38,57.20,56.36,57.02,57.20,56.25,,57.02,,,37577,2126435.10,311,F1,1,,,,,
2026-09-30,2026-09-30,CM,NSE,STK,22524,INF789F1AZF3,GILT10BETA,EQ,,,,,UTIAMC-GILT10BETA,26.19,26.50,26.15,26.36,26.36,26.06,,26.36,,,96,2528.07,20,F1,1,,,,,
2026-09-30,2026-09-30,CM,NSE,STK,22521,INF789F1AZE6,GILT5BETA,EQ,,,,,UTIAMC-GILT5BETA,65.90,66.22,65.70,65.82,65.82,65.62,,65.72,,,715,47155.29,12,F1,1,,,,,
2026-09-30,2026-09-30,CM,NSE,STK,22488,INF789F1AZD8,ITBETA,EQ,,,,,UTIAMC-ITBETA,297.19,299.00,291.37,292.60,292.60,292.46,,292.60,,,179,52938.04,13,F1,1,,,,,
2026-09-30,2026-09-30,CM,NSE,STK,18347,INF789F1AYX9,MIDCAPBETA,EQ,,,,,UTIAMC-MIDCAPBETA,223.85,224.00,221.02,223.12,223.50,224.61,,223.12,,,2319,514883.51,49,F1,1,,,,,
2026-09-30,2026-09-30,CM,NSE,STK,21478,INF789F1AUW9,NEXT50BETA,EQ,,,,,UTIAMC-NEXT50BETA,76.17,76.50,75.25,75.35,75.30,76.02,,75.35,,,85476,6474821.46,850,F1,1,,,,,
2026-09-30,2026-09-30,CM,NSE,STK,10511,INF789F1AZC0,NIFTYBETA,EQ,,,,,UTIAMC-NIFTYBETA,254.91,265.47,251.48,252.81,265.47,252.39,,252.85,,,66983,16937558.85,505,F1,1,,,,,
2026-09-30,2026-09-30,CM,NSE,STK,10515,INF789FB1X58,SENSEXBETA,EQ,,,,,UTIAMC-SENSEXBETA,796.01,813.00,796.01,805.88,807.00,804.77,,805.88,,,6072,4893844.79,170,F1,1,,,,,
2026-09-30,2026-09-30,CM,NSE,STK,15085,INF789F1AYK6,SILVERBETA,EQ,,,,,UTIAMC-SILVERBETA,211.42,213.22,211.35,211.66,211.75,211.40,,211.66,,,715040,151682263.92,3513,F1,1,,,,,
2026-09-30,2026-09-30,CM,NSE,STK,9168,INF789F1AUU3,SNXT50BETA,EQ,,,,,UTIAMC-SNXT50BETA,91.14,91.67,88.79,88.91,90.49,90.13,,89.05,,,1552,140559.70,84,F1,1,,,,,
2026-09-30,2026-09-30,CM,NSE,STK,14535,INF789F1AUX7,GOLDBETA,EQ,,,,,UTIAMC-UTIGOLDBETA,123.95,124.30,123.00,123.85,123.85,123.00,,123.85,,,840320,104006724.90,2311,F1,1,,,,,
2026-09-30,2026-09-30,CM,NSE,STK,751587,INE1V1R01014,UTKAL,ST,,,,,UTKAL SPEC INDUS INDIA L,47.50,49.40,47.50,47.50,47.50,47.50,,47.50,,,6000,288800.00,3,F1,2000,,,,,
2026-09-30,2026-09-30,CM,NSE,STK,17358,INE735W01017,UTKARSHBNK,EQ,,,,,UTKARSH SMALL FIN BANK L,13.97,14.00,13.68,13.76,13.79,13.91,,13.76,,,4363721,60181446.63,4858,F1,1,,,,,
2026-09-30,2026-09-30,CM,NSE,STK,24726,INE06IJ01010,UTSSAV,SM,,,,,UTSSAV CZ GOLD JEWELS LTD,735.00,758.00,735.00,750.20,746.10,731.45,,750.20,,,44400,33253980.00,68,F1,600,,,,,
2026-09-30,2026-09-30,CM,NSE,STK,13376,INE786F01031,UTTAMSUGAR,EQ,,,,,UTTAM SUGAR MILLS LTD.,291.00,300.50,286.90,288.40,288.00,290.80,,288.40,,,153061,45137999.95,4514,F1,1,,,,,
2026-09-30,2026-09-30,CM,NSE,STK,3188,INE0GXK01018,VMARCIND,SM,,,,,V MARC INDIA LIMITED,316.60,337.95,316.60,334.80,330.00,316.60,,334.80,,,282000,93416250.00,143,F1,1500,,,,,
2026-09-30,2026-09-30,CM,NSE,STK,23018,INE0QQM01017,VR,SM,,,,,V R INFRASPACE LIMITED,95.95,95.95,95.80,95.95,95.95,95.50,,95.95,,,1200,115080.00,3,F1,400,,,,,
2026-09-30,2026-09-30,CM,NSE,STK,765220,INE222F01029,VTMLTD,EQ,,,,,V T M LTD.,41.49,42.00,38.50,38.88,38.85,39.93,,38.95,,,74347,2941325.86,1786,F1,1,,,,,
2026-09-30,2026-09-30,CM,NSE,STK,15362,INE951I01027,VGUARD,EQ,,,,,V-GUARD IND LTD.,307.05,307.75,295.25,296.45,296.40,307.05,,296.45,,,995389,299209627.10,19224,F1,1,,,,,
2026-09-30,2026-09-30,CM,NSE,STK,24606,INE0QXL01015,VLINFRA,SM,,,,,V.L.INFRAPROJECTS LIMITED,24.00,24.05,24.00,24.00,24.00,24.55,,24.00,,,25500,612075.00,14,F1,1500,,,,,
2026-09-30,2026-09-30,CM,NSE,STK,14766,INE945H01021,V2RETAIL,EQ,,,,,V2 RETAIL LIMITED,210.09,210.94,207.11,208.74,208.79,209.43,,208.74,,,821359,171497304.23,14496,F1,1,,,,,
2026-09-30,2026-09-30,CM,NSE,STK,20188,INE956G01038,WABAG,EQ,,,,,VA TECH WABAG LTD,2077.90,2141.90,2051.00,2061.40,2058.00,2093.80,,2061.53,,,394972,829319517.00,29478,F1,1,,,,,
2026-09-30,2026-09-30,CM,NSE,STK,764975,INE693D01018,VADILENT,EQ,,,,,VADILAL ENTERPRISES LTD.,10200.00,10200.00,10151.00,10151.00,10151.00,10200.00,,10147.33,,,5,50872.00,3,F1,1,,,,,
2026-09-30,2026-09-30,CM,NSE,STK,24196,INE694D01016,VADILALIND,EQ,,,,,VADILAL INDUSTRIES LTD,7281.00,7494.50,7155.50,7253.00,7250.00,7277.00,,7253.21,,,11949,86977208.50,3451,F1,1,,,,,
2026-09-30,2026-09-30,CM,NSE,STK,11364,INE884A01027,VAIBHAVGBL,EQ,,,,,VAIBHAV GLOBAL LIMITED,203.25,209.38,203.25,204.32,203.71,202.89,,204.33,,,184844,38155586.88,6504,F1,1,,,,,
2026-09-30,2026-09-30,CM,NSE,STK,8262,INE0JR301013,MADHAVBAUG,ST,,,,,VAIDYA SANE AYUR LAB LTD,170.00,175.00,166.00,172.50,172.50,167.80,,172.50,,,48000,8191920.00,23,F1,400,,,,,
2026-09-30,2026-09-30,CM,NSE,STK,16589,INE972X01022,VAISHALI,EQ,,,,,VAISHALI PHARMA LIMITED,8.75,8.99,8.31,8.35,8.39,8.39,,8.35,,,199730,1693045.99,371,F1,1,,,,,
2026-09-30,2026-09-30,CM,NSE,STK,13342,INE051B01021,VAKRANGEE,EQ,,,,,VAKRANGEE LIMITED,5.15,5.24,5.05,5.14,5.10,5.18,,5.14,,,1066328,5490472.63,1751,F1,1,,,,,
2026-09-30,2026-09-30,CM,NSE,STK,19220,INE0JWS01017,VALIANTLAB,BE,,,,,VALIANT LABORATORIES LTD,122.76,127.88,121.25,126.23,127.00,122.19,,126.31,,,92323,11623149.87,525,F1,1,,,,,
2026-09-30,2026-09-30,CM,NSE,STK,330,INE565V01010,VALIANTORG,EQ,,,,,VALIANT ORGANICS LIMITED,409.95,467.00,407.00,455.10,458.00,404.60,,455.17,,,606539,273556969.25,17460,F1,1,,,,,
2026-09-30,2026-09-30,CM,NSE,STK,18124,INE879I01012,DBREALTY,EQ,,,,,VALOR ESTATE LIMITED,98.25,98.99,95.50,96.52,96.80,97.82,,96.52,,,1028560,99938945.76,8319,F1,1,,,,,
2026-09-30,2026-09-30,CM,NSE,STK,763304,INE1E7Y01018,VALUE360,SM,,,,,VALUE 360 COMMUNICATION L,54.10,56.00,53.00,55.80,55.95,56.00,,55.80,,,15600,851640.00,12,F1,1200,,,,,
2026-09-30,2026-09-30,CM,NSE,STK,13403,INE116G01013,VARDHACRLC,BE,,,,,VARDHAMAN ACRYLICS LTD,44.24,44.49,43.27,43.64,44.35,44.24,,43.64,,,16798,737092.93,110,F1,1,,,,,
2026-09-30,2026-09-30,CM,NSE,STK,11892,INE701A01023,VHL,EQ,,,,,VARDHMAN HOLDINGS LIMITED,3302.00,3430.00,3302.00,3400.80,3409.00,3305.30,,3400.80,,,1023,3470412.10,205,F1,1,,,,,
2026-09-30,2026-09-30,CM,NSE,STK,3646,INE835A01029,VARDMNPOLY,EQ,,,,,VARDHMAN POLYTEX LTD.,5.81,5.95,5.72,5.80,5.84,5.81,,5.80,,,175113,1015655.74,328,F1,1,,,,,
2026-09-30,2026-09-30,CM,NSE,STK,27067,INE050M01012,VSSL,EQ,,,,,VARDHMAN SPC STEEL LTD,405.80,414.00,395.00,401.05,396.50,405.85,,401.04,,,104397,41740257.80,4911,F1,1,,,,,
2026-09-30,2026-09-30,CM,NSE,STK,2073,INE825A01020,VTL,EQ,,,,,VARDHMAN TEXTILES LIMITED,531.65,542.70,524.65,534.60,537.90,529.55,,534.60,,,615004,328683035.70,23753,F1,1,,,,,
2026-09-30,2026-09-30,CM,NSE,STK,766255,INE0M5301040,VARMORA,EQ,,,,,VARMORA GRANITO LIMITED,145.00,147.67,136.54,139.65,139.17,152.19,,139.64,,,11245606,1588761346.38,88623,F1,1,,,,,
2026-09-30,2026-09-30,CM,NSE,STK,3857,INE665L01035,VARROC,EQ,,,,,VARROC ENGINEERING LTD.,837.30,867.00,834.00,862.95,855.25,837.40,,862.94,,,266860,229239524.60,21504,F1,1,,,,,
2026-09-30,2026-09-30,CM,NSE,STK,18921,INE200M01039,VBL,EQ,,,,,VARUN BEVERAGES LIMITED,428.00,436.40,427.50,432.00,432.00,430.00,,432.00,,,8815664,3818031205.70,70986,F1,1,,,,,
2026-09-30,2026-09-30,CM,NSE,STK,13771,INE273D01027,VGL,EQ,,,,,VARVEE GLOBAL LIMITED,63.50,66.28,63.50,64.05,64.00,64.73,,64.07,,,39842,2565066.70,343,F1,1,,,,,
2026-09-30,2026-09-30,CM,NSE,STK,16454,INE0N5801013,DENTALKART,SM,,,,,VASA DENTICITY LIMITED,427.70,470.00,427.70,460.00,460.00,434.85,,460.00,,,25000,11109937.50,55,F1,250,,,,,
2026-09-30,2026-09-30,CM,NSE,STK,1274,INE068Z01016,VASA,SM,,,,,VASA RETAIL & OVERSEA LTD,3.40,3.55,3.40,3.55,3.55,3.55,,3.55,,,8000,27800.00,2,F1,4000,,,,,
2026-09-30,2026-09-30,CM,NSE,STK,18110,INE893I01013,VASCONEQ,EQ,,,,,VASCON ENGINEERS LTD,34.20,34.94,33.50,33.67,33.56,33.97,,33.67,,,337424,11446056.87,2319,F1,1,,,,,
2026-09-30,2026-09-30,CM,NSE,STK,25340,INE590L01019,VASWANI,EQ,,,,,VASWANI IND LTD,45.58,45.58,44.47,44.57,44.47,44.51,,44.56,,,8219,369199.21,79,F1,1,,,,,
2026-09-30,2026-09-30,CM,NSE,STK,9027,INE098201036,VCL,BE,,,,,VAXTEX COTFAB LIMITED,1.22,1.32,1.20,1.31,1.32,1.26,,1.31,,,2183545,2745490.62,434,F1,1,,,,,
2026-09-30,2026-09-30,CM,NSE,STK,757413,INE04HY07294,1025VCCL28,N0,,,,,VCCL 10.25% 2028,98300.00,98350.00,98300.00,98350.00,98350.00,96190.00,,98350.00,,,4,393300.00,2,F1,1,,,,,
2026-09-30,2026-09-30,CM,NSE,STK,760049,INE04HY07377,115VCCL28,N0,,,,,VCCL 11.5% 2028 SR C,99000.00,99000.00,99000.00,99000.00,99000.00,100500.00,,99000.00,,,1,99000.00,1,F1,1,,,,,
2026-09-30,2026-09-30,CM,NSE,STK,757721,INE04HY07278,12VCCL29C,N0,,,,,VCCL 12% 2029 SR I,100000.00,100000.00,100000.00,100000.00,100000.00,99000.00,,100000.00,,,1,100000.00,1,F1,1,,,,,
2026-09-30,2026-09-30,CM,NSE,STK,760558,INE04HY08011,125VCCL31,N0,,,,,VCCL 12.5% 2031,97000.00,97000.00,97000.00,97000.00,97000.00,97000.00,,97000.00,,,3,291000.00,2,F1,1,,,,,
2026-09-30,2026-09-30,CM,NSE,STK,760451,INE04HY07385,115VCCL28A,N0,,,,,VCCL28A 11.5% 2028,95311.01,98001.01,95311.01,98001.01,98001.01,99000.00,,98001.01,,,4,386624.04,2,F1,1,,,,,
2026-09-30,2026-09-30,CM,NSE,STK,25054,INE0U2M01015,VDEAL,SM,,,,,VDEAL SYSTEM LIMITED,104.05,110.00,104.05,108.50,110.00,102.95,,108.50,,,13200,1407600.00,19,F1,600,,,,,
2026-09-30,2026-09-30,CM,NSE,STK,8167,INE825V01034,MANYAVAR,EQ,,,,,VEDANT FASHIONS LIMITED,534.25,541.00,527.90,535.10,528.45,531.70,,535.12,,,127982,68401311.55,10507,F1,1,,,,,
2026-09-30,2026-09-30,CM,NSE,STK,750174,INE1CDF01017,VAML,EQ,,,,,VEDANTA ALUMINIUM METAL L,431.00,433.75,410.50,412.90,412.00,434.45,,412.91,,,13904115,5798353831.95,203121,F1,1,,,,,
2026-09-30,2026-09-30,CM,NSE,STK,750290,INE1CLE01013,VISL,EQ,,,,,VEDANTA IRON AND STEEL L,34.40,34.49,31.82,32.30,32.35,32.85,,32.30,,,67267019,2267987843.83,60075,F1,1,,,,,
2026-09-30,2026-09-30,CM,NSE,STK,3063,INE205A01025,VEDL,EQ,,,,,VEDANTA LIMITED,260.00,260.50,255.15,259.00,259.00,260.00,,259.00,,,8639213,2232201123.35,73570,F1,1,,,,,
2026-09-30,2026-09-30,CM,NSE,STK,750368,INE704J01044,VOGL,EQ,,,,,VEDANTA OIL AND GAS LTD,34.10,34.38,33.00,33.11,33.08,33.96,,33.11,,,19780131,661714190.92,103911,F1,1,,,,,
2026-09-30,2026-09-30,CM,NSE,STK,750518,INE694L01019,VEDPOWER,EQ,,,,,VEDANTA POWER LIMITED,34.25,34.30,32.70,32.84,32.80,34.25,,32.84,,,17056090,566219284.61,155914,F1,1,,,,,
2026-09-30,2026-09-30,CM,NSE,STK,764980,INE359B01010,VEDAVAAG,EQ,,,,,VEDAVAAG SYSTEMS LTD.,22.06,22.96,21.81,22.24,22.40,22.06,,22.27,,,43880,980085.36,2041,F1,1,,,,,
2026-09-30,2026-09-30,CM,NSE,STK,14019,INE484C01030,VEEDOL,EQ,,,,,VEEDOL CORPORATION LTD,1344.10,1380.70,1344.10,1373.30,1376.90,1356.50,,1373.32,,,8913,12179131.30,980,F1,1,,,,,
2026-09-30,2026-09-30,CM,NSE,STK,766098,INE1JTV01015,VEEGALAND,BE,,,,,VEEGALAND DEVELOPERS LTD,141.20,143.80,141.00,142.41,143.00,141.17,,142.43,,,204231,29120576.76,1429,F1,1,,,,,
2026-09-30,2026-09-30,CM,NSE,STK,10710,INE0KTW01013,VEEKAYEM,SM,,,,,VEEKAYEM FASH & APP LTD,97.35,107.55,97.35,105.20,107.55,102.45,,105.20,,,19500,2017000.00,34,F1,500,,,,,
2026-09-30,2026-09-30,CM,NSE,STK,762969,INE232E01013,VELJAN,BE,,,,,VELJAN DENISON LTD.,2083.00,2186.80,2020.00,2186.80,2186.80,2082.70,,2186.80,,,2070,4432695.80,212,F1,1,,,,,
2026-09-30,2026-09-30,CM,NSE,STK,3757,INE398A01010,VENKEYS,EQ,,,,,VENKY S (INDIA) LIMITED,1639.90,1649.30,1571.10,1588.10,1583.00,1633.00,,1588.36,,,31231,50219879.40,3701,F1,1,,,,,
2026-09-30,2026-09-30,CM,NSE,STK,28847,INE781S01027,VENTIVE,EQ,,,,,VENTIVE HOSPITALITY LTD,559.00,574.55,557.00,558.40,559.65,559.85,,558.37,,,9729,5450956.00,1502,F1,1,,,,,
2026-09-30,2026-09-30,CM,NSE,STK,9592,INE0JA001018,VENUSPIPES,EQ,,,,,VENUS PIPES & TUBES LTD,2197.00,2244.40,2135.50,2147.10,2160.00,2195.80,,2147.18,,,125771,274283860.30,12398,F1,1,,,,,
2026-09-30,2026-09-30,CM,NSE,STK,13859,INE411B01019,VENUSREM,EQ,,,,,VENUS REMEDIES LIMITED,1738.90,1796.10,1730.00,1796.10,1796.10,1710.60,,1796.14,,,28419,50801105.30,877,F1,1,,,,,
2026-09-30,2026-09-30,CM,NSE,STK,8890,INE0IQ001011,VERANDA,EQ,,,,,VERANDA LEARNING SOL LTD,223.00,224.95,216.90,220.75,221.95,223.31,,220.76,,,1426488,314523441.18,11348,F1,1,,,,,
2026-09-30,2026-09-30,CM,NSE,STK,23775,INE0SRI01019,VERITAAS,SM,,,,,VERITAAS ADVERTISING LTD,30.85,30.85,30.85,30.85,30.85,29.40,,30.85,,,1200,37020.00,1,F1,1200,,,,,
2026-09-30,2026-09-30,CM,NSE,STK,10757,INE0KXY23015,VERTIS,IV,,,,,VERTIS INFRASTRUCTURE TST,116.00,119.00,116.00,119.00,119.00,116.70,,119.00,,,175000,20375000.00,2,F1,25000,,,,,
2026-09-30,2026-09-30,CM,NSE,STK,18863,INE188Y01031,VERTOZ,EQ,,,,,VERTOZ LIMITED,35.64,36.10,35.25,35.59,35.50,35.64,,35.59,,,25530,912502.74,334,F1,1,,,,,
2026-09-30,2026-09-30,CM,NSE,STK,3676,INE386A01023,VESUVIUS,EQ,,,,,VESUVIUS INDIA LTD,404.95,453.80,403.75,424.20,425.45,400.20,,424.17,,,8173574,3574040196.55,186705,F1,1,,,,,
2026-09-30,2026-09-30,CM,NSE,STK,8652,INE918N01018,VETO,EQ,,,,,VETO SWITCHGEAR CABLE LTD,146.25,150.01,140.00,142.72,140.50,146.25,,142.68,,,117752,17100922.82,3064,F1,1,,,,,
2026-09-30,2026-09-30,CM,NSE,STK,14316,INE0MO401019,VIAZ,SM,,,,,VIAZ TYRES LIMITED,82.00,84.40,80.05,83.35,83.95,80.50,,83.35,,,34000,2826300.00,13,F1,2000,,,,,
2026-09-30,2026-09-30,CM,NSE,STK,22730,INE0QTF01015,VSTL,EQ,,,,,VIBHOR STEEL TUBES LTD,110.90,114.00,110.51,112.09,111.42,110.81,,112.91,,,5238,585791.87,320,F1,1,,,,,
2026-09-30,2026-09-30,CM,NSE,STK,765252,INE761Q01015,VGCL,EQ,,,,,VIBRANT GLOBAL CAPITAL L,49.50,49.50,47.00,48.66,48.50,47.50,,48.66,,,4089,198278.91,21,F1,1,,,,,
2026-09-30,2026-09-30,CM,NSE,STK,23386,INE048C01025,VHLTD,BE,,,,,VICEROY HOTELS LIMITED,132.10,132.10,129.40,129.66,129.40,130.38,,129.68,,,3118,407871.49,44,F1,1,,,,,
2026-09-30,2026-09-30,CM,NSE,STK,760691,INE0F8901022,VICTORYEV,SM,,,,,VICTORY ELEC VEHICL INT L,13.90,14.35,13.70,14.35,14.35,13.95,,14.35,,,24000,336150.00,8,F1,3000,,,,,
2026-09-30,2026-09-30,CM,NSE,STK,13536,INE632C01026,VIDHIING,EQ,,,,,VIDHI SPCLTY F INGRDNTS L,359.90,364.80,346.05,357.60,355.70,359.40,,357.44,,,22528,8034109.25,1137,F1,1,,,,,
2026-09-30,2026-09-30,CM,NSE,STK,760224,INE14UN01029,VIDYAWIRES,EQ,,,,,VIDYA WIRES LIMITED,94.23,96.90,93.42,94.41,93.75,93.54,,94.40,,,1597875,152287890.72,13582,F1,1,,,,,
2026-09-30,2026-09-30,CM,NSE,STK,758898,INE1DM601016,VIGOR,SM,,,,,VIGOR PLAST INDIA LIMITED,94.85,94.85,85.40,85.80,85.40,94.85,,85.80,,,76800,6715600.00,48,F1,1600,,,,,
2026-09-30,2026-09-30,CM,NSE,STK,764985,INE362D01010,VIJSOLX,EQ,,,,,VIJAY SOLVEX LTD.,628.65,647.00,622.45,625.10,625.10,649.30,,630.50,,,232,145503.80,27,F1,1,,,,,
2026-09-30,2026-09-30,CM,NSE,STK,5585,INE043W01024,VIJAYA,EQ,,,,,VIJAYA DIAGNOSTIC CEN LTD,1486.30,1490.00,1435.00,1437.70,1439.90,1475.00,,1437.57,,,71365,103508091.00,11868,F1,1,,,,,
2026-09-30,2026-09-30,CM,NSE,STK,760121,INE0WL901019,VIJAYPD,SM,,,,,VIJAYPD CEUTICAL LIMITED,66.00,79.20,66.00,79.20,79.20,66.00,,79.20,,,196000,15143100.00,82,F1,2000,,,,,
2026-09-30,2026-09-30,CM,NSE,STK,17695,INE159N01027,VIJIFIN,BE,,,,,VIJI FINANCE LIMITED,15.46,15.46,15.46,15.46,15.46,15.77,,15.45,,,368359,5694830.14,98,F1,1,,,,,
2026-09-30,2026-09-30,CM,NSE,STK,25756,INE806A01020,VIKASECO,EQ,,,,,VIKAS ECOTECH LIMITED,1.02,1.05,1.02,1.03,1.04,1.02,,1.03,,,1096252,1137328.84,847,F1,1,,,,,
2026-09-30,2026-09-30,CM,NSE,STK,9931,INE161L01027,VIKASLIFE,EQ,,,,,VIKAS LIFECARE LIMITED,1.22,1.23,1.21,1.21,1.22,1.21,,1.21,,,2060239,2510199.53,8138,F1,1,,,,,
2026-09-30,2026-09-30,CM,NSE,STK,759453,INE078V01014,VIKRAMSOLR,EQ,,,,,VIKRAM SOLAR LIMITED,161.00,162.28,160.00,160.01,160.05,160.05,,160.01,,,1243665,199401244.00,10833,F1,1,,,,,
2026-09-30,2026-09-30,CM,NSE,STK,758973,INE01R501028,VIKRAN,EQ,,,,,VIKRAN ENGINEERING LTD,60.33,61.73,59.00,59.71,59.29,60.88,,59.71,,,1472938,88801495.98,11487,F1,1,,,,,
2026-09-30,2026-09-30,CM,NSE,STK,23909,INE0AZY01017,VILAS,SM,,,,,VILAS TRANSCORE LIMITED,367.80,404.00,357.70,399.40,400.00,365.55,,399.40,,,84750,33484262.50,231,F1,250,,,,,
2026-09-30,2026-09-30,CM,NSE,STK,16960,INE0L4V01013,VILINBIO,ST,,,,,VILIN BIO MED LIMITED,56.25,56.50,56.25,56.50,56.50,53.85,,56.50,,,20000,1129000.00,5,F1,4000,,,,,
2026-09-30,2026-09-30,CM,NSE,STK,13101,INE579C01029,VIMTALABS,EQ,,,,,VIMTA LABS LIMITED,596.00,620.00,596.00,600.30,597.00,591.40,,600.80,,,220346,133504676.50,9937,F1,1,,,,,
2026-09-30,2026-09-30,CM,NSE,STK,17364,INE410B01037,VINATIORGA,EQ,,,,,VINATI ORGANICS LTD,1182.00,1192.80,1165.00,1168.30,1173.90,1174.30,,1168.35,,,45076,52952551.10,6155,F1,1,,,,,
2026-09-30,2026-09-30,CM,NSE,STK,3694,INE707A01012,VINDHYATEL,EQ,,,,,VINDHYA TELELINKS LTD,2666.30,2788.70,2620.20,2662.90,2674.00,2653.30,,2662.96,,,65292,176609030.20,7947,F1,1,,,,,
2026-09-30,2026-09-30,CM,NSE,STK,3807,INE505Y01010,VINEETLAB,EQ,,,,,VINEET LABORATORIES LTD,36.52,38.49,35.00,37.16,37.90,36.72,,37.18,,,128547,4684407.25,909,F1,1,,,,,
2026-09-30,2026-09-30,CM,NSE,STK,763821,INE27V201011,VMOBILE,SM,,,,,VINIT MOBILE LIMITED,59.40,59.40,59.00,59.00,59.00,57.00,,59.00,,,4000,236920.00,5,F1,800,,,,,
2026-09-30,2026-09-30,CM,NSE,STK,12490,INE01KI01027,VINNY,EQ,,,,,VINNY OVERSEAS LIMITED,0.92,0.92,0.88,0.89,0.90,0.90,,0.89,,,551566,494395.06,207,F1,1,,,,,
2026-09-30,2026-09-30,CM,NSE,STK,766064,INE1A5U01014,VINOD,ST,,,,,VINOD TEXWORLD LIMITED,56.50,56.50,56.50,56.50,56.50,59.45,,56.50,,,1200,67800.00,1,F1,1200,,,,,
2026-09-30,2026-09-30,CM,NSE,STK,17905,INE0OSJ01014,VINSYS,ST,,,,,VINSYS IT SERVICES IND LT,577.00,590.00,575.00,589.00,589.00,577.00,,589.00,,,2000,1166250.00,7,F1,250,,,,,
2026-09-30,2026-09-30,CM,NSE,STK,25835,INE498Q01014,VINCOFE,EQ,,,,,VINTAGE COFFEE N BVRGS L,182.50,187.30,179.00,179.96,179.01,182.56,,179.91,,,817945,150195248.81,14262,F1,1,,,,,
2026-09-30,2026-09-30,CM,NSE,STK,19206,INE0OLS01010,VINYAS,SM,,,,,VINYAS INNOVATIVE TECH L,1475.00,1523.95,1433.50,1455.95,1433.50,1490.90,,1455.95,,,11100,16336910.00,88,F1,100,,,,,
2026-09-30,2026-09-30,CM,NSE,STK,16821,INE250B01029,VINYLINDIA,EQ,,,,,VINYL CHEMICALS (I) LTD.,218.45,222.00,215.00,219.03,217.20,214.68,,218.97,,,3507,767430.41,291,F1,1,,,,,
2026-09-30,2026-09-30,CM,NSE,STK,14843,INE450G01024,VIPCLOTHNG,EQ,,,,,VIP CLOTHING LIMITED,20.44,21.40,20.41,20.51,20.50,20.44,,20.51,,,12182,251169.39,166,F1,1,,,,,
2026-09-30,2026-09-30,CM,NSE,STK,3703,INE054A01027,VIPIND,EQ,,,,,VIP INDUSTRIES LTD,293.00,297.00,289.05,290.95,289.05,293.20,,290.96,,,167259,49032319.20,6187,F1,1,,,,,
2026-09-30,2026-09-30,CM,NSE,STK,8437,INE946H01037,VIPULLTD,BE,,,,,VIPUL LIMITED,11.00,11.83,11.00,11.00,11.01,11.36,,11.00,,,832267,9393913.65,327,F1,1,,,,,
2026-09-30,2026-09-30,CM,NSE,STK,764990,INE467D01017,VIRAT,EQ,,,,,VIRAT INDUSTRIES LTD.,364.95,374.20,333.00,339.20,333.00,340.20,,339.12,,,25393,8989785.55,1562,F1,1,,,,,
2026-09-30,2026-09-30,CM,NSE,STK,15295,INE539B01017,VIRINCHI,EQ,,,,,VIRINCHI LIMITED,13.39,13.70,13.11,13.47,13.54,13.37,,13.47,,,60617,816334.61,218,F1,1,,,,,
2026-09-30,2026-09-30,CM,NSE,STK,757060,INE0VRH01015,VGINFOTECH,SM,,,,,VIRTUAL GALAXY INFOTECH L,140.10,140.10,136.05,138.75,139.00,140.95,,138.75,,,22000,3046300.00,20,F1,1000,,,,,
2026-09-30,2026-09-30,CM,NSE,STK,765218,INE247C01023,VIRTUALG,BE,,,,,VIRTUAL GLOBAL EDU LTD,0.44,0.45,0.42,0.44,0.45,0.43,,0.44,,,382994,170100.97,130,F1,1,,,,,
2026-09-30,2026-09-30,CM,NSE,STK,761916,INE0I0T01010,VOEPL,EQ,,,,,VIRTUOSO OPTOELECTRONIC L,491.55,509.80,488.75,493.15,499.25,497.95,,493.07,,,54039,26759461.10,2347,F1,1,,,,,
2026-09-30,2026-09-30,CM,NSE,STK,13295,INE286H01012,VISACHROME,EQ,,,,,VISA CHROME LIMITED,35.98,36.77,35.50,36.77,36.77,35.02,,37.13,,,1439494,51851850.29,234,F1,1,,,,,
2026-09-30,2026-09-30,CM,NSE,STK,29877,INE370E01029,VIVIDHA,EQ,,,,,VISAGAR POLYTEX LTD,0.52,0.53,0.51,0.51,0.51,0.52,,0.51,,,265809,137658.88,136,F1,1,,,,,
2026-09-30,2026-09-30,CM,NSE,STK,8150,INE392A01021,VISAKAIND,BE,,,,,VISAKA INDUSTRIES LTD,86.68,87.88,83.00,83.58,84.40,87.07,,83.61,,,104474,8861918.49,622,F1,1,,,,,
2026-09-30,2026-09-30,CM,NSE,STK,24274,INE0BHK01012,VISAMAN,SM,,,,,VISAMAN GLOBAL SALES LTD,30.25,30.25,28.60,28.60,28.60,30.10,,28.60,,,46000,1328300.00,37,F1,1000,,,,,
2026-09-30,2026-09-30,CM,NSE,STK,18708,INE0OWX01025,VISDEM,SM,,,,,VISDEM TECHNOSYS LIMITED,87.55,94.05,87.55,92.70,92.10,92.00,,92.70,,,19200,1726860.00,16,F1,1200,,,,,
2026-09-30,2026-09-30,CM,NSE,STK,11773,INE755Q01025,VISHAL,EQ,,,,,VISHAL FABRICS LTD.,18.45,18.45,17.52,17.66,17.61,17.92,,17.68,,,15318,271882.89,198,F1,1,,,,,
2026-09-30,2026-09-30,CM,NSE,STK,27969,INE01EA01019,VMM,EQ,,,,,VISHAL MEGA MART LIMITED,102.18,102.60,99.92,101.00,101.00,104.30,,101.00,,,16476797,1660336660.07,76281,F1,1,,,,,
2026-09-30,2026-09-30,CM,NSE,STK,6908,INE270I01022,VISHNU,EQ,,,,,VISHNU CHEMICALS LIMITED,678.00,694.00,658.35,664.50,662.10,673.90,,664.52,,,96048,64550022.70,5267,F1,1,,,,,
2026-09-30,2026-09-30,CM,NSE,STK,18341,INE0AE001013,VPRPL,EQ,,,,,VISHNU PRAKASH R PUNGLI L,28.55,29.82,28.55,29.62,29.65,28.99,,29.63,,,376950,11112788.32,1920,F1,1,,,,,
2026-09-30,2026-09-30,CM,NSE,STK,19300,INE0PQ001012,VISHNUINFR,SM,,,,,VISHNUSURYA PROJ N INFR L,148.00,150.10,145.00,147.60,148.50,148.50,,147.60,,,144000,21301850.00,13,F1,500,,,,,
2026-09-30,2026-09-30,CM,NSE,STK,13702,INE430N01022,VISHWARAJ,EQ,,,,,VISHWARAJ SUGAR IND LTD,5.27,5.37,5.26,5.26,5.26,5.26,,5.26,,,190214,1009056.52,428,F1,1,,,,,
2026-09-30,2026-09-30,CM,NSE,STK,25231,INE0TR001017,VIESL,SM,,,,,VISION INFRA EQUIP SOL L,364.10,366.50,364.00,365.00,365.00,366.40,,365.00,,,4000,1458960.00,5,F1,800,,,,,
2026-09-30,2026-09-30,CM,NSE,STK,761148,INE0L4K01016,VITAL,EQ,,,,,VITAL CHEMTECH LIMITED,51.80,53.90,51.80,53.90,53.90,52.82,,53.90,,,9302,500847.96,6,F1,1,,,,,
2026-09-30,2026-09-30,CM,NSE,STK,763636,INE0MEG01014,VIVIANA,EQ,,,,,VIVIANA POWER TECH LTD,704.70,714.00,700.05,704.35,700.05,704.70,,704.35,,,13835,9772280.75,1141,F1,1,,,,,
2026-09-30,2026-09-30,CM,NSE,STK,761768,INE24H301028,VIVIDEL,SM,,,,,VIVID ELECTROMECH LIMITED,1728.00,1762.00,1691.00,1731.00,1730.00,1738.10,,1731.00,,,18480,31918092.00,70,F1,240,,,,,
2026-09-30,2026-09-30,CM,NSE,STK,11968,INE526G01021,VIVIMEDLAB,BE,,,,,VIVIMED LABS LIMITED,5.44,5.65,5.44,5.44,5.64,5.55,,5.44,,,15749,85851.04,57,F1,1,,,,,
2026-09-30,2026-09-30,CM,NSE,STK,764995,INE380K01017,VIVOBIOT,EQ,,,,,VIVO BIO TECH LTD.,17.24,17.24,16.11,17.06,17.17,17.05,,17.06,,,12331,204653.34,132,F1,1,,,,,
2026-09-30,2026-09-30,CM,NSE,STK,14296,INE807F01027,VIYASH,EQ,,,,,VIYASH SCIENTIFIC LIMITED,238.80,242.50,235.05,235.80,235.30,238.05,,235.80,,,1248944,297142410.75,16892,F1,1,,,,,
2026-09-30,2026-09-30,CM,NSE,STK,18012,INE03HW01020,VLEGOV,EQ,,,,,VL E GOV AND IT SOL LTD,10.25,10.55,9.86,9.99,9.86,10.20,,9.99,,,169457,1705818.51,646,F1,1,,,,,
2026-09-30,2026-09-30,CM,NSE,STK,3715,INE709A01018,VLSFINANCE,EQ,,,,,VLS FINANCE LTD,230.80,237.00,230.80,234.09,233.10,234.96,,234.14,,,9330,2191241.87,336,F1,1,,,,,
2026-09-30,2026-09-30,CM,NSE,STK,29284,INE665J01013,VMART,EQ,,,,,VMART RETAIL LTD,760.05,784.80,740.20,753.70,760.00,760.05,,753.69,,,170425,128791521.80,17460,F1,1,,,,,
2026-09-30,2026-09-30,CM,NSE,STK,759152,INE0SJA01013,VMSTMT,EQ,,,,,VMS TMT LIMITED,49.15,49.90,49.00,49.12,49.46,48.99,,49.12,,,74544,3690416.90,496,F1,1,,,,,
2026-09-30,2026-09-30,CM,NSE,STK,14366,INE669E01016,IDEA,EQ,,,,,VODAFONE IDEA LIMITED,13.60,13.61,12.84,12.95,12.95,13.56,,12.95,,,640485531,8404045016.30,532942,F1,1,,,,,
2026-09-30,2026-09-30,CM,NSE,STK,765000,INE285C01015,VOITHPAPR,EQ,,,,,VOITH PAPER FABRICS IND L,1446.00,1465.00,1420.00,1449.90,1449.90,1408.20,,1443.99,,,225,324158.50,53,F1,1,,,,,
2026-09-30,2026-09-30,CM,NSE,STK,29658,INE241X01014,VOLERCAR,SM,,,,,VOLER CAR LIMITED,224.00,224.00,218.05,218.05,218.05,220.00,,218.05,,,14400,3199480.00,11,F1,800,,,,,
2026-09-30,2026-09-30,CM,NSE,STK,13577,INE540H01012,VOLTAMP,EQ,,,,,VOLTAMP TRANSFORMERS LTD,10601.00,10796.00,10462.00,10500.00,10490.00,10624.00,,10500.12,,,16517,174114012.00,8756,F1,1,,,,,
2026-09-30,2026-09-30,CM,NSE,STK,3718,INE226A01021,VOLTAS,EQ,,,,,VOLTAS LTD,1094.00,1097.80,1066.00,1070.00,1070.00,1090.00,,1070.01,,,1028057,1112990312.50,33174,F1,1,,,,,
2026-09-30,2026-09-30,CM,NSE,STK,754402,INE0MEG07011,12VPT28A,N0,,,,,VPT 12% 2028,5201.00,5201.00,5201.00,5201.00,5201.00,6501.00,,5201.00,,,1,5201.00,1,F1,1,,,,,
2026-09-30,2026-09-30,CM,NSE,STK,24321,INE0S2V01010,VRAJ,EQ,,,,,VRAJ IRON AND STEEL LTD,123.10,126.14,123.10,123.85,123.75,125.16,,123.85,,,8306,1035520.58,494,F1,1,,,,,
2026-09-30,2026-09-30,CM,NSE,STK,8696,INE366I01010,VRLLOG,EQ,,,,,VRL LOGISTICS LIMITED,283.95,290.15,283.95,287.15,288.85,282.40,,287.16,,,133472,38413853.70,4622,F1,1,,,,,
2026-09-30,2026-09-30,CM,NSE,STK,3724,INE710A01016,VSTIND,EQ,,,,,VST INDUSTRIES LTD,203.00,204.40,202.40,203.16,202.76,202.96,,203.15,,,81303,16540324.71,2475,F1,1,,,,,
2026-09-30,2026-09-30,CM,NSE,STK,24292,INE764D01017,VSTTILLERS,EQ,,,,,VST TILLERS TRACTORS LTD,4398.50,4421.10,4311.30,4390.00,4416.00,4427.40,,4389.50,,,7416,32331203.30,2518,F1,1,,,,,
2026-09-30,2026-09-30,CM,NSE,STK,765005,INE855A01019,WHBRADY,EQ,,,,,W H BRADY & CO. LTD.,491.00,491.00,491.00,491.00,491.00,491.00,,481.03,,,1,491.00,1,F1,1,,,,,
2026-09-30,2026-09-30,CM,NSE,STK,762978,INE765D01022,WPIL,EQ,,,,,W P I L LTD.,432.95,447.00,428.00,438.85,440.00,431.50,,438.56,,,95293,42178019.85,3207,F1,1,,,,,
2026-09-30,2026-09-30,CM,NSE,STK,14828,INE100D01014,WSI,EQ,,,,,W.S.INDUSTRIES (I) LTD.,55.62,56.55,53.98,54.04,54.00,55.62,,54.04,,,43225,2363735.51,497,F1,1,,,,,
2026-09-30,2026-09-30,CM,NSE,STK,25907,INE377N01017,WAAREEENER,EQ,,,,,WAAREE ENERGIES LIMITED,2390.00,2401.40,2364.90,2374.40,2374.40,2380.00,,2374.03,,,402951,961026441.90,33321,F1,1,,,,,
2026-09-30,2026-09-30,CM,NSE,STK,756038,INE299N01021,WAAREERTL,EQ,,,,,WAAREE RENEWABLE TECH LTD,820.75,837.95,818.35,819.95,819.85,821.40,,819.98,,,82105,67868800.85,8834,F1,1,,,,,
2026-09-30,2026-09-30,CM,NSE,STK,760259,INE0E7301029,WAKEFIT,EQ,,,,,WAKEFIT INNOVATIONS LTD,144.06,144.93,140.80,143.82,141.90,144.06,,143.79,,,215953,30972154.27,3422,F1,1,,,,,
2026-09-30,2026-09-30,CM,NSE,STK,3736,INE711A01022,WALCHANNAG,EQ,,,,,WALCHANDNAGAR INDUSTRIES,204.40,210.84,199.10,200.24,200.00,203.24,,200.23,,,460410,94133746.85,9294,F1,1,,,,,
2026-09-30,2026-09-30,CM,NSE,STK,5013,INE0G2G01015,WALPAR,SM,,,,,WALPAR NUTRITIONS LIMITED,27.40,28.45,27.40,28.45,28.45,27.40,,28.45,,,8000,224300.00,4,F1,2000,,,,,
2026-09-30,2026-09-30,CM,NSE,STK,14063,INE107F01022,WANBURY,EQ,,,,,WANBURY LIMITED,218.55,220.55,196.05,199.50,197.00,216.95,,199.45,,,1016479,208358762.25,19334,F1,1,,,,,
2026-09-30,2026-09-30,CM,NSE,STK,765225,INE945P01024,WARDINMOBI,EQ,,,,,WARDWIZARD INNO & MOB L,5.64,5.64,5.41,5.45,5.47,5.49,,5.46,,,275407,1508810.48,894,F1,1,,,,,
2026-09-30,2026-09-30,CM,NSE,STK,3745,INE054C01015,WATERBASE,EQ,,,,,WATERBASE LTD.,47.50,47.50,46.06,46.70,46.07,46.86,,46.69,,,14225,663136.64,145,F1,1,,,,,
2026-09-30,2026-09-30,CM,NSE,STK,762163,INE0LZF01039,CORDELIA,EQ,,,,,WATERWAYS LEISURE TOUR L,103.46,105.16,102.30,102.59,102.95,102.56,,102.59,,,630212,64979104.05,5696,F1,1,,,,,
2026-09-30,2026-09-30,CM,NSE,STK,759215,INE0A3007065,1075WCA28,N0,,,,,WCAPL 10.75% 2028,8910.00,8910.00,8908.00,8908.00,8908.00,8505.00,,8908.00,,,2,17818.00,2,F1,1,,,,,
2026-09-30,2026-09-30,CM,NSE,STK,9862,INE082W01014,WEWIN,EQ,,,,,WE WIN LIMITED,48.50,51.50,48.50,50.81,51.00,48.10,,50.81,,,18452,921352.55,136,F1,1,,,,,
2026-09-30,2026-09-30,CM,NSE,STK,760482,INF2F0001370,TWCGOLDETF,EQ,,,,,WEALTH - TWCGOLDETF,146.17,147.40,146.11,146.78,146.80,145.45,,146.78,,,32640,4790204.19,120,F1,1,,,,,
2026-09-30,2026-09-30,CM,NSE,STK,1923,INE658T01017,WEALTH,EQ,,,,,WEALTH FRST PORT. MG. LTD,899.95,920.00,865.00,907.85,905.60,887.50,,907.64,,,2780,2488231.45,303,F1,1,,,,,
2026-09-30,2026-09-30,CM,NSE,STK,14602,INE855C01023,WEBELSOLAR,EQ,,,,,WEBSOL ENERGY SYSTEM LTD,70.40,73.07,70.32,70.56,70.40,70.62,,70.55,,,914986,65305243.44,7657,F1,1,,,,,
2026-09-30,2026-09-30,CM,NSE,STK,3748,INE080A01014,WEIZMANIND,EQ,,,,,WEIZMANN LTD,71.25,71.25,70.86,70.88,70.86,70.86,,70.88,,,1033,73258.37,23,F1,1,,,,,
2026-09-30,2026-09-30,CM,NSE,STK,11821,INE191B01025,WELCORP,EQ,,,,,WELSPUN CORP LIMITED,2802.00,2835.80,2700.90,2717.00,2720.70,2842.00,,2716.96,,,1718055,4714433601.20,116570,F1,1,,,,,
2026-09-30,2026-09-30,CM,NSE,STK,11626,INE625G01013,WELENT,EQ,,,,,WELSPUN ENTERPRISES LTD.,741.00,764.40,740.00,742.70,743.00,744.30,,742.73,,,169996,127703558.20,8349,F1,1,,,,,
2026-09-30,2026-09-30,CM,NSE,STK,19804,INE389K01018,WELINV,BE,,,,,WELSPUN INV & COMM LTD,2428.00,2483.30,2428.00,2482.00,2482.00,2435.00,,2469.50,,,30,73390.70,8,F1,1,,,,,
2026-09-30,2026-09-30,CM,NSE,STK,11253,INE192B01031,WELSPUNLIV,EQ,,,,,WELSPUN LIVING LIMITED,225.45,232.49,225.01,227.33,226.80,225.21,,227.34,,,3089710,707794269.16,35299,F1,1,,,,,
2026-09-30,2026-09-30,CM,NSE,STK,762971,INE731F01037,WELSPLSOL,EQ,,,,,WELSPUN SPECIALTY SOL L,53.08,56.75,53.08,53.98,53.88,52.69,,53.98,,,999336,55053204.48,7559,F1,1,,,,,
2026-09-30,2026-09-30,CM,NSE,STK,4235,INE274C01019,WENDT,EQ,,,,,WENDT (INDIA) LIMITED,8371.00,8599.00,8270.00,8351.50,8340.00,8395.00,,8352.72,,,6714,56680845.00,2092,F1,1,,,,,
2026-09-30,2026-09-30,CM,NSE,STK,3799,INE976A01021,WSTCSTPAPR,EQ,,,,,WEST COAST PAPER MILLS LT,700.30,749.00,700.30,736.60,735.00,703.45,,736.60,,,270128,198514415.60,17499,F1,1,,,,,
2026-09-30,2026-09-30,CM,NSE,STK,25403,INE0CJF01024,WCIL,EQ,,,,,WESTERN CARRIERS (IND) L,95.00,96.50,93.00,93.16,93.00,94.91,,93.16,,,165294,15734359.85,1332,F1,1,,,,,
2026-09-30,2026-09-30,CM,NSE,STK,11580,INE274F01020,WESTLIFE,EQ,,,,,WESTLIFE FOODWORLD LTD,600.00,600.00,586.65,589.85,592.00,596.60,,589.85,,,58873,34823185.45,8200,F1,1,,,,,
2026-09-30,2026-09-30,CM,NSE,STK,759434,INE085001019,WEWORK,EQ,,,,,WEWORK INDIA MANAGEMENT L,674.70,674.70,658.30,660.45,661.60,667.15,,660.41,,,116352,77181024.30,8670,F1,1,,,,,
2026-09-30,2026-09-30,CM,NSE,STK,3766,INE715A01015,WHEELS,EQ,,,,,WHEELS INDIA LTD,2239.80,2255.80,2177.50,2221.00,2225.00,2204.00,,2221.14,,,134353,297304637.50,11125,F1,1,,,,,
2026-09-30,2026-09-30,CM,NSE,STK,18011,INE716A01013,WHIRLPOOL,EQ,,,,,WHIRLPOOL OF INDIA LTD,879.30,942.80,862.25,890.25,880.45,888.20,,890.25,,,3226987,2927383669.05,111205,F1,1,,,,,
2026-09-30,2026-09-30,CM,NSE,STK,3772,INE210A01017,WILLAMAGOR,EQ,,,,,WILLIAMSON MAGOR,24.00,24.00,22.01,22.99,23.10,22.31,,22.99,,,8070,187362.22,104,F1,1,,,,,
2026-09-30,2026-09-30,CM,NSE,STK,5366,INE0H5O01029,WINDLAS,EQ,,,,,WINDLAS BIOTECH LIMITED,1107.50,1139.90,1081.00,1091.30,1090.00,1096.25,,1091.38,,,56202,62633617.20,5021,F1,1,,,,,
2026-09-30,2026-09-30,CM,NSE,STK,24969,INE052A01021,WINDMACHIN,EQ,,,,,WINDSOR MACHINES LIMITED,298.10,304.60,294.00,300.20,301.50,300.00,,300.16,,,112850,33772484.90,1612,F1,1,,,,,
2026-09-30,2026-09-30,CM,NSE,STK,23714,INE0S3D01016,WINSOL,SM,,,,,WINSOL ENGINEERS LIMITED,109.95,110.00,109.95,109.95,109.95,108.75,,109.95,,,2800,307960.00,4,F1,400,,,,,
2026-09-30,2026-09-30,CM,NSE,STK,3787,INE075A01022,WIPRO,EQ,,,,,WIPRO LTD,157.01,161.73,157.01,158.50,158.50,156.79,,158.50,,,15966068,2549259844.27,107306,F1,1,,,,,
2026-09-30,2026-09-30,CM,NSE,STK,22725,INE623Y01011,WTICAB,SM,,,,,WISE TRAVEL INDIA LIMITED,98.00,99.00,94.00,95.05,95.05,98.00,,95.05,,,17500,1663825.00,29,F1,500,,,,,
2026-09-30,2026-09-30,CM,NSE,STK,7506,INE049B01025,WOCKPHARMA,EQ,,,,,WOCKHARDT LIMITED,2201.10,2213.60,2106.20,2116.30,2115.30,2194.20,,2116.26,,,823461,1775840041.30,52427,F1,1,,,,,
2026-09-30,2026-09-30,CM,NSE,STK,25602,INE0OO201011,WOL3D,SM,,,,,WOL 3D INDIA LIMITED,137.20,139.00,137.20,139.00,139.00,137.20,,139.00,,,6000,830650.00,6,F1,1000,,,,,
2026-09-30,2026-09-30,CM,NSE,STK,19632,INE0Q9601016,WOMANCART,ST,,,,,WOMANCART LIMITED,97.50,99.90,95.05,95.95,98.30,98.40,,95.95,,,16400,1597560.00,36,F1,400,,,,,
2026-09-30,2026-09-30,CM,NSE,STK,7835,INE02WG01024,WEL,EQ,,,,,WONDER ELECTRICALS LTD,71.85,73.84,71.81,72.63,72.52,72.57,,72.63,,,224981,16363677.92,1559,F1,1,,,,,
2026-09-30,2026-09-30,CM,NSE,STK,3002,INE066O01014,WONDERLA,EQ,,,,,WONDERLA HOLIDAYS LTD.,498.00,506.40,498.00,500.30,500.00,501.45,,500.30,,,25602,12844055.80,1697,F1,1,,,,,
2026-09-30,2026-09-30,CM,NSE,STK,22277,INE196Y01018,WORTHPERI,EQ,,,,,WORTH PERIPHERALS LIMITED,146.80,148.50,143.00,146.02,147.50,144.85,,146.02,,,9508,1386316.76,131,F1,1,,,,,
2026-09-30,2026-09-30,CM,NSE,STK,11705,INE692G01013,XCHANGING,EQ,,,,,XCHANGING SOLUTIONS LTD,61.20,61.89,60.05,61.24,61.89,60.22,,61.22,,,41413,2517830.85,622,F1,1,,,,,
2026-09-30,2026-09-30,CM,NSE,STK,8477,INE01P501012,XELPMOC,EQ,,,,,XELPMOC DESIGN & TECH LTD,88.00,88.00,79.00,80.24,79.51,85.53,,80.25,,,40713,3374770.78,819,F1,1,,,,,
2026-09-30,2026-09-30,CM,NSE,STK,11407,INE445C01015,XPROINDIA,EQ,,,,,XPRO INDIA LIMITED,1170.00,1181.90,1145.50,1161.90,1173.10,1160.40,,1161.92,,,28334,33095327.10,3248,F1,1,,,,,
2026-09-30,2026-09-30,CM,NSE,STK,25235,INE547B01028,XTGLOBAL,EQ,,,,,XTGLOBAL INFOTECH LIMITED,30.29,30.29,28.80,29.19,29.00,29.43,,29.38,,,29401,858419.34,177,F1,1,,,,,
2026-09-30,2026-09-30,CM,NSE,STK,764312,INE0NG701011,XTRANET,EQ,,,,,XTRANET TECHNOLOGIES LTD,271.90,285.05,262.20,285.05,285.05,271.48,,285.10,,,712037,197091452.52,11776,F1,1,,,,,
2026-09-30,2026-09-30,CM,NSE,STK,760870,INE0U0J01015,YAAP,SM,,,,,YAAP DIGITAL LIMITED,127.60,127.60,123.00,126.25,125.85,121.05,,126.25,,,6000,755650.00,4,F1,1000,,,,,
2026-09-30,2026-09-30,CM,NSE,STK,23451,INE0TO601017,YASHOPTICS,SM,,,,,YASH OPTICS & LENS LTD,131.50,133.00,130.00,131.25,131.25,130.00,,131.25,,,17600,2330800.00,14,F1,800,,,,,
2026-09-30,2026-09-30,CM,NSE,STK,18131,INE616Z01012,YASHO,EQ,,,,,YASHO INDUSTRIES LIMITED,4081.70,4098.00,3975.80,4005.40,4019.00,4061.30,,4005.33,,,16391,65957484.10,3494,F1,1,,,,,
2026-09-30,2026-09-30,CM,NSE,STK,17627,INE08S201019,YCCL,SM,,,,,YASONS CHEMEX CARE LTD,8.50,8.50,8.50,8.50,8.50,8.00,,8.50,,,3000,25500.00,1,F1,3000,,,,,
2026-09-30,2026-09-30,CM,NSE,STK,17738,INE0JO301016,YATHARTH,EQ,,,,,YATHARTH HOSP & TRA C S L,1100.00,1106.00,1020.00,1032.50,1024.00,1108.00,,1032.53,,,875912,918606872.40,63508,F1,1,,,,,
2026-09-30,2026-09-30,CM,NSE,STK,18760,INE0JR601024,YATRA,EQ,,,,,YATRA ONLINE LIMITED,102.39,104.29,99.10,99.89,99.60,101.37,,99.89,,,669290,67924811.88,5948,F1,1,,,,,
2026-09-30,2026-09-30,CM,NSE,STK,11915,INE528G01035,YESBANK,EQ,,,,,YES BANK LIMITED,20.98,21.40,20.85,20.95,20.95,20.71,,20.95,,,94081938,1988140727.36,80661,F1,1,,,,,
2026-09-30,2026-09-30,CM,NSE,STK,765010,INE290E01011,YOGI,EQ,,,,,YOGI LTD.,161.70,161.70,156.50,160.56,160.00,156.67,,160.16,,,638,99926.75,8,F1,1,,,,,
2026-09-30,2026-09-30,CM,NSE,STK,18040,INE09FA01019,YUDIZ,SM,,,,,YUDIZ SOLUTIONS LIMITED,22.95,22.95,22.95,22.95,22.95,21.90,,22.95,,,1600,36720.00,2,F1,800,,,,,
2026-09-30,2026-09-30,CM,NSE,STK,5501,INE384C01016,YUKEN,EQ,,,,,YUKEN INDIA LIMITED,1138.95,1139.00,1088.95,1131.10,1135.00,1130.70,,1131.00,,,10732,12070674.35,1116,F1,1,,,,,
2026-09-30,2026-09-30,CM,NSE,STK,4229,INE116C01012,ZFSTEERING,EQ,,,,,Z F STEERING GEAR (I) LTD,720.10,731.95,711.30,714.50,715.00,710.85,,715.36,,,896,644086.85,145,F1,1,,,,,
2026-09-30,2026-09-30,CM,NSE,STK,23976,INE0ISZ01012,ZTECH,SM,,,,,Z-TECH (INDIA) LIMITED,431.25,434.95,427.00,430.75,431.00,431.25,,430.75,,,5700,2452530.00,19,F1,300,,,,,
2026-09-30,2026-09-30,CM,NSE,STK,18608,INE07K301024,ZAGGLE,EQ,,,,,ZAGGLE PREPA OCEAN SER L,173.80,178.75,172.52,173.18,172.65,173.84,,173.18,,,641899,112786353.03,9903,F1,1,,,,,
2026-09-30,2026-09-30,CM,NSE,STK,17766,INE0PPS01018,ZEAL,SM,,,,,ZEAL GLOBAL SERVICES LTD,76.00,76.00,76.00,76.00,76.00,75.45,,76.00,,,600,45600.00,1,F1,600,,,,,
2026-09-30,2026-09-30,CM,NSE,STK,3812,INE256A01028,ZEEL,EQ,,,,,ZEE ENTERTAINMENT ENT LTD,74.09,76.39,73.95,74.47,74.74,74.14,,74.47,,,13100562,984574787.50,53027,F1,1,,,,,
2026-09-30,2026-09-30,CM,NSE,STK,20852,INE565L01011,ZEELEARN,EQ,,,,,ZEE LEARN LIMITED,6.36,6.68,6.36,6.50,6.50,6.25,,6.50,,,269367,1760717.53,643,F1,1,,,,,
2026-09-30,2026-09-30,CM,NSE,STK,14003,INE966H01019,ZEEMEDIA,EQ,,,,,ZEE MEDIA CORPORATION LTD,7.20,7.37,7.17,7.21,7.25,7.18,,7.21,,,587340,4263604.37,1039,F1,1,,,,,
2026-09-30,2026-09-30,CM,NSE,STK,7508,INE251B01027,ZENTEC,EQ,,,,,ZEN TECHNOLOGIES LIMITED,1625.00,1647.20,1601.00,1605.20,1605.00,1619.80,,1605.22,,,185419,300131930.80,18766,F1,1,,,,,
2026-09-30,2026-09-30,CM,NSE,STK,22803,INE0QWN01013,ZENITHDRUG,SM,,,,,ZENITH DRUGS LIMITED,44.50,44.50,44.50,44.50,44.50,44.50,,44.50,,,800,35600.00,1,F1,800,,,,,
2026-09-30,2026-09-30,CM,NSE,STK,4176,INE058B01018,ZENITHEXPO,EQ,,,,,ZENITH EXPORTS LTD,199.00,199.00,199.00,199.00,199.00,199.53,,199.00,,,7,1393.00,1,F1,1,,,,,
2026-09-30,2026-09-30,CM,NSE,STK,14562,INE318D01020,ZENITHSTL,EQ,,,,,ZENITH STEEL PIP IND LTD,5.34,5.43,5.18,5.30,5.33,5.19,,5.29,,,56981,300208.36,200,F1,1,,,,,
2026-09-30,2026-09-30,CM,NSE,STK,1076,INE520A01027,ZENSARTECH,EQ,,,,,ZENSAR TECHNOLOGIES  LTD,429.40,438.95,420.15,422.10,421.95,429.00,,422.11,,,994997,426176348.70,31627,F1,1,,,,,
2026-09-30,2026-09-30,CM,NSE,STK,22901,INF0R8F01042,GOLDCASE,EQ,,,,,ZERODHAAMC - GOLDCASE,23.08,23.25,23.03,23.16,23.16,22.97,,23.16,,,5642152,130635826.07,8387,F1,1,,,,,
2026-09-30,2026-09-30,CM,NSE,STK,21750,INF0R8F01034,LIQUIDCASE,EQ,,,,,ZERODHAAMC - LIQUIDCASE,116.16,116.16,116.14,116.15,116.15,116.12,,116.15,,,26123360,3034294880.11,12009,F1,1,,,,,
2026-09-30,2026-09-30,CM,NSE,STK,758705,INF0R8F01133,LTGILTCASE,EQ,,,,,ZERODHAAMC - LTGILTCASE,30.75,30.75,30.15,30.16,30.17,30.15,,30.16,,,531368,16028938.29,205,F1,1,,,,,
2026-09-30,2026-09-30,CM,NSE,STK,24077,INF0R8F01059,MID150CASE,EQ,,,,,ZERODHAAMC - MID150CASE,11.06,11.28,11.00,11.05,11.06,11.06,,11.05,,,1608104,17795700.62,2970,F1,1,,,,,
2026-09-30,2026-09-30,CM,NSE,STK,759302,INF0R8F01166,NIFTYCASE,EQ,,,,,ZERODHAAMC - NIFTYCASE,9.34,9.34,9.08,9.12,9.14,9.16,,9.11,,,1626425,14844003.44,2510,F1,1,,,,,
2026-09-30,2026-09-30,CM,NSE,STK,30274,INF0R8F01091,SILVERCASE,EQ,,,,,ZERODHAAMC - SILVERCASE,22.28,22.38,22.17,22.20,22.21,22.17,,22.20,,,3044024,67765685.36,5682,F1,1,,,,,
2026-09-30,2026-09-30,CM,NSE,STK,758955,INF0R8F01141,SML100CASE,EQ,,,,,ZERODHAAMC - SML100CASE,11.34,11.34,10.95,10.98,11.01,11.12,,10.98,,,2109388,23223684.12,1824,F1,1,,,,,
2026-09-30,2026-09-30,CM,NSE,STK,24081,INF0R8F01067,TOP100CASE,EQ,,,,,ZERODHAAMC - TOP100CASE,10.10,10.10,9.97,9.99,9.98,10.05,,9.99,,,1237679,12411742.20,1582,F1,1,,,,,
2026-09-30,2026-09-30,CM,NSE,STK,16915,INE342J01019,ZFCVINDIA,EQ,,,,,ZF COM VE CTR SYS IND LTD,2298.00,2352.90,2291.00,2341.00,2335.00,2297.80,,2337.89,,,141190,329413187.20,24953,F1,1,,,,,
2026-09-30,2026-09-30,CM,NSE,STK,12384,INE518E01015,ZIMLAB,EQ,,,,,ZIM LABORATORIES LIMITED,134.99,140.98,134.68,137.97,136.00,134.89,,137.97,,,87891,12101664.99,1360,F1,1,,,,,
2026-09-30,2026-09-30,CM,NSE,STK,3821,INE206B01013,ZODIACLOTH,EQ,,,,,ZODIAC CLOTHING CO. LTD.,68.23,70.55,68.23,69.03,68.71,68.23,,69.03,,,9810,679323.76,151,F1,1,,,,,
2026-09-30,2026-09-30,CM,NSE,STK,7129,INE761Y01019,ZODIAC,EQ,,,,,ZODIAC ENERGY LIMITED,208.61,219.60,208.61,216.32,216.60,208.60,,216.17,,,10246,2219669.47,829,F1,1,,,,,
2026-09-30,2026-09-30,CM,NSE,STK,11394,INE358U01012,ZOTA,EQ,,,,,ZOTA HEALTH CARE LIMITED,1309.40,1331.70,1276.00,1294.70,1305.00,1300.20,,1294.70,,,44545,57707259.50,4168,F1,1,,,,,
2026-09-30,2026-09-30,CM,NSE,STK,29050,INE840M01016,ZUARI,EQ,,,,,ZUARI AGRO CHEMICALS LTD,220.76,224.10,218.60,220.33,219.00,221.66,,220.34,,,86644,19143188.05,2479,F1,1,,,,,
2026-09-30,2026-09-30,CM,NSE,STK,3827,INE217A01012,ZUARIIND,EQ,,,,,ZUARI INDUSTRIES LIMITED,279.25,287.50,279.25,282.20,282.00,281.85,,282.19,,,73300,20730431.15,1988,F1,1,,,,,
2026-09-30,2026-09-30,CM,NSE,STK,7929,INE010B01027,ZYDUSLIFE,EQ,,,,,ZYDUS LIFESCIENCES LTD,1204.80,1210.50,1149.10,1162.00,1162.00,1200.50,,1162.00,,,1614233,1881255158.50,68813,F1,1,,,,,
2026-09-30,2026-09-30,CM,NSE,STK,17635,INE768C01028,ZYDUSWELL,EQ,,,,,ZYDUS WELLNESS LIMITED,507.00,518.60,500.20,512.80,515.00,506.10,,512.80,,,258147,131413707.85,18328,F1,1,,,,,
